cycle,stage,time,state,action,controller,brain,move_status,move_mode,boss_x,boss_y,boss_z,home_x,home_y,home_z,target,player,player_hp,context_revision
0,1,0.0083,0,0,CountessBossAIController_1,1,0,3,0.00,0.00,220.00,0.00,0.00,220.00,None,BP_TPCCharacter_C_0,10000.0,1
0,1,0.0250,1,0,CountessBossAIController_1,1,0,3,0.00,0.00,219.86,0.00,0.00,220.00,BP_TPCCharacter_C_0,BP_TPCCharacter_C_0,10000.0,2
0,1,0.0417,1,0,CountessBossAIController_1,1,0,3,0.00,0.00,219.73,0.00,0.00,220.00,BP_TPCCharacter_C_0,BP_TPCCharacter_C_0,10000.0,2
0,1,0.0583,1,0,CountessBossAIController_1,1,0,3,0.00,0.00,219.32,0.00,0.00,220.00,BP_TPCCharacter_C_0,BP_TPCCharacter_C_0,10000.0,2
0,1,0.0750,1,0,CountessBossAIController_1,1,0,3,0.00,0.00,218.64,0.00,0.00,220.00,BP_TPCCharacter_C_0,BP_TPCCharacter_C_0,10000.0,2
0,1,0.0917,1,0,CountessBossAIController_1,1,0,3,0.00,0.00,217.69,0.00,0.00,220.00,BP_TPCCharacter_C_0,BP_TPCCharacter_C_0,10000.0,2
0,1,0.1083,1,0,CountessBossAIController_1,1,0,3,0.00,0.00,216.46,0.00,0.00,220.00,BP_TPCCharacter_C_0,BP_TPCCharacter_C_0,10000.0,2
0,1,0.1250,1,0,CountessBossAIController_1,1,0,3,0.00,0.00,214.96,0.00,0.00,220.00,BP_TPCCharacter_C_0,BP_TPCCharacter_C_0,10000.0,2
0,1,0.1417,1,0,CountessBossAIController_1,1,0,3,0.00,0.00,213.19,0.00,0.00,220.00,BP_TPCCharacter_C_0,BP_TPCCharacter_C_0,10000.0,3
0,1,0.1583,1,0,CountessBossAIController_1,1,0,3,0.00,0.00,211.15,0.00,0.00,220.00,BP_TPCCharacter_C_0,BP_TPCCharacter_C_0,10000.0,3
0,1,0.1750,1,0,CountessBossAIController_1,1,0,3,0.00,0.00,208.84,0.00,0.00,220.00,BP_TPCCharacter_C_0,BP_TPCCharacter_C_0,10000.0,3
0,1,0.1917,1,0,CountessBossAIController_1,1,0,3,0.00,0.00,206.25,0.00,0.00,220.00,BP_TPCCharacter_C_0,BP_TPCCharacter_C_0,10000.0,3
0,1,0.2083,1,0,CountessBossAIController_1,1,0,3,0.00,0.00,203.39,0.00,0.00,220.00,BP_TPCCharacter_C_0,BP_TPCCharacter_C_0,10000.0,3
0,1,0.2250,1,0,CountessBossAIController_1,1,0,3,0.00,0.00,200.26,0.00,0.00,220.00,BP_TPCCharacter_C_0,BP_TPCCharacter_C_0,10000.0,3
0,1,0.2417,1,0,CountessBossAIController_1,1,0,3,0.00,0.00,196.86,0.00,0.00,220.00,BP_TPCCharacter_C_0,BP_TPCCharacter_C_0,10000.0,3
0,1,0.2583,1,0,CountessBossAIController_1,1,0,3,0.00,0.00,193.19,0.00,0.00,220.00,BP_TPCCharacter_C_0,BP_TPCCharacter_C_0,10000.0,4
0,1,0.2750,1,0,CountessBossAIController_1,1,0,3,0.00,0.00,189.24,0.00,0.00,220.00,BP_TPCCharacter_C_0,BP_TPCCharacter_C_0,10000.0,4
0,1,0.2917,1,0,CountessBossAIController_1,1,0,3,0.00,0.00,185.02,0.00,0.00,220.00,BP_TPCCharacter_C_0,BP_TPCCharacter_C_0,10000.0,4
0,1,0.3083,1,0,CountessBossAIController_1,1,0,3,0.00,0.00,180.53,0.00,0.00,220.00,BP_TPCCharacter_C_0,BP_TPCCharacter_C_0,10000.0,4
0,1,0.3250,1,0,CountessBossAIController_1,1,0,3,0.00,0.00,175.76,0.00,0.00,220.00,BP_TPCCharacter_C_0,BP_TPCCharacter_C_0,10000.0,4
0,1,0.3417,1,0,CountessBossAIController_1,1,0,3,0.00,0.00,170.73,0.00,0.00,220.00,BP_TPCCharacter_C_0,BP_TPCCharacter_C_0,10000.0,4
0,1,0.3583,1,0,CountessBossAIController_1,1,0,3,0.00,0.00,165.42,0.00,0.00,220.00,BP_TPCCharacter_C_0,BP_TPCCharacter_C_0,10000.0,4
0,1,0.3750,1,0,CountessBossAIController_1,1,0,3,0.00,0.00,159.84,0.00,0.00,220.00,BP_TPCCharacter_C_0,BP_TPCCharacter_C_0,10000.0,5
0,1,0.3917,1,0,CountessBossAIController_1,1,0,3,0.00,0.00,153.99,0.00,0.00,220.00,BP_TPCCharacter_C_0,BP_TPCCharacter_C_0,10000.0,5
0,1,0.4083,1,0,CountessBossAIController_1,1,0,3,0.00,0.00,147.86,0.00,0.00,220.00,BP_TPCCharacter_C_0,BP_TPCCharacter_C_0,10000.0,5
0,1,0.4250,1,0,CountessBossAIController_1,1,0,3,0.00,0.00,141.46,0.00,0.00,220.00,BP_TPCCharacter_C_0,BP_TPCCharacter_C_0,10000.0,5
0,1,0.4417,1,0,CountessBossAIController_1,1,0,3,0.00,0.00,134.79,0.00,0.00,220.00,BP_TPCCharacter_C_0,BP_TPCCharacter_C_0,10000.0,5
0,1,0.4583,1,0,CountessBossAIController_1,1,0,3,0.00,0.00,127.85,0.00,0.00,220.00,BP_TPCCharacter_C_0,BP_TPCCharacter_C_0,10000.0,5
0,1,0.4750,1,0,CountessBossAIController_1,1,0,3,0.00,0.00,120.64,0.00,0.00,220.00,BP_TPCCharacter_C_0,BP_TPCCharacter_C_0,10000.0,5
0,1,0.4917,1,0,CountessBossAIController_1,1,0,3,0.00,0.00,113.15,0.00,0.00,220.00,BP_TPCCharacter_C_0,BP_TPCCharacter_C_0,10000.0,6
0,1,0.5083,1,0,CountessBossAIController_1,1,0,3,0.00,0.00,105.39,0.00,0.00,220.00,BP_TPCCharacter_C_0,BP_TPCCharacter_C_0,10000.0,6
0,1,0.5250,1,0,CountessBossAIController_1,1,0,3,0.00,0.00,97.36,0.00,0.00,220.00,BP_TPCCharacter_C_0,BP_TPCCharacter_C_0,10000.0,6
0,1,0.5417,1,0,CountessBossAIController_1,1,0,1,0.00,0.00,98.15,0.00,0.00,220.00,BP_TPCCharacter_C_0,BP_TPCCharacter_C_0,10000.0,6
0,1,0.5583,1,0,CountessBossAIController_1,1,0,1,0.00,0.00,98.15,0.00,0.00,220.00,BP_TPCCharacter_C_0,BP_TPCCharacter_C_0,10000.0,6
0,1,0.5750,1,0,CountessBossAIController_1,1,0,1,0.00,0.00,98.15,0.00,0.00,220.00,BP_TPCCharacter_C_0,BP_TPCCharacter_C_0,10000.0,6
0,1,0.5917,1,0,CountessBossAIController_1,1,0,1,0.00,0.00,98.15,0.00,0.00,220.00,BP_TPCCharacter_C_0,BP_TPCCharacter_C_0,10000.0,6
0,1,0.6083,1,0,CountessBossAIController_1,1,0,1,0.00,0.00,98.15,0.00,0.00,220.00,BP_TPCCharacter_C_0,BP_TPCCharacter_C_0,10000.0,7
0,1,0.6250,1,0,CountessBossAIController_1,1,0,1,0.00,0.00,98.15,0.00,0.00,220.00,BP_TPCCharacter_C_0,BP_TPCCharacter_C_0,10000.0,7
0,1,0.6417,1,0,CountessBossAIController_1,1,0,1,0.00,0.00,98.15,0.00,0.00,220.00,BP_TPCCharacter_C_0,BP_TPCCharacter_C_0,10000.0,7
0,1,0.6583,1,0,CountessBossAIController_1,1,0,1,0.00,0.00,98.15,0.00,0.00,220.00,BP_TPCCharacter_C_0,BP_TPCCharacter_C_0,10000.0,7
0,1,0.6750,1,0,CountessBossAIController_1,1,0,1,0.00,0.00,98.15,0.00,0.00,220.00,BP_TPCCharacter_C_0,BP_TPCCharacter_C_0,10000.0,7
0,1,0.6917,1,0,CountessBossAIController_1,1,0,1,0.00,0.00,98.15,0.00,0.00,220.00,BP_TPCCharacter_C_0,BP_TPCCharacter_C_0,10000.0,7
0,1,0.7083,1,0,CountessBossAIController_1,1,0,1,0.00,0.00,98.15,0.00,0.00,220.00,BP_TPCCharacter_C_0,BP_TPCCharacter_C_0,10000.0,7
0,1,0.7250,1,0,CountessBossAIController_1,1,0,1,0.00,0.00,98.15,0.00,0.00,220.00,BP_TPCCharacter_C_0,BP_TPCCharacter_C_0,10000.0,8
0,1,0.7417,1,0,CountessBossAIController_1,1,0,1,0.00,0.00,98.15,0.00,0.00,220.00,BP_TPCCharacter_C_0,BP_TPCCharacter_C_0,10000.0,8
0,1,0.7583,1,0,CountessBossAIController_1,1,0,1,0.00,0.00,98.15,0.00,0.00,220.00,BP_TPCCharacter_C_0,BP_TPCCharacter_C_0,10000.0,8
0,1,0.7750,1,0,CountessBossAIController_1,1,0,1,0.00,0.00,98.15,0.00,0.00,220.00,BP_TPCCharacter_C_0,BP_TPCCharacter_C_0,10000.0,8
0,1,0.7917,1,0,CountessBossAIController_1,1,0,1,0.00,0.00,98.15,0.00,0.00,220.00,BP_TPCCharacter_C_0,BP_TPCCharacter_C_0,10000.0,8
0,1,0.8083,1,0,CountessBossAIController_1,1,0,1,0.00,0.00,98.15,0.00,0.00,220.00,BP_TPCCharacter_C_0,BP_TPCCharacter_C_0,10000.0,8
0,1,0.8250,1,0,CountessBossAIController_1,1,0,1,0.00,0.00,98.15,0.00,0.00,220.00,BP_TPCCharacter_C_0,BP_TPCCharacter_C_0,10000.0,8
0,1,0.8417,1,0,CountessBossAIController_1,1,0,1,0.00,0.00,98.15,0.00,0.00,220.00,BP_TPCCharacter_C_0,BP_TPCCharacter_C_0,10000.0,9
0,1,0.8583,1,0,CountessBossAIController_1,1,0,1,0.00,0.00,98.15,0.00,0.00,220.00,BP_TPCCharacter_C_0,BP_TPCCharacter_C_0,10000.0,9
0,1,0.8750,1,0,CountessBossAIController_1,1,0,1,0.00,0.00,98.15,0.00,0.00,220.00,BP_TPCCharacter_C_0,BP_TPCCharacter_C_0,10000.0,9
0,1,0.8917,1,0,CountessBossAIController_1,1,0,1,0.00,0.00,98.15,0.00,0.00,220.00,BP_TPCCharacter_C_0,BP_TPCCharacter_C_0,10000.0,9
0,1,0.9083,1,0,CountessBossAIController_1,1,0,1,0.00,0.00,98.15,0.00,0.00,220.00,BP_TPCCharacter_C_0,BP_TPCCharacter_C_0,10000.0,9
0,1,0.9250,1,0,CountessBossAIController_1,1,0,1,0.00,0.00,98.15,0.00,0.00,220.00,BP_TPCCharacter_C_0,BP_TPCCharacter_C_0,10000.0,9
0,1,0.9417,1,0,CountessBossAIController_1,1,0,1,0.00,0.00,98.15,0.00,0.00,220.00,BP_TPCCharacter_C_0,BP_TPCCharacter_C_0,10000.0,9
0,1,0.9583,1,0,CountessBossAIController_1,1,0,1,0.00,0.00,98.15,0.00,0.00,220.00,BP_TPCCharacter_C_0,BP_TPCCharacter_C_0,10000.0,10
0,1,0.9750,1,0,CountessBossAIController_1,1,0,1,0.00,0.00,98.15,0.00,0.00,220.00,BP_TPCCharacter_C_0,BP_TPCCharacter_C_0,10000.0,10
0,1,0.9917,1,0,CountessBossAIController_1,1,0,1,0.00,0.00,98.15,0.00,0.00,220.00,BP_TPCCharacter_C_0,BP_TPCCharacter_C_0,10000.0,10
0,1,1.0083,1,0,CountessBossAIController_1,1,0,1,0.00,0.00,98.15,0.00,0.00,220.00,BP_TPCCharacter_C_0,BP_TPCCharacter_C_0,10000.0,10
0,1,1.0250,1,0,CountessBossAIController_1,1,0,1,0.00,0.00,98.15,0.00,0.00,220.00,BP_TPCCharacter_C_0,BP_TPCCharacter_C_0,10000.0,10
0,1,1.0417,1,0,CountessBossAIController_1,1,0,1,0.00,0.00,98.15,0.00,0.00,220.00,BP_TPCCharacter_C_0,BP_TPCCharacter_C_0,10000.0,10
0,1,1.0583,1,0,CountessBossAIController_1,1,0,1,0.00,0.00,98.15,0.00,0.00,220.00,BP_TPCCharacter_C_0,BP_TPCCharacter_C_0,10000.0,10
0,1,1.0750,1,0,CountessBossAIController_1,1,0,1,0.00,0.00,98.15,0.00,0.00,220.00,BP_TPCCharacter_C_0,BP_TPCCharacter_C_0,10000.0,11
0,1,1.0917,1,0,CountessBossAIController_1,1,0,1,0.00,0.00,98.15,0.00,0.00,220.00,BP_TPCCharacter_C_0,BP_TPCCharacter_C_0,10000.0,11
0,1,1.1083,1,0,CountessBossAIController_1,1,0,1,0.00,0.00,98.15,0.00,0.00,220.00,BP_TPCCharacter_C_0,BP_TPCCharacter_C_0,10000.0,11
0,1,1.1250,1,0,CountessBossAIController_1,1,0,1,0.00,0.00,98.15,0.00,0.00,220.00,BP_TPCCharacter_C_0,BP_TPCCharacter_C_0,10000.0,11
0,1,1.1417,1,0,CountessBossAIController_1,1,0,1,0.00,0.00,98.15,0.00,0.00,220.00,BP_TPCCharacter_C_0,BP_TPCCharacter_C_0,10000.0,11
0,1,1.1583,1,0,CountessBossAIController_1,1,0,1,0.00,0.00,98.15,0.00,0.00,220.00,BP_TPCCharacter_C_0,BP_TPCCharacter_C_0,10000.0,11
0,1,1.1750,1,0,CountessBossAIController_1,1,0,1,0.00,0.00,98.15,0.00,0.00,220.00,BP_TPCCharacter_C_0,BP_TPCCharacter_C_0,10000.0,11
0,1,1.1917,1,0,CountessBossAIController_1,1,0,1,0.00,0.00,98.15,0.00,0.00,220.00,BP_TPCCharacter_C_0,BP_TPCCharacter_C_0,10000.0,12
0,1,1.2083,1,0,CountessBossAIController_1,1,0,1,0.00,0.00,98.15,0.00,0.00,220.00,BP_TPCCharacter_C_0,BP_TPCCharacter_C_0,10000.0,12
0,1,1.2250,1,0,CountessBossAIController_1,1,0,1,0.00,0.00,98.15,0.00,0.00,220.00,BP_TPCCharacter_C_0,BP_TPCCharacter_C_0,10000.0,12
0,1,1.2417,1,0,CountessBossAIController_1,1,0,1,0.00,0.00,98.15,0.00,0.00,220.00,BP_TPCCharacter_C_0,BP_TPCCharacter_C_0,10000.0,12
0,1,1.2583,1,0,CountessBossAIController_1,1,0,1,0.00,0.00,98.15,0.00,0.00,220.00,BP_TPCCharacter_C_0,BP_TPCCharacter_C_0,10000.0,12
0,1,1.2750,1,0,CountessBossAIController_1,1,0,1,0.00,0.00,98.15,0.00,0.00,220.00,BP_TPCCharacter_C_0,BP_TPCCharacter_C_0,10000.0,12
0,1,1.2917,1,0,CountessBossAIController_1,1,0,1,0.00,0.00,98.15,0.00,0.00,220.00,BP_TPCCharacter_C_0,BP_TPCCharacter_C_0,10000.0,12
0,1,1.3083,1,0,CountessBossAIController_1,1,0,1,0.00,0.00,98.15,0.00,0.00,220.00,BP_TPCCharacter_C_0,BP_TPCCharacter_C_0,10000.0,13
0,1,1.3250,1,0,CountessBossAIController_1,1,0,1,0.00,0.00,98.15,0.00,0.00,220.00,BP_TPCCharacter_C_0,BP_TPCCharacter_C_0,10000.0,13
0,1,1.3417,1,0,CountessBossAIController_1,1,0,1,0.00,0.00,98.15,0.00,0.00,220.00,BP_TPCCharacter_C_0,BP_TPCCharacter_C_0,10000.0,13
0,1,1.3583,1,0,CountessBossAIController_1,1,0,1,0.00,0.00,98.15,0.00,0.00,220.00,BP_TPCCharacter_C_0,BP_TPCCharacter_C_0,10000.0,13
0,1,1.3750,1,0,CountessBossAIController_1,1,0,1,0.00,0.00,98.15,0.00,0.00,220.00,BP_TPCCharacter_C_0,BP_TPCCharacter_C_0,10000.0,13
0,1,1.3917,1,0,CountessBossAIController_1,1,0,1,0.00,0.00,98.15,0.00,0.00,220.00,BP_TPCCharacter_C_0,BP_TPCCharacter_C_0,10000.0,13
0,1,1.4083,1,0,CountessBossAIController_1,1,0,1,0.00,0.00,98.15,0.00,0.00,220.00,BP_TPCCharacter_C_0,BP_TPCCharacter_C_0,10000.0,13
0,1,1.4250,1,0,CountessBossAIController_1,1,0,1,0.00,0.00,98.15,0.00,0.00,220.00,BP_TPCCharacter_C_0,BP_TPCCharacter_C_0,10000.0,14
0,1,1.4417,1,0,CountessBossAIController_1,1,0,1,0.00,0.00,98.15,0.00,0.00,220.00,BP_TPCCharacter_C_0,BP_TPCCharacter_C_0,10000.0,14
0,1,1.4583,1,0,CountessBossAIController_1,1,0,1,0.00,0.00,98.15,0.00,0.00,220.00,BP_TPCCharacter_C_0,BP_TPCCharacter_C_0,10000.0,14
0,1,1.4750,1,0,CountessBossAIController_1,1,0,1,0.00,0.00,98.15,0.00,0.00,220.00,BP_TPCCharacter_C_0,BP_TPCCharacter_C_0,10000.0,14
0,1,1.4917,1,0,CountessBossAIController_1,1,0,1,0.00,0.00,98.15,0.00,0.00,220.00,BP_TPCCharacter_C_0,BP_TPCCharacter_C_0,10000.0,14
0,1,1.5083,1,0,CountessBossAIController_1,1,0,1,0.00,0.00,98.15,0.00,0.00,220.00,BP_TPCCharacter_C_0,BP_TPCCharacter_C_0,10000.0,14
0,1,1.5250,1,0,CountessBossAIController_1,1,0,1,0.00,0.00,98.15,0.00,0.00,220.00,BP_TPCCharacter_C_0,BP_TPCCharacter_C_0,10000.0,14
0,1,1.5417,1,0,CountessBossAIController_1,1,0,1,0.00,0.00,98.15,0.00,0.00,220.00,BP_TPCCharacter_C_0,BP_TPCCharacter_C_0,10000.0,15
0,1,1.5583,1,0,CountessBossAIController_1,1,0,1,0.00,0.00,98.15,0.00,0.00,220.00,BP_TPCCharacter_C_0,BP_TPCCharacter_C_0,10000.0,15
0,1,1.5750,1,0,CountessBossAIController_1,1,0,1,0.00,0.00,98.15,0.00,0.00,220.00,BP_TPCCharacter_C_0,BP_TPCCharacter_C_0,10000.0,15
0,1,1.5917,1,0,CountessBossAIController_1,1,0,1,0.00,0.00,98.15,0.00,0.00,220.00,BP_TPCCharacter_C_0,BP_TPCCharacter_C_0,10000.0,15
0,1,1.6083,1,0,CountessBossAIController_1,1,0,1,0.00,0.00,98.15,0.00,0.00,220.00,BP_TPCCharacter_C_0,BP_TPCCharacter_C_0,10000.0,15
0,1,1.6250,1,0,CountessBossAIController_1,1,0,1,0.00,0.00,98.15,0.00,0.00,220.00,BP_TPCCharacter_C_0,BP_TPCCharacter_C_0,10000.0,15
0,1,1.6417,1,0,CountessBossAIController_1,1,0,1,0.00,0.00,98.15,0.00,0.00,220.00,BP_TPCCharacter_C_0,BP_TPCCharacter_C_0,10000.0,15
0,1,1.6583,1,0,CountessBossAIController_1,1,0,1,0.00,0.00,98.15,0.00,0.00,220.00,BP_TPCCharacter_C_0,BP_TPCCharacter_C_0,10000.0,16
0,1,1.6750,1,0,CountessBossAIController_1,1,0,1,0.00,0.00,98.15,0.00,0.00,220.00,BP_TPCCharacter_C_0,BP_TPCCharacter_C_0,10000.0,16
0,1,1.6917,1,0,CountessBossAIController_1,1,0,1,0.00,0.00,98.15,0.00,0.00,220.00,BP_TPCCharacter_C_0,BP_TPCCharacter_C_0,10000.0,16
0,1,1.7083,1,0,CountessBossAIController_1,1,0,1,0.00,0.00,98.15,0.00,0.00,220.00,BP_TPCCharacter_C_0,BP_TPCCharacter_C_0,10000.0,16
0,1,1.7250,1,0,CountessBossAIController_1,1,0,1,0.00,0.00,98.15,0.00,0.00,220.00,BP_TPCCharacter_C_0,BP_TPCCharacter_C_0,10000.0,16
0,1,1.7417,1,0,CountessBossAIController_1,1,0,1,0.00,0.00,98.15,0.00,0.00,220.00,BP_TPCCharacter_C_0,BP_TPCCharacter_C_0,10000.0,16
0,1,1.7583,1,0,CountessBossAIController_1,1,0,1,0.00,0.00,98.15,0.00,0.00,220.00,BP_TPCCharacter_C_0,BP_TPCCharacter_C_0,10000.0,16
0,1,1.7750,1,0,CountessBossAIController_1,1,0,1,0.00,0.00,98.15,0.00,0.00,220.00,BP_TPCCharacter_C_0,BP_TPCCharacter_C_0,10000.0,17
0,1,1.7917,1,0,CountessBossAIController_1,1,0,1,0.00,0.00,98.15,0.00,0.00,220.00,BP_TPCCharacter_C_0,BP_TPCCharacter_C_0,10000.0,17
0,1,1.8083,1,0,CountessBossAIController_1,1,0,1,0.00,0.00,98.15,0.00,0.00,220.00,BP_TPCCharacter_C_0,BP_TPCCharacter_C_0,10000.0,17
0,1,1.8250,1,0,CountessBossAIController_1,1,0,1,0.00,0.00,98.15,0.00,0.00,220.00,BP_TPCCharacter_C_0,BP_TPCCharacter_C_0,10000.0,17
0,1,1.8417,1,0,CountessBossAIController_1,1,0,1,0.00,0.00,98.15,0.00,0.00,220.00,BP_TPCCharacter_C_0,BP_TPCCharacter_C_0,10000.0,17
0,1,1.8583,1,0,CountessBossAIController_1,1,0,1,0.00,0.00,98.15,0.00,0.00,220.00,BP_TPCCharacter_C_0,BP_TPCCharacter_C_0,10000.0,17
0,1,1.8750,1,0,CountessBossAIController_1,1,0,1,0.00,0.00,98.15,0.00,0.00,220.00,BP_TPCCharacter_C_0,BP_TPCCharacter_C_0,10000.0,17
0,1,1.8917,1,0,CountessBossAIController_1,1,0,1,0.00,0.00,98.15,0.00,0.00,220.00,BP_TPCCharacter_C_0,BP_TPCCharacter_C_0,10000.0,18
0,1,1.9083,1,0,CountessBossAIController_1,1,0,1,0.00,0.00,98.15,0.00,0.00,220.00,BP_TPCCharacter_C_0,BP_TPCCharacter_C_0,10000.0,18
0,1,1.9250,1,0,CountessBossAIController_1,1,0,1,0.00,0.00,98.15,0.00,0.00,220.00,BP_TPCCharacter_C_0,BP_TPCCharacter_C_0,10000.0,18
0,1,1.9417,1,0,CountessBossAIController_1,1,0,1,0.00,0.00,98.15,0.00,0.00,220.00,BP_TPCCharacter_C_0,BP_TPCCharacter_C_0,10000.0,18
0,1,1.9583,1,0,CountessBossAIController_1,1,0,1,0.00,0.00,98.15,0.00,0.00,220.00,BP_TPCCharacter_C_0,BP_TPCCharacter_C_0,10000.0,18
0,1,1.9750,1,0,CountessBossAIController_1,1,0,1,0.00,0.00,98.15,0.00,0.00,220.00,BP_TPCCharacter_C_0,BP_TPCCharacter_C_0,10000.0,18
0,1,1.9917,1,0,CountessBossAIController_1,1,0,1,0.00,0.00,98.15,0.00,0.00,220.00,BP_TPCCharacter_C_0,BP_TPCCharacter_C_0,10000.0,18
0,1,2.0083,1,0,CountessBossAIController_1,1,0,1,0.00,0.00,98.15,0.00,0.00,220.00,BP_TPCCharacter_C_0,BP_TPCCharacter_C_0,10000.0,19
0,1,2.0250,1,0,CountessBossAIController_1,1,0,1,0.00,0.00,98.15,0.00,0.00,220.00,BP_TPCCharacter_C_0,BP_TPCCharacter_C_0,10000.0,19
0,1,2.0417,1,0,CountessBossAIController_1,1,0,1,0.00,0.00,98.15,0.00,0.00,220.00,BP_TPCCharacter_C_0,BP_TPCCharacter_C_0,10000.0,19
0,1,2.0583,1,0,CountessBossAIController_1,1,0,1,0.00,0.00,98.15,0.00,0.00,220.00,BP_TPCCharacter_C_0,BP_TPCCharacter_C_0,10000.0,19
0,1,2.0750,1,0,CountessBossAIController_1,1,0,1,0.00,0.00,98.15,0.00,0.00,220.00,BP_TPCCharacter_C_0,BP_TPCCharacter_C_0,10000.0,19
0,1,2.0917,1,0,CountessBossAIController_1,1,0,1,0.00,0.00,98.15,0.00,0.00,220.00,BP_TPCCharacter_C_0,BP_TPCCharacter_C_0,10000.0,19
0,1,2.1083,1,0,CountessBossAIController_1,1,0,1,0.00,0.00,98.15,0.00,0.00,220.00,BP_TPCCharacter_C_0,BP_TPCCharacter_C_0,10000.0,19
0,1,2.1250,1,0,CountessBossAIController_1,1,0,1,0.00,0.00,98.15,0.00,0.00,220.00,BP_TPCCharacter_C_0,BP_TPCCharacter_C_0,10000.0,20
0,1,2.1417,1,0,CountessBossAIController_1,1,0,1,0.00,0.00,98.15,0.00,0.00,220.00,BP_TPCCharacter_C_0,BP_TPCCharacter_C_0,10000.0,20
0,1,2.1583,1,0,CountessBossAIController_1,1,0,1,0.00,0.00,98.15,0.00,0.00,220.00,BP_TPCCharacter_C_0,BP_TPCCharacter_C_0,10000.0,20
0,1,2.1750,1,0,CountessBossAIController_1,1,0,1,0.00,0.00,98.15,0.00,0.00,220.00,BP_TPCCharacter_C_0,BP_TPCCharacter_C_0,10000.0,20
0,1,2.1917,1,0,CountessBossAIController_1,1,0,1,0.00,0.00,98.15,0.00,0.00,220.00,BP_TPCCharacter_C_0,BP_TPCCharacter_C_0,10000.0,20
0,1,2.2083,1,0,CountessBossAIController_1,1,0,1,0.00,0.00,98.15,0.00,0.00,220.00,BP_TPCCharacter_C_0,BP_TPCCharacter_C_0,10000.0,20
0,1,2.2250,1,0,CountessBossAIController_1,1,0,1,0.00,0.00,98.15,0.00,0.00,220.00,BP_TPCCharacter_C_0,BP_TPCCharacter_C_0,10000.0,20
0,1,2.2417,1,0,CountessBossAIController_1,1,0,1,0.00,0.00,98.15,0.00,0.00,220.00,BP_TPCCharacter_C_0,BP_TPCCharacter_C_0,10000.0,21
0,1,2.2583,1,0,CountessBossAIController_1,1,0,1,0.00,0.00,98.15,0.00,0.00,220.00,BP_TPCCharacter_C_0,BP_TPCCharacter_C_0,10000.0,21
0,1,2.2750,1,0,CountessBossAIController_1,1,0,1,0.00,0.00,98.15,0.00,0.00,220.00,BP_TPCCharacter_C_0,BP_TPCCharacter_C_0,10000.0,21
0,1,2.2917,1,0,CountessBossAIController_1,1,0,1,0.00,0.00,98.15,0.00,0.00,220.00,BP_TPCCharacter_C_0,BP_TPCCharacter_C_0,10000.0,21
0,1,2.3083,1,0,CountessBossAIController_1,1,0,1,0.00,0.00,98.15,0.00,0.00,220.00,BP_TPCCharacter_C_0,BP_TPCCharacter_C_0,10000.0,21
0,1,2.3250,1,0,CountessBossAIController_1,1,0,1,0.00,0.00,98.15,0.00,0.00,220.00,BP_TPCCharacter_C_0,BP_TPCCharacter_C_0,10000.0,21
0,1,2.3417,1,0,CountessBossAIController_1,1,0,1,0.00,0.00,98.15,0.00,0.00,220.00,BP_TPCCharacter_C_0,BP_TPCCharacter_C_0,10000.0,21
0,1,2.3583,1,0,CountessBossAIController_1,1,0,1,0.00,0.00,98.15,0.00,0.00,220.00,BP_TPCCharacter_C_0,BP_TPCCharacter_C_0,10000.0,22
0,1,2.3750,1,0,CountessBossAIController_1,1,0,1,0.00,0.00,98.15,0.00,0.00,220.00,BP_TPCCharacter_C_0,BP_TPCCharacter_C_0,10000.0,22
0,1,2.3917,1,0,CountessBossAIController_1,1,0,1,0.00,0.00,98.15,0.00,0.00,220.00,BP_TPCCharacter_C_0,BP_TPCCharacter_C_0,10000.0,22
0,1,2.4083,1,0,CountessBossAIController_1,1,0,1,0.00,0.00,98.15,0.00,0.00,220.00,BP_TPCCharacter_C_0,BP_TPCCharacter_C_0,10000.0,22
0,1,2.4250,1,0,CountessBossAIController_1,1,0,1,0.00,0.00,98.15,0.00,0.00,220.00,BP_TPCCharacter_C_0,BP_TPCCharacter_C_0,10000.0,22
0,1,2.4417,1,0,CountessBossAIController_1,1,0,1,0.00,0.00,98.15,0.00,0.00,220.00,BP_TPCCharacter_C_0,BP_TPCCharacter_C_0,10000.0,22
0,1,2.4583,1,0,CountessBossAIController_1,1,0,1,0.00,0.00,98.15,0.00,0.00,220.00,BP_TPCCharacter_C_0,BP_TPCCharacter_C_0,10000.0,22
0,1,2.4750,1,0,CountessBossAIController_1,1,0,1,0.00,0.00,98.15,0.00,0.00,220.00,BP_TPCCharacter_C_0,BP_TPCCharacter_C_0,10000.0,23
0,1,2.4917,1,0,CountessBossAIController_1,1,0,1,0.00,0.00,98.15,0.00,0.00,220.00,BP_TPCCharacter_C_0,BP_TPCCharacter_C_0,10000.0,23
0,1,2.5083,1,0,CountessBossAIController_1,1,0,1,0.00,0.00,98.15,0.00,0.00,220.00,BP_TPCCharacter_C_0,BP_TPCCharacter_C_0,10000.0,23
0,1,2.5250,1,0,CountessBossAIController_1,1,0,1,0.00,0.00,98.15,0.00,0.00,220.00,BP_TPCCharacter_C_0,BP_TPCCharacter_C_0,10000.0,23
0,1,2.5417,1,0,CountessBossAIController_1,1,0,1,0.00,0.00,98.15,0.00,0.00,220.00,BP_TPCCharacter_C_0,BP_TPCCharacter_C_0,10000.0,23
0,1,2.5583,1,0,CountessBossAIController_1,1,0,1,0.00,0.00,98.15,0.00,0.00,220.00,BP_TPCCharacter_C_0,BP_TPCCharacter_C_0,10000.0,23
0,1,2.5750,1,0,CountessBossAIController_1,1,0,1,0.00,0.00,98.15,0.00,0.00,220.00,BP_TPCCharacter_C_0,BP_TPCCharacter_C_0,10000.0,23
0,1,2.5917,1,0,CountessBossAIController_1,1,0,1,0.00,0.00,98.15,0.00,0.00,220.00,BP_TPCCharacter_C_0,BP_TPCCharacter_C_0,10000.0,24
0,1,2.6083,1,0,CountessBossAIController_1,1,0,1,0.00,0.00,98.15,0.00,0.00,220.00,BP_TPCCharacter_C_0,BP_TPCCharacter_C_0,10000.0,24
0,1,2.6250,1,0,CountessBossAIController_1,1,0,1,0.00,0.00,98.15,0.00,0.00,220.00,BP_TPCCharacter_C_0,BP_TPCCharacter_C_0,10000.0,24
0,1,2.6417,1,0,CountessBossAIController_1,1,0,1,0.00,0.00,98.15,0.00,0.00,220.00,BP_TPCCharacter_C_0,BP_TPCCharacter_C_0,10000.0,24
0,1,2.6583,1,0,CountessBossAIController_1,1,0,1,0.00,0.00,98.15,0.00,0.00,220.00,BP_TPCCharacter_C_0,BP_TPCCharacter_C_0,10000.0,24
0,1,2.6750,1,0,CountessBossAIController_1,1,0,1,0.00,0.00,98.15,0.00,0.00,220.00,BP_TPCCharacter_C_0,BP_TPCCharacter_C_0,10000.0,24
0,1,2.6917,1,0,CountessBossAIController_1,1,0,1,0.00,0.00,98.15,0.00,0.00,220.00,BP_TPCCharacter_C_0,BP_TPCCharacter_C_0,10000.0,24
0,1,2.7083,1,0,CountessBossAIController_1,1,0,1,0.00,0.00,98.15,0.00,0.00,220.00,BP_TPCCharacter_C_0,BP_TPCCharacter_C_0,10000.0,25
0,1,2.7250,1,0,CountessBossAIController_1,1,0,1,0.00,0.00,98.15,0.00,0.00,220.00,BP_TPCCharacter_C_0,BP_TPCCharacter_C_0,10000.0,25
0,1,2.7417,1,0,CountessBossAIController_1,1,0,1,0.00,0.00,98.15,0.00,0.00,220.00,BP_TPCCharacter_C_0,BP_TPCCharacter_C_0,10000.0,25
0,1,2.7583,1,0,CountessBossAIController_1,1,0,1,0.00,0.00,98.15,0.00,0.00,220.00,BP_TPCCharacter_C_0,BP_TPCCharacter_C_0,10000.0,25
0,1,2.7750,1,0,CountessBossAIController_1,1,0,1,0.00,0.00,98.15,0.00,0.00,220.00,BP_TPCCharacter_C_0,BP_TPCCharacter_C_0,10000.0,25
0,1,2.7917,1,0,CountessBossAIController_1,1,0,1,0.00,0.00,98.15,0.00,0.00,220.00,BP_TPCCharacter_C_0,BP_TPCCharacter_C_0,10000.0,25
0,1,2.8083,1,0,CountessBossAIController_1,1,0,1,0.00,0.00,98.15,0.00,0.00,220.00,BP_TPCCharacter_C_0,BP_TPCCharacter_C_0,10000.0,25
0,1,2.8250,1,0,CountessBossAIController_1,1,0,1,0.00,0.00,98.15,0.00,0.00,220.00,BP_TPCCharacter_C_0,BP_TPCCharacter_C_0,10000.0,26
0,1,2.8417,1,0,CountessBossAIController_1,1,0,1,0.00,0.00,98.15,0.00,0.00,220.00,BP_TPCCharacter_C_0,BP_TPCCharacter_C_0,10000.0,26
0,1,2.8583,1,0,CountessBossAIController_1,1,0,1,0.00,0.00,98.15,0.00,0.00,220.00,BP_TPCCharacter_C_0,BP_TPCCharacter_C_0,10000.0,26
0,1,2.8750,1,0,CountessBossAIController_1,1,0,1,0.00,0.00,98.15,0.00,0.00,220.00,BP_TPCCharacter_C_0,BP_TPCCharacter_C_0,10000.0,26
0,1,2.8917,1,0,CountessBossAIController_1,1,0,1,0.00,0.00,98.15,0.00,0.00,220.00,BP_TPCCharacter_C_0,BP_TPCCharacter_C_0,10000.0,26
0,1,2.9083,1,0,CountessBossAIController_1,1,0,1,0.00,0.00,98.15,0.00,0.00,220.00,BP_TPCCharacter_C_0,BP_TPCCharacter_C_0,10000.0,26
0,1,2.9250,1,0,CountessBossAIController_1,1,0,1,0.00,0.00,98.15,0.00,0.00,220.00,BP_TPCCharacter_C_0,BP_TPCCharacter_C_0,10000.0,26
0,1,2.9417,1,0,CountessBossAIController_1,1,0,1,0.00,0.00,98.15,0.00,0.00,220.00,BP_TPCCharacter_C_0,BP_TPCCharacter_C_0,10000.0,27
0,1,2.9583,1,0,CountessBossAIController_1,1,0,1,0.00,0.00,98.15,0.00,0.00,220.00,BP_TPCCharacter_C_0,BP_TPCCharacter_C_0,10000.0,27
0,1,2.9750,1,0,CountessBossAIController_1,1,0,1,0.00,0.00,98.15,0.00,0.00,220.00,BP_TPCCharacter_C_0,BP_TPCCharacter_C_0,10000.0,27
0,1,2.9917,1,0,CountessBossAIController_1,1,0,1,0.00,0.00,98.15,0.00,0.00,220.00,BP_TPCCharacter_C_0,BP_TPCCharacter_C_0,10000.0,27
0,1,3.0083,1,0,CountessBossAIController_1,1,0,1,0.00,0.00,98.15,0.00,0.00,220.00,BP_TPCCharacter_C_0,BP_TPCCharacter_C_0,10000.0,27
0,1,3.0250,1,0,CountessBossAIController_1,1,0,1,0.00,0.00,98.15,0.00,0.00,220.00,BP_TPCCharacter_C_0,BP_TPCCharacter_C_0,10000.0,27
0,1,3.0417,1,0,CountessBossAIController_1,1,0,1,0.00,0.00,98.15,0.00,0.00,220.00,BP_TPCCharacter_C_0,BP_TPCCharacter_C_0,10000.0,27
0,1,3.0583,1,0,CountessBossAIController_1,1,0,1,0.00,0.00,98.15,0.00,0.00,220.00,BP_TPCCharacter_C_0,BP_TPCCharacter_C_0,10000.0,28
0,1,3.0750,1,0,CountessBossAIController_1,1,0,1,0.00,0.00,98.15,0.00,0.00,220.00,BP_TPCCharacter_C_0,BP_TPCCharacter_C_0,10000.0,28
0,1,3.0917,1,0,CountessBossAIController_1,1,0,1,0.00,0.00,98.15,0.00,0.00,220.00,BP_TPCCharacter_C_0,BP_TPCCharacter_C_0,10000.0,28
0,1,3.1083,1,0,CountessBossAIController_1,1,0,1,0.00,0.00,98.15,0.00,0.00,220.00,BP_TPCCharacter_C_0,BP_TPCCharacter_C_0,10000.0,28
0,1,3.1250,1,0,CountessBossAIController_1,1,0,1,0.00,0.00,98.15,0.00,0.00,220.00,BP_TPCCharacter_C_0,BP_TPCCharacter_C_0,10000.0,28
0,1,3.1417,1,0,CountessBossAIController_1,1,0,1,0.00,0.00,98.15,0.00,0.00,220.00,BP_TPCCharacter_C_0,BP_TPCCharacter_C_0,10000.0,28
0,1,3.1583,1,0,CountessBossAIController_1,1,0,1,0.00,0.00,98.15,0.00,0.00,220.00,BP_TPCCharacter_C_0,BP_TPCCharacter_C_0,10000.0,28
0,1,3.1750,1,0,CountessBossAIController_1,1,0,1,0.00,0.00,98.15,0.00,0.00,220.00,BP_TPCCharacter_C_0,BP_TPCCharacter_C_0,10000.0,29
0,1,3.1917,1,0,CountessBossAIController_1,1,0,1,0.00,0.00,98.15,0.00,0.00,220.00,BP_TPCCharacter_C_0,BP_TPCCharacter_C_0,10000.0,29
0,1,3.2083,1,0,CountessBossAIController_1,1,0,1,0.00,0.00,98.15,0.00,0.00,220.00,BP_TPCCharacter_C_0,BP_TPCCharacter_C_0,10000.0,29
0,1,3.2250,1,0,CountessBossAIController_1,1,0,1,0.00,0.00,98.15,0.00,0.00,220.00,BP_TPCCharacter_C_0,BP_TPCCharacter_C_0,10000.0,29
0,1,3.2417,1,0,CountessBossAIController_1,1,0,1,0.00,0.00,98.15,0.00,0.00,220.00,BP_TPCCharacter_C_0,BP_TPCCharacter_C_0,10000.0,29
0,1,3.2583,1,0,CountessBossAIController_1,1,0,1,0.00,0.00,98.15,0.00,0.00,220.00,BP_TPCCharacter_C_0,BP_TPCCharacter_C_0,10000.0,29
0,1,3.2750,1,0,CountessBossAIController_1,1,0,1,0.00,0.00,98.15,0.00,0.00,220.00,BP_TPCCharacter_C_0,BP_TPCCharacter_C_0,10000.0,29
0,1,3.2917,1,0,CountessBossAIController_1,1,0,1,0.00,0.00,98.15,0.00,0.00,220.00,BP_TPCCharacter_C_0,BP_TPCCharacter_C_0,10000.0,30
0,1,3.3083,1,0,CountessBossAIController_1,1,0,1,0.00,0.00,98.15,0.00,0.00,220.00,BP_TPCCharacter_C_0,BP_TPCCharacter_C_0,10000.0,30
0,1,3.3250,1,0,CountessBossAIController_1,1,0,1,0.00,0.00,98.15,0.00,0.00,220.00,BP_TPCCharacter_C_0,BP_TPCCharacter_C_0,10000.0,30
0,1,3.3417,1,0,CountessBossAIController_1,1,0,1,0.00,0.00,98.15,0.00,0.00,220.00,BP_TPCCharacter_C_0,BP_TPCCharacter_C_0,10000.0,30
0,1,3.3583,1,0,CountessBossAIController_1,1,0,1,0.00,0.00,98.15,0.00,0.00,220.00,BP_TPCCharacter_C_0,BP_TPCCharacter_C_0,10000.0,30
0,1,3.3750,1,0,CountessBossAIController_1,1,0,1,0.00,0.00,98.15,0.00,0.00,220.00,BP_TPCCharacter_C_0,BP_TPCCharacter_C_0,10000.0,30
0,1,3.3917,1,0,CountessBossAIController_1,1,0,1,0.00,0.00,98.15,0.00,0.00,220.00,BP_TPCCharacter_C_0,BP_TPCCharacter_C_0,10000.0,30
0,1,3.4083,1,0,CountessBossAIController_1,1,0,1,0.00,0.00,98.15,0.00,0.00,220.00,BP_TPCCharacter_C_0,BP_TPCCharacter_C_0,10000.0,31
0,1,3.4250,1,0,CountessBossAIController_1,1,0,1,0.00,0.00,98.15,0.00,0.00,220.00,BP_TPCCharacter_C_0,BP_TPCCharacter_C_0,10000.0,31
0,1,3.4417,1,0,CountessBossAIController_1,1,0,1,0.00,0.00,98.15,0.00,0.00,220.00,BP_TPCCharacter_C_0,BP_TPCCharacter_C_0,10000.0,31
0,1,3.4583,1,0,CountessBossAIController_1,1,0,1,0.00,0.00,98.15,0.00,0.00,220.00,BP_TPCCharacter_C_0,BP_TPCCharacter_C_0,10000.0,31
0,1,3.4750,1,0,CountessBossAIController_1,1,0,1,0.00,0.00,98.15,0.00,0.00,220.00,BP_TPCCharacter_C_0,BP_TPCCharacter_C_0,10000.0,31
0,1,3.4917,1,0,CountessBossAIController_1,1,0,1,0.00,0.00,98.15,0.00,0.00,220.00,BP_TPCCharacter_C_0,BP_TPCCharacter_C_0,10000.0,31
0,1,3.5083,1,0,CountessBossAIController_1,1,0,1,0.00,0.00,98.15,0.00,0.00,220.00,BP_TPCCharacter_C_0,BP_TPCCharacter_C_0,10000.0,31
0,1,3.5250,1,0,CountessBossAIController_1,1,0,1,0.00,0.00,98.15,0.00,0.00,220.00,BP_TPCCharacter_C_0,BP_TPCCharacter_C_0,10000.0,32
0,1,3.5417,1,0,CountessBossAIController_1,1,0,1,0.00,0.00,98.15,0.00,0.00,220.00,BP_TPCCharacter_C_0,BP_TPCCharacter_C_0,10000.0,32
0,1,3.5583,1,0,CountessBossAIController_1,1,0,1,0.00,0.00,98.15,0.00,0.00,220.00,BP_TPCCharacter_C_0,BP_TPCCharacter_C_0,10000.0,32
0,1,3.5750,1,0,CountessBossAIController_1,1,0,1,0.00,0.00,98.15,0.00,0.00,220.00,BP_TPCCharacter_C_0,BP_TPCCharacter_C_0,10000.0,32
0,1,3.5917,1,0,CountessBossAIController_1,1,0,1,0.00,0.00,98.15,0.00,0.00,220.00,BP_TPCCharacter_C_0,BP_TPCCharacter_C_0,10000.0,32
0,1,3.6083,1,0,CountessBossAIController_1,1,0,1,0.00,0.00,98.15,0.00,0.00,220.00,BP_TPCCharacter_C_0,BP_TPCCharacter_C_0,10000.0,32
0,1,3.6250,1,0,CountessBossAIController_1,1,0,1,0.00,0.00,98.15,0.00,0.00,220.00,BP_TPCCharacter_C_0,BP_TPCCharacter_C_0,10000.0,32
0,1,3.6417,1,0,CountessBossAIController_1,1,0,1,0.00,0.00,98.15,0.00,0.00,220.00,BP_TPCCharacter_C_0,BP_TPCCharacter_C_0,10000.0,33
0,1,3.6583,1,0,CountessBossAIController_1,1,0,1,0.00,0.00,98.15,0.00,0.00,220.00,BP_TPCCharacter_C_0,BP_TPCCharacter_C_0,10000.0,33
0,1,3.6750,1,0,CountessBossAIController_1,1,0,1,0.00,0.00,98.15,0.00,0.00,220.00,BP_TPCCharacter_C_0,BP_TPCCharacter_C_0,10000.0,33
0,1,3.6917,1,0,CountessBossAIController_1,1,0,1,0.00,0.00,98.15,0.00,0.00,220.00,BP_TPCCharacter_C_0,BP_TPCCharacter_C_0,10000.0,33
0,1,3.7083,1,0,CountessBossAIController_1,1,0,1,0.00,0.00,98.15,0.00,0.00,220.00,BP_TPCCharacter_C_0,BP_TPCCharacter_C_0,10000.0,33
0,1,3.7250,1,0,CountessBossAIController_1,1,0,1,0.00,0.00,98.15,0.00,0.00,220.00,BP_TPCCharacter_C_0,BP_TPCCharacter_C_0,10000.0,33
0,1,3.7417,1,0,CountessBossAIController_1,1,0,1,0.00,0.00,98.15,0.00,0.00,220.00,BP_TPCCharacter_C_0,BP_TPCCharacter_C_0,10000.0,33
0,1,3.7583,1,0,CountessBossAIController_1,1,0,1,0.00,0.00,98.15,0.00,0.00,220.00,BP_TPCCharacter_C_0,BP_TPCCharacter_C_0,10000.0,34
0,1,3.7750,1,0,CountessBossAIController_1,1,0,1,0.00,0.00,98.15,0.00,0.00,220.00,BP_TPCCharacter_C_0,BP_TPCCharacter_C_0,10000.0,34
0,1,3.7917,1,0,CountessBossAIController_1,1,0,1,0.00,0.00,98.15,0.00,0.00,220.00,BP_TPCCharacter_C_0,BP_TPCCharacter_C_0,10000.0,34
0,1,3.8083,1,0,CountessBossAIController_1,1,0,1,0.00,0.00,98.15,0.00,0.00,220.00,BP_TPCCharacter_C_0,BP_TPCCharacter_C_0,10000.0,34
0,1,3.8250,1,0,CountessBossAIController_1,1,0,1,0.00,0.00,98.15,0.00,0.00,220.00,BP_TPCCharacter_C_0,BP_TPCCharacter_C_0,10000.0,34
0,1,3.8417,1,0,CountessBossAIController_1,1,0,1,0.00,0.00,98.15,0.00,0.00,220.00,BP_TPCCharacter_C_0,BP_TPCCharacter_C_0,10000.0,34
0,1,3.8583,1,0,CountessBossAIController_1,1,0,1,0.00,0.00,98.15,0.00,0.00,220.00,BP_TPCCharacter_C_0,BP_TPCCharacter_C_0,10000.0,34
0,1,3.8750,1,0,CountessBossAIController_1,1,0,1,0.00,0.00,98.15,0.00,0.00,220.00,BP_TPCCharacter_C_0,BP_TPCCharacter_C_0,10000.0,35
0,1,3.8917,1,0,CountessBossAIController_1,1,0,1,0.00,0.00,98.15,0.00,0.00,220.00,BP_TPCCharacter_C_0,BP_TPCCharacter_C_0,10000.0,35
0,1,3.9083,1,0,CountessBossAIController_1,1,0,1,0.00,0.00,98.15,0.00,0.00,220.00,BP_TPCCharacter_C_0,BP_TPCCharacter_C_0,10000.0,35
0,1,3.9250,1,0,CountessBossAIController_1,1,0,1,0.00,0.00,98.15,0.00,0.00,220.00,BP_TPCCharacter_C_0,BP_TPCCharacter_C_0,10000.0,35
0,1,3.9417,1,0,CountessBossAIController_1,1,0,1,0.00,0.00,98.15,0.00,0.00,220.00,BP_TPCCharacter_C_0,BP_TPCCharacter_C_0,10000.0,35
0,1,3.9583,1,0,CountessBossAIController_1,1,0,1,0.00,0.00,98.15,0.00,0.00,220.00,BP_TPCCharacter_C_0,BP_TPCCharacter_C_0,10000.0,35
0,1,3.9750,1,0,CountessBossAIController_1,1,0,1,0.00,0.00,98.15,0.00,0.00,220.00,BP_TPCCharacter_C_0,BP_TPCCharacter_C_0,10000.0,35
0,1,3.9917,1,0,CountessBossAIController_1,1,0,1,0.00,0.00,98.15,0.00,0.00,220.00,BP_TPCCharacter_C_0,BP_TPCCharacter_C_0,10000.0,36
0,1,4.0083,1,0,CountessBossAIController_1,1,0,1,0.00,0.00,98.15,0.00,0.00,220.00,BP_TPCCharacter_C_0,BP_TPCCharacter_C_0,10000.0,36
0,1,4.0250,1,0,CountessBossAIController_1,1,0,1,0.00,0.00,98.15,0.00,0.00,220.00,BP_TPCCharacter_C_0,BP_TPCCharacter_C_0,10000.0,36
0,1,4.0417,1,0,CountessBossAIController_1,1,0,1,0.00,0.00,98.15,0.00,0.00,220.00,BP_TPCCharacter_C_0,BP_TPCCharacter_C_0,10000.0,36
0,1,4.0583,1,0,CountessBossAIController_1,1,0,1,0.00,0.00,98.15,0.00,0.00,220.00,BP_TPCCharacter_C_0,BP_TPCCharacter_C_0,10000.0,36
0,1,4.0750,1,0,CountessBossAIController_1,1,0,1,0.00,0.00,98.15,0.00,0.00,220.00,BP_TPCCharacter_C_0,BP_TPCCharacter_C_0,10000.0,36
0,1,4.0917,1,0,CountessBossAIController_1,1,0,1,0.00,0.00,98.15,0.00,0.00,220.00,BP_TPCCharacter_C_0,BP_TPCCharacter_C_0,10000.0,36
0,1,4.1083,1,0,CountessBossAIController_1,1,0,1,0.00,0.00,98.15,0.00,0.00,220.00,BP_TPCCharacter_C_0,BP_TPCCharacter_C_0,10000.0,37
0,1,4.1250,1,0,CountessBossAIController_1,1,0,1,0.00,0.00,98.15,0.00,0.00,220.00,BP_TPCCharacter_C_0,BP_TPCCharacter_C_0,10000.0,37
0,1,4.1417,1,0,CountessBossAIController_1,1,0,1,0.00,0.00,98.15,0.00,0.00,220.00,BP_TPCCharacter_C_0,BP_TPCCharacter_C_0,10000.0,37
0,1,4.1583,1,0,CountessBossAIController_1,1,0,1,0.00,0.00,98.15,0.00,0.00,220.00,BP_TPCCharacter_C_0,BP_TPCCharacter_C_0,10000.0,37
0,1,4.1750,1,0,CountessBossAIController_1,1,0,1,0.00,0.00,98.15,0.00,0.00,220.00,BP_TPCCharacter_C_0,BP_TPCCharacter_C_0,10000.0,37
0,1,4.1917,1,0,CountessBossAIController_1,1,0,1,0.00,0.00,98.15,0.00,0.00,220.00,BP_TPCCharacter_C_0,BP_TPCCharacter_C_0,10000.0,37
0,1,4.2083,1,0,CountessBossAIController_1,1,0,1,0.00,0.00,98.15,0.00,0.00,220.00,BP_TPCCharacter_C_0,BP_TPCCharacter_C_0,10000.0,37
0,1,4.2250,1,0,CountessBossAIController_1,1,0,1,0.00,0.00,98.15,0.00,0.00,220.00,BP_TPCCharacter_C_0,BP_TPCCharacter_C_0,10000.0,38
0,1,4.2417,1,0,CountessBossAIController_1,1,0,1,0.00,0.00,98.15,0.00,0.00,220.00,BP_TPCCharacter_C_0,BP_TPCCharacter_C_0,10000.0,38
0,1,4.2583,1,0,CountessBossAIController_1,1,0,1,0.00,0.00,98.15,0.00,0.00,220.00,BP_TPCCharacter_C_0,BP_TPCCharacter_C_0,10000.0,38
0,1,4.2750,1,0,CountessBossAIController_1,1,0,1,0.00,0.00,98.15,0.00,0.00,220.00,BP_TPCCharacter_C_0,BP_TPCCharacter_C_0,10000.0,38
0,1,4.2917,1,0,CountessBossAIController_1,1,0,1,0.00,0.00,98.15,0.00,0.00,220.00,BP_TPCCharacter_C_0,BP_TPCCharacter_C_0,10000.0,38
0,1,4.3083,1,0,CountessBossAIController_1,1,0,1,0.00,0.00,98.15,0.00,0.00,220.00,BP_TPCCharacter_C_0,BP_TPCCharacter_C_0,10000.0,38
0,1,4.3250,1,0,CountessBossAIController_1,1,0,1,0.00,0.00,98.15,0.00,0.00,220.00,BP_TPCCharacter_C_0,BP_TPCCharacter_C_0,10000.0,38
0,1,4.3417,1,0,CountessBossAIController_1,1,0,1,0.00,0.00,98.15,0.00,0.00,220.00,BP_TPCCharacter_C_0,BP_TPCCharacter_C_0,10000.0,39
0,1,4.3583,1,0,CountessBossAIController_1,1,0,1,0.00,0.00,98.15,0.00,0.00,220.00,BP_TPCCharacter_C_0,BP_TPCCharacter_C_0,10000.0,39
0,1,4.3750,1,0,CountessBossAIController_1,1,0,1,0.00,0.00,98.15,0.00,0.00,220.00,BP_TPCCharacter_C_0,BP_TPCCharacter_C_0,10000.0,39
0,1,4.3917,1,0,CountessBossAIController_1,1,0,1,0.00,0.00,98.15,0.00,0.00,220.00,BP_TPCCharacter_C_0,BP_TPCCharacter_C_0,10000.0,39
0,1,4.4083,1,0,CountessBossAIController_1,1,0,1,0.00,0.00,98.15,0.00,0.00,220.00,BP_TPCCharacter_C_0,BP_TPCCharacter_C_0,10000.0,39
0,1,4.4250,1,0,CountessBossAIController_1,1,0,1,0.00,0.00,98.15,0.00,0.00,220.00,BP_TPCCharacter_C_0,BP_TPCCharacter_C_0,10000.0,39
0,1,4.4417,1,0,CountessBossAIController_1,1,0,1,0.00,0.00,98.15,0.00,0.00,220.00,BP_TPCCharacter_C_0,BP_TPCCharacter_C_0,10000.0,39
0,1,4.4583,1,0,CountessBossAIController_1,1,0,1,0.00,0.00,98.15,0.00,0.00,220.00,BP_TPCCharacter_C_0,BP_TPCCharacter_C_0,10000.0,40
0,1,4.4750,1,0,CountessBossAIController_1,1,0,1,0.00,0.00,98.15,0.00,0.00,220.00,BP_TPCCharacter_C_0,BP_TPCCharacter_C_0,10000.0,40
0,1,4.4917,1,0,CountessBossAIController_1,1,0,1,0.00,0.00,98.15,0.00,0.00,220.00,BP_TPCCharacter_C_0,BP_TPCCharacter_C_0,10000.0,40
0,1,4.5083,1,0,CountessBossAIController_1,1,0,1,0.00,0.00,98.15,0.00,0.00,220.00,BP_TPCCharacter_C_0,BP_TPCCharacter_C_0,10000.0,40
0,1,4.5250,1,0,CountessBossAIController_1,1,0,1,0.00,0.00,98.15,0.00,0.00,220.00,BP_TPCCharacter_C_0,BP_TPCCharacter_C_0,10000.0,40
0,1,4.5417,1,0,CountessBossAIController_1,1,0,1,0.00,0.00,98.15,0.00,0.00,220.00,BP_TPCCharacter_C_0,BP_TPCCharacter_C_0,10000.0,40
0,1,4.5583,1,0,CountessBossAIController_1,1,0,1,0.00,0.00,98.15,0.00,0.00,220.00,BP_TPCCharacter_C_0,BP_TPCCharacter_C_0,10000.0,40
0,1,4.5750,1,0,CountessBossAIController_1,1,0,1,0.00,0.00,98.15,0.00,0.00,220.00,BP_TPCCharacter_C_0,BP_TPCCharacter_C_0,10000.0,41
0,1,4.5917,1,0,CountessBossAIController_1,1,0,1,0.00,0.00,98.15,0.00,0.00,220.00,BP_TPCCharacter_C_0,BP_TPCCharacter_C_0,10000.0,41
0,1,4.6083,1,0,CountessBossAIController_1,1,0,1,0.00,0.00,98.15,0.00,0.00,220.00,BP_TPCCharacter_C_0,BP_TPCCharacter_C_0,10000.0,41
0,1,4.6250,1,0,CountessBossAIController_1,1,0,1,0.00,0.00,98.15,0.00,0.00,220.00,BP_TPCCharacter_C_0,BP_TPCCharacter_C_0,10000.0,41
0,1,4.6417,1,0,CountessBossAIController_1,1,0,1,0.00,0.00,98.15,0.00,0.00,220.00,BP_TPCCharacter_C_0,BP_TPCCharacter_C_0,10000.0,41
0,1,4.6583,1,0,CountessBossAIController_1,1,0,1,0.00,0.00,98.15,0.00,0.00,220.00,BP_TPCCharacter_C_0,BP_TPCCharacter_C_0,10000.0,41
0,1,4.6750,1,0,CountessBossAIController_1,1,0,1,0.00,0.00,98.15,0.00,0.00,220.00,BP_TPCCharacter_C_0,BP_TPCCharacter_C_0,10000.0,41
0,1,4.6917,1,0,CountessBossAIController_1,1,0,1,0.00,0.00,98.15,0.00,0.00,220.00,BP_TPCCharacter_C_0,BP_TPCCharacter_C_0,10000.0,42
0,1,4.7083,1,0,CountessBossAIController_1,1,0,1,0.00,0.00,98.15,0.00,0.00,220.00,BP_TPCCharacter_C_0,BP_TPCCharacter_C_0,10000.0,42
0,1,4.7250,1,0,CountessBossAIController_1,1,0,1,0.00,0.00,98.15,0.00,0.00,220.00,BP_TPCCharacter_C_0,BP_TPCCharacter_C_0,10000.0,42
0,1,4.7417,1,0,CountessBossAIController_1,1,0,1,0.00,0.00,98.15,0.00,0.00,220.00,BP_TPCCharacter_C_0,BP_TPCCharacter_C_0,10000.0,42
0,1,4.7583,1,0,CountessBossAIController_1,1,0,1,0.00,0.00,98.15,0.00,0.00,220.00,BP_TPCCharacter_C_0,BP_TPCCharacter_C_0,10000.0,42
0,1,4.7750,1,0,CountessBossAIController_1,1,0,1,0.00,0.00,98.15,0.00,0.00,220.00,BP_TPCCharacter_C_0,BP_TPCCharacter_C_0,10000.0,42
0,1,4.7917,1,0,CountessBossAIController_1,1,0,1,0.00,0.00,98.15,0.00,0.00,220.00,BP_TPCCharacter_C_0,BP_TPCCharacter_C_0,10000.0,42
0,1,4.8083,1,0,CountessBossAIController_1,1,0,1,0.00,0.00,98.15,0.00,0.00,220.00,BP_TPCCharacter_C_0,BP_TPCCharacter_C_0,10000.0,43
0,1,4.8250,1,0,CountessBossAIController_1,1,0,1,0.00,0.00,98.15,0.00,0.00,220.00,BP_TPCCharacter_C_0,BP_TPCCharacter_C_0,10000.0,43
0,1,4.8417,1,0,CountessBossAIController_1,1,0,1,0.00,0.00,98.15,0.00,0.00,220.00,BP_TPCCharacter_C_0,BP_TPCCharacter_C_0,10000.0,43
0,1,4.8583,1,0,CountessBossAIController_1,1,0,1,0.00,0.00,98.15,0.00,0.00,220.00,BP_TPCCharacter_C_0,BP_TPCCharacter_C_0,10000.0,43
0,1,4.8750,1,0,CountessBossAIController_1,1,0,1,0.00,0.00,98.15,0.00,0.00,220.00,BP_TPCCharacter_C_0,BP_TPCCharacter_C_0,10000.0,43
0,1,4.8917,1,0,CountessBossAIController_1,1,0,1,0.00,0.00,98.15,0.00,0.00,220.00,BP_TPCCharacter_C_0,BP_TPCCharacter_C_0,10000.0,43
0,1,4.9083,1,0,CountessBossAIController_1,1,0,1,0.00,0.00,98.15,0.00,0.00,220.00,BP_TPCCharacter_C_0,BP_TPCCharacter_C_0,10000.0,43
0,1,4.9250,1,0,CountessBossAIController_1,1,0,1,0.00,0.00,98.15,0.00,0.00,220.00,BP_TPCCharacter_C_0,BP_TPCCharacter_C_0,10000.0,44
0,1,4.9417,1,0,CountessBossAIController_1,1,0,1,0.00,0.00,98.15,0.00,0.00,220.00,BP_TPCCharacter_C_0,BP_TPCCharacter_C_0,10000.0,44
0,1,4.9583,1,0,CountessBossAIController_1,1,0,1,0.00,0.00,98.15,0.00,0.00,220.00,BP_TPCCharacter_C_0,BP_TPCCharacter_C_0,10000.0,44
0,1,4.9750,1,0,CountessBossAIController_1,1,0,1,0.00,0.00,98.15,0.00,0.00,220.00,BP_TPCCharacter_C_0,BP_TPCCharacter_C_0,10000.0,44
0,1,4.9917,2,0,CountessBossAIController_1,1,0,1,0.00,0.00,98.15,0.00,0.00,220.00,BP_TPCCharacter_C_0,BP_TPCCharacter_C_0,10000.0,44
0,1,5.0083,2,0,CountessBossAIController_1,1,0,1,0.00,0.00,98.15,0.00,0.00,220.00,BP_TPCCharacter_C_0,BP_TPCCharacter_C_0,10000.0,44
0,1,5.0250,2,0,CountessBossAIController_1,1,0,1,0.00,0.00,98.15,0.00,0.00,220.00,BP_TPCCharacter_C_0,BP_TPCCharacter_C_0,10000.0,44
0,1,5.0417,2,0,CountessBossAIController_1,1,0,1,0.00,0.00,98.15,0.00,0.00,220.00,BP_TPCCharacter_C_0,BP_TPCCharacter_C_0,10000.0,46
0,1,5.0583,2,0,CountessBossAIController_1,1,0,1,0.00,0.00,98.15,0.00,0.00,220.00,BP_TPCCharacter_C_0,BP_TPCCharacter_C_0,10000.0,46
0,1,5.0750,2,0,CountessBossAIController_1,1,0,1,0.00,0.00,98.15,0.00,0.00,220.00,BP_TPCCharacter_C_0,BP_TPCCharacter_C_0,10000.0,46
0,1,5.0917,2,0,CountessBossAIController_1,1,0,1,0.00,0.00,98.15,0.00,0.00,220.00,BP_TPCCharacter_C_0,BP_TPCCharacter_C_0,10000.0,46
0,1,5.1083,2,0,CountessBossAIController_1,1,0,1,0.00,0.00,98.15,0.00,0.00,220.00,BP_TPCCharacter_C_0,BP_TPCCharacter_C_0,10000.0,46
0,1,5.1250,2,0,CountessBossAIController_1,1,0,1,0.00,0.00,98.15,0.00,0.00,220.00,BP_TPCCharacter_C_0,BP_TPCCharacter_C_0,10000.0,46
0,1,5.1417,2,0,CountessBossAIController_1,1,0,1,0.00,0.00,98.15,0.00,0.00,220.00,BP_TPCCharacter_C_0,BP_TPCCharacter_C_0,10000.0,46
0,1,5.1583,3,1,CountessBossAIController_1,1,0,1,0.00,0.00,98.15,0.00,0.00,220.00,BP_TPCCharacter_C_0,BP_TPCCharacter_C_0,10000.0,47
0,1,5.1750,3,1,CountessBossAIController_1,1,0,1,0.00,0.00,98.15,0.00,0.00,220.00,BP_TPCCharacter_C_0,BP_TPCCharacter_C_0,10000.0,47
0,1,5.1917,3,1,CountessBossAIController_1,1,0,1,0.00,0.00,98.15,0.00,0.00,220.00,BP_TPCCharacter_C_0,BP_TPCCharacter_C_0,10000.0,47
0,1,5.2083,3,1,CountessBossAIController_1,1,0,1,0.00,0.00,98.15,0.00,0.00,220.00,BP_TPCCharacter_C_0,BP_TPCCharacter_C_0,10000.0,48
0,1,5.2250,3,1,CountessBossAIController_1,1,0,1,0.00,0.00,98.15,0.00,0.00,220.00,BP_TPCCharacter_C_0,BP_TPCCharacter_C_0,10000.0,48
0,1,5.2417,3,1,CountessBossAIController_1,1,0,1,0.00,0.00,98.15,0.00,0.00,220.00,BP_TPCCharacter_C_0,BP_TPCCharacter_C_0,10000.0,48
0,1,5.2583,3,1,CountessBossAIController_1,1,0,1,0.00,0.00,98.15,0.00,0.00,220.00,BP_TPCCharacter_C_0,BP_TPCCharacter_C_0,10000.0,48
0,2,5.2750,3,1,CountessBossAIController_1,1,0,1,0.00,0.00,98.15,0.00,0.00,220.00,BP_TPCCharacter_C_0,BP_TPCCharacter_C_0,0.0,48
0,2,5.2917,3,1,CountessBossAIController_1,1,0,1,0.00,0.00,98.15,0.00,0.00,220.00,BP_TPCCharacter_C_0,BP_TPCCharacter_C_0,0.0,48
0,2,5.3083,3,1,CountessBossAIController_1,1,0,1,0.00,0.00,98.15,0.00,0.00,220.00,BP_TPCCharacter_C_0,BP_TPCCharacter_C_0,0.0,48
0,2,5.3250,6,0,CountessBossAIController_1,1,0,1,0.00,0.00,98.15,0.00,0.00,220.00,None,BP_TPCCharacter_C_0,0.0,49
0,2,5.3417,6,0,CountessBossAIController_1,1,0,1,0.00,0.00,98.15,0.00,0.00,220.00,None,BP_TPCCharacter_C_0,0.0,49
0,2,5.3583,0,0,CountessBossAIController_1,1,0,1,0.00,0.00,98.15,0.00,0.00,220.00,None,BP_TPCCharacter_C_0,0.0,50
0,2,5.3750,0,0,CountessBossAIController_1,1,0,1,0.00,0.00,98.15,0.00,0.00,220.00,None,BP_TPCCharacter_C_0,0.0,50
0,2,5.3917,0,0,CountessBossAIController_1,1,0,1,0.00,0.00,98.15,0.00,0.00,220.00,None,BP_TPCCharacter_C_0,0.0,50
0,2,5.4083,0,0,CountessBossAIController_1,1,0,1,0.00,0.00,98.15,0.00,0.00,220.00,None,BP_TPCCharacter_C_0,0.0,50
0,2,5.4250,0,0,CountessBossAIController_1,1,0,1,0.00,0.00,98.15,0.00,0.00,220.00,None,BP_TPCCharacter_C_0,0.0,50
0,2,5.4417,0,0,CountessBossAIController_1,1,0,1,0.00,0.00,98.15,0.00,0.00,220.00,None,BP_TPCCharacter_C_0,0.0,50
0,2,5.4583,0,0,CountessBossAIController_1,1,0,1,0.00,0.00,98.15,0.00,0.00,220.00,None,BP_TPCCharacter_C_0,0.0,50
0,2,5.4750,0,0,CountessBossAIController_1,1,0,1,0.00,0.00,98.15,0.00,0.00,220.00,None,BP_TPCCharacter_C_0,0.0,51
0,2,5.4917,0,0,CountessBossAIController_1,1,0,1,0.00,0.00,98.15,0.00,0.00,220.00,None,BP_TPCCharacter_C_0,0.0,51
0,2,5.5083,0,0,CountessBossAIController_1,1,0,1,0.00,0.00,98.15,0.00,0.00,220.00,None,BP_TPCCharacter_C_0,0.0,51
0,2,5.5250,0,0,CountessBossAIController_1,1,0,1,0.00,0.00,98.15,0.00,0.00,220.00,None,BP_TPCCharacter_C_0,0.0,51
0,2,5.5417,0,0,CountessBossAIController_1,1,0,1,0.00,0.00,98.15,0.00,0.00,220.00,None,BP_TPCCharacter_C_0,0.0,51
0,2,5.5583,0,0,CountessBossAIController_1,1,0,1,0.00,0.00,98.15,0.00,0.00,220.00,None,BP_TPCCharacter_C_0,0.0,51
0,2,5.5750,0,0,CountessBossAIController_1,1,0,1,0.00,0.00,98.15,0.00,0.00,220.00,None,BP_TPCCharacter_C_0,0.0,51
0,2,5.5917,0,0,CountessBossAIController_1,1,0,1,0.00,0.00,98.15,0.00,0.00,220.00,None,BP_TPCCharacter_C_0,0.0,52
0,2,5.6083,0,0,CountessBossAIController_1,1,0,1,0.00,0.00,98.15,0.00,0.00,220.00,None,BP_TPCCharacter_C_0,0.0,52
0,2,5.6250,0,0,CountessBossAIController_1,1,0,1,0.00,0.00,98.15,0.00,0.00,220.00,None,BP_TPCCharacter_C_0,0.0,52
0,2,5.6417,0,0,CountessBossAIController_1,1,0,1,0.00,0.00,98.15,0.00,0.00,220.00,None,BP_TPCCharacter_C_0,0.0,52
0,2,5.6583,0,0,CountessBossAIController_1,1,0,1,0.00,0.00,98.15,0.00,0.00,220.00,None,BP_TPCCharacter_C_0,0.0,52
0,2,5.6750,0,0,CountessBossAIController_1,1,0,1,0.00,0.00,98.15,0.00,0.00,220.00,None,BP_TPCCharacter_C_0,0.0,52
0,2,5.6917,0,0,CountessBossAIController_1,1,0,1,0.00,0.00,98.15,0.00,0.00,220.00,None,BP_TPCCharacter_C_0,0.0,52
0,2,5.7083,0,0,CountessBossAIController_1,1,0,1,0.00,0.00,98.15,0.00,0.00,220.00,None,BP_TPCCharacter_C_0,0.0,53
0,2,5.7250,0,0,CountessBossAIController_1,1,0,1,0.00,0.00,98.15,0.00,0.00,220.00,None,BP_TPCCharacter_C_0,0.0,53
0,2,5.7417,0,0,CountessBossAIController_1,1,0,1,0.00,0.00,98.15,0.00,0.00,220.00,None,BP_TPCCharacter_C_0,0.0,53
0,2,5.7583,0,0,CountessBossAIController_1,1,0,1,0.00,0.00,98.15,0.00,0.00,220.00,None,BP_TPCCharacter_C_0,0.0,53
0,2,5.7750,0,0,CountessBossAIController_1,1,0,1,0.00,0.00,98.15,0.00,0.00,220.00,None,BP_TPCCharacter_C_0,0.0,53
0,2,5.7917,0,0,CountessBossAIController_1,1,0,1,0.00,0.00,98.15,0.00,0.00,220.00,None,BP_TPCCharacter_C_0,0.0,53
0,2,5.8083,0,0,CountessBossAIController_1,1,0,1,0.00,0.00,98.15,0.00,0.00,220.00,None,BP_TPCCharacter_C_0,0.0,53
0,2,5.8250,0,0,CountessBossAIController_1,1,0,1,0.00,0.00,98.15,0.00,0.00,220.00,None,BP_TPCCharacter_C_0,0.0,54
0,2,5.8417,0,0,CountessBossAIController_1,1,0,1,0.00,0.00,98.15,0.00,0.00,220.00,None,BP_TPCCharacter_C_0,0.0,54
0,2,5.8583,0,0,CountessBossAIController_1,1,0,1,0.00,0.00,98.15,0.00,0.00,220.00,None,BP_TPCCharacter_C_0,0.0,54
0,2,5.8750,0,0,CountessBossAIController_1,1,0,1,0.00,0.00,98.15,0.00,0.00,220.00,None,BP_TPCCharacter_C_0,0.0,54
0,2,5.8917,0,0,CountessBossAIController_1,1,0,1,0.00,0.00,98.15,0.00,0.00,220.00,None,BP_TPCCharacter_C_0,0.0,54
0,2,5.9083,0,0,CountessBossAIController_1,1,0,1,0.00,0.00,98.15,0.00,0.00,220.00,None,BP_TPCCharacter_C_0,0.0,54
0,2,5.9250,0,0,CountessBossAIController_1,1,0,1,0.00,0.00,98.15,0.00,0.00,220.00,None,BP_TPCCharacter_C_0,0.0,54
0,2,5.9417,0,0,CountessBossAIController_1,1,0,1,0.00,0.00,98.15,0.00,0.00,220.00,None,BP_TPCCharacter_C_0,0.0,55
0,2,5.9583,0,0,CountessBossAIController_1,1,0,1,0.00,0.00,98.15,0.00,0.00,220.00,None,BP_TPCCharacter_C_0,0.0,55
0,2,5.9750,0,0,CountessBossAIController_1,1,0,1,0.00,0.00,98.15,0.00,0.00,220.00,None,BP_TPCCharacter_C_0,0.0,55
0,2,5.9917,0,0,CountessBossAIController_1,1,0,1,0.00,0.00,98.15,0.00,0.00,220.00,None,BP_TPCCharacter_C_0,0.0,55
0,2,6.0083,0,0,CountessBossAIController_1,1,0,1,0.00,0.00,98.15,0.00,0.00,220.00,None,BP_TPCCharacter_C_0,0.0,55
0,2,6.0250,0,0,CountessBossAIController_1,1,0,1,0.00,0.00,98.15,0.00,0.00,220.00,None,BP_TPCCharacter_C_0,0.0,55
0,2,6.0417,0,0,CountessBossAIController_1,1,0,1,0.00,0.00,98.15,0.00,0.00,220.00,None,BP_TPCCharacter_C_0,0.0,55
0,2,6.0583,0,0,CountessBossAIController_1,1,0,1,0.00,0.00,98.15,0.00,0.00,220.00,None,BP_TPCCharacter_C_0,0.0,56
0,2,6.0750,0,0,CountessBossAIController_1,1,0,1,0.00,0.00,98.15,0.00,0.00,220.00,None,BP_TPCCharacter_C_0,0.0,56
0,2,6.0917,0,0,CountessBossAIController_1,1,0,1,0.00,0.00,98.15,0.00,0.00,220.00,None,BP_TPCCharacter_C_0,0.0,56
0,2,6.1083,0,0,CountessBossAIController_1,1,0,1,0.00,0.00,98.15,0.00,0.00,220.00,None,BP_TPCCharacter_C_0,0.0,56
0,2,6.1250,0,0,CountessBossAIController_1,1,0,1,0.00,0.00,98.15,0.00,0.00,220.00,None,BP_TPCCharacter_C_0,0.0,56
0,2,6.1417,0,0,CountessBossAIController_1,1,0,1,0.00,0.00,98.15,0.00,0.00,220.00,None,BP_TPCCharacter_C_0,0.0,56
0,2,6.1583,0,0,CountessBossAIController_1,1,0,1,0.00,0.00,98.15,0.00,0.00,220.00,None,BP_TPCCharacter_C_0,0.0,56
0,2,6.1750,0,0,CountessBossAIController_1,1,0,1,0.00,0.00,98.15,0.00,0.00,220.00,None,BP_TPCCharacter_C_0,0.0,57
0,2,6.1917,0,0,CountessBossAIController_1,1,0,1,0.00,0.00,98.15,0.00,0.00,220.00,None,BP_TPCCharacter_C_0,0.0,57
0,2,6.2083,0,0,CountessBossAIController_1,1,0,1,0.00,0.00,98.15,0.00,0.00,220.00,None,BP_TPCCharacter_C_0,0.0,57
0,2,6.2250,0,0,CountessBossAIController_1,1,0,1,0.00,0.00,98.15,0.00,0.00,220.00,None,BP_TPCCharacter_C_0,0.0,57
0,2,6.2417,0,0,CountessBossAIController_1,1,0,1,0.00,0.00,98.15,0.00,0.00,220.00,None,BP_TPCCharacter_C_0,0.0,57
0,2,6.2583,0,0,CountessBossAIController_1,1,0,1,0.00,0.00,98.15,0.00,0.00,220.00,None,BP_TPCCharacter_C_0,0.0,57
0,2,6.2750,0,0,CountessBossAIController_1,1,0,1,0.00,0.00,98.15,0.00,0.00,220.00,None,BP_TPCCharacter_C_0,0.0,57
0,2,6.2917,0,0,CountessBossAIController_1,1,0,1,0.00,0.00,98.15,0.00,0.00,220.00,None,BP_TPCCharacter_C_0,0.0,58
0,2,6.3083,0,0,CountessBossAIController_1,1,0,1,0.00,0.00,98.15,0.00,0.00,220.00,None,BP_TPCCharacter_C_0,0.0,58
0,2,6.3250,0,0,CountessBossAIController_1,1,0,1,0.00,0.00,98.15,0.00,0.00,220.00,None,BP_TPCCharacter_C_0,0.0,58
0,2,6.3417,0,0,CountessBossAIController_1,1,0,1,0.00,0.00,98.15,0.00,0.00,220.00,None,BP_TPCCharacter_C_0,0.0,58
0,2,6.3583,0,0,CountessBossAIController_1,1,0,1,0.00,0.00,98.15,0.00,0.00,220.00,None,BP_TPCCharacter_C_0,0.0,58
0,2,6.3750,0,0,CountessBossAIController_1,1,0,1,0.00,0.00,98.15,0.00,0.00,220.00,None,BP_TPCCharacter_C_0,0.0,58
0,2,6.3917,0,0,CountessBossAIController_1,1,0,1,0.00,0.00,98.15,0.00,0.00,220.00,None,BP_TPCCharacter_C_0,0.0,58
0,2,6.4083,0,0,CountessBossAIController_1,1,0,1,0.00,0.00,98.15,0.00,0.00,220.00,None,BP_TPCCharacter_C_0,0.0,59
0,2,6.4250,0,0,CountessBossAIController_1,1,0,1,0.00,0.00,98.15,0.00,0.00,220.00,None,BP_TPCCharacter_C_0,0.0,59
0,2,6.4417,0,0,CountessBossAIController_1,1,0,1,0.00,0.00,98.15,0.00,0.00,220.00,None,BP_TPCCharacter_C_0,0.0,59
0,2,6.4583,0,0,CountessBossAIController_1,1,0,1,0.00,0.00,98.15,0.00,0.00,220.00,None,BP_TPCCharacter_C_0,0.0,59
0,2,6.4750,0,0,CountessBossAIController_1,1,0,1,0.00,0.00,98.15,0.00,0.00,220.00,None,BP_TPCCharacter_C_0,0.0,59
0,2,6.4917,0,0,CountessBossAIController_1,1,0,1,0.00,0.00,98.15,0.00,0.00,220.00,None,BP_TPCCharacter_C_0,0.0,59
0,2,6.5083,0,0,CountessBossAIController_1,1,0,1,0.00,0.00,98.15,0.00,0.00,220.00,None,BP_TPCCharacter_C_0,0.0,59
0,2,6.5250,0,0,CountessBossAIController_1,1,0,1,0.00,0.00,98.15,0.00,0.00,220.00,None,BP_TPCCharacter_C_0,0.0,60
0,2,6.5417,0,0,CountessBossAIController_1,1,0,1,0.00,0.00,98.15,0.00,0.00,220.00,None,BP_TPCCharacter_C_0,0.0,60
0,2,6.5583,0,0,CountessBossAIController_1,1,0,1,0.00,0.00,98.15,0.00,0.00,220.00,None,BP_TPCCharacter_C_0,0.0,60
0,2,6.5750,0,0,CountessBossAIController_1,1,0,1,0.00,0.00,98.15,0.00,0.00,220.00,None,BP_TPCCharacter_C_0,0.0,60
0,2,6.5917,0,0,CountessBossAIController_1,1,0,1,0.00,0.00,98.15,0.00,0.00,220.00,None,BP_TPCCharacter_C_0,0.0,60
0,2,6.6083,0,0,CountessBossAIController_1,1,0,1,0.00,0.00,98.15,0.00,0.00,220.00,None,BP_TPCCharacter_C_0,0.0,60
0,2,6.6250,0,0,CountessBossAIController_1,1,0,1,0.00,0.00,98.15,0.00,0.00,220.00,None,BP_TPCCharacter_C_0,0.0,60
0,2,6.6417,0,0,CountessBossAIController_1,1,0,1,0.00,0.00,98.15,0.00,0.00,220.00,None,BP_TPCCharacter_C_0,0.0,61
0,2,6.6583,0,0,CountessBossAIController_1,1,0,1,0.00,0.00,98.15,0.00,0.00,220.00,None,BP_TPCCharacter_C_0,0.0,61
0,2,6.6750,0,0,CountessBossAIController_1,1,0,1,0.00,0.00,98.15,0.00,0.00,220.00,None,BP_TPCCharacter_C_0,0.0,61
0,2,6.6917,0,0,CountessBossAIController_1,1,0,1,0.00,0.00,98.15,0.00,0.00,220.00,None,BP_TPCCharacter_C_0,0.0,61
0,2,6.7083,0,0,CountessBossAIController_1,1,0,1,0.00,0.00,98.15,0.00,0.00,220.00,None,BP_TPCCharacter_C_0,0.0,61
0,2,6.7250,0,0,CountessBossAIController_1,1,0,1,0.00,0.00,98.15,0.00,0.00,220.00,None,BP_TPCCharacter_C_0,0.0,61
0,2,6.7417,0,0,CountessBossAIController_1,1,0,1,0.00,0.00,98.15,0.00,0.00,220.00,None,BP_TPCCharacter_C_0,0.0,61
0,2,6.7583,0,0,CountessBossAIController_1,1,0,1,0.00,0.00,98.15,0.00,0.00,220.00,None,BP_TPCCharacter_C_0,0.0,62
0,2,6.7750,0,0,CountessBossAIController_1,1,0,1,0.00,0.00,98.15,0.00,0.00,220.00,None,BP_TPCCharacter_C_0,0.0,62
0,2,6.7917,0,0,CountessBossAIController_1,1,0,1,0.00,0.00,98.15,0.00,0.00,220.00,None,BP_TPCCharacter_C_0,0.0,62
0,2,6.8083,0,0,CountessBossAIController_1,1,0,1,0.00,0.00,98.15,0.00,0.00,220.00,None,BP_TPCCharacter_C_0,0.0,62
0,2,6.8250,0,0,CountessBossAIController_1,1,0,1,0.00,0.00,98.15,0.00,0.00,220.00,None,BP_TPCCharacter_C_0,0.0,62
0,2,6.8417,0,0,CountessBossAIController_1,1,0,1,0.00,0.00,98.15,0.00,0.00,220.00,None,BP_TPCCharacter_C_0,0.0,62
0,2,6.8583,0,0,CountessBossAIController_1,1,0,1,0.00,0.00,98.15,0.00,0.00,220.00,None,BP_TPCCharacter_C_0,0.0,62
0,2,6.8750,0,0,CountessBossAIController_1,1,0,1,0.00,0.00,98.15,0.00,0.00,220.00,None,BP_TPCCharacter_C_0,0.0,63
0,2,6.8917,0,0,CountessBossAIController_1,1,0,1,0.00,0.00,98.15,0.00,0.00,220.00,None,BP_TPCCharacter_C_0,0.0,63
0,2,6.9083,0,0,CountessBossAIController_1,1,0,1,0.00,0.00,98.15,0.00,0.00,220.00,None,BP_TPCCharacter_C_0,0.0,63
0,2,6.9250,0,0,CountessBossAIController_1,1,0,1,0.00,0.00,98.15,0.00,0.00,220.00,None,BP_TPCCharacter_C_0,0.0,63
0,2,6.9417,0,0,CountessBossAIController_1,1,0,1,0.00,0.00,98.15,0.00,0.00,220.00,None,BP_TPCCharacter_C_0,0.0,63
0,2,6.9583,0,0,CountessBossAIController_1,1,0,1,0.00,0.00,98.15,0.00,0.00,220.00,None,BP_TPCCharacter_C_0,0.0,63
0,2,6.9750,0,0,CountessBossAIController_1,1,0,1,0.00,0.00,98.15,0.00,0.00,220.00,None,BP_TPCCharacter_C_0,0.0,63
0,2,6.9917,0,0,CountessBossAIController_1,1,0,1,0.00,0.00,98.15,0.00,0.00,220.00,None,BP_TPCCharacter_C_0,0.0,64
0,2,7.0083,0,0,CountessBossAIController_1,1,0,1,0.00,0.00,98.15,0.00,0.00,220.00,None,BP_TPCCharacter_C_0,0.0,64
0,2,7.0250,0,0,CountessBossAIController_1,1,0,1,0.00,0.00,98.15,0.00,0.00,220.00,None,BP_TPCCharacter_C_0,0.0,64
0,2,7.0417,0,0,CountessBossAIController_1,1,0,1,0.00,0.00,98.15,0.00,0.00,220.00,None,BP_TPCCharacter_C_0,0.0,64
0,2,7.0583,0,0,CountessBossAIController_1,1,0,1,0.00,0.00,98.15,0.00,0.00,220.00,None,BP_TPCCharacter_C_0,0.0,64
0,2,7.0750,0,0,CountessBossAIController_1,1,0,1,0.00,0.00,98.15,0.00,0.00,220.00,None,BP_TPCCharacter_C_0,0.0,64
0,2,7.0917,0,0,CountessBossAIController_1,1,0,1,0.00,0.00,98.15,0.00,0.00,220.00,None,BP_TPCCharacter_C_0,0.0,64
0,2,7.1083,0,0,CountessBossAIController_1,1,0,1,0.00,0.00,98.15,0.00,0.00,220.00,None,BP_TPCCharacter_C_0,0.0,65
0,2,7.1250,0,0,CountessBossAIController_1,1,0,1,0.00,0.00,98.15,0.00,0.00,220.00,None,BP_TPCCharacter_C_0,0.0,65
0,2,7.1417,0,0,CountessBossAIController_1,1,0,1,0.00,0.00,98.15,0.00,0.00,220.00,None,BP_TPCCharacter_C_0,0.0,65
0,2,7.1583,0,0,CountessBossAIController_1,1,0,1,0.00,0.00,98.15,0.00,0.00,220.00,None,BP_TPCCharacter_C_0,0.0,65
0,2,7.1750,0,0,CountessBossAIController_1,1,0,1,0.00,0.00,98.15,0.00,0.00,220.00,None,BP_TPCCharacter_C_0,0.0,65
0,2,7.1917,0,0,CountessBossAIController_1,1,0,1,0.00,0.00,98.15,0.00,0.00,220.00,None,BP_TPCCharacter_C_0,0.0,65
0,2,7.2083,0,0,CountessBossAIController_1,1,0,1,0.00,0.00,98.15,0.00,0.00,220.00,None,BP_TPCCharacter_C_0,0.0,65
0,2,7.2250,0,0,CountessBossAIController_1,1,0,1,0.00,0.00,98.15,0.00,0.00,220.00,None,BP_TPCCharacter_C_0,0.0,66
0,2,7.2417,0,0,CountessBossAIController_1,1,0,1,0.00,0.00,98.15,0.00,0.00,220.00,None,BP_TPCCharacter_C_0,0.0,66
0,2,7.2583,0,0,CountessBossAIController_1,1,0,1,0.00,0.00,98.15,0.00,0.00,220.00,None,BP_TPCCharacter_C_0,0.0,66
0,2,7.2750,0,0,CountessBossAIController_1,1,0,1,0.00,0.00,98.15,0.00,0.00,220.00,None,BP_TPCCharacter_C_0,0.0,66
0,2,7.2917,0,0,CountessBossAIController_1,1,0,1,0.00,0.00,98.15,0.00,0.00,220.00,None,BP_TPCCharacter_C_0,0.0,66
0,2,7.3083,0,0,CountessBossAIController_1,1,0,1,0.00,0.00,98.15,0.00,0.00,220.00,None,BP_TPCCharacter_C_0,0.0,66
0,2,7.3250,0,0,CountessBossAIController_1,1,0,1,0.00,0.00,98.15,0.00,0.00,220.00,None,BP_TPCCharacter_C_0,0.0,66
0,2,7.3417,0,0,CountessBossAIController_1,1,0,1,0.00,0.00,98.15,0.00,0.00,220.00,None,BP_TPCCharacter_C_0,0.0,67
0,2,7.3583,0,0,CountessBossAIController_1,1,0,1,0.00,0.00,98.15,0.00,0.00,220.00,None,BP_TPCCharacter_C_0,0.0,67
0,2,7.3750,0,0,CountessBossAIController_1,1,0,1,0.00,0.00,98.15,0.00,0.00,220.00,None,BP_TPCCharacter_C_0,0.0,67
0,2,7.3917,0,0,CountessBossAIController_1,1,0,1,0.00,0.00,98.15,0.00,0.00,220.00,None,BP_TPCCharacter_C_0,0.0,67
0,2,7.4083,0,0,CountessBossAIController_1,1,0,1,0.00,0.00,98.15,0.00,0.00,220.00,None,BP_TPCCharacter_C_0,0.0,67
0,2,7.4250,0,0,CountessBossAIController_1,1,0,1,0.00,0.00,98.15,0.00,0.00,220.00,None,BP_TPCCharacter_C_0,0.0,67
0,2,7.4417,0,0,CountessBossAIController_1,1,0,1,0.00,0.00,98.15,0.00,0.00,220.00,None,BP_TPCCharacter_C_0,0.0,67
0,2,7.4583,0,0,CountessBossAIController_1,1,0,1,0.00,0.00,98.15,0.00,0.00,220.00,None,BP_TPCCharacter_C_0,0.0,68
0,2,7.4750,0,0,CountessBossAIController_1,1,0,1,0.00,0.00,98.15,0.00,0.00,220.00,None,BP_TPCCharacter_C_0,0.0,68
0,2,7.4917,0,0,CountessBossAIController_1,1,0,1,0.00,0.00,98.15,0.00,0.00,220.00,None,BP_TPCCharacter_C_0,0.0,68
0,2,7.5083,0,0,CountessBossAIController_1,1,0,1,0.00,0.00,98.15,0.00,0.00,220.00,None,BP_TPCCharacter_C_0,0.0,68
0,2,7.5250,0,0,CountessBossAIController_1,1,0,1,0.00,0.00,98.15,0.00,0.00,220.00,None,BP_TPCCharacter_C_0,0.0,68
0,2,7.5417,0,0,CountessBossAIController_1,1,0,1,0.00,0.00,98.15,0.00,0.00,220.00,None,BP_TPCCharacter_C_0,0.0,68
0,2,7.5583,0,0,CountessBossAIController_1,1,0,1,0.00,0.00,98.15,0.00,0.00,220.00,None,BP_TPCCharacter_C_0,0.0,68
0,2,7.5750,0,0,CountessBossAIController_1,1,0,1,0.00,0.00,98.15,0.00,0.00,220.00,None,BP_TPCCharacter_C_0,0.0,69
0,2,7.5917,0,0,CountessBossAIController_1,1,0,1,0.00,0.00,98.15,0.00,0.00,220.00,None,BP_TPCCharacter_C_0,0.0,69
0,2,7.6083,0,0,CountessBossAIController_1,1,0,1,0.00,0.00,98.15,0.00,0.00,220.00,None,BP_TPCCharacter_C_0,0.0,69
0,2,7.6250,0,0,CountessBossAIController_1,1,0,1,0.00,0.00,98.15,0.00,0.00,220.00,None,BP_TPCCharacter_C_0,0.0,69
0,2,7.6417,0,0,CountessBossAIController_1,1,0,1,0.00,0.00,98.15,0.00,0.00,220.00,None,BP_TPCCharacter_C_0,0.0,69
0,2,7.6583,0,0,CountessBossAIController_1,1,0,1,0.00,0.00,98.15,0.00,0.00,220.00,None,BP_TPCCharacter_C_0,0.0,69
0,2,7.6750,0,0,CountessBossAIController_1,1,0,1,0.00,0.00,98.15,0.00,0.00,220.00,None,BP_TPCCharacter_C_0,0.0,69
0,2,7.6917,0,0,CountessBossAIController_1,1,0,1,0.00,0.00,98.15,0.00,0.00,220.00,None,BP_TPCCharacter_C_0,0.0,70
0,2,7.7083,0,0,CountessBossAIController_1,1,0,1,0.00,0.00,98.15,0.00,0.00,220.00,None,BP_TPCCharacter_C_0,0.0,70
0,2,7.7250,0,0,CountessBossAIController_1,1,0,1,0.00,0.00,98.15,0.00,0.00,220.00,None,BP_TPCCharacter_C_0,0.0,70
0,2,7.7417,0,0,CountessBossAIController_1,1,0,1,0.00,0.00,98.15,0.00,0.00,220.00,None,BP_TPCCharacter_C_0,0.0,70
0,2,7.7583,0,0,CountessBossAIController_1,1,0,1,0.00,0.00,98.15,0.00,0.00,220.00,None,BP_TPCCharacter_C_0,0.0,70
0,2,7.7750,0,0,CountessBossAIController_1,1,0,1,0.00,0.00,98.15,0.00,0.00,220.00,None,BP_TPCCharacter_C_0,0.0,70
0,2,7.7917,0,0,CountessBossAIController_1,1,0,1,0.00,0.00,98.15,0.00,0.00,220.00,None,BP_TPCCharacter_C_0,0.0,70
0,2,7.8083,0,0,CountessBossAIController_1,1,0,1,0.00,0.00,98.15,0.00,0.00,220.00,None,BP_TPCCharacter_C_0,0.0,71
0,2,7.8250,0,0,CountessBossAIController_1,1,0,1,0.00,0.00,98.15,0.00,0.00,220.00,None,BP_TPCCharacter_C_0,0.0,71
0,2,7.8417,0,0,CountessBossAIController_1,1,0,1,0.00,0.00,98.15,0.00,0.00,220.00,None,BP_TPCCharacter_C_0,0.0,71
0,2,7.8583,0,0,CountessBossAIController_1,1,0,1,0.00,0.00,98.15,0.00,0.00,220.00,None,BP_TPCCharacter_C_0,0.0,71
0,2,7.8750,0,0,CountessBossAIController_1,1,0,1,0.00,0.00,98.15,0.00,0.00,220.00,None,BP_TPCCharacter_C_0,0.0,71
0,2,7.8917,0,0,CountessBossAIController_1,1,0,1,0.00,0.00,98.15,0.00,0.00,220.00,None,BP_TPCCharacter_C_0,0.0,71
0,2,7.9083,0,0,CountessBossAIController_1,1,0,1,0.00,0.00,98.15,0.00,0.00,220.00,None,BP_TPCCharacter_C_0,0.0,71
0,2,7.9250,0,0,CountessBossAIController_1,1,0,1,0.00,0.00,98.15,0.00,0.00,220.00,None,BP_TPCCharacter_C_0,0.0,72
0,2,7.9417,0,0,CountessBossAIController_1,1,0,1,0.00,0.00,98.15,0.00,0.00,220.00,None,BP_TPCCharacter_C_0,0.0,72
0,2,7.9583,0,0,CountessBossAIController_1,1,0,1,0.00,0.00,98.15,0.00,0.00,220.00,None,BP_TPCCharacter_C_0,0.0,72
0,2,7.9750,0,0,CountessBossAIController_1,1,0,1,0.00,0.00,98.15,0.00,0.00,220.00,None,BP_TPCCharacter_C_0,0.0,72
0,2,7.9917,0,0,CountessBossAIController_1,1,0,1,0.00,0.00,98.15,0.00,0.00,220.00,None,BP_TPCCharacter_C_0,0.0,72
0,2,8.0083,0,0,CountessBossAIController_1,1,0,1,0.00,0.00,98.15,0.00,0.00,220.00,None,BP_TPCCharacter_C_0,0.0,72
0,2,8.0250,0,0,CountessBossAIController_1,1,0,1,0.00,0.00,98.15,0.00,0.00,220.00,None,BP_TPCCharacter_C_0,0.0,72
0,2,8.0417,0,0,CountessBossAIController_1,1,0,1,0.00,0.00,98.15,0.00,0.00,220.00,None,BP_TPCCharacter_C_0,0.0,73
0,2,8.0583,0,0,CountessBossAIController_1,1,0,1,0.00,0.00,98.15,0.00,0.00,220.00,None,BP_TPCCharacter_C_0,0.0,73
0,2,8.0750,0,0,CountessBossAIController_1,1,0,1,0.00,0.00,98.15,0.00,0.00,220.00,None,BP_TPCCharacter_C_0,0.0,73
0,2,8.0917,0,0,CountessBossAIController_1,1,0,1,0.00,0.00,98.15,0.00,0.00,220.00,None,BP_TPCCharacter_C_0,0.0,73
0,2,8.1083,0,0,CountessBossAIController_1,1,0,1,0.00,0.00,98.15,0.00,0.00,220.00,None,BP_TPCCharacter_C_0,0.0,73
0,2,8.1250,0,0,CountessBossAIController_1,1,0,1,0.00,0.00,98.15,0.00,0.00,220.00,None,BP_TPCCharacter_C_0,0.0,73
0,2,8.1417,0,0,CountessBossAIController_1,1,0,1,0.00,0.00,98.15,0.00,0.00,220.00,None,BP_TPCCharacter_C_0,0.0,73
0,2,8.1583,0,0,CountessBossAIController_1,1,0,1,0.00,0.00,98.15,0.00,0.00,220.00,None,BP_TPCCharacter_C_0,0.0,74
0,2,8.1750,0,0,CountessBossAIController_1,1,0,1,0.00,0.00,98.15,0.00,0.00,220.00,None,BP_TPCCharacter_C_0,0.0,74
0,2,8.1917,0,0,CountessBossAIController_1,1,0,1,0.00,0.00,98.15,0.00,0.00,220.00,None,BP_TPCCharacter_C_0,0.0,74
0,2,8.2083,0,0,CountessBossAIController_1,1,0,1,0.00,0.00,98.15,0.00,0.00,220.00,None,BP_TPCCharacter_C_0,0.0,74
0,2,8.2250,0,0,CountessBossAIController_1,1,0,1,0.00,0.00,98.15,0.00,0.00,220.00,None,BP_TPCCharacter_C_0,0.0,74
0,2,8.2417,0,0,CountessBossAIController_1,1,0,1,0.00,0.00,98.15,0.00,0.00,220.00,None,BP_TPCCharacter_C_0,0.0,74
0,2,8.2583,0,0,CountessBossAIController_1,1,0,1,0.00,0.00,98.15,0.00,0.00,220.00,None,BP_TPCCharacter_C_0,0.0,74
0,2,8.2750,0,0,CountessBossAIController_1,1,0,1,0.00,0.00,98.15,0.00,0.00,220.00,None,BP_TPCCharacter_C_0,0.0,75
0,2,8.2917,0,0,CountessBossAIController_1,1,0,1,0.00,0.00,98.15,0.00,0.00,220.00,None,BP_TPCCharacter_C_0,0.0,75
0,2,8.3083,0,0,CountessBossAIController_1,1,0,1,0.00,0.00,98.15,0.00,0.00,220.00,None,BP_TPCCharacter_C_0,0.0,75
0,2,8.3250,0,0,CountessBossAIController_1,1,0,1,0.00,0.00,98.15,0.00,0.00,220.00,None,BP_TPCCharacter_C_0,0.0,75
0,2,8.3417,0,0,CountessBossAIController_1,1,0,1,0.00,0.00,98.15,0.00,0.00,220.00,None,BP_TPCCharacter_C_0,0.0,75
0,2,8.3583,0,0,CountessBossAIController_1,1,0,1,0.00,0.00,98.15,0.00,0.00,220.00,None,BP_TPCCharacter_C_0,0.0,75
0,2,8.3750,0,0,CountessBossAIController_1,1,0,1,0.00,0.00,98.15,0.00,0.00,220.00,None,BP_TPCCharacter_C_0,0.0,75
0,2,8.3917,0,0,CountessBossAIController_1,1,0,1,0.00,0.00,98.15,0.00,0.00,220.00,None,BP_TPCCharacter_C_0,0.0,76
0,2,8.4083,0,0,CountessBossAIController_1,1,0,1,0.00,0.00,98.15,0.00,0.00,220.00,None,BP_TPCCharacter_C_0,0.0,76
0,2,8.4250,0,0,CountessBossAIController_1,1,0,1,0.00,0.00,98.15,0.00,0.00,220.00,None,BP_TPCCharacter_C_0,0.0,76
0,2,8.4417,0,0,CountessBossAIController_1,1,0,1,0.00,0.00,98.15,0.00,0.00,220.00,None,BP_TPCCharacter_C_0,0.0,76
0,2,8.4583,0,0,CountessBossAIController_1,1,0,1,0.00,0.00,98.15,0.00,0.00,220.00,None,BP_TPCCharacter_C_0,0.0,76
0,2,8.4750,0,0,CountessBossAIController_1,1,0,1,0.00,0.00,98.15,0.00,0.00,220.00,None,BP_TPCCharacter_C_0,0.0,76
0,2,8.4917,0,0,CountessBossAIController_1,1,0,1,0.00,0.00,98.15,0.00,0.00,220.00,None,BP_TPCCharacter_C_0,0.0,76
0,2,8.5083,0,0,CountessBossAIController_1,1,0,1,0.00,0.00,98.15,0.00,0.00,220.00,None,BP_TPCCharacter_C_0,0.0,77
0,2,8.5250,0,0,CountessBossAIController_1,1,0,1,0.00,0.00,98.15,0.00,0.00,220.00,None,BP_TPCCharacter_C_0,0.0,77
0,2,8.5417,0,0,CountessBossAIController_1,1,0,1,0.00,0.00,98.15,0.00,0.00,220.00,None,BP_TPCCharacter_C_0,0.0,77
0,2,8.5583,0,0,CountessBossAIController_1,1,0,1,0.00,0.00,98.15,0.00,0.00,220.00,None,BP_TPCCharacter_C_0,0.0,77
0,2,8.5750,0,0,CountessBossAIController_1,1,0,1,0.00,0.00,98.15,0.00,0.00,220.00,None,BP_TPCCharacter_C_0,0.0,77
0,2,8.5917,0,0,CountessBossAIController_1,1,0,1,0.00,0.00,98.15,0.00,0.00,220.00,None,BP_TPCCharacter_C_0,0.0,77
0,2,8.6083,0,0,CountessBossAIController_1,1,0,1,0.00,0.00,98.15,0.00,0.00,220.00,None,BP_TPCCharacter_C_0,0.0,77
0,2,8.6250,0,0,CountessBossAIController_1,1,0,1,0.00,0.00,98.15,0.00,0.00,220.00,None,BP_TPCCharacter_C_0,0.0,78
0,2,8.6417,0,0,CountessBossAIController_1,1,0,1,0.00,0.00,98.15,0.00,0.00,220.00,None,BP_TPCCharacter_C_0,0.0,78
0,2,8.6583,0,0,CountessBossAIController_1,1,0,1,0.00,0.00,98.15,0.00,0.00,220.00,None,BP_TPCCharacter_C_0,0.0,78
0,2,8.6750,0,0,CountessBossAIController_1,1,0,1,0.00,0.00,98.15,0.00,0.00,220.00,None,BP_TPCCharacter_C_0,0.0,78
0,2,8.6917,0,0,CountessBossAIController_1,1,0,1,0.00,0.00,98.15,0.00,0.00,220.00,None,BP_TPCCharacter_C_0,0.0,78
0,2,8.7083,0,0,CountessBossAIController_1,1,0,1,0.00,0.00,98.15,0.00,0.00,220.00,None,BP_TPCCharacter_C_0,0.0,78
0,2,8.7250,0,0,CountessBossAIController_1,1,0,1,0.00,0.00,98.15,0.00,0.00,220.00,None,BP_TPCCharacter_C_0,0.0,78
0,2,8.7417,0,0,CountessBossAIController_1,1,0,1,0.00,0.00,98.15,0.00,0.00,220.00,None,BP_TPCCharacter_C_0,0.0,79
0,2,8.7583,0,0,CountessBossAIController_1,1,0,1,0.00,0.00,98.15,0.00,0.00,220.00,None,BP_TPCCharacter_C_0,0.0,79
0,2,8.7750,0,0,CountessBossAIController_1,1,0,1,0.00,0.00,98.15,0.00,0.00,220.00,None,BP_TPCCharacter_C_0,0.0,79
0,2,8.7917,0,0,CountessBossAIController_1,1,0,1,0.00,0.00,98.15,0.00,0.00,220.00,None,BP_TPCCharacter_C_0,0.0,79
0,2,8.8083,0,0,CountessBossAIController_1,1,0,1,0.00,0.00,98.15,0.00,0.00,220.00,None,BP_TPCCharacter_C_0,0.0,79
0,2,8.8250,0,0,CountessBossAIController_1,1,0,1,0.00,0.00,98.15,0.00,0.00,220.00,None,BP_TPCCharacter_C_0,0.0,79
0,2,8.8417,0,0,CountessBossAIController_1,1,0,1,0.00,0.00,98.15,0.00,0.00,220.00,None,BP_TPCCharacter_C_0,0.0,79
0,2,8.8583,0,0,CountessBossAIController_1,1,0,1,0.00,0.00,98.15,0.00,0.00,220.00,None,BP_TPCCharacter_C_0,0.0,80
0,2,8.8750,0,0,CountessBossAIController_1,1,0,1,0.00,0.00,98.15,0.00,0.00,220.00,None,BP_TPCCharacter_C_0,0.0,80
0,2,8.8917,0,0,CountessBossAIController_1,1,0,1,0.00,0.00,98.15,0.00,0.00,220.00,None,BP_TPCCharacter_C_0,0.0,80
0,2,8.9083,0,0,CountessBossAIController_1,1,0,1,0.00,0.00,98.15,0.00,0.00,220.00,None,BP_TPCCharacter_C_0,0.0,80
0,2,8.9250,0,0,CountessBossAIController_1,1,0,1,0.00,0.00,98.15,0.00,0.00,220.00,None,BP_TPCCharacter_C_0,0.0,80
0,2,8.9417,0,0,CountessBossAIController_1,1,0,1,0.00,0.00,98.15,0.00,0.00,220.00,None,BP_TPCCharacter_C_0,0.0,80
0,2,8.9583,0,0,CountessBossAIController_1,1,0,1,0.00,0.00,98.15,0.00,0.00,220.00,None,BP_TPCCharacter_C_0,0.0,80
0,2,8.9750,0,0,CountessBossAIController_1,1,0,1,0.00,0.00,98.15,0.00,0.00,220.00,None,BP_TPCCharacter_C_0,0.0,81
0,2,8.9917,0,0,CountessBossAIController_1,1,0,1,0.00,0.00,98.15,0.00,0.00,220.00,None,BP_TPCCharacter_C_0,0.0,81
0,2,9.0083,0,0,CountessBossAIController_1,1,0,1,0.00,0.00,98.15,0.00,0.00,220.00,None,BP_TPCCharacter_C_0,0.0,81
0,2,9.0250,0,0,CountessBossAIController_1,1,0,1,0.00,0.00,98.15,0.00,0.00,220.00,None,BP_TPCCharacter_C_0,0.0,81
0,2,9.0417,0,0,CountessBossAIController_1,1,0,1,0.00,0.00,98.15,0.00,0.00,220.00,None,BP_TPCCharacter_C_0,0.0,81
0,2,9.0583,0,0,CountessBossAIController_1,1,0,1,0.00,0.00,98.15,0.00,0.00,220.00,None,BP_TPCCharacter_C_0,0.0,81
0,2,9.0750,0,0,CountessBossAIController_1,1,0,1,0.00,0.00,98.15,0.00,0.00,220.00,None,BP_TPCCharacter_C_0,0.0,81
0,2,9.0917,0,0,CountessBossAIController_1,1,0,1,0.00,0.00,98.15,0.00,0.00,220.00,None,BP_TPCCharacter_C_0,0.0,82
0,2,9.1083,0,0,CountessBossAIController_1,1,0,1,0.00,0.00,98.15,0.00,0.00,220.00,None,BP_TPCCharacter_C_0,0.0,82
0,2,9.1250,0,0,CountessBossAIController_1,1,0,1,0.00,0.00,98.15,0.00,0.00,220.00,None,BP_TPCCharacter_C_0,0.0,82
0,2,9.1417,0,0,CountessBossAIController_1,1,0,1,0.00,0.00,98.15,0.00,0.00,220.00,None,BP_TPCCharacter_C_0,0.0,82
0,2,9.1583,0,0,CountessBossAIController_1,1,0,1,0.00,0.00,98.15,0.00,0.00,220.00,None,BP_TPCCharacter_C_0,0.0,82
0,2,9.1750,0,0,CountessBossAIController_1,1,0,1,0.00,0.00,98.15,0.00,0.00,220.00,None,BP_TPCCharacter_C_0,0.0,82
0,2,9.1917,0,0,CountessBossAIController_1,1,0,1,0.00,0.00,98.15,0.00,0.00,220.00,None,BP_TPCCharacter_C_0,0.0,82
0,2,9.2083,0,0,CountessBossAIController_1,1,0,1,0.00,0.00,98.15,0.00,0.00,220.00,None,BP_TPCCharacter_C_0,0.0,83
0,2,9.2250,0,0,CountessBossAIController_1,1,0,1,0.00,0.00,98.15,0.00,0.00,220.00,None,BP_TPCCharacter_C_0,0.0,83
0,2,9.2417,0,0,CountessBossAIController_1,1,0,1,0.00,0.00,98.15,0.00,0.00,220.00,None,BP_TPCCharacter_C_0,0.0,83
0,2,9.2583,0,0,CountessBossAIController_1,1,0,1,0.00,0.00,98.15,0.00,0.00,220.00,None,BP_TPCCharacter_C_0,0.0,83
0,2,9.2750,0,0,CountessBossAIController_1,1,0,1,0.00,0.00,98.15,0.00,0.00,220.00,None,BP_TPCCharacter_C_0,0.0,83
0,2,9.2917,0,0,CountessBossAIController_1,1,0,1,0.00,0.00,98.15,0.00,0.00,220.00,None,BP_TPCCharacter_C_0,0.0,83
0,2,9.3083,0,0,CountessBossAIController_1,1,0,1,0.00,0.00,98.15,0.00,0.00,220.00,None,BP_TPCCharacter_C_0,0.0,83
0,2,9.3250,0,0,CountessBossAIController_1,1,0,1,0.00,0.00,98.15,0.00,0.00,220.00,None,BP_TPCCharacter_C_0,0.0,84
0,2,9.3417,0,0,CountessBossAIController_1,1,0,1,0.00,0.00,98.15,0.00,0.00,220.00,None,BP_TPCCharacter_C_0,0.0,84
0,2,9.3583,0,0,CountessBossAIController_1,1,0,1,0.00,0.00,98.15,0.00,0.00,220.00,None,BP_TPCCharacter_C_0,0.0,84
0,2,9.3750,0,0,CountessBossAIController_1,1,0,1,0.00,0.00,98.15,0.00,0.00,220.00,None,BP_TPCCharacter_C_0,0.0,84
0,2,9.3917,0,0,CountessBossAIController_1,1,0,1,0.00,0.00,98.15,0.00,0.00,220.00,None,BP_TPCCharacter_C_0,0.0,84
0,2,9.4083,0,0,CountessBossAIController_1,1,0,1,0.00,0.00,98.15,0.00,0.00,220.00,None,BP_TPCCharacter_C_0,0.0,84
0,2,9.4250,0,0,CountessBossAIController_1,1,0,1,0.00,0.00,98.15,0.00,0.00,220.00,None,BP_TPCCharacter_C_0,0.0,84
0,2,9.4417,0,0,CountessBossAIController_1,1,0,1,0.00,0.00,98.15,0.00,0.00,220.00,None,BP_TPCCharacter_C_0,0.0,85
0,2,9.4583,0,0,CountessBossAIController_1,1,0,1,0.00,0.00,98.15,0.00,0.00,220.00,None,BP_TPCCharacter_C_0,0.0,85
0,2,9.4750,0,0,CountessBossAIController_1,1,0,1,0.00,0.00,98.15,0.00,0.00,220.00,None,BP_TPCCharacter_C_0,0.0,85
0,2,9.4917,0,0,CountessBossAIController_1,1,0,1,0.00,0.00,98.15,0.00,0.00,220.00,None,BP_TPCCharacter_C_0,0.0,85
0,2,9.5083,0,0,CountessBossAIController_1,1,0,1,0.00,0.00,98.15,0.00,0.00,220.00,None,BP_TPCCharacter_C_0,0.0,85
0,2,9.5250,0,0,CountessBossAIController_1,1,0,1,0.00,0.00,98.15,0.00,0.00,220.00,None,BP_TPCCharacter_C_0,0.0,85
0,2,9.5417,0,0,CountessBossAIController_1,1,0,1,0.00,0.00,98.15,0.00,0.00,220.00,None,BP_TPCCharacter_C_0,0.0,85
0,2,9.5583,0,0,CountessBossAIController_1,1,0,1,0.00,0.00,98.15,0.00,0.00,220.00,None,BP_TPCCharacter_C_0,0.0,86
0,2,9.5750,0,0,CountessBossAIController_1,1,0,1,0.00,0.00,98.15,0.00,0.00,220.00,None,BP_TPCCharacter_C_0,0.0,86
0,2,9.5917,0,0,CountessBossAIController_1,1,0,1,0.00,0.00,98.15,0.00,0.00,220.00,None,BP_TPCCharacter_C_0,0.0,86
0,2,9.6083,0,0,CountessBossAIController_1,1,0,1,0.00,0.00,98.15,0.00,0.00,220.00,None,BP_TPCCharacter_C_0,0.0,86
0,2,9.6250,0,0,CountessBossAIController_1,1,0,1,0.00,0.00,98.15,0.00,0.00,220.00,None,BP_TPCCharacter_C_0,0.0,86
0,2,9.6417,0,0,CountessBossAIController_1,1,0,1,0.00,0.00,98.15,0.00,0.00,220.00,None,BP_TPCCharacter_C_0,0.0,86
0,2,9.6583,0,0,CountessBossAIController_1,1,0,1,0.00,0.00,98.15,0.00,0.00,220.00,None,BP_TPCCharacter_C_0,0.0,86
0,2,9.6750,0,0,CountessBossAIController_1,1,0,1,0.00,0.00,98.15,0.00,0.00,220.00,None,BP_TPCCharacter_C_0,0.0,87
0,2,9.6917,0,0,CountessBossAIController_1,1,0,1,0.00,0.00,98.15,0.00,0.00,220.00,None,BP_TPCCharacter_C_0,0.0,87
0,2,9.7083,0,0,CountessBossAIController_1,1,0,1,0.00,0.00,98.15,0.00,0.00,220.00,None,BP_TPCCharacter_C_0,0.0,87
0,2,9.7250,0,0,CountessBossAIController_1,1,0,1,0.00,0.00,98.15,0.00,0.00,220.00,None,BP_TPCCharacter_C_0,0.0,87
0,2,9.7417,0,0,CountessBossAIController_1,1,0,1,0.00,0.00,98.15,0.00,0.00,220.00,None,BP_TPCCharacter_C_0,0.0,87
0,2,9.7583,0,0,CountessBossAIController_1,1,0,1,0.00,0.00,98.15,0.00,0.00,220.00,None,BP_TPCCharacter_C_0,0.0,87
0,2,9.7750,0,0,CountessBossAIController_1,1,0,1,0.00,0.00,98.15,0.00,0.00,220.00,None,BP_TPCCharacter_C_0,0.0,87
0,2,9.7917,0,0,CountessBossAIController_1,1,0,1,0.00,0.00,98.15,0.00,0.00,220.00,None,BP_TPCCharacter_C_0,0.0,88
0,2,9.8083,0,0,CountessBossAIController_1,1,0,1,0.00,0.00,98.15,0.00,0.00,220.00,None,BP_TPCCharacter_C_0,0.0,88
0,2,9.8250,0,0,CountessBossAIController_1,1,0,1,0.00,0.00,98.15,0.00,0.00,220.00,None,BP_TPCCharacter_C_0,0.0,88
0,2,9.8417,0,0,CountessBossAIController_1,1,0,1,0.00,0.00,98.15,0.00,0.00,220.00,None,BP_TPCCharacter_C_0,0.0,88
0,2,9.8583,0,0,CountessBossAIController_1,1,0,1,0.00,0.00,98.15,0.00,0.00,220.00,None,BP_TPCCharacter_C_0,0.0,88
0,2,9.8750,0,0,CountessBossAIController_1,1,0,1,0.00,0.00,98.15,0.00,0.00,220.00,None,BP_TPCCharacter_C_0,0.0,88
0,2,9.8917,0,0,CountessBossAIController_1,1,0,1,0.00,0.00,98.15,0.00,0.00,220.00,None,BP_TPCCharacter_C_0,0.0,88
0,2,9.9083,0,0,CountessBossAIController_1,1,0,1,0.00,0.00,98.15,0.00,0.00,220.00,None,BP_TPCCharacter_C_0,0.0,89
0,2,9.9250,0,0,CountessBossAIController_1,1,0,1,0.00,0.00,98.15,0.00,0.00,220.00,None,BP_TPCCharacter_C_0,0.0,89
0,2,9.9417,0,0,CountessBossAIController_1,1,0,1,0.00,0.00,98.15,0.00,0.00,220.00,None,BP_TPCCharacter_C_0,0.0,89
0,2,9.9583,0,0,CountessBossAIController_1,1,0,1,0.00,0.00,98.15,0.00,0.00,220.00,None,BP_TPCCharacter_C_0,0.0,89
0,2,9.9750,0,0,CountessBossAIController_1,1,0,1,0.00,0.00,98.15,0.00,0.00,220.00,None,BP_TPCCharacter_C_0,0.0,89
0,2,9.9917,0,0,CountessBossAIController_1,1,0,1,0.00,0.00,98.15,0.00,0.00,220.00,None,BP_TPCCharacter_C_0,0.0,89
0,2,10.0083,0,0,CountessBossAIController_1,1,0,1,0.00,0.00,98.15,0.00,0.00,220.00,None,BP_TPCCharacter_C_0,0.0,89
0,2,10.0250,0,0,CountessBossAIController_1,1,0,1,0.00,0.00,98.15,0.00,0.00,220.00,None,BP_TPCCharacter_C_0,0.0,90
0,2,10.0417,0,0,CountessBossAIController_1,1,0,1,0.00,0.00,98.15,0.00,0.00,220.00,None,BP_TPCCharacter_C_0,0.0,90
0,2,10.0583,0,0,CountessBossAIController_1,1,0,1,0.00,0.00,98.15,0.00,0.00,220.00,None,BP_TPCCharacter_C_0,0.0,90
0,2,10.0750,0,0,CountessBossAIController_1,1,0,1,0.00,0.00,98.15,0.00,0.00,220.00,None,BP_TPCCharacter_C_0,0.0,90
0,2,10.0917,0,0,CountessBossAIController_1,1,0,1,0.00,0.00,98.15,0.00,0.00,220.00,None,BP_TPCCharacter_C_0,0.0,90
0,2,10.1083,0,0,CountessBossAIController_1,1,0,1,0.00,0.00,98.15,0.00,0.00,220.00,None,BP_TPCCharacter_C_0,0.0,90
0,2,10.1250,0,0,CountessBossAIController_1,1,0,1,0.00,0.00,98.15,0.00,0.00,220.00,None,BP_TPCCharacter_C_0,0.0,90
0,2,10.1417,0,0,CountessBossAIController_1,1,0,1,0.00,0.00,98.15,0.00,0.00,220.00,None,BP_TPCCharacter_C_0,0.0,91
0,2,10.1583,0,0,CountessBossAIController_1,1,0,1,0.00,0.00,98.15,0.00,0.00,220.00,None,BP_TPCCharacter_C_0,0.0,91
0,2,10.1750,0,0,CountessBossAIController_1,1,0,1,0.00,0.00,98.15,0.00,0.00,220.00,None,BP_TPCCharacter_C_0,0.0,91
0,2,10.1917,0,0,CountessBossAIController_1,1,0,1,0.00,0.00,98.15,0.00,0.00,220.00,None,BP_TPCCharacter_C_0,0.0,91
0,2,10.2083,0,0,CountessBossAIController_1,1,0,1,0.00,0.00,98.15,0.00,0.00,220.00,None,BP_TPCCharacter_C_0,0.0,91
0,2,10.2250,0,0,CountessBossAIController_1,1,0,1,0.00,0.00,98.15,0.00,0.00,220.00,None,BP_TPCCharacter_C_0,0.0,91
0,2,10.2417,0,0,CountessBossAIController_1,1,0,1,0.00,0.00,98.15,0.00,0.00,220.00,None,BP_TPCCharacter_C_0,0.0,91
0,2,10.2583,0,0,CountessBossAIController_1,1,0,1,0.00,0.00,98.15,0.00,0.00,220.00,None,BP_TPCCharacter_C_0,0.0,92
0,2,10.2750,0,0,CountessBossAIController_1,1,0,1,0.00,0.00,98.15,0.00,0.00,220.00,None,BP_TPCCharacter_C_0,0.0,92
0,2,10.2917,0,0,CountessBossAIController_1,1,0,1,0.00,0.00,98.15,0.00,0.00,220.00,None,BP_TPCCharacter_C_0,0.0,92
0,2,10.3083,0,0,CountessBossAIController_1,1,0,1,0.00,0.00,98.15,0.00,0.00,220.00,None,BP_TPCCharacter_C_0,0.0,92
0,2,10.3250,0,0,CountessBossAIController_1,1,0,1,0.00,0.00,98.15,0.00,0.00,220.00,None,BP_TPCCharacter_C_0,0.0,92
0,2,10.3417,0,0,CountessBossAIController_1,1,0,1,0.00,0.00,98.15,0.00,0.00,220.00,None,BP_TPCCharacter_C_0,0.0,92
0,2,10.3583,0,0,CountessBossAIController_1,1,0,1,0.00,0.00,98.15,0.00,0.00,220.00,None,BP_TPCCharacter_C_0,0.0,92
0,2,10.3750,0,0,CountessBossAIController_1,1,0,1,0.00,0.00,98.15,0.00,0.00,220.00,None,BP_TPCCharacter_C_0,0.0,93
0,2,10.3917,0,0,CountessBossAIController_1,1,0,1,0.00,0.00,98.15,0.00,0.00,220.00,None,BP_TPCCharacter_C_0,0.0,93
0,3,10.4083,0,0,CountessBossAIController_1,1,0,1,0.00,0.00,98.15,0.00,0.00,220.00,None,BP_TPCCharacter_C_1,100.0,93
0,3,10.4250,0,0,CountessBossAIController_1,1,0,1,0.00,0.00,98.15,0.00,0.00,220.00,None,BP_TPCCharacter_C_1,100.0,93
0,3,10.4417,0,0,CountessBossAIController_1,1,0,1,0.00,0.00,98.15,0.00,0.00,220.00,None,BP_TPCCharacter_C_1,100.0,93
0,3,10.4583,0,0,CountessBossAIController_1,1,0,1,0.00,0.00,98.15,0.00,0.00,220.00,None,BP_TPCCharacter_C_1,100.0,93
0,3,10.4750,0,0,CountessBossAIController_1,1,0,1,0.00,0.00,98.15,0.00,0.00,220.00,None,BP_TPCCharacter_C_1,100.0,93
0,3,10.4917,1,0,CountessBossAIController_1,1,0,1,0.00,0.00,98.15,0.00,0.00,220.00,BP_TPCCharacter_C_1,BP_TPCCharacter_C_1,100.0,94
0,3,10.5083,1,0,CountessBossAIController_1,1,0,1,0.00,0.00,98.15,0.00,0.00,220.00,BP_TPCCharacter_C_1,BP_TPCCharacter_C_1,100.0,94
0,3,10.5250,1,0,CountessBossAIController_1,1,0,1,0.00,0.00,98.15,0.00,0.00,220.00,BP_TPCCharacter_C_1,BP_TPCCharacter_C_1,100.0,95
0,3,10.5417,1,0,CountessBossAIController_1,1,0,1,0.00,0.00,98.15,0.00,0.00,220.00,BP_TPCCharacter_C_1,BP_TPCCharacter_C_1,100.0,95
0,3,10.5583,1,0,CountessBossAIController_1,1,0,1,0.00,0.00,98.15,0.00,0.00,220.00,BP_TPCCharacter_C_1,BP_TPCCharacter_C_1,100.0,95
0,3,10.5750,1,0,CountessBossAIController_1,1,0,1,0.00,0.00,98.15,0.00,0.00,220.00,BP_TPCCharacter_C_1,BP_TPCCharacter_C_1,100.0,95
0,3,10.5917,1,0,CountessBossAIController_1,1,0,1,0.00,0.00,98.15,0.00,0.00,220.00,BP_TPCCharacter_C_1,BP_TPCCharacter_C_1,100.0,95
0,3,10.6083,1,0,CountessBossAIController_1,1,0,1,0.00,0.00,98.15,0.00,0.00,220.00,BP_TPCCharacter_C_1,BP_TPCCharacter_C_1,100.0,95
0,3,10.6250,1,0,CountessBossAIController_1,1,0,1,0.00,0.00,98.15,0.00,0.00,220.00,BP_TPCCharacter_C_1,BP_TPCCharacter_C_1,100.0,95
0,3,10.6417,1,0,CountessBossAIController_1,1,0,1,0.00,0.00,98.15,0.00,0.00,220.00,BP_TPCCharacter_C_1,BP_TPCCharacter_C_1,100.0,96
0,3,10.6583,1,0,CountessBossAIController_1,1,0,1,0.00,0.00,98.15,0.00,0.00,220.00,BP_TPCCharacter_C_1,BP_TPCCharacter_C_1,100.0,96
0,3,10.6750,1,0,CountessBossAIController_1,1,0,1,0.00,0.00,98.15,0.00,0.00,220.00,BP_TPCCharacter_C_1,BP_TPCCharacter_C_1,100.0,96
0,3,10.6917,1,0,CountessBossAIController_1,1,0,1,0.00,0.00,98.15,0.00,0.00,220.00,BP_TPCCharacter_C_1,BP_TPCCharacter_C_1,100.0,96
0,3,10.7083,1,0,CountessBossAIController_1,1,0,1,0.00,0.00,98.15,0.00,0.00,220.00,BP_TPCCharacter_C_1,BP_TPCCharacter_C_1,100.0,96
0,3,10.7250,1,0,CountessBossAIController_1,1,0,1,0.00,0.00,98.15,0.00,0.00,220.00,BP_TPCCharacter_C_1,BP_TPCCharacter_C_1,100.0,96
0,3,10.7417,1,0,CountessBossAIController_1,1,0,1,0.00,0.00,98.15,0.00,0.00,220.00,BP_TPCCharacter_C_1,BP_TPCCharacter_C_1,100.0,96
0,3,10.7583,1,0,CountessBossAIController_1,1,0,1,0.00,0.00,98.15,0.00,0.00,220.00,BP_TPCCharacter_C_1,BP_TPCCharacter_C_1,100.0,97
0,3,10.7750,1,0,CountessBossAIController_1,1,0,1,0.00,0.00,98.15,0.00,0.00,220.00,BP_TPCCharacter_C_1,BP_TPCCharacter_C_1,100.0,97
0,3,10.7917,1,0,CountessBossAIController_1,1,0,1,0.00,0.00,98.15,0.00,0.00,220.00,BP_TPCCharacter_C_1,BP_TPCCharacter_C_1,100.0,97
0,3,10.8083,1,0,CountessBossAIController_1,1,0,1,0.00,0.00,98.15,0.00,0.00,220.00,BP_TPCCharacter_C_1,BP_TPCCharacter_C_1,100.0,97
0,3,10.8250,1,0,CountessBossAIController_1,1,0,1,0.00,0.00,98.15,0.00,0.00,220.00,BP_TPCCharacter_C_1,BP_TPCCharacter_C_1,100.0,97
0,3,10.8417,1,0,CountessBossAIController_1,1,0,1,0.00,0.00,98.15,0.00,0.00,220.00,BP_TPCCharacter_C_1,BP_TPCCharacter_C_1,100.0,97
0,3,10.8583,1,0,CountessBossAIController_1,1,0,1,0.00,0.00,98.15,0.00,0.00,220.00,BP_TPCCharacter_C_1,BP_TPCCharacter_C_1,100.0,97
0,3,10.8750,1,0,CountessBossAIController_1,1,0,1,0.00,0.00,98.15,0.00,0.00,220.00,BP_TPCCharacter_C_1,BP_TPCCharacter_C_1,100.0,98
0,3,10.8917,1,0,CountessBossAIController_1,1,0,1,0.00,0.00,98.15,0.00,0.00,220.00,BP_TPCCharacter_C_1,BP_TPCCharacter_C_1,100.0,98
0,3,10.9083,1,0,CountessBossAIController_1,1,0,1,0.00,0.00,98.15,0.00,0.00,220.00,BP_TPCCharacter_C_1,BP_TPCCharacter_C_1,100.0,98
0,3,10.9250,1,0,CountessBossAIController_1,1,0,1,0.00,0.00,98.15,0.00,0.00,220.00,BP_TPCCharacter_C_1,BP_TPCCharacter_C_1,100.0,98
0,3,10.9417,1,0,CountessBossAIController_1,1,0,1,0.00,0.00,98.15,0.00,0.00,220.00,BP_TPCCharacter_C_1,BP_TPCCharacter_C_1,100.0,98
0,3,10.9583,1,0,CountessBossAIController_1,1,0,1,0.00,0.00,98.15,0.00,0.00,220.00,BP_TPCCharacter_C_1,BP_TPCCharacter_C_1,100.0,98
0,3,10.9750,1,0,CountessBossAIController_1,1,0,1,0.00,0.00,98.15,0.00,0.00,220.00,BP_TPCCharacter_C_1,BP_TPCCharacter_C_1,100.0,98
0,3,10.9917,1,0,CountessBossAIController_1,1,0,1,0.00,0.00,98.15,0.00,0.00,220.00,BP_TPCCharacter_C_1,BP_TPCCharacter_C_1,100.0,99
0,3,11.0083,1,0,CountessBossAIController_1,1,0,1,0.00,0.00,98.15,0.00,0.00,220.00,BP_TPCCharacter_C_1,BP_TPCCharacter_C_1,100.0,99
0,3,11.0250,1,0,CountessBossAIController_1,1,0,1,0.00,0.00,98.15,0.00,0.00,220.00,BP_TPCCharacter_C_1,BP_TPCCharacter_C_1,100.0,99
0,3,11.0417,1,0,CountessBossAIController_1,1,0,1,0.00,0.00,98.15,0.00,0.00,220.00,BP_TPCCharacter_C_1,BP_TPCCharacter_C_1,100.0,99
0,3,11.0583,1,0,CountessBossAIController_1,1,0,1,0.00,0.00,98.15,0.00,0.00,220.00,BP_TPCCharacter_C_1,BP_TPCCharacter_C_1,100.0,99
0,3,11.0750,1,0,CountessBossAIController_1,1,0,1,0.00,0.00,98.15,0.00,0.00,220.00,BP_TPCCharacter_C_1,BP_TPCCharacter_C_1,100.0,99
0,3,11.0917,1,0,CountessBossAIController_1,1,0,1,0.00,0.00,98.15,0.00,0.00,220.00,BP_TPCCharacter_C_1,BP_TPCCharacter_C_1,100.0,99
0,3,11.1083,1,0,CountessBossAIController_1,1,0,1,0.00,0.00,98.15,0.00,0.00,220.00,BP_TPCCharacter_C_1,BP_TPCCharacter_C_1,100.0,100
0,3,11.1250,1,0,CountessBossAIController_1,1,0,1,0.00,0.00,98.15,0.00,0.00,220.00,BP_TPCCharacter_C_1,BP_TPCCharacter_C_1,100.0,100
0,3,11.1417,1,0,CountessBossAIController_1,1,0,1,0.00,0.00,98.15,0.00,0.00,220.00,BP_TPCCharacter_C_1,BP_TPCCharacter_C_1,100.0,100
0,3,11.1583,1,0,CountessBossAIController_1,1,0,1,0.00,0.00,98.15,0.00,0.00,220.00,BP_TPCCharacter_C_1,BP_TPCCharacter_C_1,100.0,100
0,3,11.1750,1,0,CountessBossAIController_1,1,0,1,0.00,0.00,98.15,0.00,0.00,220.00,BP_TPCCharacter_C_1,BP_TPCCharacter_C_1,100.0,100
0,3,11.1917,1,0,CountessBossAIController_1,1,0,1,0.00,0.00,98.15,0.00,0.00,220.00,BP_TPCCharacter_C_1,BP_TPCCharacter_C_1,100.0,100
0,3,11.2083,1,0,CountessBossAIController_1,1,0,1,0.00,0.00,98.15,0.00,0.00,220.00,BP_TPCCharacter_C_1,BP_TPCCharacter_C_1,100.0,100
0,3,11.2250,1,0,CountessBossAIController_1,1,0,1,0.00,0.00,98.15,0.00,0.00,220.00,BP_TPCCharacter_C_1,BP_TPCCharacter_C_1,100.0,101
0,3,11.2417,2,0,CountessBossAIController_1,1,0,1,0.00,0.00,98.15,0.00,0.00,220.00,BP_TPCCharacter_C_1,BP_TPCCharacter_C_1,100.0,101
0,3,11.2583,2,0,CountessBossAIController_1,1,0,1,0.00,0.00,98.15,0.00,0.00,220.00,BP_TPCCharacter_C_1,BP_TPCCharacter_C_1,100.0,101
0,3,11.2750,2,0,CountessBossAIController_1,1,0,1,0.00,0.00,98.15,0.00,0.00,220.00,BP_TPCCharacter_C_1,BP_TPCCharacter_C_1,100.0,101
0,3,11.2917,2,0,CountessBossAIController_1,1,0,1,0.00,0.00,98.15,0.00,0.00,220.00,BP_TPCCharacter_C_1,BP_TPCCharacter_C_1,100.0,102
0,3,11.3083,2,0,CountessBossAIController_1,1,0,1,0.00,0.00,98.15,0.00,0.00,220.00,BP_TPCCharacter_C_1,BP_TPCCharacter_C_1,100.0,102
0,3,11.3250,2,0,CountessBossAIController_1,1,0,1,0.00,0.00,98.15,0.00,0.00,220.00,BP_TPCCharacter_C_1,BP_TPCCharacter_C_1,100.0,102
0,3,11.3417,2,0,CountessBossAIController_1,1,0,1,0.00,0.00,98.15,0.00,0.00,220.00,BP_TPCCharacter_C_1,BP_TPCCharacter_C_1,100.0,102
0,3,11.3583,2,0,CountessBossAIController_1,1,0,1,0.00,0.00,98.15,0.00,0.00,220.00,BP_TPCCharacter_C_1,BP_TPCCharacter_C_1,100.0,102
0,3,11.3750,2,0,CountessBossAIController_1,1,0,1,0.00,0.00,98.15,0.00,0.00,220.00,BP_TPCCharacter_C_1,BP_TPCCharacter_C_1,100.0,102
0,3,11.3917,2,0,CountessBossAIController_1,1,0,1,0.00,0.00,98.15,0.00,0.00,220.00,BP_TPCCharacter_C_1,BP_TPCCharacter_C_1,100.0,102
0,3,11.4083,2,0,CountessBossAIController_1,1,3,1,0.00,0.00,98.15,0.00,0.00,220.00,BP_TPCCharacter_C_1,BP_TPCCharacter_C_1,100.0,103
0,3,11.4250,2,0,CountessBossAIController_1,1,3,1,-0.57,0.00,98.15,0.00,0.00,220.00,BP_TPCCharacter_C_1,BP_TPCCharacter_C_1,100.0,103
0,3,11.4417,2,0,CountessBossAIController_1,1,3,1,-1.71,0.00,98.15,0.00,0.00,220.00,BP_TPCCharacter_C_1,BP_TPCCharacter_C_1,100.0,103
0,3,11.4583,2,0,CountessBossAIController_1,1,3,1,-3.41,0.00,98.15,0.00,0.00,220.00,BP_TPCCharacter_C_1,BP_TPCCharacter_C_1,100.0,103
0,3,11.4750,2,0,CountessBossAIController_1,1,3,1,-5.69,0.00,98.15,0.00,0.00,220.00,BP_TPCCharacter_C_1,BP_TPCCharacter_C_1,100.0,103
0,3,11.4917,2,0,CountessBossAIController_1,1,3,1,-8.53,0.00,98.15,0.00,0.00,220.00,BP_TPCCharacter_C_1,BP_TPCCharacter_C_1,100.0,103
0,3,11.5083,2,0,CountessBossAIController_1,1,3,1,-11.95,0.00,98.15,0.00,0.00,220.00,BP_TPCCharacter_C_1,BP_TPCCharacter_C_1,100.0,103
0,3,11.5250,2,0,CountessBossAIController_1,1,3,1,-15.93,0.00,98.15,0.00,0.00,220.00,BP_TPCCharacter_C_1,BP_TPCCharacter_C_1,100.0,104
0,3,11.5417,2,0,CountessBossAIController_1,1,3,1,-20.48,0.00,98.15,0.00,0.00,220.00,BP_TPCCharacter_C_1,BP_TPCCharacter_C_1,100.0,104
0,3,11.5583,2,0,CountessBossAIController_1,1,3,1,-25.60,0.00,98.15,0.00,0.00,220.00,BP_TPCCharacter_C_1,BP_TPCCharacter_C_1,100.0,104
0,3,11.5750,2,0,CountessBossAIController_1,1,3,1,-31.29,0.00,98.15,0.00,0.00,220.00,BP_TPCCharacter_C_1,BP_TPCCharacter_C_1,100.0,104
0,3,11.5917,2,0,CountessBossAIController_1,1,3,1,-37.55,0.00,98.15,0.00,0.00,220.00,BP_TPCCharacter_C_1,BP_TPCCharacter_C_1,100.0,104
0,3,11.6083,2,0,CountessBossAIController_1,1,3,1,-44.21,0.00,98.15,0.00,0.00,220.00,BP_TPCCharacter_C_1,BP_TPCCharacter_C_1,100.0,104
0,3,11.6250,2,0,CountessBossAIController_1,1,3,1,-50.88,0.00,98.15,0.00,0.00,220.00,BP_TPCCharacter_C_1,BP_TPCCharacter_C_1,100.0,104
0,3,11.6417,2,0,CountessBossAIController_1,1,3,1,-57.55,0.00,98.15,0.00,0.00,220.00,BP_TPCCharacter_C_1,BP_TPCCharacter_C_1,100.0,105
0,3,11.6583,2,0,CountessBossAIController_1,1,3,1,-64.21,0.00,98.15,0.00,0.00,220.00,BP_TPCCharacter_C_1,BP_TPCCharacter_C_1,100.0,105
0,3,11.6750,2,0,CountessBossAIController_1,1,3,1,-70.88,0.00,98.15,0.00,0.00,220.00,BP_TPCCharacter_C_1,BP_TPCCharacter_C_1,100.0,105
0,3,11.6917,2,0,CountessBossAIController_1,1,3,1,-77.55,0.00,98.15,0.00,0.00,220.00,BP_TPCCharacter_C_1,BP_TPCCharacter_C_1,100.0,105
0,3,11.7083,2,0,CountessBossAIController_1,1,3,1,-84.21,0.00,98.15,0.00,0.00,220.00,BP_TPCCharacter_C_1,BP_TPCCharacter_C_1,100.0,105
0,3,11.7250,2,0,CountessBossAIController_1,1,3,1,-90.88,0.00,98.15,0.00,0.00,220.00,BP_TPCCharacter_C_1,BP_TPCCharacter_C_1,100.0,105
0,3,11.7417,2,0,CountessBossAIController_1,1,3,1,-97.55,0.00,98.15,0.00,0.00,220.00,BP_TPCCharacter_C_1,BP_TPCCharacter_C_1,100.0,105
0,3,11.7583,2,0,CountessBossAIController_1,1,3,1,-104.21,0.00,98.15,0.00,0.00,220.00,BP_TPCCharacter_C_1,BP_TPCCharacter_C_1,100.0,106
0,3,11.7750,2,0,CountessBossAIController_1,1,3,1,-110.88,0.00,98.15,0.00,0.00,220.00,BP_TPCCharacter_C_1,BP_TPCCharacter_C_1,100.0,106
0,3,11.7917,2,0,CountessBossAIController_1,1,3,1,-117.55,0.00,98.15,0.00,0.00,220.00,BP_TPCCharacter_C_1,BP_TPCCharacter_C_1,100.0,106
0,3,11.8083,2,0,CountessBossAIController_1,1,3,1,-124.21,0.00,98.15,0.00,0.00,220.00,BP_TPCCharacter_C_1,BP_TPCCharacter_C_1,100.0,106
0,3,11.8250,2,0,CountessBossAIController_1,1,3,1,-130.88,0.00,98.15,0.00,0.00,220.00,BP_TPCCharacter_C_1,BP_TPCCharacter_C_1,100.0,106
0,3,11.8417,2,0,CountessBossAIController_1,1,3,1,-137.55,0.00,98.15,0.00,0.00,220.00,BP_TPCCharacter_C_1,BP_TPCCharacter_C_1,100.0,106
0,3,11.8583,2,0,CountessBossAIController_1,1,3,1,-144.21,0.00,98.15,0.00,0.00,220.00,BP_TPCCharacter_C_1,BP_TPCCharacter_C_1,100.0,106
0,3,11.8750,2,0,CountessBossAIController_1,1,3,1,-150.88,0.00,98.15,0.00,0.00,220.00,BP_TPCCharacter_C_1,BP_TPCCharacter_C_1,100.0,107
0,3,11.8917,2,0,CountessBossAIController_1,1,3,1,-157.55,0.00,98.15,0.00,0.00,220.00,BP_TPCCharacter_C_1,BP_TPCCharacter_C_1,100.0,107
0,3,11.9083,2,0,CountessBossAIController_1,1,3,1,-164.21,0.00,98.15,0.00,0.00,220.00,BP_TPCCharacter_C_1,BP_TPCCharacter_C_1,100.0,107
0,3,11.9250,2,0,CountessBossAIController_1,1,3,1,-170.88,0.00,98.15,0.00,0.00,220.00,BP_TPCCharacter_C_1,BP_TPCCharacter_C_1,100.0,107
0,3,11.9417,2,0,CountessBossAIController_1,1,3,1,-177.55,0.00,98.15,0.00,0.00,220.00,BP_TPCCharacter_C_1,BP_TPCCharacter_C_1,100.0,107
0,3,11.9583,2,0,CountessBossAIController_1,1,3,1,-184.21,0.00,98.15,0.00,0.00,220.00,BP_TPCCharacter_C_1,BP_TPCCharacter_C_1,100.0,107
0,3,11.9750,2,0,CountessBossAIController_1,1,3,1,-190.88,0.00,98.15,0.00,0.00,220.00,BP_TPCCharacter_C_1,BP_TPCCharacter_C_1,100.0,107
0,3,11.9917,2,0,CountessBossAIController_1,1,3,1,-197.55,0.00,98.15,0.00,0.00,220.00,BP_TPCCharacter_C_1,BP_TPCCharacter_C_1,100.0,108
0,3,12.0083,2,0,CountessBossAIController_1,1,3,1,-204.21,0.00,98.15,0.00,0.00,220.00,BP_TPCCharacter_C_1,BP_TPCCharacter_C_1,100.0,108
0,3,12.0250,2,0,CountessBossAIController_1,1,3,1,-210.88,0.00,98.15,0.00,0.00,220.00,BP_TPCCharacter_C_1,BP_TPCCharacter_C_1,100.0,108
0,3,12.0417,2,0,CountessBossAIController_1,1,3,1,-217.55,0.00,98.15,0.00,0.00,220.00,BP_TPCCharacter_C_1,BP_TPCCharacter_C_1,100.0,108
0,3,12.0583,2,0,CountessBossAIController_1,1,3,1,-224.21,0.00,98.15,0.00,0.00,220.00,BP_TPCCharacter_C_1,BP_TPCCharacter_C_1,100.0,108
0,3,12.0750,2,0,CountessBossAIController_1,1,3,1,-230.88,0.00,98.15,0.00,0.00,220.00,BP_TPCCharacter_C_1,BP_TPCCharacter_C_1,100.0,108
0,3,12.0917,2,0,CountessBossAIController_1,1,3,1,-237.55,0.00,98.15,0.00,0.00,220.00,BP_TPCCharacter_C_1,BP_TPCCharacter_C_1,100.0,108
0,3,12.1083,2,0,CountessBossAIController_1,1,3,1,-244.21,0.00,98.15,0.00,0.00,220.00,BP_TPCCharacter_C_1,BP_TPCCharacter_C_1,100.0,109
0,3,12.1250,2,0,CountessBossAIController_1,1,3,1,-250.88,0.00,98.15,0.00,0.00,220.00,BP_TPCCharacter_C_1,BP_TPCCharacter_C_1,100.0,109
0,3,12.1417,2,0,CountessBossAIController_1,1,3,1,-257.55,0.00,98.15,0.00,0.00,220.00,BP_TPCCharacter_C_1,BP_TPCCharacter_C_1,100.0,109
0,3,12.1583,2,0,CountessBossAIController_1,1,3,1,-264.21,0.00,98.15,0.00,0.00,220.00,BP_TPCCharacter_C_1,BP_TPCCharacter_C_1,100.0,109
0,3,12.1750,2,0,CountessBossAIController_1,1,3,1,-270.88,0.00,98.15,0.00,0.00,220.00,BP_TPCCharacter_C_1,BP_TPCCharacter_C_1,100.0,109
0,3,12.1917,2,0,CountessBossAIController_1,1,3,1,-277.55,0.00,98.15,0.00,0.00,220.00,BP_TPCCharacter_C_1,BP_TPCCharacter_C_1,100.0,109
0,3,12.2083,2,0,CountessBossAIController_1,1,3,1,-284.21,0.00,98.15,0.00,0.00,220.00,BP_TPCCharacter_C_1,BP_TPCCharacter_C_1,100.0,109
0,3,12.2250,2,0,CountessBossAIController_1,1,3,1,-287.21,0.00,98.15,0.00,0.00,220.00,BP_TPCCharacter_C_1,BP_TPCCharacter_C_1,100.0,110
0,3,12.2417,2,0,CountessBossAIController_1,1,3,1,-289.88,0.81,98.15,0.00,0.00,220.00,BP_TPCCharacter_C_1,BP_TPCCharacter_C_1,100.0,110
0,3,12.2583,2,0,CountessBossAIController_1,1,3,1,-292.26,2.30,98.15,0.00,0.00,220.00,BP_TPCCharacter_C_1,BP_TPCCharacter_C_1,100.0,110
0,3,12.2750,2,0,CountessBossAIController_1,1,3,1,-294.39,4.39,98.15,0.00,0.00,220.00,BP_TPCCharacter_C_1,BP_TPCCharacter_C_1,100.0,110
0,3,12.2917,2,0,CountessBossAIController_1,1,3,1,-296.51,6.51,98.15,0.00,0.00,220.00,BP_TPCCharacter_C_1,BP_TPCCharacter_C_1,100.0,110
0,3,12.3083,2,0,CountessBossAIController_1,1,3,1,-298.63,8.63,98.15,0.00,0.00,220.00,BP_TPCCharacter_C_1,BP_TPCCharacter_C_1,100.0,110
0,3,12.3250,2,0,CountessBossAIController_1,1,3,1,-300.75,10.76,98.15,0.00,0.00,220.00,BP_TPCCharacter_C_1,BP_TPCCharacter_C_1,100.0,110
0,3,12.3417,2,0,CountessBossAIController_1,1,3,1,-302.87,12.88,98.15,0.00,0.00,220.00,BP_TPCCharacter_C_1,BP_TPCCharacter_C_1,100.0,111
0,3,12.3583,2,0,CountessBossAIController_1,1,3,1,-304.99,15.00,98.15,0.00,0.00,220.00,BP_TPCCharacter_C_1,BP_TPCCharacter_C_1,100.0,111
0,3,12.3750,2,0,CountessBossAIController_1,1,3,1,-307.11,17.12,98.15,0.00,0.00,220.00,BP_TPCCharacter_C_1,BP_TPCCharacter_C_1,100.0,111
0,3,12.3917,2,0,CountessBossAIController_1,1,3,1,-309.24,19.24,98.15,0.00,0.00,220.00,BP_TPCCharacter_C_1,BP_TPCCharacter_C_1,100.0,111
0,3,12.4083,2,0,CountessBossAIController_1,1,3,1,-311.36,21.36,98.15,0.00,0.00,220.00,BP_TPCCharacter_C_1,BP_TPCCharacter_C_1,100.0,111
0,3,12.4250,2,0,CountessBossAIController_1,1,3,1,-313.48,23.48,98.15,0.00,0.00,220.00,BP_TPCCharacter_C_1,BP_TPCCharacter_C_1,100.0,111
0,3,12.4417,2,0,CountessBossAIController_1,1,3,1,-315.60,25.60,98.15,0.00,0.00,220.00,BP_TPCCharacter_C_1,BP_TPCCharacter_C_1,100.0,111
0,3,12.4583,2,0,CountessBossAIController_1,1,3,1,-317.72,27.73,98.15,0.00,0.00,220.00,BP_TPCCharacter_C_1,BP_TPCCharacter_C_1,100.0,112
0,3,12.4750,2,0,CountessBossAIController_1,1,3,1,-319.84,29.85,98.15,0.00,0.00,220.00,BP_TPCCharacter_C_1,BP_TPCCharacter_C_1,100.0,112
0,3,12.4917,2,0,CountessBossAIController_1,1,3,1,-321.96,31.97,98.15,0.00,0.00,220.00,BP_TPCCharacter_C_1,BP_TPCCharacter_C_1,100.0,112
0,3,12.5083,2,0,CountessBossAIController_1,1,3,1,-324.09,34.09,98.15,0.00,0.00,220.00,BP_TPCCharacter_C_1,BP_TPCCharacter_C_1,100.0,112
0,3,12.5250,2,0,CountessBossAIController_1,1,3,1,-326.21,36.21,98.15,0.00,0.00,220.00,BP_TPCCharacter_C_1,BP_TPCCharacter_C_1,100.0,112
0,3,12.5417,2,0,CountessBossAIController_1,1,3,1,-328.33,38.33,98.15,0.00,0.00,220.00,BP_TPCCharacter_C_1,BP_TPCCharacter_C_1,100.0,112
0,3,12.5583,2,0,CountessBossAIController_1,1,3,1,-330.45,40.45,98.15,0.00,0.00,220.00,BP_TPCCharacter_C_1,BP_TPCCharacter_C_1,100.0,112
0,3,12.5750,2,0,CountessBossAIController_1,1,3,1,-332.57,42.57,98.15,0.00,0.00,220.00,BP_TPCCharacter_C_1,BP_TPCCharacter_C_1,100.0,113
0,3,12.5917,2,0,CountessBossAIController_1,1,3,1,-334.69,44.70,98.15,0.00,0.00,220.00,BP_TPCCharacter_C_1,BP_TPCCharacter_C_1,100.0,113
0,3,12.6083,2,0,CountessBossAIController_1,1,3,1,-336.81,46.82,98.15,0.00,0.00,220.00,BP_TPCCharacter_C_1,BP_TPCCharacter_C_1,100.0,113
0,3,12.6250,2,0,CountessBossAIController_1,1,3,1,-338.94,48.94,98.15,0.00,0.00,220.00,BP_TPCCharacter_C_1,BP_TPCCharacter_C_1,100.0,113
0,3,12.6417,2,0,CountessBossAIController_1,1,3,1,-340.98,51.13,98.15,0.00,0.00,220.00,BP_TPCCharacter_C_1,BP_TPCCharacter_C_1,100.0,113
0,3,12.6583,2,0,CountessBossAIController_1,1,3,1,-343.03,53.32,98.15,0.00,0.00,220.00,BP_TPCCharacter_C_1,BP_TPCCharacter_C_1,100.0,113
0,3,12.6750,2,0,CountessBossAIController_1,1,3,1,-345.08,55.51,98.15,0.00,0.00,220.00,BP_TPCCharacter_C_1,BP_TPCCharacter_C_1,100.0,113
0,3,12.6917,2,0,CountessBossAIController_1,1,3,1,-347.13,57.70,98.15,0.00,0.00,220.00,BP_TPCCharacter_C_1,BP_TPCCharacter_C_1,100.0,114
0,3,12.7083,2,0,CountessBossAIController_1,1,3,1,-349.18,59.89,98.15,0.00,0.00,220.00,BP_TPCCharacter_C_1,BP_TPCCharacter_C_1,100.0,114
0,3,12.7250,2,0,CountessBossAIController_1,1,3,1,-351.23,62.08,98.15,0.00,0.00,220.00,BP_TPCCharacter_C_1,BP_TPCCharacter_C_1,100.0,114
0,3,12.7417,2,0,CountessBossAIController_1,1,3,1,-353.28,64.27,98.15,0.00,0.00,220.00,BP_TPCCharacter_C_1,BP_TPCCharacter_C_1,100.0,114
0,3,12.7583,2,0,CountessBossAIController_1,1,3,1,-355.33,66.46,98.15,0.00,0.00,220.00,BP_TPCCharacter_C_1,BP_TPCCharacter_C_1,100.0,114
0,3,12.7750,2,0,CountessBossAIController_1,1,3,1,-357.38,68.66,98.15,0.00,0.00,220.00,BP_TPCCharacter_C_1,BP_TPCCharacter_C_1,100.0,114
0,3,12.7917,2,0,CountessBossAIController_1,1,3,1,-359.43,70.85,98.15,0.00,0.00,220.00,BP_TPCCharacter_C_1,BP_TPCCharacter_C_1,100.0,114
0,3,12.8083,2,0,CountessBossAIController_1,1,3,1,-361.48,73.04,98.15,0.00,0.00,220.00,BP_TPCCharacter_C_1,BP_TPCCharacter_C_1,100.0,115
0,3,12.8250,2,0,CountessBossAIController_1,1,3,1,-363.53,75.23,98.15,0.00,0.00,220.00,BP_TPCCharacter_C_1,BP_TPCCharacter_C_1,100.0,115
0,3,12.8417,2,0,CountessBossAIController_1,1,3,1,-365.58,77.42,98.15,0.00,0.00,220.00,BP_TPCCharacter_C_1,BP_TPCCharacter_C_1,100.0,115
0,3,12.8583,2,0,CountessBossAIController_1,1,3,1,-367.63,79.61,98.15,0.00,0.00,220.00,BP_TPCCharacter_C_1,BP_TPCCharacter_C_1,100.0,115
0,3,12.8750,2,0,CountessBossAIController_1,1,3,1,-369.68,81.80,98.15,0.00,0.00,220.00,BP_TPCCharacter_C_1,BP_TPCCharacter_C_1,100.0,115
0,3,12.8917,2,0,CountessBossAIController_1,1,3,1,-371.73,83.99,98.15,0.00,0.00,220.00,BP_TPCCharacter_C_1,BP_TPCCharacter_C_1,100.0,115
0,3,12.9083,2,0,CountessBossAIController_1,1,3,1,-373.78,86.18,98.15,0.00,0.00,220.00,BP_TPCCharacter_C_1,BP_TPCCharacter_C_1,100.0,115
0,3,12.9250,2,0,CountessBossAIController_1,1,3,1,-375.83,88.37,98.15,0.00,0.00,220.00,BP_TPCCharacter_C_1,BP_TPCCharacter_C_1,100.0,116
0,3,12.9417,2,0,CountessBossAIController_1,1,3,1,-377.88,90.56,98.15,0.00,0.00,220.00,BP_TPCCharacter_C_1,BP_TPCCharacter_C_1,100.0,116
0,3,12.9583,2,0,CountessBossAIController_1,1,3,1,-379.93,92.75,98.15,0.00,0.00,220.00,BP_TPCCharacter_C_1,BP_TPCCharacter_C_1,100.0,116
0,3,12.9750,2,0,CountessBossAIController_1,1,3,1,-381.98,94.94,98.15,0.00,0.00,220.00,BP_TPCCharacter_C_1,BP_TPCCharacter_C_1,100.0,116
0,3,12.9917,2,0,CountessBossAIController_1,1,3,1,-384.02,97.14,98.15,0.00,0.00,220.00,BP_TPCCharacter_C_1,BP_TPCCharacter_C_1,100.0,116
0,3,13.0083,2,0,CountessBossAIController_1,1,3,1,-386.07,99.33,98.15,0.00,0.00,220.00,BP_TPCCharacter_C_1,BP_TPCCharacter_C_1,100.0,116
0,3,13.0250,2,0,CountessBossAIController_1,1,3,1,-388.12,101.52,98.15,0.00,0.00,220.00,BP_TPCCharacter_C_1,BP_TPCCharacter_C_1,100.0,116
0,3,13.0417,2,0,CountessBossAIController_1,1,3,1,-390.23,103.65,98.15,0.00,0.00,220.00,BP_TPCCharacter_C_1,BP_TPCCharacter_C_1,100.0,117
0,3,13.0583,2,0,CountessBossAIController_1,1,3,1,-392.33,105.79,98.15,0.00,0.00,220.00,BP_TPCCharacter_C_1,BP_TPCCharacter_C_1,100.0,117
0,3,13.0750,2,0,CountessBossAIController_1,1,3,1,-394.44,107.93,98.15,0.00,0.00,220.00,BP_TPCCharacter_C_1,BP_TPCCharacter_C_1,100.0,117
0,3,13.0917,2,0,CountessBossAIController_1,1,3,1,-396.54,110.07,98.15,0.00,0.00,220.00,BP_TPCCharacter_C_1,BP_TPCCharacter_C_1,100.0,117
0,3,13.1083,2,0,CountessBossAIController_1,1,3,1,-398.64,112.21,98.15,0.00,0.00,220.00,BP_TPCCharacter_C_1,BP_TPCCharacter_C_1,100.0,117
0,3,13.1250,2,0,CountessBossAIController_1,1,3,1,-400.75,114.35,98.15,0.00,0.00,220.00,BP_TPCCharacter_C_1,BP_TPCCharacter_C_1,100.0,117
0,3,13.1417,2,0,CountessBossAIController_1,1,3,1,-402.85,116.49,98.15,0.00,0.00,220.00,BP_TPCCharacter_C_1,BP_TPCCharacter_C_1,100.0,117
0,3,13.1583,2,0,CountessBossAIController_1,1,3,1,-404.96,118.62,98.15,0.00,0.00,220.00,BP_TPCCharacter_C_1,BP_TPCCharacter_C_1,100.0,118
0,3,13.1750,2,0,CountessBossAIController_1,1,3,1,-407.06,120.76,98.15,0.00,0.00,220.00,BP_TPCCharacter_C_1,BP_TPCCharacter_C_1,100.0,118
0,3,13.1917,2,0,CountessBossAIController_1,1,3,1,-409.16,122.90,98.15,0.00,0.00,220.00,BP_TPCCharacter_C_1,BP_TPCCharacter_C_1,100.0,118
0,3,13.2083,2,0,CountessBossAIController_1,1,3,1,-411.27,125.04,98.15,0.00,0.00,220.00,BP_TPCCharacter_C_1,BP_TPCCharacter_C_1,100.0,118
0,3,13.2250,2,0,CountessBossAIController_1,1,3,1,-413.37,127.18,98.15,0.00,0.00,220.00,BP_TPCCharacter_C_1,BP_TPCCharacter_C_1,100.0,118
0,3,13.2417,2,0,CountessBossAIController_1,1,3,1,-415.48,129.32,98.15,0.00,0.00,220.00,BP_TPCCharacter_C_1,BP_TPCCharacter_C_1,100.0,118
0,3,13.2583,2,0,CountessBossAIController_1,1,3,1,-417.58,131.45,98.15,0.00,0.00,220.00,BP_TPCCharacter_C_1,BP_TPCCharacter_C_1,100.0,118
0,3,13.2750,2,0,CountessBossAIController_1,1,3,1,-419.69,133.59,98.15,0.00,0.00,220.00,BP_TPCCharacter_C_1,BP_TPCCharacter_C_1,100.0,119
0,3,13.2917,2,0,CountessBossAIController_1,1,3,1,-421.79,135.73,98.15,0.00,0.00,220.00,BP_TPCCharacter_C_1,BP_TPCCharacter_C_1,100.0,119
0,3,13.3083,2,0,CountessBossAIController_1,1,3,1,-423.89,137.87,98.15,0.00,0.00,220.00,BP_TPCCharacter_C_1,BP_TPCCharacter_C_1,100.0,119
0,3,13.3250,2,0,CountessBossAIController_1,1,3,1,-426.00,140.01,98.15,0.00,0.00,220.00,BP_TPCCharacter_C_1,BP_TPCCharacter_C_1,100.0,119
0,3,13.3417,2,0,CountessBossAIController_1,1,3,1,-428.10,142.15,98.15,0.00,0.00,220.00,BP_TPCCharacter_C_1,BP_TPCCharacter_C_1,100.0,119
0,3,13.3583,2,0,CountessBossAIController_1,1,3,1,-430.21,144.28,98.15,0.00,0.00,220.00,BP_TPCCharacter_C_1,BP_TPCCharacter_C_1,100.0,119
0,3,13.3750,2,0,CountessBossAIController_1,1,3,1,-432.31,146.42,98.15,0.00,0.00,220.00,BP_TPCCharacter_C_1,BP_TPCCharacter_C_1,100.0,119
0,3,13.3917,2,0,CountessBossAIController_1,1,3,1,-434.41,148.56,98.15,0.00,0.00,220.00,BP_TPCCharacter_C_1,BP_TPCCharacter_C_1,100.0,120
0,3,13.4083,2,0,CountessBossAIController_1,1,3,1,-436.52,150.70,98.15,0.00,0.00,220.00,BP_TPCCharacter_C_1,BP_TPCCharacter_C_1,100.0,120
0,3,13.4250,2,0,CountessBossAIController_1,1,3,1,-436.52,150.70,98.15,0.00,0.00,220.00,BP_TPCCharacter_C_1,BP_TPCCharacter_C_1,100.0,120
0,3,13.4417,2,0,CountessBossAIController_1,1,3,1,-436.96,151.05,98.15,0.00,0.00,220.00,BP_TPCCharacter_C_1,BP_TPCCharacter_C_1,100.0,120
0,3,13.4583,2,0,CountessBossAIController_1,1,3,1,-437.86,151.76,98.15,0.00,0.00,220.00,BP_TPCCharacter_C_1,BP_TPCCharacter_C_1,100.0,120
0,3,13.4750,2,0,CountessBossAIController_1,1,3,1,-439.20,152.82,98.15,0.00,0.00,220.00,BP_TPCCharacter_C_1,BP_TPCCharacter_C_1,100.0,120
0,3,13.4917,2,0,CountessBossAIController_1,1,3,1,-440.98,154.23,98.15,0.00,0.00,220.00,BP_TPCCharacter_C_1,BP_TPCCharacter_C_1,100.0,120
0,3,13.5083,2,0,CountessBossAIController_1,1,3,1,-443.21,155.99,98.15,0.00,0.00,220.00,BP_TPCCharacter_C_1,BP_TPCCharacter_C_1,100.0,121
0,3,13.5250,2,0,CountessBossAIController_1,1,3,1,-445.56,157.85,98.15,0.00,0.00,220.00,BP_TPCCharacter_C_1,BP_TPCCharacter_C_1,100.0,121
0,3,13.5417,2,0,CountessBossAIController_1,1,3,1,-447.92,159.71,98.15,0.00,0.00,220.00,BP_TPCCharacter_C_1,BP_TPCCharacter_C_1,100.0,121
0,3,13.5583,2,0,CountessBossAIController_1,1,3,1,-450.27,161.58,98.15,0.00,0.00,220.00,BP_TPCCharacter_C_1,BP_TPCCharacter_C_1,100.0,121
0,3,13.5750,2,0,CountessBossAIController_1,1,3,1,-452.62,163.44,98.15,0.00,0.00,220.00,BP_TPCCharacter_C_1,BP_TPCCharacter_C_1,100.0,121
0,3,13.5917,2,0,CountessBossAIController_1,1,3,1,-454.98,165.30,98.15,0.00,0.00,220.00,BP_TPCCharacter_C_1,BP_TPCCharacter_C_1,100.0,121
0,3,13.6083,2,0,CountessBossAIController_1,1,3,1,-457.33,167.16,98.15,0.00,0.00,220.00,BP_TPCCharacter_C_1,BP_TPCCharacter_C_1,100.0,121
0,3,13.6250,2,0,CountessBossAIController_1,1,3,1,-459.68,169.02,98.15,0.00,0.00,220.00,BP_TPCCharacter_C_1,BP_TPCCharacter_C_1,100.0,122
0,3,13.6417,2,0,CountessBossAIController_1,1,3,1,-462.04,170.88,98.15,0.00,0.00,220.00,BP_TPCCharacter_C_1,BP_TPCCharacter_C_1,100.0,122
0,3,13.6583,2,0,CountessBossAIController_1,1,3,1,-464.39,172.74,98.15,0.00,0.00,220.00,BP_TPCCharacter_C_1,BP_TPCCharacter_C_1,100.0,122
0,3,13.6750,2,0,CountessBossAIController_1,1,3,1,-466.74,174.60,98.15,0.00,0.00,220.00,BP_TPCCharacter_C_1,BP_TPCCharacter_C_1,100.0,122
0,3,13.6917,2,0,CountessBossAIController_1,1,3,1,-469.09,176.46,98.15,0.00,0.00,220.00,BP_TPCCharacter_C_1,BP_TPCCharacter_C_1,100.0,122
0,3,13.7083,2,0,CountessBossAIController_1,1,3,1,-471.45,178.32,98.15,0.00,0.00,220.00,BP_TPCCharacter_C_1,BP_TPCCharacter_C_1,100.0,122
0,3,13.7250,2,0,CountessBossAIController_1,1,3,1,-473.80,180.19,98.15,0.00,0.00,220.00,BP_TPCCharacter_C_1,BP_TPCCharacter_C_1,100.0,122
0,3,13.7417,2,0,CountessBossAIController_1,1,3,1,-476.15,182.05,98.15,0.00,0.00,220.00,BP_TPCCharacter_C_1,BP_TPCCharacter_C_1,100.0,123
0,3,13.7583,2,0,CountessBossAIController_1,1,3,1,-478.51,183.91,98.15,0.00,0.00,220.00,BP_TPCCharacter_C_1,BP_TPCCharacter_C_1,100.0,123
0,3,13.7750,2,0,CountessBossAIController_1,1,3,1,-480.86,185.77,98.15,0.00,0.00,220.00,BP_TPCCharacter_C_1,BP_TPCCharacter_C_1,100.0,123
0,3,13.7917,2,0,CountessBossAIController_1,1,3,1,-483.21,187.63,98.15,0.00,0.00,220.00,BP_TPCCharacter_C_1,BP_TPCCharacter_C_1,100.0,123
0,3,13.8083,2,0,CountessBossAIController_1,1,3,1,-485.57,189.49,98.15,0.00,0.00,220.00,BP_TPCCharacter_C_1,BP_TPCCharacter_C_1,100.0,123
0,3,13.8250,2,0,CountessBossAIController_1,1,3,1,-487.92,191.35,98.15,0.00,0.00,220.00,BP_TPCCharacter_C_1,BP_TPCCharacter_C_1,100.0,123
0,3,13.8417,2,0,CountessBossAIController_1,1,3,1,-490.56,192.77,98.15,0.00,0.00,220.00,BP_TPCCharacter_C_1,BP_TPCCharacter_C_1,100.0,123
0,3,13.8583,2,0,CountessBossAIController_1,1,3,1,-493.20,194.20,98.15,0.00,0.00,220.00,BP_TPCCharacter_C_1,BP_TPCCharacter_C_1,100.0,124
0,3,13.8750,2,0,CountessBossAIController_1,1,3,1,-495.84,195.62,98.15,0.00,0.00,220.00,BP_TPCCharacter_C_1,BP_TPCCharacter_C_1,100.0,124
0,3,13.8917,2,0,CountessBossAIController_1,1,3,1,-498.48,197.04,98.15,0.00,0.00,220.00,BP_TPCCharacter_C_1,BP_TPCCharacter_C_1,100.0,124
0,3,13.9083,2,0,CountessBossAIController_1,1,3,1,-501.13,198.46,98.15,0.00,0.00,220.00,BP_TPCCharacter_C_1,BP_TPCCharacter_C_1,100.0,124
0,3,13.9250,2,0,CountessBossAIController_1,1,3,1,-503.77,199.89,98.15,0.00,0.00,220.00,BP_TPCCharacter_C_1,BP_TPCCharacter_C_1,100.0,124
0,3,13.9417,2,0,CountessBossAIController_1,1,3,1,-506.41,201.31,98.15,0.00,0.00,220.00,BP_TPCCharacter_C_1,BP_TPCCharacter_C_1,100.0,124
0,3,13.9583,2,0,CountessBossAIController_1,1,3,1,-509.05,202.73,98.15,0.00,0.00,220.00,BP_TPCCharacter_C_1,BP_TPCCharacter_C_1,100.0,124
0,3,13.9750,2,0,CountessBossAIController_1,1,3,1,-511.69,204.15,98.15,0.00,0.00,220.00,BP_TPCCharacter_C_1,BP_TPCCharacter_C_1,100.0,125
0,3,13.9917,2,0,CountessBossAIController_1,1,3,1,-514.33,205.57,98.15,0.00,0.00,220.00,BP_TPCCharacter_C_1,BP_TPCCharacter_C_1,100.0,125
0,3,14.0083,2,0,CountessBossAIController_1,1,3,1,-516.97,207.00,98.15,0.00,0.00,220.00,BP_TPCCharacter_C_1,BP_TPCCharacter_C_1,100.0,125
0,3,14.0250,2,0,CountessBossAIController_1,1,3,1,-519.62,208.42,98.15,0.00,0.00,220.00,BP_TPCCharacter_C_1,BP_TPCCharacter_C_1,100.0,125
0,3,14.0417,2,0,CountessBossAIController_1,1,3,1,-522.26,209.84,98.15,0.00,0.00,220.00,BP_TPCCharacter_C_1,BP_TPCCharacter_C_1,100.0,125
0,3,14.0583,2,0,CountessBossAIController_1,1,3,1,-524.90,211.26,98.15,0.00,0.00,220.00,BP_TPCCharacter_C_1,BP_TPCCharacter_C_1,100.0,125
0,3,14.0750,2,0,CountessBossAIController_1,1,3,1,-527.54,212.69,98.15,0.00,0.00,220.00,BP_TPCCharacter_C_1,BP_TPCCharacter_C_1,100.0,125
0,3,14.0917,2,0,CountessBossAIController_1,1,3,1,-530.18,214.11,98.15,0.00,0.00,220.00,BP_TPCCharacter_C_1,BP_TPCCharacter_C_1,100.0,126
0,3,14.1083,2,0,CountessBossAIController_1,1,3,1,-532.82,215.53,98.15,0.00,0.00,220.00,BP_TPCCharacter_C_1,BP_TPCCharacter_C_1,100.0,126
0,3,14.1250,2,0,CountessBossAIController_1,1,3,1,-535.47,216.95,98.15,0.00,0.00,220.00,BP_TPCCharacter_C_1,BP_TPCCharacter_C_1,100.0,126
0,3,14.1417,2,0,CountessBossAIController_1,1,3,1,-538.11,218.37,98.15,0.00,0.00,220.00,BP_TPCCharacter_C_1,BP_TPCCharacter_C_1,100.0,126
0,3,14.1583,2,0,CountessBossAIController_1,1,0,1,-540.75,219.80,98.15,0.00,0.00,220.00,BP_TPCCharacter_C_1,BP_TPCCharacter_C_1,100.0,126
0,3,14.1750,2,0,CountessBossAIController_1,1,0,1,-540.75,219.80,98.15,0.00,0.00,220.00,BP_TPCCharacter_C_1,BP_TPCCharacter_C_1,100.0,126
0,3,14.1917,2,0,CountessBossAIController_1,1,0,1,-540.75,219.80,98.15,0.00,0.00,220.00,BP_TPCCharacter_C_1,BP_TPCCharacter_C_1,100.0,126
0,3,14.2083,2,0,CountessBossAIController_1,1,3,1,-540.75,219.80,98.15,0.00,0.00,220.00,BP_TPCCharacter_C_1,BP_TPCCharacter_C_1,100.0,127
0,3,14.2250,2,0,CountessBossAIController_1,1,3,1,-541.29,219.95,98.15,0.00,0.00,220.00,BP_TPCCharacter_C_1,BP_TPCCharacter_C_1,100.0,127
0,3,14.2417,2,0,CountessBossAIController_1,1,3,1,-542.39,220.27,98.15,0.00,0.00,220.00,BP_TPCCharacter_C_1,BP_TPCCharacter_C_1,100.0,127
0,3,14.2583,2,0,CountessBossAIController_1,1,3,1,-544.03,220.74,98.15,0.00,0.00,220.00,BP_TPCCharacter_C_1,BP_TPCCharacter_C_1,100.0,127
0,3,14.2750,2,0,CountessBossAIController_1,1,3,1,-546.21,221.38,98.15,0.00,0.00,220.00,BP_TPCCharacter_C_1,BP_TPCCharacter_C_1,100.0,127
0,3,14.2917,2,0,CountessBossAIController_1,1,3,1,-548.95,222.17,98.15,0.00,0.00,220.00,BP_TPCCharacter_C_1,BP_TPCCharacter_C_1,100.0,127
0,3,14.3083,2,0,CountessBossAIController_1,1,3,1,-551.83,223.00,98.15,0.00,0.00,220.00,BP_TPCCharacter_C_1,BP_TPCCharacter_C_1,100.0,127
0,3,14.3250,2,0,CountessBossAIController_1,1,3,1,-554.71,223.83,98.15,0.00,0.00,220.00,BP_TPCCharacter_C_1,BP_TPCCharacter_C_1,100.0,128
0,3,14.3417,2,0,CountessBossAIController_1,1,3,1,-557.59,224.67,98.15,0.00,0.00,220.00,BP_TPCCharacter_C_1,BP_TPCCharacter_C_1,100.0,128
0,3,14.3583,2,0,CountessBossAIController_1,1,3,1,-560.47,225.50,98.15,0.00,0.00,220.00,BP_TPCCharacter_C_1,BP_TPCCharacter_C_1,100.0,128
0,3,14.3750,2,0,CountessBossAIController_1,1,3,1,-563.36,226.33,98.15,0.00,0.00,220.00,BP_TPCCharacter_C_1,BP_TPCCharacter_C_1,100.0,128
0,3,14.3917,2,0,CountessBossAIController_1,1,3,1,-566.24,227.17,98.15,0.00,0.00,220.00,BP_TPCCharacter_C_1,BP_TPCCharacter_C_1,100.0,128
0,3,14.4083,2,0,CountessBossAIController_1,1,3,1,-569.12,228.00,98.15,0.00,0.00,220.00,BP_TPCCharacter_C_1,BP_TPCCharacter_C_1,100.0,128
0,3,14.4250,2,0,CountessBossAIController_1,1,3,1,-572.00,228.83,98.15,0.00,0.00,220.00,BP_TPCCharacter_C_1,BP_TPCCharacter_C_1,100.0,128
0,3,14.4417,2,0,CountessBossAIController_1,1,3,1,-574.88,229.67,98.15,0.00,0.00,220.00,BP_TPCCharacter_C_1,BP_TPCCharacter_C_1,100.0,129
0,3,14.4583,2,0,CountessBossAIController_1,1,3,1,-577.77,230.50,98.15,0.00,0.00,220.00,BP_TPCCharacter_C_1,BP_TPCCharacter_C_1,100.0,129
0,3,14.4750,2,0,CountessBossAIController_1,1,3,1,-580.65,231.33,98.15,0.00,0.00,220.00,BP_TPCCharacter_C_1,BP_TPCCharacter_C_1,100.0,129
0,3,14.4917,2,0,CountessBossAIController_1,1,3,1,-583.53,232.17,98.15,0.00,0.00,220.00,BP_TPCCharacter_C_1,BP_TPCCharacter_C_1,100.0,129
0,3,14.5083,2,0,CountessBossAIController_1,1,3,1,-586.41,233.00,98.15,0.00,0.00,220.00,BP_TPCCharacter_C_1,BP_TPCCharacter_C_1,100.0,129
0,3,14.5250,2,0,CountessBossAIController_1,1,3,1,-589.29,233.83,98.15,0.00,0.00,220.00,BP_TPCCharacter_C_1,BP_TPCCharacter_C_1,100.0,129
0,3,14.5417,2,0,CountessBossAIController_1,1,3,1,-592.17,234.67,98.15,0.00,0.00,220.00,BP_TPCCharacter_C_1,BP_TPCCharacter_C_1,100.0,129
0,3,14.5583,2,0,CountessBossAIController_1,1,3,1,-595.06,235.50,98.15,0.00,0.00,220.00,BP_TPCCharacter_C_1,BP_TPCCharacter_C_1,100.0,130
0,3,14.5750,2,0,CountessBossAIController_1,1,3,1,-597.94,236.33,98.15,0.00,0.00,220.00,BP_TPCCharacter_C_1,BP_TPCCharacter_C_1,100.0,130
0,3,14.5917,2,0,CountessBossAIController_1,1,0,1,-600.82,237.17,98.15,0.00,0.00,220.00,BP_TPCCharacter_C_1,BP_TPCCharacter_C_1,100.0,130
0,3,14.6083,2,0,CountessBossAIController_1,1,3,1,-600.82,237.17,98.15,0.00,0.00,220.00,BP_TPCCharacter_C_1,BP_TPCCharacter_C_1,100.0,130
0,3,14.6250,2,0,CountessBossAIController_1,1,3,1,-601.39,237.19,98.15,0.00,0.00,220.00,BP_TPCCharacter_C_1,BP_TPCCharacter_C_1,100.0,130
0,3,14.6417,2,0,CountessBossAIController_1,1,3,1,-602.53,237.25,98.15,0.00,0.00,220.00,BP_TPCCharacter_C_1,BP_TPCCharacter_C_1,100.0,130
0,3,14.6583,2,0,CountessBossAIController_1,1,3,1,-604.23,237.33,98.15,0.00,0.00,220.00,BP_TPCCharacter_C_1,BP_TPCCharacter_C_1,100.0,130
0,3,14.6750,2,0,CountessBossAIController_1,1,3,1,-606.50,237.43,98.15,0.00,0.00,220.00,BP_TPCCharacter_C_1,BP_TPCCharacter_C_1,100.0,131
0,3,14.6917,2,0,CountessBossAIController_1,1,3,1,-609.34,237.57,98.15,0.00,0.00,220.00,BP_TPCCharacter_C_1,BP_TPCCharacter_C_1,100.0,131
0,3,14.7083,2,0,CountessBossAIController_1,1,3,1,-612.34,237.71,98.15,0.00,0.00,220.00,BP_TPCCharacter_C_1,BP_TPCCharacter_C_1,100.0,131
0,3,14.7250,2,0,CountessBossAIController_1,1,3,1,-615.34,237.85,98.15,0.00,0.00,220.00,BP_TPCCharacter_C_1,BP_TPCCharacter_C_1,100.0,131
0,3,14.7417,2,0,CountessBossAIController_1,1,3,1,-618.33,237.99,98.15,0.00,0.00,220.00,BP_TPCCharacter_C_1,BP_TPCCharacter_C_1,100.0,131
0,3,14.7583,2,0,CountessBossAIController_1,1,3,1,-621.33,238.13,98.15,0.00,0.00,220.00,BP_TPCCharacter_C_1,BP_TPCCharacter_C_1,100.0,131
0,3,14.7750,2,0,CountessBossAIController_1,1,3,1,-624.33,238.27,98.15,0.00,0.00,220.00,BP_TPCCharacter_C_1,BP_TPCCharacter_C_1,100.0,131
0,3,14.7917,2,0,CountessBossAIController_1,1,3,1,-627.32,238.42,98.15,0.00,0.00,220.00,BP_TPCCharacter_C_1,BP_TPCCharacter_C_1,100.0,132
0,3,14.8083,2,0,CountessBossAIController_1,1,3,1,-630.32,238.56,98.15,0.00,0.00,220.00,BP_TPCCharacter_C_1,BP_TPCCharacter_C_1,100.0,132
0,3,14.8250,2,0,CountessBossAIController_1,1,3,1,-633.32,238.70,98.15,0.00,0.00,220.00,BP_TPCCharacter_C_1,BP_TPCCharacter_C_1,100.0,132
0,3,14.8417,2,0,CountessBossAIController_1,1,3,1,-636.31,238.84,98.15,0.00,0.00,220.00,BP_TPCCharacter_C_1,BP_TPCCharacter_C_1,100.0,132
0,3,14.8583,2,0,CountessBossAIController_1,1,3,1,-639.31,238.98,98.15,0.00,0.00,220.00,BP_TPCCharacter_C_1,BP_TPCCharacter_C_1,100.0,132
0,3,14.8750,2,0,CountessBossAIController_1,1,3,1,-642.31,239.12,98.15,0.00,0.00,220.00,BP_TPCCharacter_C_1,BP_TPCCharacter_C_1,100.0,132
0,3,14.8917,2,0,CountessBossAIController_1,1,3,1,-645.30,239.26,98.15,0.00,0.00,220.00,BP_TPCCharacter_C_1,BP_TPCCharacter_C_1,100.0,132
0,3,14.9083,2,0,CountessBossAIController_1,1,3,1,-648.30,239.40,98.15,0.00,0.00,220.00,BP_TPCCharacter_C_1,BP_TPCCharacter_C_1,100.0,133
0,3,14.9250,2,0,CountessBossAIController_1,1,3,1,-651.30,239.55,98.15,0.00,0.00,220.00,BP_TPCCharacter_C_1,BP_TPCCharacter_C_1,100.0,133
0,3,14.9417,2,0,CountessBossAIController_1,1,3,1,-654.29,239.69,98.15,0.00,0.00,220.00,BP_TPCCharacter_C_1,BP_TPCCharacter_C_1,100.0,133
0,3,14.9583,2,0,CountessBossAIController_1,1,3,1,-657.29,239.83,98.15,0.00,0.00,220.00,BP_TPCCharacter_C_1,BP_TPCCharacter_C_1,100.0,133
0,3,14.9750,2,0,CountessBossAIController_1,1,3,1,-660.29,239.97,98.15,0.00,0.00,220.00,BP_TPCCharacter_C_1,BP_TPCCharacter_C_1,100.0,133
0,3,14.9917,2,0,CountessBossAIController_1,1,0,1,-663.28,240.11,98.15,0.00,0.00,220.00,BP_TPCCharacter_C_1,BP_TPCCharacter_C_1,100.0,133
0,3,15.0083,2,0,CountessBossAIController_1,1,3,1,-663.28,240.11,98.15,0.00,0.00,220.00,BP_TPCCharacter_C_1,BP_TPCCharacter_C_1,100.0,133
0,3,15.0250,2,0,CountessBossAIController_1,1,3,1,-663.84,240.00,98.15,0.00,0.00,220.00,BP_TPCCharacter_C_1,BP_TPCCharacter_C_1,100.0,134
0,3,15.0417,2,0,CountessBossAIController_1,1,3,1,-664.96,239.77,98.15,0.00,0.00,220.00,BP_TPCCharacter_C_1,BP_TPCCharacter_C_1,100.0,134
0,3,15.0583,2,0,CountessBossAIController_1,1,3,1,-666.63,239.43,98.15,0.00,0.00,220.00,BP_TPCCharacter_C_1,BP_TPCCharacter_C_1,100.0,134
0,3,15.0750,2,0,CountessBossAIController_1,1,3,1,-668.86,238.98,98.15,0.00,0.00,220.00,BP_TPCCharacter_C_1,BP_TPCCharacter_C_1,100.0,134
0,3,15.0917,2,0,CountessBossAIController_1,1,3,1,-671.65,238.41,98.15,0.00,0.00,220.00,BP_TPCCharacter_C_1,BP_TPCCharacter_C_1,100.0,134
0,3,15.1083,2,0,CountessBossAIController_1,1,3,1,-674.59,237.81,98.15,0.00,0.00,220.00,BP_TPCCharacter_C_1,BP_TPCCharacter_C_1,100.0,134
0,3,15.1250,2,0,CountessBossAIController_1,1,3,1,-677.53,237.22,98.15,0.00,0.00,220.00,BP_TPCCharacter_C_1,BP_TPCCharacter_C_1,100.0,134
0,3,15.1417,2,0,CountessBossAIController_1,1,3,1,-680.47,236.62,98.15,0.00,0.00,220.00,BP_TPCCharacter_C_1,BP_TPCCharacter_C_1,100.0,135
0,3,15.1583,2,0,CountessBossAIController_1,1,3,1,-683.41,236.02,98.15,0.00,0.00,220.00,BP_TPCCharacter_C_1,BP_TPCCharacter_C_1,100.0,135
0,3,15.1750,2,0,CountessBossAIController_1,1,3,1,-686.35,235.42,98.15,0.00,0.00,220.00,BP_TPCCharacter_C_1,BP_TPCCharacter_C_1,100.0,135
0,3,15.1917,2,0,CountessBossAIController_1,1,3,1,-689.29,234.83,98.15,0.00,0.00,220.00,BP_TPCCharacter_C_1,BP_TPCCharacter_C_1,100.0,135
0,3,15.2083,2,0,CountessBossAIController_1,1,3,1,-692.23,234.23,98.15,0.00,0.00,220.00,BP_TPCCharacter_C_1,BP_TPCCharacter_C_1,100.0,135
0,3,15.2250,2,0,CountessBossAIController_1,1,3,1,-695.17,233.63,98.15,0.00,0.00,220.00,BP_TPCCharacter_C_1,BP_TPCCharacter_C_1,100.0,135
0,3,15.2417,2,0,CountessBossAIController_1,1,3,1,-698.11,233.03,98.15,0.00,0.00,220.00,BP_TPCCharacter_C_1,BP_TPCCharacter_C_1,100.0,135
0,3,15.2583,2,0,CountessBossAIController_1,1,3,1,-701.05,232.44,98.15,0.00,0.00,220.00,BP_TPCCharacter_C_1,BP_TPCCharacter_C_1,100.0,136
0,3,15.2750,2,0,CountessBossAIController_1,1,3,1,-703.99,231.84,98.15,0.00,0.00,220.00,BP_TPCCharacter_C_1,BP_TPCCharacter_C_1,100.0,136
0,3,15.2917,2,0,CountessBossAIController_1,1,3,1,-706.93,231.24,98.15,0.00,0.00,220.00,BP_TPCCharacter_C_1,BP_TPCCharacter_C_1,100.0,136
0,3,15.3083,2,0,CountessBossAIController_1,1,3,1,-709.87,230.64,98.15,0.00,0.00,220.00,BP_TPCCharacter_C_1,BP_TPCCharacter_C_1,100.0,136
0,3,15.3250,2,0,CountessBossAIController_1,1,3,1,-712.81,230.05,98.15,0.00,0.00,220.00,BP_TPCCharacter_C_1,BP_TPCCharacter_C_1,100.0,136
0,3,15.3417,2,0,CountessBossAIController_1,1,3,1,-715.75,229.45,98.15,0.00,0.00,220.00,BP_TPCCharacter_C_1,BP_TPCCharacter_C_1,100.0,136
0,3,15.3583,2,0,CountessBossAIController_1,1,3,1,-718.69,228.85,98.15,0.00,0.00,220.00,BP_TPCCharacter_C_1,BP_TPCCharacter_C_1,100.0,136
0,3,15.3750,2,0,CountessBossAIController_1,1,3,1,-721.63,228.25,98.15,0.00,0.00,220.00,BP_TPCCharacter_C_1,BP_TPCCharacter_C_1,100.0,137
0,3,15.3917,2,0,CountessBossAIController_1,1,0,1,-724.57,227.66,98.15,0.00,0.00,220.00,BP_TPCCharacter_C_1,BP_TPCCharacter_C_1,100.0,137
0,3,15.4083,2,0,CountessBossAIController_1,1,3,1,-724.57,227.66,98.15,0.00,0.00,220.00,BP_TPCCharacter_C_1,BP_TPCCharacter_C_1,100.0,137
0,3,15.4250,2,0,CountessBossAIController_1,1,3,1,-725.08,227.41,98.15,0.00,0.00,220.00,BP_TPCCharacter_C_1,BP_TPCCharacter_C_1,100.0,137
0,3,15.4417,2,0,CountessBossAIController_1,1,3,1,-726.10,226.91,98.15,0.00,0.00,220.00,BP_TPCCharacter_C_1,BP_TPCCharacter_C_1,100.0,137
0,3,15.4583,2,0,CountessBossAIController_1,1,3,1,-727.63,226.16,98.15,0.00,0.00,220.00,BP_TPCCharacter_C_1,BP_TPCCharacter_C_1,100.0,137
0,3,15.4750,2,0,CountessBossAIController_1,1,3,1,-729.67,225.15,98.15,0.00,0.00,220.00,BP_TPCCharacter_C_1,BP_TPCCharacter_C_1,100.0,137
0,3,15.4917,2,0,CountessBossAIController_1,1,3,1,-732.23,223.90,98.15,0.00,0.00,220.00,BP_TPCCharacter_C_1,BP_TPCCharacter_C_1,100.0,138
0,3,15.5083,2,0,CountessBossAIController_1,1,3,1,-734.92,222.58,98.15,0.00,0.00,220.00,BP_TPCCharacter_C_1,BP_TPCCharacter_C_1,100.0,138
0,3,15.5250,2,0,CountessBossAIController_1,1,3,1,-737.62,221.27,98.15,0.00,0.00,220.00,BP_TPCCharacter_C_1,BP_TPCCharacter_C_1,100.0,138
0,3,15.5417,2,0,CountessBossAIController_1,1,3,1,-740.31,219.95,98.15,0.00,0.00,220.00,BP_TPCCharacter_C_1,BP_TPCCharacter_C_1,100.0,138
0,3,15.5583,2,0,CountessBossAIController_1,1,3,1,-743.01,218.63,98.15,0.00,0.00,220.00,BP_TPCCharacter_C_1,BP_TPCCharacter_C_1,100.0,138
0,3,15.5750,2,0,CountessBossAIController_1,1,3,1,-745.70,217.31,98.15,0.00,0.00,220.00,BP_TPCCharacter_C_1,BP_TPCCharacter_C_1,100.0,138
0,3,15.5917,2,0,CountessBossAIController_1,1,3,1,-748.40,215.99,98.15,0.00,0.00,220.00,BP_TPCCharacter_C_1,BP_TPCCharacter_C_1,100.0,138
0,3,15.6083,2,0,CountessBossAIController_1,1,3,1,-751.09,214.67,98.15,0.00,0.00,220.00,BP_TPCCharacter_C_1,BP_TPCCharacter_C_1,100.0,139
0,3,15.6250,2,0,CountessBossAIController_1,1,3,1,-753.78,213.35,98.15,0.00,0.00,220.00,BP_TPCCharacter_C_1,BP_TPCCharacter_C_1,100.0,139
0,3,15.6417,2,0,CountessBossAIController_1,1,3,1,-756.48,212.03,98.15,0.00,0.00,220.00,BP_TPCCharacter_C_1,BP_TPCCharacter_C_1,100.0,139
0,3,15.6583,2,0,CountessBossAIController_1,1,3,1,-759.17,210.71,98.15,0.00,0.00,220.00,BP_TPCCharacter_C_1,BP_TPCCharacter_C_1,100.0,139
0,3,15.6750,2,0,CountessBossAIController_1,1,3,1,-761.87,209.39,98.15,0.00,0.00,220.00,BP_TPCCharacter_C_1,BP_TPCCharacter_C_1,100.0,139
0,3,15.6917,2,0,CountessBossAIController_1,1,3,1,-764.56,208.07,98.15,0.00,0.00,220.00,BP_TPCCharacter_C_1,BP_TPCCharacter_C_1,100.0,139
0,3,15.7083,2,0,CountessBossAIController_1,1,3,1,-767.26,206.75,98.15,0.00,0.00,220.00,BP_TPCCharacter_C_1,BP_TPCCharacter_C_1,100.0,139
0,3,15.7250,2,0,CountessBossAIController_1,1,3,1,-769.95,205.43,98.15,0.00,0.00,220.00,BP_TPCCharacter_C_1,BP_TPCCharacter_C_1,100.0,140
0,3,15.7417,2,0,CountessBossAIController_1,1,3,1,-772.64,204.12,98.15,0.00,0.00,220.00,BP_TPCCharacter_C_1,BP_TPCCharacter_C_1,100.0,140
0,3,15.7583,2,0,CountessBossAIController_1,1,3,1,-775.34,202.80,98.15,0.00,0.00,220.00,BP_TPCCharacter_C_1,BP_TPCCharacter_C_1,100.0,140
0,3,15.7750,2,0,CountessBossAIController_1,1,3,1,-778.03,201.48,98.15,0.00,0.00,220.00,BP_TPCCharacter_C_1,BP_TPCCharacter_C_1,100.0,140
0,3,15.7917,2,0,CountessBossAIController_1,1,0,1,-780.73,200.16,98.15,0.00,0.00,220.00,BP_TPCCharacter_C_1,BP_TPCCharacter_C_1,100.0,140
0,3,15.8083,2,0,CountessBossAIController_1,1,3,1,-780.73,200.16,98.15,0.00,0.00,220.00,BP_TPCCharacter_C_1,BP_TPCCharacter_C_1,100.0,140
0,3,15.8250,2,0,CountessBossAIController_1,1,3,1,-781.16,199.79,98.15,0.00,0.00,220.00,BP_TPCCharacter_C_1,BP_TPCCharacter_C_1,100.0,140
0,3,15.8417,2,0,CountessBossAIController_1,1,3,1,-782.02,199.04,98.15,0.00,0.00,220.00,BP_TPCCharacter_C_1,BP_TPCCharacter_C_1,100.0,141
0,3,15.8583,2,0,CountessBossAIController_1,1,3,1,-783.31,197.92,98.15,0.00,0.00,220.00,BP_TPCCharacter_C_1,BP_TPCCharacter_C_1,100.0,141
0,3,15.8750,2,0,CountessBossAIController_1,1,3,1,-785.03,196.43,98.15,0.00,0.00,220.00,BP_TPCCharacter_C_1,BP_TPCCharacter_C_1,100.0,141
0,3,15.8917,2,0,CountessBossAIController_1,1,3,1,-787.18,194.57,98.15,0.00,0.00,220.00,BP_TPCCharacter_C_1,BP_TPCCharacter_C_1,100.0,141
0,3,15.9083,2,0,CountessBossAIController_1,1,3,1,-789.44,192.61,98.15,0.00,0.00,220.00,BP_TPCCharacter_C_1,BP_TPCCharacter_C_1,100.0,141
0,3,15.9250,2,0,CountessBossAIController_1,1,3,1,-791.71,190.64,98.15,0.00,0.00,220.00,BP_TPCCharacter_C_1,BP_TPCCharacter_C_1,100.0,141
0,3,15.9417,2,0,CountessBossAIController_1,1,3,1,-793.98,188.68,98.15,0.00,0.00,220.00,BP_TPCCharacter_C_1,BP_TPCCharacter_C_1,100.0,141
0,3,15.9583,2,0,CountessBossAIController_1,1,3,1,-796.25,186.71,98.15,0.00,0.00,220.00,BP_TPCCharacter_C_1,BP_TPCCharacter_C_1,100.0,142
0,3,15.9750,2,0,CountessBossAIController_1,1,3,1,-798.51,184.75,98.15,0.00,0.00,220.00,BP_TPCCharacter_C_1,BP_TPCCharacter_C_1,100.0,142
0,3,15.9917,2,0,CountessBossAIController_1,1,3,1,-800.78,182.78,98.15,0.00,0.00,220.00,BP_TPCCharacter_C_1,BP_TPCCharacter_C_1,100.0,142
0,3,16.0083,2,0,CountessBossAIController_1,1,3,1,-803.05,180.82,98.15,0.00,0.00,220.00,BP_TPCCharacter_C_1,BP_TPCCharacter_C_1,100.0,142
0,3,16.0250,2,0,CountessBossAIController_1,1,3,1,-805.32,178.85,98.15,0.00,0.00,220.00,BP_TPCCharacter_C_1,BP_TPCCharacter_C_1,100.0,142
0,3,16.0417,2,0,CountessBossAIController_1,1,3,1,-807.58,176.89,98.15,0.00,0.00,220.00,BP_TPCCharacter_C_1,BP_TPCCharacter_C_1,100.0,142
0,3,16.0583,2,0,CountessBossAIController_1,1,3,1,-809.85,174.93,98.15,0.00,0.00,220.00,BP_TPCCharacter_C_1,BP_TPCCharacter_C_1,100.0,142
0,3,16.0750,2,0,CountessBossAIController_1,1,3,1,-812.12,172.96,98.15,0.00,0.00,220.00,BP_TPCCharacter_C_1,BP_TPCCharacter_C_1,100.0,143
0,3,16.0917,2,0,CountessBossAIController_1,1,3,1,-814.39,171.00,98.15,0.00,0.00,220.00,BP_TPCCharacter_C_1,BP_TPCCharacter_C_1,100.0,143
0,3,16.1083,2,0,CountessBossAIController_1,1,3,1,-816.65,169.03,98.15,0.00,0.00,220.00,BP_TPCCharacter_C_1,BP_TPCCharacter_C_1,100.0,143
0,3,16.1250,2,0,CountessBossAIController_1,1,3,1,-818.92,167.07,98.15,0.00,0.00,220.00,BP_TPCCharacter_C_1,BP_TPCCharacter_C_1,100.0,143
0,3,16.1417,2,0,CountessBossAIController_1,1,3,1,-821.19,165.10,98.15,0.00,0.00,220.00,BP_TPCCharacter_C_1,BP_TPCCharacter_C_1,100.0,143
0,3,16.1583,2,0,CountessBossAIController_1,1,3,1,-823.46,163.14,98.15,0.00,0.00,220.00,BP_TPCCharacter_C_1,BP_TPCCharacter_C_1,100.0,143
0,3,16.1750,2,0,CountessBossAIController_1,1,3,1,-825.72,161.17,98.15,0.00,0.00,220.00,BP_TPCCharacter_C_1,BP_TPCCharacter_C_1,100.0,143
0,3,16.1917,2,0,CountessBossAIController_1,1,0,1,-827.99,159.21,98.15,0.00,0.00,220.00,BP_TPCCharacter_C_1,BP_TPCCharacter_C_1,100.0,144
0,3,16.2083,2,0,CountessBossAIController_1,1,3,1,-827.99,159.21,98.15,0.00,0.00,220.00,BP_TPCCharacter_C_1,BP_TPCCharacter_C_1,100.0,144
0,3,16.2250,2,0,CountessBossAIController_1,1,3,1,-828.31,158.74,98.15,0.00,0.00,220.00,BP_TPCCharacter_C_1,BP_TPCCharacter_C_1,100.0,144
0,3,16.2417,2,0,CountessBossAIController_1,1,3,1,-828.95,157.80,98.15,0.00,0.00,220.00,BP_TPCCharacter_C_1,BP_TPCCharacter_C_1,100.0,144
0,3,16.2583,2,0,CountessBossAIController_1,1,3,1,-829.91,156.39,98.15,0.00,0.00,220.00,BP_TPCCharacter_C_1,BP_TPCCharacter_C_1,100.0,144
0,3,16.2750,2,0,CountessBossAIController_1,1,3,1,-831.18,154.50,98.15,0.00,0.00,220.00,BP_TPCCharacter_C_1,BP_TPCCharacter_C_1,100.0,144
0,3,16.2917,2,0,CountessBossAIController_1,1,3,1,-832.78,152.15,98.15,0.00,0.00,220.00,BP_TPCCharacter_C_1,BP_TPCCharacter_C_1,100.0,144
0,3,16.3083,2,0,CountessBossAIController_1,1,3,1,-834.47,149.67,98.15,0.00,0.00,220.00,BP_TPCCharacter_C_1,BP_TPCCharacter_C_1,100.0,145
0,3,16.3250,2,0,CountessBossAIController_1,1,3,1,-836.15,147.18,98.15,0.00,0.00,220.00,BP_TPCCharacter_C_1,BP_TPCCharacter_C_1,100.0,145
0,3,16.3417,2,0,CountessBossAIController_1,1,3,1,-837.84,144.70,98.15,0.00,0.00,220.00,BP_TPCCharacter_C_1,BP_TPCCharacter_C_1,100.0,145
0,3,16.3583,2,0,CountessBossAIController_1,1,3,1,-839.52,142.22,98.15,0.00,0.00,220.00,BP_TPCCharacter_C_1,BP_TPCCharacter_C_1,100.0,145
0,3,16.3750,2,0,CountessBossAIController_1,1,3,1,-841.20,139.74,98.15,0.00,0.00,220.00,BP_TPCCharacter_C_1,BP_TPCCharacter_C_1,100.0,145
0,3,16.3917,2,0,CountessBossAIController_1,1,3,1,-842.89,137.26,98.15,0.00,0.00,220.00,BP_TPCCharacter_C_1,BP_TPCCharacter_C_1,100.0,145
1,1,16.4083,3,2,CountessBossAIController_1,1,0,1,-844.57,134.77,98.15,0.00,0.00,220.00,BP_TPCCharacter_C_1,BP_TPCCharacter_C_1,10000.0,145
1,1,16.4250,3,2,CountessBossAIController_1,1,0,1,-844.57,134.77,98.15,0.00,0.00,220.00,BP_TPCCharacter_C_1,BP_TPCCharacter_C_1,10000.0,146
1,1,16.4417,3,2,CountessBossAIController_1,1,0,1,-844.57,134.77,98.15,0.00,0.00,220.00,BP_TPCCharacter_C_1,BP_TPCCharacter_C_1,10000.0,146
1,1,16.4583,3,2,CountessBossAIController_1,1,0,1,-844.57,134.77,98.15,0.00,0.00,220.00,BP_TPCCharacter_C_1,BP_TPCCharacter_C_1,10000.0,147
1,1,16.4750,3,2,CountessBossAIController_1,1,0,1,-844.57,134.77,98.15,0.00,0.00,220.00,BP_TPCCharacter_C_1,BP_TPCCharacter_C_1,10000.0,147
1,1,16.4917,3,2,CountessBossAIController_1,1,0,1,-844.57,134.77,98.15,0.00,0.00,220.00,BP_TPCCharacter_C_1,BP_TPCCharacter_C_1,10000.0,147
1,1,16.5083,3,2,CountessBossAIController_1,1,0,1,-844.57,134.77,98.15,0.00,0.00,220.00,BP_TPCCharacter_C_1,BP_TPCCharacter_C_1,10000.0,147
1,1,16.5250,3,2,CountessBossAIController_1,1,0,1,-844.57,134.77,98.15,0.00,0.00,220.00,BP_TPCCharacter_C_1,BP_TPCCharacter_C_1,10000.0,147
1,1,16.5417,3,2,CountessBossAIController_1,1,0,1,-844.57,134.77,98.15,0.00,0.00,220.00,BP_TPCCharacter_C_1,BP_TPCCharacter_C_1,10000.0,147
1,1,16.5583,3,2,CountessBossAIController_1,1,0,1,-844.57,134.77,98.15,0.00,0.00,220.00,BP_TPCCharacter_C_1,BP_TPCCharacter_C_1,10000.0,147
1,1,16.5750,3,2,CountessBossAIController_1,1,0,1,-844.57,134.77,98.15,0.00,0.00,220.00,BP_TPCCharacter_C_1,BP_TPCCharacter_C_1,10000.0,148
1,1,16.5917,3,2,CountessBossAIController_1,1,0,1,-844.57,134.77,98.15,0.00,0.00,220.00,BP_TPCCharacter_C_1,BP_TPCCharacter_C_1,10000.0,148
1,1,16.6083,3,2,CountessBossAIController_1,1,0,1,-844.57,134.77,98.15,0.00,0.00,220.00,BP_TPCCharacter_C_1,BP_TPCCharacter_C_1,10000.0,148
1,1,16.6250,3,2,CountessBossAIController_1,1,0,1,-844.57,134.77,98.15,0.00,0.00,220.00,BP_TPCCharacter_C_1,BP_TPCCharacter_C_1,10000.0,148
1,1,16.6417,3,2,CountessBossAIController_1,1,0,1,-844.57,134.77,98.15,0.00,0.00,220.00,BP_TPCCharacter_C_1,BP_TPCCharacter_C_1,10000.0,148
1,1,16.6583,3,2,CountessBossAIController_1,1,0,1,-844.57,134.77,98.15,0.00,0.00,220.00,BP_TPCCharacter_C_1,BP_TPCCharacter_C_1,10000.0,148
1,1,16.6750,3,2,CountessBossAIController_1,1,0,1,-844.57,134.77,98.15,0.00,0.00,220.00,BP_TPCCharacter_C_1,BP_TPCCharacter_C_1,10000.0,148
1,1,16.6917,3,2,CountessBossAIController_1,1,0,1,-844.57,134.77,98.15,0.00,0.00,220.00,BP_TPCCharacter_C_1,BP_TPCCharacter_C_1,10000.0,149
1,1,16.7083,3,2,CountessBossAIController_1,1,0,1,-844.57,134.77,98.15,0.00,0.00,220.00,BP_TPCCharacter_C_1,BP_TPCCharacter_C_1,10000.0,149
1,1,16.7250,3,2,CountessBossAIController_1,1,0,1,-844.57,134.77,98.15,0.00,0.00,220.00,BP_TPCCharacter_C_1,BP_TPCCharacter_C_1,10000.0,149
1,1,16.7417,3,2,CountessBossAIController_1,1,0,1,-844.57,134.77,98.15,0.00,0.00,220.00,BP_TPCCharacter_C_1,BP_TPCCharacter_C_1,10000.0,149
1,1,16.7583,3,2,CountessBossAIController_1,1,0,1,-844.57,134.77,98.15,0.00,0.00,220.00,BP_TPCCharacter_C_1,BP_TPCCharacter_C_1,10000.0,149
1,1,16.7750,3,2,CountessBossAIController_1,1,0,1,-844.57,134.77,98.15,0.00,0.00,220.00,BP_TPCCharacter_C_1,BP_TPCCharacter_C_1,10000.0,149
1,1,16.7917,3,2,CountessBossAIController_1,1,0,1,-844.57,134.77,98.15,0.00,0.00,220.00,BP_TPCCharacter_C_1,BP_TPCCharacter_C_1,10000.0,149
1,1,16.8083,3,2,CountessBossAIController_1,1,0,1,-844.57,134.77,98.15,0.00,0.00,220.00,BP_TPCCharacter_C_1,BP_TPCCharacter_C_1,10000.0,150
1,1,16.8250,3,2,CountessBossAIController_1,1,0,1,-844.57,134.77,98.15,0.00,0.00,220.00,BP_TPCCharacter_C_1,BP_TPCCharacter_C_1,10000.0,150
1,1,16.8417,3,2,CountessBossAIController_1,1,0,1,-844.57,134.77,98.15,0.00,0.00,220.00,BP_TPCCharacter_C_1,BP_TPCCharacter_C_1,10000.0,150
1,1,16.8583,3,2,CountessBossAIController_1,1,0,1,-844.57,134.77,98.15,0.00,0.00,220.00,BP_TPCCharacter_C_1,BP_TPCCharacter_C_1,10000.0,150
1,1,16.8750,3,2,CountessBossAIController_1,1,0,1,-844.57,134.77,98.15,0.00,0.00,220.00,BP_TPCCharacter_C_1,BP_TPCCharacter_C_1,10000.0,150
1,1,16.8917,3,2,CountessBossAIController_1,1,0,1,-844.57,134.77,98.15,0.00,0.00,220.00,BP_TPCCharacter_C_1,BP_TPCCharacter_C_1,10000.0,150
1,1,16.9083,3,2,CountessBossAIController_1,1,0,1,-844.57,134.77,98.15,0.00,0.00,220.00,BP_TPCCharacter_C_1,BP_TPCCharacter_C_1,10000.0,150
1,1,16.9250,3,2,CountessBossAIController_1,1,0,1,-844.57,134.77,98.15,0.00,0.00,220.00,BP_TPCCharacter_C_1,BP_TPCCharacter_C_1,10000.0,151
1,1,16.9417,3,2,CountessBossAIController_1,1,0,1,-844.57,134.77,98.15,0.00,0.00,220.00,BP_TPCCharacter_C_1,BP_TPCCharacter_C_1,10000.0,151
1,1,16.9583,3,2,CountessBossAIController_1,1,0,1,-844.57,134.77,98.15,0.00,0.00,220.00,BP_TPCCharacter_C_1,BP_TPCCharacter_C_1,10000.0,151
1,1,16.9750,3,2,CountessBossAIController_1,1,0,1,-844.57,134.77,98.15,0.00,0.00,220.00,BP_TPCCharacter_C_1,BP_TPCCharacter_C_1,10000.0,151
1,1,16.9917,3,2,CountessBossAIController_1,1,0,1,-844.57,134.77,98.15,0.00,0.00,220.00,BP_TPCCharacter_C_1,BP_TPCCharacter_C_1,10000.0,151
1,1,17.0083,3,2,CountessBossAIController_1,1,0,1,-844.57,134.77,98.15,0.00,0.00,220.00,BP_TPCCharacter_C_1,BP_TPCCharacter_C_1,10000.0,151
1,1,17.0250,3,2,CountessBossAIController_1,1,0,1,-844.57,134.77,98.15,0.00,0.00,220.00,BP_TPCCharacter_C_1,BP_TPCCharacter_C_1,10000.0,151
1,1,17.0417,3,2,CountessBossAIController_1,1,0,1,-844.57,134.77,98.15,0.00,0.00,220.00,BP_TPCCharacter_C_1,BP_TPCCharacter_C_1,10000.0,152
1,1,17.0583,3,2,CountessBossAIController_1,1,0,1,-844.57,134.77,98.15,0.00,0.00,220.00,BP_TPCCharacter_C_1,BP_TPCCharacter_C_1,10000.0,152
1,2,17.0750,3,2,CountessBossAIController_1,1,0,1,-844.57,134.77,98.15,0.00,0.00,220.00,BP_TPCCharacter_C_1,BP_TPCCharacter_C_1,0.0,152
1,2,17.0917,3,2,CountessBossAIController_1,1,0,1,-844.57,134.77,98.15,0.00,0.00,220.00,BP_TPCCharacter_C_1,BP_TPCCharacter_C_1,0.0,152
1,2,17.1083,3,2,CountessBossAIController_1,1,0,1,-844.57,134.77,98.15,0.00,0.00,220.00,BP_TPCCharacter_C_1,BP_TPCCharacter_C_1,0.0,152
1,2,17.1250,3,2,CountessBossAIController_1,1,0,1,-844.57,134.77,98.15,0.00,0.00,220.00,BP_TPCCharacter_C_1,BP_TPCCharacter_C_1,0.0,152
1,2,17.1417,3,2,CountessBossAIController_1,1,0,1,-844.57,134.77,98.15,0.00,0.00,220.00,BP_TPCCharacter_C_1,BP_TPCCharacter_C_1,0.0,152
1,2,17.1583,6,0,CountessBossAIController_1,1,0,1,-844.57,134.77,98.15,0.00,0.00,220.00,None,BP_TPCCharacter_C_1,0.0,153
1,2,17.1750,6,0,CountessBossAIController_1,1,0,1,-844.57,134.77,98.15,0.00,0.00,220.00,None,BP_TPCCharacter_C_1,0.0,153
1,2,17.1917,6,0,CountessBossAIController_1,1,3,1,-844.57,134.77,98.15,0.00,0.00,220.00,None,BP_TPCCharacter_C_1,0.0,154
1,2,17.2083,6,0,CountessBossAIController_1,1,3,1,-844.57,134.77,98.15,0.00,0.00,220.00,None,BP_TPCCharacter_C_1,0.0,154
1,2,17.2250,6,0,CountessBossAIController_1,1,3,1,-844.57,134.77,98.15,0.00,0.00,220.00,None,BP_TPCCharacter_C_1,0.0,154
1,2,17.2417,6,0,CountessBossAIController_1,1,3,1,-844.57,134.77,98.15,0.00,0.00,220.00,None,BP_TPCCharacter_C_1,0.0,154
1,2,17.2583,6,0,CountessBossAIController_1,1,3,1,-844.57,134.77,98.15,0.00,0.00,220.00,None,BP_TPCCharacter_C_1,0.0,154
1,2,17.2750,6,0,CountessBossAIController_1,1,3,1,-844.57,134.77,98.15,0.00,0.00,220.00,None,BP_TPCCharacter_C_1,0.0,154
1,2,17.2917,6,0,CountessBossAIController_1,1,3,1,-844.57,134.77,98.15,0.00,0.00,220.00,None,BP_TPCCharacter_C_1,0.0,154
1,2,17.3083,6,0,CountessBossAIController_1,1,3,1,-844.57,134.77,98.15,0.00,0.00,220.00,None,BP_TPCCharacter_C_1,0.0,155
1,2,17.3250,6,0,CountessBossAIController_1,1,3,1,-844.57,134.77,98.15,0.00,0.00,220.00,None,BP_TPCCharacter_C_1,0.0,155
1,2,17.3417,6,0,CountessBossAIController_1,1,3,1,-844.57,134.77,98.15,0.00,0.00,220.00,None,BP_TPCCharacter_C_1,0.0,155
1,2,17.3583,6,0,CountessBossAIController_1,1,3,1,-844.57,134.77,98.15,0.00,0.00,220.00,None,BP_TPCCharacter_C_1,0.0,155
1,2,17.3750,6,0,CountessBossAIController_1,1,3,1,-844.57,134.77,98.15,0.00,0.00,220.00,None,BP_TPCCharacter_C_1,0.0,155
1,2,17.3917,6,0,CountessBossAIController_1,1,3,1,-844.57,134.77,98.15,0.00,0.00,220.00,None,BP_TPCCharacter_C_1,0.0,155
1,2,17.4083,6,0,CountessBossAIController_1,1,3,1,-844.57,134.77,98.15,0.00,0.00,220.00,None,BP_TPCCharacter_C_1,0.0,155
1,2,17.4250,6,0,CountessBossAIController_1,1,3,1,-844.57,134.77,98.15,0.00,0.00,220.00,None,BP_TPCCharacter_C_1,0.0,156
1,2,17.4417,6,0,CountessBossAIController_1,1,3,1,-844.57,134.77,98.15,0.00,0.00,220.00,None,BP_TPCCharacter_C_1,0.0,156
1,2,17.4583,6,0,CountessBossAIController_1,1,3,1,-844.57,134.77,98.15,0.00,0.00,220.00,None,BP_TPCCharacter_C_1,0.0,156
1,2,17.4750,6,0,CountessBossAIController_1,1,3,1,-844.57,134.77,98.15,0.00,0.00,220.00,None,BP_TPCCharacter_C_1,0.0,156
1,2,17.4917,6,0,CountessBossAIController_1,1,3,1,-844.57,134.77,98.15,0.00,0.00,220.00,None,BP_TPCCharacter_C_1,0.0,156
1,2,17.5083,6,0,CountessBossAIController_1,1,3,1,-844.57,134.77,98.15,0.00,0.00,220.00,None,BP_TPCCharacter_C_1,0.0,156
1,2,17.5250,6,0,CountessBossAIController_1,1,3,1,-844.57,134.77,98.15,0.00,0.00,220.00,None,BP_TPCCharacter_C_1,0.0,156
1,2,17.5417,6,0,CountessBossAIController_1,1,3,1,-844.57,134.77,98.15,0.00,0.00,220.00,None,BP_TPCCharacter_C_1,0.0,157
1,2,17.5583,6,0,CountessBossAIController_1,1,3,1,-844.57,134.77,98.15,0.00,0.00,220.00,None,BP_TPCCharacter_C_1,0.0,157
1,2,17.5750,6,0,CountessBossAIController_1,1,3,1,-844.57,134.77,98.15,0.00,0.00,220.00,None,BP_TPCCharacter_C_1,0.0,157
1,2,17.5917,6,0,CountessBossAIController_1,1,3,1,-844.57,134.77,98.15,0.00,0.00,220.00,None,BP_TPCCharacter_C_1,0.0,157
1,2,17.6083,6,0,CountessBossAIController_1,1,3,1,-844.57,134.77,98.15,0.00,0.00,220.00,None,BP_TPCCharacter_C_1,0.0,157
1,2,17.6250,6,0,CountessBossAIController_1,1,3,1,-844.57,134.77,98.15,0.00,0.00,220.00,None,BP_TPCCharacter_C_1,0.0,157
1,2,17.6417,6,0,CountessBossAIController_1,1,3,1,-844.57,134.77,98.15,0.00,0.00,220.00,None,BP_TPCCharacter_C_1,0.0,157
1,2,17.6583,6,0,CountessBossAIController_1,1,3,1,-844.57,134.77,98.15,0.00,0.00,220.00,None,BP_TPCCharacter_C_1,0.0,158
1,2,17.6750,6,0,CountessBossAIController_1,1,3,1,-844.57,134.77,98.15,0.00,0.00,220.00,None,BP_TPCCharacter_C_1,0.0,158
1,2,17.6917,6,0,CountessBossAIController_1,1,3,1,-844.57,134.77,98.15,0.00,0.00,220.00,None,BP_TPCCharacter_C_1,0.0,158
1,2,17.7083,6,0,CountessBossAIController_1,1,3,1,-844.57,134.77,98.15,0.00,0.00,220.00,None,BP_TPCCharacter_C_1,0.0,158
1,2,17.7250,6,0,CountessBossAIController_1,1,3,1,-844.57,134.77,98.15,0.00,0.00,220.00,None,BP_TPCCharacter_C_1,0.0,158
1,2,17.7417,6,0,CountessBossAIController_1,1,3,1,-844.57,134.77,98.15,0.00,0.00,220.00,None,BP_TPCCharacter_C_1,0.0,158
1,2,17.7583,6,0,CountessBossAIController_1,1,3,1,-844.57,134.77,98.15,0.00,0.00,220.00,None,BP_TPCCharacter_C_1,0.0,158
1,2,17.7750,6,0,CountessBossAIController_1,1,3,1,-844.57,134.77,98.15,0.00,0.00,220.00,None,BP_TPCCharacter_C_1,0.0,159
1,2,17.7917,6,0,CountessBossAIController_1,1,3,1,-844.57,134.77,98.15,0.00,0.00,220.00,None,BP_TPCCharacter_C_1,0.0,159
1,2,17.8083,6,0,CountessBossAIController_1,1,3,1,-844.57,134.77,98.15,0.00,0.00,220.00,None,BP_TPCCharacter_C_1,0.0,159
1,2,17.8250,6,0,CountessBossAIController_1,1,3,1,-844.57,134.77,98.15,0.00,0.00,220.00,None,BP_TPCCharacter_C_1,0.0,159
1,2,17.8417,6,0,CountessBossAIController_1,1,3,1,-844.57,134.77,98.15,0.00,0.00,220.00,None,BP_TPCCharacter_C_1,0.0,159
1,2,17.8583,6,0,CountessBossAIController_1,1,3,1,-844.01,134.68,98.15,0.00,0.00,220.00,None,BP_TPCCharacter_C_1,0.0,159
1,2,17.8750,6,0,CountessBossAIController_1,1,3,1,-842.89,134.50,98.15,0.00,0.00,220.00,None,BP_TPCCharacter_C_1,0.0,159
1,2,17.8917,6,0,CountessBossAIController_1,1,3,1,-841.20,134.24,98.15,0.00,0.00,220.00,None,BP_TPCCharacter_C_1,0.0,160
1,2,17.9083,6,0,CountessBossAIController_1,1,3,1,-838.96,133.88,98.15,0.00,0.00,220.00,None,BP_TPCCharacter_C_1,0.0,160
1,2,17.9250,6,0,CountessBossAIController_1,1,3,1,-836.15,133.43,98.15,0.00,0.00,220.00,None,BP_TPCCharacter_C_1,0.0,160
1,2,17.9417,6,0,CountessBossAIController_1,1,3,1,-832.78,132.89,98.15,0.00,0.00,220.00,None,BP_TPCCharacter_C_1,0.0,160
1,2,17.9583,6,0,CountessBossAIController_1,1,3,1,-828.84,132.26,98.15,0.00,0.00,220.00,None,BP_TPCCharacter_C_1,0.0,160
1,2,17.9750,6,0,CountessBossAIController_1,1,3,1,-824.35,131.55,98.15,0.00,0.00,220.00,None,BP_TPCCharacter_C_1,0.0,160
1,2,17.9917,6,0,CountessBossAIController_1,1,3,1,-819.29,130.74,98.15,0.00,0.00,220.00,None,BP_TPCCharacter_C_1,0.0,160
1,2,18.0083,6,0,CountessBossAIController_1,1,3,1,-813.68,129.84,98.15,0.00,0.00,220.00,None,BP_TPCCharacter_C_1,0.0,161
1,2,18.0250,6,0,CountessBossAIController_1,1,3,1,-807.50,128.86,98.15,0.00,0.00,220.00,None,BP_TPCCharacter_C_1,0.0,161
1,2,18.0417,6,0,CountessBossAIController_1,1,3,1,-800.91,127.81,98.15,0.00,0.00,220.00,None,BP_TPCCharacter_C_1,0.0,161
1,2,18.0583,6,0,CountessBossAIController_1,1,3,1,-794.33,126.76,98.15,0.00,0.00,220.00,None,BP_TPCCharacter_C_1,0.0,161
1,2,18.0750,6,0,CountessBossAIController_1,1,3,1,-787.75,125.70,98.15,0.00,0.00,220.00,None,BP_TPCCharacter_C_1,0.0,161
1,2,18.0917,6,0,CountessBossAIController_1,1,3,1,-781.16,124.65,98.15,0.00,0.00,220.00,None,BP_TPCCharacter_C_1,0.0,161
1,2,18.1083,6,0,CountessBossAIController_1,1,3,1,-774.58,123.60,98.15,0.00,0.00,220.00,None,BP_TPCCharacter_C_1,0.0,161
1,2,18.1250,6,0,CountessBossAIController_1,1,3,1,-768.00,122.55,98.15,0.00,0.00,220.00,None,BP_TPCCharacter_C_1,0.0,162
1,2,18.1417,6,0,CountessBossAIController_1,1,3,1,-761.41,121.50,98.15,0.00,0.00,220.00,None,BP_TPCCharacter_C_1,0.0,162
1,2,18.1583,6,0,CountessBossAIController_1,1,3,1,-754.83,120.45,98.15,0.00,0.00,220.00,None,BP_TPCCharacter_C_1,0.0,162
1,2,18.1750,6,0,CountessBossAIController_1,1,3,1,-748.25,119.40,98.15,0.00,0.00,220.00,None,BP_TPCCharacter_C_1,0.0,162
1,2,18.1917,6,0,CountessBossAIController_1,1,3,1,-741.66,118.35,98.15,0.00,0.00,220.00,None,BP_TPCCharacter_C_1,0.0,162
1,2,18.2083,6,0,CountessBossAIController_1,1,3,1,-735.08,117.30,98.15,0.00,0.00,220.00,None,BP_TPCCharacter_C_1,0.0,162
1,2,18.2250,6,0,CountessBossAIController_1,1,3,1,-728.50,116.25,98.15,0.00,0.00,220.00,None,BP_TPCCharacter_C_1,0.0,162
1,2,18.2417,6,0,CountessBossAIController_1,1,3,1,-721.91,115.20,98.15,0.00,0.00,220.00,None,BP_TPCCharacter_C_1,0.0,163
1,2,18.2583,6,0,CountessBossAIController_1,1,3,1,-715.33,114.15,98.15,0.00,0.00,220.00,None,BP_TPCCharacter_C_1,0.0,163
1,2,18.2750,6,0,CountessBossAIController_1,1,3,1,-708.75,113.10,98.15,0.00,0.00,220.00,None,BP_TPCCharacter_C_1,0.0,163
1,2,18.2917,6,0,CountessBossAIController_1,1,3,1,-702.16,112.05,98.15,0.00,0.00,220.00,None,BP_TPCCharacter_C_1,0.0,163
1,2,18.3083,6,0,CountessBossAIController_1,1,3,1,-695.58,111.00,98.15,0.00,0.00,220.00,None,BP_TPCCharacter_C_1,0.0,163
1,2,18.3250,6,0,CountessBossAIController_1,1,3,1,-689.00,109.95,98.15,0.00,0.00,220.00,None,BP_TPCCharacter_C_1,0.0,163
1,2,18.3417,6,0,CountessBossAIController_1,1,3,1,-682.41,108.90,98.15,0.00,0.00,220.00,None,BP_TPCCharacter_C_1,0.0,163
1,2,18.3583,6,0,CountessBossAIController_1,1,3,1,-675.83,107.85,98.15,0.00,0.00,220.00,None,BP_TPCCharacter_C_1,0.0,164
1,2,18.3750,6,0,CountessBossAIController_1,1,3,1,-669.25,106.79,98.15,0.00,0.00,220.00,None,BP_TPCCharacter_C_1,0.0,164
1,2,18.3917,6,0,CountessBossAIController_1,1,3,1,-662.66,105.74,98.15,0.00,0.00,220.00,None,BP_TPCCharacter_C_1,0.0,164
1,2,18.4083,6,0,CountessBossAIController_1,1,3,1,-656.08,104.69,98.15,0.00,0.00,220.00,None,BP_TPCCharacter_C_1,0.0,164
1,2,18.4250,6,0,CountessBossAIController_1,1,3,1,-649.50,103.64,98.15,0.00,0.00,220.00,None,BP_TPCCharacter_C_1,0.0,164
1,2,18.4417,6,0,CountessBossAIController_1,1,3,1,-642.91,102.59,98.15,0.00,0.00,220.00,None,BP_TPCCharacter_C_1,0.0,164
1,2,18.4583,6,0,CountessBossAIController_1,1,3,1,-636.33,101.54,98.15,0.00,0.00,220.00,None,BP_TPCCharacter_C_1,0.0,164
1,2,18.4750,6,0,CountessBossAIController_1,1,3,1,-629.75,100.49,98.15,0.00,0.00,220.00,None,BP_TPCCharacter_C_1,0.0,165
1,2,18.4917,6,0,CountessBossAIController_1,1,3,1,-623.16,99.44,98.15,0.00,0.00,220.00,None,BP_TPCCharacter_C_1,0.0,165
1,2,18.5083,6,0,CountessBossAIController_1,1,3,1,-616.58,98.39,98.15,0.00,0.00,220.00,None,BP_TPCCharacter_C_1,0.0,165
1,2,18.5250,6,0,CountessBossAIController_1,1,3,1,-610.00,97.34,98.15,0.00,0.00,220.00,None,BP_TPCCharacter_C_1,0.0,165
1,2,18.5417,6,0,CountessBossAIController_1,1,3,1,-603.41,96.29,98.15,0.00,0.00,220.00,None,BP_TPCCharacter_C_1,0.0,165
1,2,18.5583,6,0,CountessBossAIController_1,1,3,1,-596.83,95.24,98.15,0.00,0.00,220.00,None,BP_TPCCharacter_C_1,0.0,165
1,2,18.5750,6,0,CountessBossAIController_1,1,3,1,-590.25,94.19,98.15,0.00,0.00,220.00,None,BP_TPCCharacter_C_1,0.0,165
1,2,18.5917,6,0,CountessBossAIController_1,1,3,1,-583.66,93.14,98.15,0.00,0.00,220.00,None,BP_TPCCharacter_C_1,0.0,166
1,2,18.6083,6,0,CountessBossAIController_1,1,3,1,-577.08,92.09,98.15,0.00,0.00,220.00,None,BP_TPCCharacter_C_1,0.0,166
1,2,18.6250,6,0,CountessBossAIController_1,1,3,1,-570.49,91.04,98.15,0.00,0.00,220.00,None,BP_TPCCharacter_C_1,0.0,166
1,2,18.6417,6,0,CountessBossAIController_1,1,3,1,-563.91,89.99,98.15,0.00,0.00,220.00,None,BP_TPCCharacter_C_1,0.0,166
1,2,18.6583,6,0,CountessBossAIController_1,1,3,1,-557.33,88.94,98.15,0.00,0.00,220.00,None,BP_TPCCharacter_C_1,0.0,166
1,2,18.6750,6,0,CountessBossAIController_1,1,3,1,-550.74,87.89,98.15,0.00,0.00,220.00,None,BP_TPCCharacter_C_1,0.0,166
1,2,18.6917,6,0,CountessBossAIController_1,1,3,1,-544.16,86.83,98.15,0.00,0.00,220.00,None,BP_TPCCharacter_C_1,0.0,166
1,2,18.7083,6,0,CountessBossAIController_1,1,3,1,-537.58,85.78,98.15,0.00,0.00,220.00,None,BP_TPCCharacter_C_1,0.0,167
1,2,18.7250,6,0,CountessBossAIController_1,1,3,1,-530.99,84.73,98.15,0.00,0.00,220.00,None,BP_TPCCharacter_C_1,0.0,167
1,2,18.7417,6,0,CountessBossAIController_1,1,3,1,-524.41,83.68,98.15,0.00,0.00,220.00,None,BP_TPCCharacter_C_1,0.0,167
1,2,18.7583,6,0,CountessBossAIController_1,1,3,1,-517.83,82.63,98.15,0.00,0.00,220.00,None,BP_TPCCharacter_C_1,0.0,167
1,2,18.7750,6,0,CountessBossAIController_1,1,3,1,-511.24,81.58,98.15,0.00,0.00,220.00,None,BP_TPCCharacter_C_1,0.0,167
1,2,18.7917,6,0,CountessBossAIController_1,1,3,1,-504.66,80.53,98.15,0.00,0.00,220.00,None,BP_TPCCharacter_C_1,0.0,167
1,2,18.8083,6,0,CountessBossAIController_1,1,3,1,-498.08,79.48,98.15,0.00,0.00,220.00,None,BP_TPCCharacter_C_1,0.0,167
1,2,18.8250,6,0,CountessBossAIController_1,1,3,1,-491.49,78.43,98.15,0.00,0.00,220.00,None,BP_TPCCharacter_C_1,0.0,168
1,2,18.8417,6,0,CountessBossAIController_1,1,3,1,-484.91,77.38,98.15,0.00,0.00,220.00,None,BP_TPCCharacter_C_1,0.0,168
1,2,18.8583,6,0,CountessBossAIController_1,1,3,1,-478.33,76.33,98.15,0.00,0.00,220.00,None,BP_TPCCharacter_C_1,0.0,168
1,2,18.8750,6,0,CountessBossAIController_1,1,3,1,-471.74,75.28,98.15,0.00,0.00,220.00,None,BP_TPCCharacter_C_1,0.0,168
1,2,18.8917,6,0,CountessBossAIController_1,1,3,1,-465.16,74.23,98.15,0.00,0.00,220.00,None,BP_TPCCharacter_C_1,0.0,168
1,2,18.9083,6,0,CountessBossAIController_1,1,3,1,-458.58,73.18,98.15,0.00,0.00,220.00,None,BP_TPCCharacter_C_1,0.0,168
1,2,18.9250,6,0,CountessBossAIController_1,1,3,1,-451.99,72.13,98.15,0.00,0.00,220.00,None,BP_TPCCharacter_C_1,0.0,168
1,2,18.9417,6,0,CountessBossAIController_1,1,3,1,-445.41,71.08,98.15,0.00,0.00,220.00,None,BP_TPCCharacter_C_1,0.0,169
1,2,18.9583,6,0,CountessBossAIController_1,1,3,1,-438.83,70.03,98.15,0.00,0.00,220.00,None,BP_TPCCharacter_C_1,0.0,169
1,2,18.9750,6,0,CountessBossAIController_1,1,3,1,-432.24,68.98,98.15,0.00,0.00,220.00,None,BP_TPCCharacter_C_1,0.0,169
1,2,18.9917,6,0,CountessBossAIController_1,1,3,1,-425.66,67.92,98.15,0.00,0.00,220.00,None,BP_TPCCharacter_C_1,0.0,169
1,2,19.0083,6,0,CountessBossAIController_1,1,3,1,-419.08,66.87,98.15,0.00,0.00,220.00,None,BP_TPCCharacter_C_1,0.0,169
1,2,19.0250,6,0,CountessBossAIController_1,1,3,1,-412.49,65.82,98.15,0.00,0.00,220.00,None,BP_TPCCharacter_C_1,0.0,169
1,2,19.0417,6,0,CountessBossAIController_1,1,3,1,-405.91,64.77,98.15,0.00,0.00,220.00,None,BP_TPCCharacter_C_1,0.0,169
1,2,19.0583,6,0,CountessBossAIController_1,1,3,1,-399.33,63.72,98.15,0.00,0.00,220.00,None,BP_TPCCharacter_C_1,0.0,170
1,2,19.0750,6,0,CountessBossAIController_1,1,3,1,-392.74,62.67,98.15,0.00,0.00,220.00,None,BP_TPCCharacter_C_1,0.0,170
1,2,19.0917,6,0,CountessBossAIController_1,1,3,1,-386.16,61.62,98.15,0.00,0.00,220.00,None,BP_TPCCharacter_C_1,0.0,170
1,2,19.1083,6,0,CountessBossAIController_1,1,3,1,-379.58,60.57,98.15,0.00,0.00,220.00,None,BP_TPCCharacter_C_1,0.0,170
1,2,19.1250,6,0,CountessBossAIController_1,1,3,1,-372.99,59.52,98.15,0.00,0.00,220.00,None,BP_TPCCharacter_C_1,0.0,170
1,2,19.1417,6,0,CountessBossAIController_1,1,3,1,-366.41,58.47,98.15,0.00,0.00,220.00,None,BP_TPCCharacter_C_1,0.0,170
1,2,19.1583,6,0,CountessBossAIController_1,1,3,1,-359.83,57.42,98.15,0.00,0.00,220.00,None,BP_TPCCharacter_C_1,0.0,170
1,2,19.1750,6,0,CountessBossAIController_1,1,3,1,-353.24,56.37,98.15,0.00,0.00,220.00,None,BP_TPCCharacter_C_1,0.0,171
1,2,19.1917,6,0,CountessBossAIController_1,1,3,1,-346.66,55.32,98.15,0.00,0.00,220.00,None,BP_TPCCharacter_C_1,0.0,171
1,2,19.2083,6,0,CountessBossAIController_1,1,3,1,-340.08,54.27,98.15,0.00,0.00,220.00,None,BP_TPCCharacter_C_1,0.0,171
1,2,19.2250,6,0,CountessBossAIController_1,1,3,1,-333.49,53.22,98.15,0.00,0.00,220.00,None,BP_TPCCharacter_C_1,0.0,171
1,2,19.2417,6,0,CountessBossAIController_1,1,3,1,-326.91,52.17,98.15,0.00,0.00,220.00,None,BP_TPCCharacter_C_1,0.0,171
1,2,19.2583,6,0,CountessBossAIController_1,1,3,1,-320.33,51.12,98.15,0.00,0.00,220.00,None,BP_TPCCharacter_C_1,0.0,171
1,2,19.2750,6,0,CountessBossAIController_1,1,3,1,-313.74,50.07,98.15,0.00,0.00,220.00,None,BP_TPCCharacter_C_1,0.0,171
1,2,19.2917,6,0,CountessBossAIController_1,1,3,1,-307.16,49.02,98.15,0.00,0.00,220.00,None,BP_TPCCharacter_C_1,0.0,172
1,2,19.3083,6,0,CountessBossAIController_1,1,3,1,-300.58,47.96,98.15,0.00,0.00,220.00,None,BP_TPCCharacter_C_1,0.0,172
1,2,19.3250,6,0,CountessBossAIController_1,1,3,1,-293.99,46.91,98.15,0.00,0.00,220.00,None,BP_TPCCharacter_C_1,0.0,172
1,2,19.3417,6,0,CountessBossAIController_1,1,3,1,-287.41,45.86,98.15,0.00,0.00,220.00,None,BP_TPCCharacter_C_1,0.0,172
1,2,19.3583,6,0,CountessBossAIController_1,1,3,1,-280.83,44.81,98.15,0.00,0.00,220.00,None,BP_TPCCharacter_C_1,0.0,172
1,2,19.3750,6,0,CountessBossAIController_1,1,3,1,-274.24,43.76,98.15,0.00,0.00,220.00,None,BP_TPCCharacter_C_1,0.0,172
1,2,19.3917,6,0,CountessBossAIController_1,1,3,1,-267.66,42.71,98.15,0.00,0.00,220.00,None,BP_TPCCharacter_C_1,0.0,172
1,2,19.4083,6,0,CountessBossAIController_1,1,3,1,-261.08,41.66,98.15,0.00,0.00,220.00,None,BP_TPCCharacter_C_1,0.0,173
1,2,19.4250,6,0,CountessBossAIController_1,1,3,1,-254.49,40.61,98.15,0.00,0.00,220.00,None,BP_TPCCharacter_C_1,0.0,173
1,2,19.4417,6,0,CountessBossAIController_1,1,3,1,-247.91,39.56,98.15,0.00,0.00,220.00,None,BP_TPCCharacter_C_1,0.0,173
1,2,19.4583,6,0,CountessBossAIController_1,1,3,1,-241.33,38.51,98.15,0.00,0.00,220.00,None,BP_TPCCharacter_C_1,0.0,173
1,2,19.4750,6,0,CountessBossAIController_1,1,3,1,-234.74,37.46,98.15,0.00,0.00,220.00,None,BP_TPCCharacter_C_1,0.0,173
1,2,19.4917,6,0,CountessBossAIController_1,1,3,1,-228.16,36.41,98.15,0.00,0.00,220.00,None,BP_TPCCharacter_C_1,0.0,173
1,2,19.5083,6,0,CountessBossAIController_1,1,3,1,-221.58,35.36,98.15,0.00,0.00,220.00,None,BP_TPCCharacter_C_1,0.0,173
1,2,19.5250,6,0,CountessBossAIController_1,1,3,1,-214.99,34.31,98.15,0.00,0.00,220.00,None,BP_TPCCharacter_C_1,0.0,174
1,2,19.5417,6,0,CountessBossAIController_1,1,3,1,-208.41,33.26,98.15,0.00,0.00,220.00,None,BP_TPCCharacter_C_1,0.0,174
1,2,19.5583,6,0,CountessBossAIController_1,1,3,1,-201.83,32.21,98.15,0.00,0.00,220.00,None,BP_TPCCharacter_C_1,0.0,174
1,2,19.5750,6,0,CountessBossAIController_1,1,3,1,-195.24,31.16,98.15,0.00,0.00,220.00,None,BP_TPCCharacter_C_1,0.0,174
1,2,19.5917,6,0,CountessBossAIController_1,1,3,1,-188.66,30.11,98.15,0.00,0.00,220.00,None,BP_TPCCharacter_C_1,0.0,174
1,2,19.6083,6,0,CountessBossAIController_1,1,3,1,-182.08,29.05,98.15,0.00,0.00,220.00,None,BP_TPCCharacter_C_1,0.0,174
1,2,19.6250,6,0,CountessBossAIController_1,1,3,1,-175.49,28.00,98.15,0.00,0.00,220.00,None,BP_TPCCharacter_C_1,0.0,174
1,2,19.6417,6,0,CountessBossAIController_1,1,3,1,-168.91,26.95,98.15,0.00,0.00,220.00,None,BP_TPCCharacter_C_1,0.0,175
1,2,19.6583,6,0,CountessBossAIController_1,1,3,1,-162.33,25.90,98.15,0.00,0.00,220.00,None,BP_TPCCharacter_C_1,0.0,175
1,2,19.6750,6,0,CountessBossAIController_1,1,3,1,-155.74,24.85,98.15,0.00,0.00,220.00,None,BP_TPCCharacter_C_1,0.0,175
1,2,19.6917,6,0,CountessBossAIController_1,1,3,1,-149.16,23.80,98.15,0.00,0.00,220.00,None,BP_TPCCharacter_C_1,0.0,175
1,2,19.7083,6,0,CountessBossAIController_1,1,3,1,-142.58,22.75,98.15,0.00,0.00,220.00,None,BP_TPCCharacter_C_1,0.0,175
1,2,19.7250,6,0,CountessBossAIController_1,1,3,1,-135.99,21.70,98.15,0.00,0.00,220.00,None,BP_TPCCharacter_C_1,0.0,175
1,2,19.7417,6,0,CountessBossAIController_1,1,3,1,-129.41,20.65,98.15,0.00,0.00,220.00,None,BP_TPCCharacter_C_1,0.0,175
1,2,19.7583,6,0,CountessBossAIController_1,1,3,1,-122.83,19.60,98.15,0.00,0.00,220.00,None,BP_TPCCharacter_C_1,0.0,176
1,2,19.7750,6,0,CountessBossAIController_1,1,3,1,-116.24,18.55,98.15,0.00,0.00,220.00,None,BP_TPCCharacter_C_1,0.0,176
1,2,19.7917,6,0,CountessBossAIController_1,1,3,1,-109.66,17.50,98.15,0.00,0.00,220.00,None,BP_TPCCharacter_C_1,0.0,176
1,2,19.8083,6,0,CountessBossAIController_1,1,3,1,-103.08,16.45,98.15,0.00,0.00,220.00,None,BP_TPCCharacter_C_1,0.0,176
1,2,19.8250,6,0,CountessBossAIController_1,1,3,1,-96.49,15.40,98.15,0.00,0.00,220.00,None,BP_TPCCharacter_C_1,0.0,176
1,2,19.8417,6,0,CountessBossAIController_1,1,3,1,-89.91,14.35,98.15,0.00,0.00,220.00,None,BP_TPCCharacter_C_1,0.0,176
1,2,19.8583,6,0,CountessBossAIController_1,1,3,1,-83.33,13.30,98.15,0.00,0.00,220.00,None,BP_TPCCharacter_C_1,0.0,176
1,2,19.8750,0,0,CountessBossAIController_1,1,0,1,-76.74,12.25,98.15,0.00,0.00,220.00,None,BP_TPCCharacter_C_1,0.0,177
1,2,19.8917,0,0,CountessBossAIController_1,1,0,1,-76.74,12.25,98.15,0.00,0.00,220.00,None,BP_TPCCharacter_C_1,0.0,177
1,2,19.9083,0,0,CountessBossAIController_1,1,0,1,-76.74,12.25,98.15,0.00,0.00,220.00,None,BP_TPCCharacter_C_1,0.0,178
1,2,19.9250,0,0,CountessBossAIController_1,1,0,1,-76.74,12.25,98.15,0.00,0.00,220.00,None,BP_TPCCharacter_C_1,0.0,178
1,2,19.9417,0,0,CountessBossAIController_1,1,0,1,-76.74,12.25,98.15,0.00,0.00,220.00,None,BP_TPCCharacter_C_1,0.0,178
1,2,19.9583,0,0,CountessBossAIController_1,1,0,1,-76.74,12.25,98.15,0.00,0.00,220.00,None,BP_TPCCharacter_C_1,0.0,178
1,2,19.9750,0,0,CountessBossAIController_1,1,0,1,-76.74,12.25,98.15,0.00,0.00,220.00,None,BP_TPCCharacter_C_1,0.0,178
1,2,19.9917,0,0,CountessBossAIController_1,1,0,1,-76.74,12.25,98.15,0.00,0.00,220.00,None,BP_TPCCharacter_C_1,0.0,178
1,2,20.0083,0,0,CountessBossAIController_1,1,0,1,-76.74,12.25,98.15,0.00,0.00,220.00,None,BP_TPCCharacter_C_1,0.0,178
1,2,20.0250,0,0,CountessBossAIController_1,1,0,1,-76.74,12.25,98.15,0.00,0.00,220.00,None,BP_TPCCharacter_C_1,0.0,179
1,2,20.0417,0,0,CountessBossAIController_1,1,0,1,-76.74,12.25,98.15,0.00,0.00,220.00,None,BP_TPCCharacter_C_1,0.0,179
1,2,20.0583,0,0,CountessBossAIController_1,1,0,1,-76.74,12.25,98.15,0.00,0.00,220.00,None,BP_TPCCharacter_C_1,0.0,179
1,2,20.0750,0,0,CountessBossAIController_1,1,0,1,-76.74,12.25,98.15,0.00,0.00,220.00,None,BP_TPCCharacter_C_1,0.0,179
1,2,20.0917,0,0,CountessBossAIController_1,1,0,1,-76.74,12.25,98.15,0.00,0.00,220.00,None,BP_TPCCharacter_C_1,0.0,179
1,2,20.1083,0,0,CountessBossAIController_1,1,0,1,-76.74,12.25,98.15,0.00,0.00,220.00,None,BP_TPCCharacter_C_1,0.0,179
1,2,20.1250,0,0,CountessBossAIController_1,1,0,1,-76.74,12.25,98.15,0.00,0.00,220.00,None,BP_TPCCharacter_C_1,0.0,179
1,2,20.1417,0,0,CountessBossAIController_1,1,0,1,-76.74,12.25,98.15,0.00,0.00,220.00,None,BP_TPCCharacter_C_1,0.0,180
1,2,20.1583,0,0,CountessBossAIController_1,1,0,1,-76.74,12.25,98.15,0.00,0.00,220.00,None,BP_TPCCharacter_C_1,0.0,180
1,2,20.1750,0,0,CountessBossAIController_1,1,0,1,-76.74,12.25,98.15,0.00,0.00,220.00,None,BP_TPCCharacter_C_1,0.0,180
1,2,20.1917,0,0,CountessBossAIController_1,1,0,1,-76.74,12.25,98.15,0.00,0.00,220.00,None,BP_TPCCharacter_C_1,0.0,180
1,2,20.2083,0,0,CountessBossAIController_1,1,0,1,-76.74,12.25,98.15,0.00,0.00,220.00,None,BP_TPCCharacter_C_1,0.0,180
1,2,20.2250,0,0,CountessBossAIController_1,1,0,1,-76.74,12.25,98.15,0.00,0.00,220.00,None,BP_TPCCharacter_C_1,0.0,180
1,2,20.2417,0,0,CountessBossAIController_1,1,0,1,-76.74,12.25,98.15,0.00,0.00,220.00,None,BP_TPCCharacter_C_1,0.0,180
1,2,20.2583,0,0,CountessBossAIController_1,1,0,1,-76.74,12.25,98.15,0.00,0.00,220.00,None,BP_TPCCharacter_C_1,0.0,181
1,2,20.2750,0,0,CountessBossAIController_1,1,0,1,-76.74,12.25,98.15,0.00,0.00,220.00,None,BP_TPCCharacter_C_1,0.0,181
1,2,20.2917,0,0,CountessBossAIController_1,1,0,1,-76.74,12.25,98.15,0.00,0.00,220.00,None,BP_TPCCharacter_C_1,0.0,181
1,2,20.3083,0,0,CountessBossAIController_1,1,0,1,-76.74,12.25,98.15,0.00,0.00,220.00,None,BP_TPCCharacter_C_1,0.0,181
1,2,20.3250,0,0,CountessBossAIController_1,1,0,1,-76.74,12.25,98.15,0.00,0.00,220.00,None,BP_TPCCharacter_C_1,0.0,181
1,2,20.3417,0,0,CountessBossAIController_1,1,0,1,-76.74,12.25,98.15,0.00,0.00,220.00,None,BP_TPCCharacter_C_1,0.0,181
1,2,20.3583,0,0,CountessBossAIController_1,1,0,1,-76.74,12.25,98.15,0.00,0.00,220.00,None,BP_TPCCharacter_C_1,0.0,181
1,2,20.3750,0,0,CountessBossAIController_1,1,0,1,-76.74,12.25,98.15,0.00,0.00,220.00,None,BP_TPCCharacter_C_1,0.0,182
1,2,20.3917,0,0,CountessBossAIController_1,1,0,1,-76.74,12.25,98.15,0.00,0.00,220.00,None,BP_TPCCharacter_C_1,0.0,182
1,2,20.4083,0,0,CountessBossAIController_1,1,0,1,-76.74,12.25,98.15,0.00,0.00,220.00,None,BP_TPCCharacter_C_1,0.0,182
1,2,20.4250,0,0,CountessBossAIController_1,1,0,1,-76.74,12.25,98.15,0.00,0.00,220.00,None,BP_TPCCharacter_C_1,0.0,182
1,2,20.4417,0,0,CountessBossAIController_1,1,0,1,-76.74,12.25,98.15,0.00,0.00,220.00,None,BP_TPCCharacter_C_1,0.0,182
1,2,20.4583,0,0,CountessBossAIController_1,1,0,1,-76.74,12.25,98.15,0.00,0.00,220.00,None,BP_TPCCharacter_C_1,0.0,182
1,2,20.4750,0,0,CountessBossAIController_1,1,0,1,-76.74,12.25,98.15,0.00,0.00,220.00,None,BP_TPCCharacter_C_1,0.0,182
1,2,20.4917,0,0,CountessBossAIController_1,1,0,1,-76.74,12.25,98.15,0.00,0.00,220.00,None,BP_TPCCharacter_C_1,0.0,183
1,2,20.5083,0,0,CountessBossAIController_1,1,0,1,-76.74,12.25,98.15,0.00,0.00,220.00,None,BP_TPCCharacter_C_1,0.0,183
1,2,20.5250,0,0,CountessBossAIController_1,1,0,1,-76.74,12.25,98.15,0.00,0.00,220.00,None,BP_TPCCharacter_C_1,0.0,183
1,2,20.5417,0,0,CountessBossAIController_1,1,0,1,-76.74,12.25,98.15,0.00,0.00,220.00,None,BP_TPCCharacter_C_1,0.0,183
1,2,20.5583,0,0,CountessBossAIController_1,1,0,1,-76.74,12.25,98.15,0.00,0.00,220.00,None,BP_TPCCharacter_C_1,0.0,183
1,2,20.5750,0,0,CountessBossAIController_1,1,0,1,-76.74,12.25,98.15,0.00,0.00,220.00,None,BP_TPCCharacter_C_1,0.0,183
1,2,20.5917,0,0,CountessBossAIController_1,1,0,1,-76.74,12.25,98.15,0.00,0.00,220.00,None,BP_TPCCharacter_C_1,0.0,183
1,2,20.6083,0,0,CountessBossAIController_1,1,0,1,-76.74,12.25,98.15,0.00,0.00,220.00,None,BP_TPCCharacter_C_1,0.0,184
1,2,20.6250,0,0,CountessBossAIController_1,1,0,1,-76.74,12.25,98.15,0.00,0.00,220.00,None,BP_TPCCharacter_C_1,0.0,184
1,2,20.6417,0,0,CountessBossAIController_1,1,0,1,-76.74,12.25,98.15,0.00,0.00,220.00,None,BP_TPCCharacter_C_1,0.0,184
1,2,20.6583,0,0,CountessBossAIController_1,1,0,1,-76.74,12.25,98.15,0.00,0.00,220.00,None,BP_TPCCharacter_C_1,0.0,184
1,2,20.6750,0,0,CountessBossAIController_1,1,0,1,-76.74,12.25,98.15,0.00,0.00,220.00,None,BP_TPCCharacter_C_1,0.0,184
1,2,20.6917,0,0,CountessBossAIController_1,1,0,1,-76.74,12.25,98.15,0.00,0.00,220.00,None,BP_TPCCharacter_C_1,0.0,184
1,2,20.7083,0,0,CountessBossAIController_1,1,0,1,-76.74,12.25,98.15,0.00,0.00,220.00,None,BP_TPCCharacter_C_1,0.0,184
1,2,20.7250,0,0,CountessBossAIController_1,1,0,1,-76.74,12.25,98.15,0.00,0.00,220.00,None,BP_TPCCharacter_C_1,0.0,185
1,2,20.7417,0,0,CountessBossAIController_1,1,0,1,-76.74,12.25,98.15,0.00,0.00,220.00,None,BP_TPCCharacter_C_1,0.0,185
1,2,20.7583,0,0,CountessBossAIController_1,1,0,1,-76.74,12.25,98.15,0.00,0.00,220.00,None,BP_TPCCharacter_C_1,0.0,185
1,2,20.7750,0,0,CountessBossAIController_1,1,0,1,-76.74,12.25,98.15,0.00,0.00,220.00,None,BP_TPCCharacter_C_1,0.0,185
1,2,20.7917,0,0,CountessBossAIController_1,1,0,1,-76.74,12.25,98.15,0.00,0.00,220.00,None,BP_TPCCharacter_C_1,0.0,185
1,2,20.8083,0,0,CountessBossAIController_1,1,0,1,-76.74,12.25,98.15,0.00,0.00,220.00,None,BP_TPCCharacter_C_1,0.0,185
1,2,20.8250,0,0,CountessBossAIController_1,1,0,1,-76.74,12.25,98.15,0.00,0.00,220.00,None,BP_TPCCharacter_C_1,0.0,185
1,2,20.8417,0,0,CountessBossAIController_1,1,0,1,-76.74,12.25,98.15,0.00,0.00,220.00,None,BP_TPCCharacter_C_1,0.0,186
1,2,20.8583,0,0,CountessBossAIController_1,1,0,1,-76.74,12.25,98.15,0.00,0.00,220.00,None,BP_TPCCharacter_C_1,0.0,186
1,2,20.8750,0,0,CountessBossAIController_1,1,0,1,-76.74,12.25,98.15,0.00,0.00,220.00,None,BP_TPCCharacter_C_1,0.0,186
1,2,20.8917,0,0,CountessBossAIController_1,1,0,1,-76.74,12.25,98.15,0.00,0.00,220.00,None,BP_TPCCharacter_C_1,0.0,186
1,2,20.9083,0,0,CountessBossAIController_1,1,0,1,-76.74,12.25,98.15,0.00,0.00,220.00,None,BP_TPCCharacter_C_1,0.0,186
1,2,20.9250,0,0,CountessBossAIController_1,1,0,1,-76.74,12.25,98.15,0.00,0.00,220.00,None,BP_TPCCharacter_C_1,0.0,186
1,2,20.9417,0,0,CountessBossAIController_1,1,0,1,-76.74,12.25,98.15,0.00,0.00,220.00,None,BP_TPCCharacter_C_1,0.0,186
1,2,20.9583,0,0,CountessBossAIController_1,1,0,1,-76.74,12.25,98.15,0.00,0.00,220.00,None,BP_TPCCharacter_C_1,0.0,187
1,2,20.9750,0,0,CountessBossAIController_1,1,0,1,-76.74,12.25,98.15,0.00,0.00,220.00,None,BP_TPCCharacter_C_1,0.0,187
1,2,20.9917,0,0,CountessBossAIController_1,1,0,1,-76.74,12.25,98.15,0.00,0.00,220.00,None,BP_TPCCharacter_C_1,0.0,187
1,2,21.0083,0,0,CountessBossAIController_1,1,0,1,-76.74,12.25,98.15,0.00,0.00,220.00,None,BP_TPCCharacter_C_1,0.0,187
1,2,21.0250,0,0,CountessBossAIController_1,1,0,1,-76.74,12.25,98.15,0.00,0.00,220.00,None,BP_TPCCharacter_C_1,0.0,187
1,2,21.0417,0,0,CountessBossAIController_1,1,0,1,-76.74,12.25,98.15,0.00,0.00,220.00,None,BP_TPCCharacter_C_1,0.0,187
1,2,21.0583,0,0,CountessBossAIController_1,1,0,1,-76.74,12.25,98.15,0.00,0.00,220.00,None,BP_TPCCharacter_C_1,0.0,187
1,2,21.0750,0,0,CountessBossAIController_1,1,0,1,-76.74,12.25,98.15,0.00,0.00,220.00,None,BP_TPCCharacter_C_1,0.0,188
1,2,21.0917,0,0,CountessBossAIController_1,1,0,1,-76.74,12.25,98.15,0.00,0.00,220.00,None,BP_TPCCharacter_C_1,0.0,188
1,2,21.1083,0,0,CountessBossAIController_1,1,0,1,-76.74,12.25,98.15,0.00,0.00,220.00,None,BP_TPCCharacter_C_1,0.0,188
1,2,21.1250,0,0,CountessBossAIController_1,1,0,1,-76.74,12.25,98.15,0.00,0.00,220.00,None,BP_TPCCharacter_C_1,0.0,188
1,2,21.1417,0,0,CountessBossAIController_1,1,0,1,-76.74,12.25,98.15,0.00,0.00,220.00,None,BP_TPCCharacter_C_1,0.0,188
1,2,21.1583,0,0,CountessBossAIController_1,1,0,1,-76.74,12.25,98.15,0.00,0.00,220.00,None,BP_TPCCharacter_C_1,0.0,188
1,2,21.1750,0,0,CountessBossAIController_1,1,0,1,-76.74,12.25,98.15,0.00,0.00,220.00,None,BP_TPCCharacter_C_1,0.0,188
1,2,21.1917,0,0,CountessBossAIController_1,1,0,1,-76.74,12.25,98.15,0.00,0.00,220.00,None,BP_TPCCharacter_C_1,0.0,189
1,2,21.2083,0,0,CountessBossAIController_1,1,0,1,-76.74,12.25,98.15,0.00,0.00,220.00,None,BP_TPCCharacter_C_1,0.0,189
1,2,21.2250,0,0,CountessBossAIController_1,1,0,1,-76.74,12.25,98.15,0.00,0.00,220.00,None,BP_TPCCharacter_C_1,0.0,189
1,2,21.2417,0,0,CountessBossAIController_1,1,0,1,-76.74,12.25,98.15,0.00,0.00,220.00,None,BP_TPCCharacter_C_1,0.0,189
1,2,21.2583,0,0,CountessBossAIController_1,1,0,1,-76.74,12.25,98.15,0.00,0.00,220.00,None,BP_TPCCharacter_C_1,0.0,189
1,2,21.2750,0,0,CountessBossAIController_1,1,0,1,-76.74,12.25,98.15,0.00,0.00,220.00,None,BP_TPCCharacter_C_1,0.0,189
1,2,21.2917,0,0,CountessBossAIController_1,1,0,1,-76.74,12.25,98.15,0.00,0.00,220.00,None,BP_TPCCharacter_C_1,0.0,189
1,2,21.3083,0,0,CountessBossAIController_1,1,0,1,-76.74,12.25,98.15,0.00,0.00,220.00,None,BP_TPCCharacter_C_1,0.0,190
1,2,21.3250,0,0,CountessBossAIController_1,1,0,1,-76.74,12.25,98.15,0.00,0.00,220.00,None,BP_TPCCharacter_C_1,0.0,190
1,2,21.3417,0,0,CountessBossAIController_1,1,0,1,-76.74,12.25,98.15,0.00,0.00,220.00,None,BP_TPCCharacter_C_1,0.0,190
1,2,21.3583,0,0,CountessBossAIController_1,1,0,1,-76.74,12.25,98.15,0.00,0.00,220.00,None,BP_TPCCharacter_C_1,0.0,190
1,2,21.3750,0,0,CountessBossAIController_1,1,0,1,-76.74,12.25,98.15,0.00,0.00,220.00,None,BP_TPCCharacter_C_1,0.0,190
1,2,21.3917,0,0,CountessBossAIController_1,1,0,1,-76.74,12.25,98.15,0.00,0.00,220.00,None,BP_TPCCharacter_C_1,0.0,190
1,2,21.4083,0,0,CountessBossAIController_1,1,0,1,-76.74,12.25,98.15,0.00,0.00,220.00,None,BP_TPCCharacter_C_1,0.0,190
1,2,21.4250,0,0,CountessBossAIController_1,1,0,1,-76.74,12.25,98.15,0.00,0.00,220.00,None,BP_TPCCharacter_C_1,0.0,191
1,2,21.4417,0,0,CountessBossAIController_1,1,0,1,-76.74,12.25,98.15,0.00,0.00,220.00,None,BP_TPCCharacter_C_1,0.0,191
1,2,21.4583,0,0,CountessBossAIController_1,1,0,1,-76.74,12.25,98.15,0.00,0.00,220.00,None,BP_TPCCharacter_C_1,0.0,191
1,2,21.4750,0,0,CountessBossAIController_1,1,0,1,-76.74,12.25,98.15,0.00,0.00,220.00,None,BP_TPCCharacter_C_1,0.0,191
1,2,21.4917,0,0,CountessBossAIController_1,1,0,1,-76.74,12.25,98.15,0.00,0.00,220.00,None,BP_TPCCharacter_C_1,0.0,191
1,2,21.5083,0,0,CountessBossAIController_1,1,0,1,-76.74,12.25,98.15,0.00,0.00,220.00,None,BP_TPCCharacter_C_1,0.0,191
1,2,21.5250,0,0,CountessBossAIController_1,1,0,1,-76.74,12.25,98.15,0.00,0.00,220.00,None,BP_TPCCharacter_C_1,0.0,191
1,2,21.5417,0,0,CountessBossAIController_1,1,0,1,-76.74,12.25,98.15,0.00,0.00,220.00,None,BP_TPCCharacter_C_1,0.0,192
1,2,21.5583,0,0,CountessBossAIController_1,1,0,1,-76.74,12.25,98.15,0.00,0.00,220.00,None,BP_TPCCharacter_C_1,0.0,192
1,2,21.5750,0,0,CountessBossAIController_1,1,0,1,-76.74,12.25,98.15,0.00,0.00,220.00,None,BP_TPCCharacter_C_1,0.0,192
1,2,21.5917,0,0,CountessBossAIController_1,1,0,1,-76.74,12.25,98.15,0.00,0.00,220.00,None,BP_TPCCharacter_C_1,0.0,192
1,2,21.6083,0,0,CountessBossAIController_1,1,0,1,-76.74,12.25,98.15,0.00,0.00,220.00,None,BP_TPCCharacter_C_1,0.0,192
1,2,21.6250,0,0,CountessBossAIController_1,1,0,1,-76.74,12.25,98.15,0.00,0.00,220.00,None,BP_TPCCharacter_C_1,0.0,192
1,2,21.6417,0,0,CountessBossAIController_1,1,0,1,-76.74,12.25,98.15,0.00,0.00,220.00,None,BP_TPCCharacter_C_1,0.0,192
1,2,21.6583,0,0,CountessBossAIController_1,1,0,1,-76.74,12.25,98.15,0.00,0.00,220.00,None,BP_TPCCharacter_C_1,0.0,193
1,2,21.6750,0,0,CountessBossAIController_1,1,0,1,-76.74,12.25,98.15,0.00,0.00,220.00,None,BP_TPCCharacter_C_1,0.0,193
1,2,21.6917,0,0,CountessBossAIController_1,1,0,1,-76.74,12.25,98.15,0.00,0.00,220.00,None,BP_TPCCharacter_C_1,0.0,193
1,2,21.7083,0,0,CountessBossAIController_1,1,0,1,-76.74,12.25,98.15,0.00,0.00,220.00,None,BP_TPCCharacter_C_1,0.0,193
1,2,21.7250,0,0,CountessBossAIController_1,1,0,1,-76.74,12.25,98.15,0.00,0.00,220.00,None,BP_TPCCharacter_C_1,0.0,193
1,2,21.7417,0,0,CountessBossAIController_1,1,0,1,-76.74,12.25,98.15,0.00,0.00,220.00,None,BP_TPCCharacter_C_1,0.0,193
1,2,21.7583,0,0,CountessBossAIController_1,1,0,1,-76.74,12.25,98.15,0.00,0.00,220.00,None,BP_TPCCharacter_C_1,0.0,193
1,2,21.7750,0,0,CountessBossAIController_1,1,0,1,-76.74,12.25,98.15,0.00,0.00,220.00,None,BP_TPCCharacter_C_1,0.0,194
1,2,21.7917,0,0,CountessBossAIController_1,1,0,1,-76.74,12.25,98.15,0.00,0.00,220.00,None,BP_TPCCharacter_C_1,0.0,194
1,2,21.8083,0,0,CountessBossAIController_1,1,0,1,-76.74,12.25,98.15,0.00,0.00,220.00,None,BP_TPCCharacter_C_1,0.0,194
1,2,21.8250,0,0,CountessBossAIController_1,1,0,1,-76.74,12.25,98.15,0.00,0.00,220.00,None,BP_TPCCharacter_C_1,0.0,194
1,2,21.8417,0,0,CountessBossAIController_1,1,0,1,-76.74,12.25,98.15,0.00,0.00,220.00,None,BP_TPCCharacter_C_1,0.0,194
1,2,21.8583,0,0,CountessBossAIController_1,1,0,1,-76.74,12.25,98.15,0.00,0.00,220.00,None,BP_TPCCharacter_C_1,0.0,194
1,2,21.8750,0,0,CountessBossAIController_1,1,0,1,-76.74,12.25,98.15,0.00,0.00,220.00,None,BP_TPCCharacter_C_1,0.0,194
1,2,21.8917,0,0,CountessBossAIController_1,1,0,1,-76.74,12.25,98.15,0.00,0.00,220.00,None,BP_TPCCharacter_C_1,0.0,195
1,2,21.9083,0,0,CountessBossAIController_1,1,0,1,-76.74,12.25,98.15,0.00,0.00,220.00,None,BP_TPCCharacter_C_1,0.0,195
1,2,21.9250,0,0,CountessBossAIController_1,1,0,1,-76.74,12.25,98.15,0.00,0.00,220.00,None,BP_TPCCharacter_C_1,0.0,195
1,2,21.9417,0,0,CountessBossAIController_1,1,0,1,-76.74,12.25,98.15,0.00,0.00,220.00,None,BP_TPCCharacter_C_1,0.0,195
1,2,21.9583,0,0,CountessBossAIController_1,1,0,1,-76.74,12.25,98.15,0.00,0.00,220.00,None,BP_TPCCharacter_C_1,0.0,195
1,2,21.9750,0,0,CountessBossAIController_1,1,0,1,-76.74,12.25,98.15,0.00,0.00,220.00,None,BP_TPCCharacter_C_1,0.0,195
1,2,21.9917,0,0,CountessBossAIController_1,1,0,1,-76.74,12.25,98.15,0.00,0.00,220.00,None,BP_TPCCharacter_C_1,0.0,195
1,2,22.0083,0,0,CountessBossAIController_1,1,0,1,-76.74,12.25,98.15,0.00,0.00,220.00,None,BP_TPCCharacter_C_1,0.0,196
1,2,22.0250,0,0,CountessBossAIController_1,1,0,1,-76.74,12.25,98.15,0.00,0.00,220.00,None,BP_TPCCharacter_C_1,0.0,196
1,2,22.0417,0,0,CountessBossAIController_1,1,0,1,-76.74,12.25,98.15,0.00,0.00,220.00,None,BP_TPCCharacter_C_1,0.0,196
1,2,22.0583,0,0,CountessBossAIController_1,1,0,1,-76.74,12.25,98.15,0.00,0.00,220.00,None,BP_TPCCharacter_C_1,0.0,196
1,2,22.0750,0,0,CountessBossAIController_1,1,0,1,-76.74,12.25,98.15,0.00,0.00,220.00,None,BP_TPCCharacter_C_1,0.0,196
1,2,22.0917,0,0,CountessBossAIController_1,1,0,1,-76.74,12.25,98.15,0.00,0.00,220.00,None,BP_TPCCharacter_C_1,0.0,196
1,2,22.1083,0,0,CountessBossAIController_1,1,0,1,-76.74,12.25,98.15,0.00,0.00,220.00,None,BP_TPCCharacter_C_1,0.0,196
1,2,22.1250,0,0,CountessBossAIController_1,1,0,1,-76.74,12.25,98.15,0.00,0.00,220.00,None,BP_TPCCharacter_C_1,0.0,197
1,2,22.1417,0,0,CountessBossAIController_1,1,0,1,-76.74,12.25,98.15,0.00,0.00,220.00,None,BP_TPCCharacter_C_1,0.0,197
1,2,22.1583,0,0,CountessBossAIController_1,1,0,1,-76.74,12.25,98.15,0.00,0.00,220.00,None,BP_TPCCharacter_C_1,0.0,197
1,2,22.1750,0,0,CountessBossAIController_1,1,0,1,-76.74,12.25,98.15,0.00,0.00,220.00,None,BP_TPCCharacter_C_1,0.0,197
1,2,22.1917,0,0,CountessBossAIController_1,1,0,1,-76.74,12.25,98.15,0.00,0.00,220.00,None,BP_TPCCharacter_C_1,0.0,197
1,3,22.2083,0,0,CountessBossAIController_1,1,0,1,-76.74,12.25,98.15,0.00,0.00,220.00,None,BP_TPCCharacter_C_2,100.0,197
1,3,22.2250,0,0,CountessBossAIController_1,1,0,1,-76.74,12.25,98.15,0.00,0.00,220.00,None,BP_TPCCharacter_C_2,100.0,197
1,3,22.2417,1,0,CountessBossAIController_1,1,0,1,-76.74,12.25,98.15,0.00,0.00,220.00,BP_TPCCharacter_C_2,BP_TPCCharacter_C_2,100.0,198
1,3,22.2583,1,0,CountessBossAIController_1,1,0,1,-76.74,12.25,98.15,0.00,0.00,220.00,BP_TPCCharacter_C_2,BP_TPCCharacter_C_2,100.0,198
1,3,22.2750,1,0,CountessBossAIController_1,1,0,1,-76.74,12.25,98.15,0.00,0.00,220.00,BP_TPCCharacter_C_2,BP_TPCCharacter_C_2,100.0,199
1,3,22.2917,1,0,CountessBossAIController_1,1,0,1,-76.74,12.25,98.15,0.00,0.00,220.00,BP_TPCCharacter_C_2,BP_TPCCharacter_C_2,100.0,199
1,3,22.3083,1,0,CountessBossAIController_1,1,0,1,-76.74,12.25,98.15,0.00,0.00,220.00,BP_TPCCharacter_C_2,BP_TPCCharacter_C_2,100.0,199
1,3,22.3250,1,0,CountessBossAIController_1,1,0,1,-76.74,12.25,98.15,0.00,0.00,220.00,BP_TPCCharacter_C_2,BP_TPCCharacter_C_2,100.0,199
1,3,22.3417,1,0,CountessBossAIController_1,1,0,1,-76.74,12.25,98.15,0.00,0.00,220.00,BP_TPCCharacter_C_2,BP_TPCCharacter_C_2,100.0,199
1,3,22.3583,1,0,CountessBossAIController_1,1,0,1,-76.74,12.25,98.15,0.00,0.00,220.00,BP_TPCCharacter_C_2,BP_TPCCharacter_C_2,100.0,199
1,3,22.3750,1,0,CountessBossAIController_1,1,0,1,-76.74,12.25,98.15,0.00,0.00,220.00,BP_TPCCharacter_C_2,BP_TPCCharacter_C_2,100.0,199
1,3,22.3917,1,0,CountessBossAIController_1,1,0,1,-76.74,12.25,98.15,0.00,0.00,220.00,BP_TPCCharacter_C_2,BP_TPCCharacter_C_2,100.0,200
1,3,22.4083,1,0,CountessBossAIController_1,1,0,1,-76.74,12.25,98.15,0.00,0.00,220.00,BP_TPCCharacter_C_2,BP_TPCCharacter_C_2,100.0,200
1,3,22.4250,1,0,CountessBossAIController_1,1,0,1,-76.74,12.25,98.15,0.00,0.00,220.00,BP_TPCCharacter_C_2,BP_TPCCharacter_C_2,100.0,200
1,3,22.4417,1,0,CountessBossAIController_1,1,0,1,-76.74,12.25,98.15,0.00,0.00,220.00,BP_TPCCharacter_C_2,BP_TPCCharacter_C_2,100.0,200
1,3,22.4583,1,0,CountessBossAIController_1,1,0,1,-76.74,12.25,98.15,0.00,0.00,220.00,BP_TPCCharacter_C_2,BP_TPCCharacter_C_2,100.0,200
1,3,22.4750,1,0,CountessBossAIController_1,1,0,1,-76.74,12.25,98.15,0.00,0.00,220.00,BP_TPCCharacter_C_2,BP_TPCCharacter_C_2,100.0,200
1,3,22.4917,1,0,CountessBossAIController_1,1,0,1,-76.74,12.25,98.15,0.00,0.00,220.00,BP_TPCCharacter_C_2,BP_TPCCharacter_C_2,100.0,200
1,3,22.5083,1,0,CountessBossAIController_1,1,0,1,-76.74,12.25,98.15,0.00,0.00,220.00,BP_TPCCharacter_C_2,BP_TPCCharacter_C_2,100.0,201
1,3,22.5250,1,0,CountessBossAIController_1,1,0,1,-76.74,12.25,98.15,0.00,0.00,220.00,BP_TPCCharacter_C_2,BP_TPCCharacter_C_2,100.0,201
1,3,22.5417,1,0,CountessBossAIController_1,1,0,1,-76.74,12.25,98.15,0.00,0.00,220.00,BP_TPCCharacter_C_2,BP_TPCCharacter_C_2,100.0,201
1,3,22.5583,1,0,CountessBossAIController_1,1,0,1,-76.74,12.25,98.15,0.00,0.00,220.00,BP_TPCCharacter_C_2,BP_TPCCharacter_C_2,100.0,201
1,3,22.5750,1,0,CountessBossAIController_1,1,0,1,-76.74,12.25,98.15,0.00,0.00,220.00,BP_TPCCharacter_C_2,BP_TPCCharacter_C_2,100.0,201
1,3,22.5917,1,0,CountessBossAIController_1,1,0,1,-76.74,12.25,98.15,0.00,0.00,220.00,BP_TPCCharacter_C_2,BP_TPCCharacter_C_2,100.0,201
1,3,22.6083,1,0,CountessBossAIController_1,1,0,1,-76.74,12.25,98.15,0.00,0.00,220.00,BP_TPCCharacter_C_2,BP_TPCCharacter_C_2,100.0,201
1,3,22.6250,1,0,CountessBossAIController_1,1,0,1,-76.74,12.25,98.15,0.00,0.00,220.00,BP_TPCCharacter_C_2,BP_TPCCharacter_C_2,100.0,202
1,3,22.6417,1,0,CountessBossAIController_1,1,0,1,-76.74,12.25,98.15,0.00,0.00,220.00,BP_TPCCharacter_C_2,BP_TPCCharacter_C_2,100.0,202
1,3,22.6583,1,0,CountessBossAIController_1,1,0,1,-76.74,12.25,98.15,0.00,0.00,220.00,BP_TPCCharacter_C_2,BP_TPCCharacter_C_2,100.0,202
1,3,22.6750,1,0,CountessBossAIController_1,1,0,1,-76.74,12.25,98.15,0.00,0.00,220.00,BP_TPCCharacter_C_2,BP_TPCCharacter_C_2,100.0,202
1,3,22.6917,1,0,CountessBossAIController_1,1,0,1,-76.74,12.25,98.15,0.00,0.00,220.00,BP_TPCCharacter_C_2,BP_TPCCharacter_C_2,100.0,202
1,3,22.7083,1,0,CountessBossAIController_1,1,0,1,-76.74,12.25,98.15,0.00,0.00,220.00,BP_TPCCharacter_C_2,BP_TPCCharacter_C_2,100.0,202
1,3,22.7250,1,0,CountessBossAIController_1,1,0,1,-76.74,12.25,98.15,0.00,0.00,220.00,BP_TPCCharacter_C_2,BP_TPCCharacter_C_2,100.0,202
1,3,22.7417,1,0,CountessBossAIController_1,1,0,1,-76.74,12.25,98.15,0.00,0.00,220.00,BP_TPCCharacter_C_2,BP_TPCCharacter_C_2,100.0,203
1,3,22.7583,1,0,CountessBossAIController_1,1,0,1,-76.74,12.25,98.15,0.00,0.00,220.00,BP_TPCCharacter_C_2,BP_TPCCharacter_C_2,100.0,203
1,3,22.7750,1,0,CountessBossAIController_1,1,0,1,-76.74,12.25,98.15,0.00,0.00,220.00,BP_TPCCharacter_C_2,BP_TPCCharacter_C_2,100.0,203
1,3,22.7917,1,0,CountessBossAIController_1,1,0,1,-76.74,12.25,98.15,0.00,0.00,220.00,BP_TPCCharacter_C_2,BP_TPCCharacter_C_2,100.0,203
1,3,22.8083,1,0,CountessBossAIController_1,1,0,1,-76.74,12.25,98.15,0.00,0.00,220.00,BP_TPCCharacter_C_2,BP_TPCCharacter_C_2,100.0,203
1,3,22.8250,1,0,CountessBossAIController_1,1,0,1,-76.74,12.25,98.15,0.00,0.00,220.00,BP_TPCCharacter_C_2,BP_TPCCharacter_C_2,100.0,203
1,3,22.8417,1,0,CountessBossAIController_1,1,0,1,-76.74,12.25,98.15,0.00,0.00,220.00,BP_TPCCharacter_C_2,BP_TPCCharacter_C_2,100.0,203
1,3,22.8583,1,0,CountessBossAIController_1,1,0,1,-76.74,12.25,98.15,0.00,0.00,220.00,BP_TPCCharacter_C_2,BP_TPCCharacter_C_2,100.0,204
1,3,22.8750,1,0,CountessBossAIController_1,1,0,1,-76.74,12.25,98.15,0.00,0.00,220.00,BP_TPCCharacter_C_2,BP_TPCCharacter_C_2,100.0,204
1,3,22.8917,1,0,CountessBossAIController_1,1,0,1,-76.74,12.25,98.15,0.00,0.00,220.00,BP_TPCCharacter_C_2,BP_TPCCharacter_C_2,100.0,204
1,3,22.9083,1,0,CountessBossAIController_1,1,0,1,-76.74,12.25,98.15,0.00,0.00,220.00,BP_TPCCharacter_C_2,BP_TPCCharacter_C_2,100.0,204
1,3,22.9250,1,0,CountessBossAIController_1,1,0,1,-76.74,12.25,98.15,0.00,0.00,220.00,BP_TPCCharacter_C_2,BP_TPCCharacter_C_2,100.0,204
1,3,22.9417,1,0,CountessBossAIController_1,1,0,1,-76.74,12.25,98.15,0.00,0.00,220.00,BP_TPCCharacter_C_2,BP_TPCCharacter_C_2,100.0,204
1,3,22.9583,1,0,CountessBossAIController_1,1,0,1,-76.74,12.25,98.15,0.00,0.00,220.00,BP_TPCCharacter_C_2,BP_TPCCharacter_C_2,100.0,204
1,3,22.9750,1,0,CountessBossAIController_1,1,0,1,-76.74,12.25,98.15,0.00,0.00,220.00,BP_TPCCharacter_C_2,BP_TPCCharacter_C_2,100.0,205
1,3,22.9917,2,0,CountessBossAIController_1,1,0,1,-76.74,12.25,98.15,0.00,0.00,220.00,BP_TPCCharacter_C_2,BP_TPCCharacter_C_2,100.0,205
1,3,23.0083,2,0,CountessBossAIController_1,1,0,1,-76.74,12.25,98.15,0.00,0.00,220.00,BP_TPCCharacter_C_2,BP_TPCCharacter_C_2,100.0,205
1,3,23.0250,2,0,CountessBossAIController_1,1,0,1,-76.74,12.25,98.15,0.00,0.00,220.00,BP_TPCCharacter_C_2,BP_TPCCharacter_C_2,100.0,205
1,3,23.0417,2,0,CountessBossAIController_1,1,0,1,-76.74,12.25,98.15,0.00,0.00,220.00,BP_TPCCharacter_C_2,BP_TPCCharacter_C_2,100.0,206
1,3,23.0583,2,0,CountessBossAIController_1,1,0,1,-76.74,12.25,98.15,0.00,0.00,220.00,BP_TPCCharacter_C_2,BP_TPCCharacter_C_2,100.0,206
1,3,23.0750,2,0,CountessBossAIController_1,1,0,1,-76.74,12.25,98.15,0.00,0.00,220.00,BP_TPCCharacter_C_2,BP_TPCCharacter_C_2,100.0,206
1,3,23.0917,2,0,CountessBossAIController_1,1,0,1,-76.74,12.25,98.15,0.00,0.00,220.00,BP_TPCCharacter_C_2,BP_TPCCharacter_C_2,100.0,206
1,3,23.1083,2,0,CountessBossAIController_1,1,0,1,-76.74,12.25,98.15,0.00,0.00,220.00,BP_TPCCharacter_C_2,BP_TPCCharacter_C_2,100.0,206
1,3,23.1250,2,0,CountessBossAIController_1,1,0,1,-76.74,12.25,98.15,0.00,0.00,220.00,BP_TPCCharacter_C_2,BP_TPCCharacter_C_2,100.0,206
1,3,23.1417,2,0,CountessBossAIController_1,1,0,1,-76.74,12.25,98.15,0.00,0.00,220.00,BP_TPCCharacter_C_2,BP_TPCCharacter_C_2,100.0,206
1,3,23.1583,2,0,CountessBossAIController_1,1,3,1,-76.74,12.25,98.15,0.00,0.00,220.00,BP_TPCCharacter_C_2,BP_TPCCharacter_C_2,100.0,207
1,3,23.1750,2,0,CountessBossAIController_1,1,3,1,-77.31,12.23,98.15,0.00,0.00,220.00,BP_TPCCharacter_C_2,BP_TPCCharacter_C_2,100.0,207
1,3,23.1917,2,0,CountessBossAIController_1,1,3,1,-78.45,12.21,98.15,0.00,0.00,220.00,BP_TPCCharacter_C_2,BP_TPCCharacter_C_2,100.0,207
1,3,23.2083,2,0,CountessBossAIController_1,1,3,1,-80.15,12.17,98.15,0.00,0.00,220.00,BP_TPCCharacter_C_2,BP_TPCCharacter_C_2,100.0,207
1,3,23.2250,2,0,CountessBossAIController_1,1,3,1,-82.43,12.12,98.15,0.00,0.00,220.00,BP_TPCCharacter_C_2,BP_TPCCharacter_C_2,100.0,207
1,3,23.2417,2,0,CountessBossAIController_1,1,3,1,-85.27,12.06,98.15,0.00,0.00,220.00,BP_TPCCharacter_C_2,BP_TPCCharacter_C_2,100.0,207
1,3,23.2583,2,0,CountessBossAIController_1,1,3,1,-88.69,11.99,98.15,0.00,0.00,220.00,BP_TPCCharacter_C_2,BP_TPCCharacter_C_2,100.0,207
1,3,23.2750,2,0,CountessBossAIController_1,1,3,1,-92.67,11.91,98.15,0.00,0.00,220.00,BP_TPCCharacter_C_2,BP_TPCCharacter_C_2,100.0,208
1,3,23.2917,2,0,CountessBossAIController_1,1,3,1,-97.22,11.81,98.15,0.00,0.00,220.00,BP_TPCCharacter_C_2,BP_TPCCharacter_C_2,100.0,208
1,3,23.3083,2,0,CountessBossAIController_1,1,3,1,-102.34,11.70,98.15,0.00,0.00,220.00,BP_TPCCharacter_C_2,BP_TPCCharacter_C_2,100.0,208
1,3,23.3250,2,0,CountessBossAIController_1,1,3,1,-108.02,11.58,98.15,0.00,0.00,220.00,BP_TPCCharacter_C_2,BP_TPCCharacter_C_2,100.0,208
1,3,23.3417,2,0,CountessBossAIController_1,1,3,1,-114.28,11.44,98.15,0.00,0.00,220.00,BP_TPCCharacter_C_2,BP_TPCCharacter_C_2,100.0,208
1,3,23.3583,2,0,CountessBossAIController_1,1,3,1,-120.95,11.30,98.15,0.00,0.00,220.00,BP_TPCCharacter_C_2,BP_TPCCharacter_C_2,100.0,208
1,3,23.3750,2,0,CountessBossAIController_1,1,3,1,-127.61,11.16,98.15,0.00,0.00,220.00,BP_TPCCharacter_C_2,BP_TPCCharacter_C_2,100.0,208
1,3,23.3917,2,0,CountessBossAIController_1,1,3,1,-134.28,11.02,98.15,0.00,0.00,220.00,BP_TPCCharacter_C_2,BP_TPCCharacter_C_2,100.0,209
1,3,23.4083,2,0,CountessBossAIController_1,1,3,1,-140.94,10.87,98.15,0.00,0.00,220.00,BP_TPCCharacter_C_2,BP_TPCCharacter_C_2,100.0,209
1,3,23.4250,2,0,CountessBossAIController_1,1,3,1,-147.61,10.73,98.15,0.00,0.00,220.00,BP_TPCCharacter_C_2,BP_TPCCharacter_C_2,100.0,209
1,3,23.4417,2,0,CountessBossAIController_1,1,3,1,-154.27,10.59,98.15,0.00,0.00,220.00,BP_TPCCharacter_C_2,BP_TPCCharacter_C_2,100.0,209
1,3,23.4583,2,0,CountessBossAIController_1,1,3,1,-160.94,10.45,98.15,0.00,0.00,220.00,BP_TPCCharacter_C_2,BP_TPCCharacter_C_2,100.0,209
1,3,23.4750,2,0,CountessBossAIController_1,1,3,1,-167.60,10.31,98.15,0.00,0.00,220.00,BP_TPCCharacter_C_2,BP_TPCCharacter_C_2,100.0,209
1,3,23.4917,2,0,CountessBossAIController_1,1,3,1,-174.27,10.16,98.15,0.00,0.00,220.00,BP_TPCCharacter_C_2,BP_TPCCharacter_C_2,100.0,209
1,3,23.5083,2,0,CountessBossAIController_1,1,3,1,-180.93,10.02,98.15,0.00,0.00,220.00,BP_TPCCharacter_C_2,BP_TPCCharacter_C_2,100.0,210
1,3,23.5250,2,0,CountessBossAIController_1,1,3,1,-187.60,9.88,98.15,0.00,0.00,220.00,BP_TPCCharacter_C_2,BP_TPCCharacter_C_2,100.0,210
1,3,23.5417,2,0,CountessBossAIController_1,1,3,1,-194.26,9.74,98.15,0.00,0.00,220.00,BP_TPCCharacter_C_2,BP_TPCCharacter_C_2,100.0,210
1,3,23.5583,2,0,CountessBossAIController_1,1,3,1,-200.93,9.59,98.15,0.00,0.00,220.00,BP_TPCCharacter_C_2,BP_TPCCharacter_C_2,100.0,210
1,3,23.5750,2,0,CountessBossAIController_1,1,3,1,-207.59,9.45,98.15,0.00,0.00,220.00,BP_TPCCharacter_C_2,BP_TPCCharacter_C_2,100.0,210
1,3,23.5917,2,0,CountessBossAIController_1,1,3,1,-214.26,9.31,98.15,0.00,0.00,220.00,BP_TPCCharacter_C_2,BP_TPCCharacter_C_2,100.0,210
1,3,23.6083,2,0,CountessBossAIController_1,1,3,1,-220.92,9.17,98.15,0.00,0.00,220.00,BP_TPCCharacter_C_2,BP_TPCCharacter_C_2,100.0,210
1,3,23.6250,2,0,CountessBossAIController_1,1,3,1,-227.59,9.02,98.15,0.00,0.00,220.00,BP_TPCCharacter_C_2,BP_TPCCharacter_C_2,100.0,211
1,3,23.6417,2,0,CountessBossAIController_1,1,3,1,-234.25,8.88,98.15,0.00,0.00,220.00,BP_TPCCharacter_C_2,BP_TPCCharacter_C_2,100.0,211
1,3,23.6583,2,0,CountessBossAIController_1,1,3,1,-240.92,8.74,98.15,0.00,0.00,220.00,BP_TPCCharacter_C_2,BP_TPCCharacter_C_2,100.0,211
1,3,23.6750,2,0,CountessBossAIController_1,1,3,1,-247.58,8.60,98.15,0.00,0.00,220.00,BP_TPCCharacter_C_2,BP_TPCCharacter_C_2,100.0,211
1,3,23.6917,2,0,CountessBossAIController_1,1,3,1,-254.25,8.45,98.15,0.00,0.00,220.00,BP_TPCCharacter_C_2,BP_TPCCharacter_C_2,100.0,211
1,3,23.7083,2,0,CountessBossAIController_1,1,3,1,-260.91,8.31,98.15,0.00,0.00,220.00,BP_TPCCharacter_C_2,BP_TPCCharacter_C_2,100.0,211
1,3,23.7250,2,0,CountessBossAIController_1,1,3,1,-267.58,8.17,98.15,0.00,0.00,220.00,BP_TPCCharacter_C_2,BP_TPCCharacter_C_2,100.0,211
1,3,23.7417,2,0,CountessBossAIController_1,1,3,1,-274.24,8.03,98.15,0.00,0.00,220.00,BP_TPCCharacter_C_2,BP_TPCCharacter_C_2,100.0,212
1,3,23.7583,2,0,CountessBossAIController_1,1,3,1,-280.91,7.88,98.15,0.00,0.00,220.00,BP_TPCCharacter_C_2,BP_TPCCharacter_C_2,100.0,212
1,3,23.7750,2,0,CountessBossAIController_1,1,3,1,-287.57,7.74,98.15,0.00,0.00,220.00,BP_TPCCharacter_C_2,BP_TPCCharacter_C_2,100.0,212
1,3,23.7917,2,0,CountessBossAIController_1,1,3,1,-294.24,7.60,98.15,0.00,0.00,220.00,BP_TPCCharacter_C_2,BP_TPCCharacter_C_2,100.0,212
1,3,23.8083,2,0,CountessBossAIController_1,1,3,1,-300.90,7.46,98.15,0.00,0.00,220.00,BP_TPCCharacter_C_2,BP_TPCCharacter_C_2,100.0,212
1,3,23.8250,2,0,CountessBossAIController_1,1,3,1,-307.57,7.32,98.15,0.00,0.00,220.00,BP_TPCCharacter_C_2,BP_TPCCharacter_C_2,100.0,212
1,3,23.8417,2,0,CountessBossAIController_1,1,3,1,-314.23,7.17,98.15,0.00,0.00,220.00,BP_TPCCharacter_C_2,BP_TPCCharacter_C_2,100.0,212
1,3,23.8583,2,0,CountessBossAIController_1,1,3,1,-320.90,7.03,98.15,0.00,0.00,220.00,BP_TPCCharacter_C_2,BP_TPCCharacter_C_2,100.0,213
1,3,23.8750,2,0,CountessBossAIController_1,1,3,1,-327.56,6.89,98.15,0.00,0.00,220.00,BP_TPCCharacter_C_2,BP_TPCCharacter_C_2,100.0,213
1,3,23.8917,2,0,CountessBossAIController_1,1,3,1,-334.23,6.75,98.15,0.00,0.00,220.00,BP_TPCCharacter_C_2,BP_TPCCharacter_C_2,100.0,213
1,3,23.9083,2,0,CountessBossAIController_1,1,3,1,-340.90,6.60,98.15,0.00,0.00,220.00,BP_TPCCharacter_C_2,BP_TPCCharacter_C_2,100.0,213
1,3,23.9250,2,0,CountessBossAIController_1,1,3,1,-347.56,6.46,98.15,0.00,0.00,220.00,BP_TPCCharacter_C_2,BP_TPCCharacter_C_2,100.0,213
1,3,23.9417,2,0,CountessBossAIController_1,1,3,1,-354.23,6.32,98.15,0.00,0.00,220.00,BP_TPCCharacter_C_2,BP_TPCCharacter_C_2,100.0,213
1,3,23.9583,2,0,CountessBossAIController_1,1,3,1,-360.89,6.18,98.15,0.00,0.00,220.00,BP_TPCCharacter_C_2,BP_TPCCharacter_C_2,100.0,213
1,3,23.9750,2,0,CountessBossAIController_1,1,3,1,-363.89,6.11,98.15,0.00,0.00,220.00,BP_TPCCharacter_C_2,BP_TPCCharacter_C_2,100.0,214
1,3,23.9917,2,0,CountessBossAIController_1,1,3,1,-366.37,6.90,98.15,0.00,0.00,220.00,BP_TPCCharacter_C_2,BP_TPCCharacter_C_2,100.0,214
1,3,24.0083,2,0,CountessBossAIController_1,1,3,1,-368.39,8.39,98.15,0.00,0.00,220.00,BP_TPCCharacter_C_2,BP_TPCCharacter_C_2,100.0,214
1,3,24.0250,2,0,CountessBossAIController_1,1,3,1,-370.01,10.48,98.15,0.00,0.00,220.00,BP_TPCCharacter_C_2,BP_TPCCharacter_C_2,100.0,214
1,3,24.0417,2,0,CountessBossAIController_1,1,3,1,-371.32,13.13,98.15,0.00,0.00,220.00,BP_TPCCharacter_C_2,BP_TPCCharacter_C_2,100.0,214
1,3,24.0583,2,0,CountessBossAIController_1,1,3,1,-372.59,15.84,98.15,0.00,0.00,220.00,BP_TPCCharacter_C_2,BP_TPCCharacter_C_2,100.0,214
1,3,24.0750,2,0,CountessBossAIController_1,1,3,1,-373.87,18.56,98.15,0.00,0.00,220.00,BP_TPCCharacter_C_2,BP_TPCCharacter_C_2,100.0,214
1,3,24.0917,2,0,CountessBossAIController_1,1,3,1,-375.14,21.27,98.15,0.00,0.00,220.00,BP_TPCCharacter_C_2,BP_TPCCharacter_C_2,100.0,215
1,3,24.1083,2,0,CountessBossAIController_1,1,3,1,-376.42,23.99,98.15,0.00,0.00,220.00,BP_TPCCharacter_C_2,BP_TPCCharacter_C_2,100.0,215
1,3,24.1250,2,0,CountessBossAIController_1,1,3,1,-377.69,26.71,98.15,0.00,0.00,220.00,BP_TPCCharacter_C_2,BP_TPCCharacter_C_2,100.0,215
1,3,24.1417,2,0,CountessBossAIController_1,1,3,1,-378.97,29.42,98.15,0.00,0.00,220.00,BP_TPCCharacter_C_2,BP_TPCCharacter_C_2,100.0,215
1,3,24.1583,2,0,CountessBossAIController_1,1,3,1,-380.24,32.14,98.15,0.00,0.00,220.00,BP_TPCCharacter_C_2,BP_TPCCharacter_C_2,100.0,215
1,3,24.1750,2,0,CountessBossAIController_1,1,3,1,-381.51,34.85,98.15,0.00,0.00,220.00,BP_TPCCharacter_C_2,BP_TPCCharacter_C_2,100.0,215
1,3,24.1917,2,0,CountessBossAIController_1,1,3,1,-382.79,37.57,98.15,0.00,0.00,220.00,BP_TPCCharacter_C_2,BP_TPCCharacter_C_2,100.0,215
1,3,24.2083,2,0,CountessBossAIController_1,1,3,1,-384.06,40.29,98.15,0.00,0.00,220.00,BP_TPCCharacter_C_2,BP_TPCCharacter_C_2,100.0,216
1,3,24.2250,2,0,CountessBossAIController_1,1,3,1,-385.34,43.00,98.15,0.00,0.00,220.00,BP_TPCCharacter_C_2,BP_TPCCharacter_C_2,100.0,216
1,3,24.2417,2,0,CountessBossAIController_1,1,3,1,-386.61,45.72,98.15,0.00,0.00,220.00,BP_TPCCharacter_C_2,BP_TPCCharacter_C_2,100.0,216
1,3,24.2583,2,0,CountessBossAIController_1,1,3,1,-387.89,48.43,98.15,0.00,0.00,220.00,BP_TPCCharacter_C_2,BP_TPCCharacter_C_2,100.0,216
1,3,24.2750,2,0,CountessBossAIController_1,1,3,1,-389.16,51.15,98.15,0.00,0.00,220.00,BP_TPCCharacter_C_2,BP_TPCCharacter_C_2,100.0,216
1,3,24.2917,2,0,CountessBossAIController_1,1,3,1,-390.43,53.86,98.15,0.00,0.00,220.00,BP_TPCCharacter_C_2,BP_TPCCharacter_C_2,100.0,216
1,3,24.3083,2,0,CountessBossAIController_1,1,3,1,-391.71,56.58,98.15,0.00,0.00,220.00,BP_TPCCharacter_C_2,BP_TPCCharacter_C_2,100.0,216
1,3,24.3250,2,0,CountessBossAIController_1,1,3,1,-392.98,59.30,98.15,0.00,0.00,220.00,BP_TPCCharacter_C_2,BP_TPCCharacter_C_2,100.0,217
1,3,24.3417,2,0,CountessBossAIController_1,1,3,1,-394.26,62.01,98.15,0.00,0.00,220.00,BP_TPCCharacter_C_2,BP_TPCCharacter_C_2,100.0,217
1,3,24.3583,2,0,CountessBossAIController_1,1,3,1,-395.53,64.73,98.15,0.00,0.00,220.00,BP_TPCCharacter_C_2,BP_TPCCharacter_C_2,100.0,217
1,3,24.3750,2,0,CountessBossAIController_1,1,3,1,-396.81,67.44,98.15,0.00,0.00,220.00,BP_TPCCharacter_C_2,BP_TPCCharacter_C_2,100.0,217
1,3,24.3917,2,0,CountessBossAIController_1,1,3,1,-398.37,70.01,98.15,0.00,0.00,220.00,BP_TPCCharacter_C_2,BP_TPCCharacter_C_2,100.0,217
1,3,24.4083,2,0,CountessBossAIController_1,1,3,1,-399.92,72.57,98.15,0.00,0.00,220.00,BP_TPCCharacter_C_2,BP_TPCCharacter_C_2,100.0,217
1,3,24.4250,2,0,CountessBossAIController_1,1,3,1,-401.48,75.13,98.15,0.00,0.00,220.00,BP_TPCCharacter_C_2,BP_TPCCharacter_C_2,100.0,217
1,3,24.4417,2,0,CountessBossAIController_1,1,3,1,-403.04,77.70,98.15,0.00,0.00,220.00,BP_TPCCharacter_C_2,BP_TPCCharacter_C_2,100.0,218
1,3,24.4583,2,0,CountessBossAIController_1,1,3,1,-404.60,80.26,98.15,0.00,0.00,220.00,BP_TPCCharacter_C_2,BP_TPCCharacter_C_2,100.0,218
1,3,24.4750,2,0,CountessBossAIController_1,1,3,1,-406.16,82.82,98.15,0.00,0.00,220.00,BP_TPCCharacter_C_2,BP_TPCCharacter_C_2,100.0,218
1,3,24.4917,2,0,CountessBossAIController_1,1,3,1,-407.72,85.39,98.15,0.00,0.00,220.00,BP_TPCCharacter_C_2,BP_TPCCharacter_C_2,100.0,218
1,3,24.5083,2,0,CountessBossAIController_1,1,3,1,-409.28,87.95,98.15,0.00,0.00,220.00,BP_TPCCharacter_C_2,BP_TPCCharacter_C_2,100.0,218
1,3,24.5250,2,0,CountessBossAIController_1,1,3,1,-410.84,90.51,98.15,0.00,0.00,220.00,BP_TPCCharacter_C_2,BP_TPCCharacter_C_2,100.0,218
1,3,24.5417,2,0,CountessBossAIController_1,1,3,1,-412.40,93.07,98.15,0.00,0.00,220.00,BP_TPCCharacter_C_2,BP_TPCCharacter_C_2,100.0,218
1,3,24.5583,2,0,CountessBossAIController_1,1,3,1,-413.96,95.64,98.15,0.00,0.00,220.00,BP_TPCCharacter_C_2,BP_TPCCharacter_C_2,100.0,219
1,3,24.5750,2,0,CountessBossAIController_1,1,3,1,-415.52,98.20,98.15,0.00,0.00,220.00,BP_TPCCharacter_C_2,BP_TPCCharacter_C_2,100.0,219
1,3,24.5917,2,0,CountessBossAIController_1,1,3,1,-417.07,100.76,98.15,0.00,0.00,220.00,BP_TPCCharacter_C_2,BP_TPCCharacter_C_2,100.0,219
1,3,24.6083,2,0,CountessBossAIController_1,1,3,1,-418.63,103.33,98.15,0.00,0.00,220.00,BP_TPCCharacter_C_2,BP_TPCCharacter_C_2,100.0,219
1,3,24.6250,2,0,CountessBossAIController_1,1,3,1,-420.19,105.89,98.15,0.00,0.00,220.00,BP_TPCCharacter_C_2,BP_TPCCharacter_C_2,100.0,219
1,3,24.6417,2,0,CountessBossAIController_1,1,3,1,-421.75,108.45,98.15,0.00,0.00,220.00,BP_TPCCharacter_C_2,BP_TPCCharacter_C_2,100.0,219
1,3,24.6583,2,0,CountessBossAIController_1,1,3,1,-423.31,111.02,98.15,0.00,0.00,220.00,BP_TPCCharacter_C_2,BP_TPCCharacter_C_2,100.0,219
1,3,24.6750,2,0,CountessBossAIController_1,1,3,1,-424.87,113.58,98.15,0.00,0.00,220.00,BP_TPCCharacter_C_2,BP_TPCCharacter_C_2,100.0,220
1,3,24.6917,2,0,CountessBossAIController_1,1,3,1,-426.43,116.14,98.15,0.00,0.00,220.00,BP_TPCCharacter_C_2,BP_TPCCharacter_C_2,100.0,220
1,3,24.7083,2,0,CountessBossAIController_1,1,3,1,-427.99,118.71,98.15,0.00,0.00,220.00,BP_TPCCharacter_C_2,BP_TPCCharacter_C_2,100.0,220
1,3,24.7250,2,0,CountessBossAIController_1,1,0,1,-429.55,121.27,98.15,0.00,0.00,220.00,BP_TPCCharacter_C_2,BP_TPCCharacter_C_2,100.0,220
1,3,24.7417,2,0,CountessBossAIController_1,1,0,1,-429.55,121.27,98.15,0.00,0.00,220.00,BP_TPCCharacter_C_2,BP_TPCCharacter_C_2,100.0,220
1,3,24.7583,2,0,CountessBossAIController_1,1,3,1,-429.55,121.27,98.15,0.00,0.00,220.00,BP_TPCCharacter_C_2,BP_TPCCharacter_C_2,100.0,220
1,3,24.7750,2,0,CountessBossAIController_1,1,3,1,-429.92,121.69,98.15,0.00,0.00,220.00,BP_TPCCharacter_C_2,BP_TPCCharacter_C_2,100.0,220
1,3,24.7917,2,0,CountessBossAIController_1,1,3,1,-430.68,122.55,98.15,0.00,0.00,220.00,BP_TPCCharacter_C_2,BP_TPCCharacter_C_2,100.0,221
1,3,24.8083,2,0,CountessBossAIController_1,1,3,1,-431.81,123.82,98.15,0.00,0.00,220.00,BP_TPCCharacter_C_2,BP_TPCCharacter_C_2,100.0,221
1,3,24.8250,2,0,CountessBossAIController_1,1,3,1,-433.32,125.53,98.15,0.00,0.00,220.00,BP_TPCCharacter_C_2,BP_TPCCharacter_C_2,100.0,221
1,3,24.8417,2,0,CountessBossAIController_1,1,3,1,-435.21,127.66,98.15,0.00,0.00,220.00,BP_TPCCharacter_C_2,BP_TPCCharacter_C_2,100.0,221
1,3,24.8583,2,0,CountessBossAIController_1,1,3,1,-437.19,129.90,98.15,0.00,0.00,220.00,BP_TPCCharacter_C_2,BP_TPCCharacter_C_2,100.0,221
1,3,24.8750,2,0,CountessBossAIController_1,1,3,1,-439.18,132.15,98.15,0.00,0.00,220.00,BP_TPCCharacter_C_2,BP_TPCCharacter_C_2,100.0,221
1,3,24.8917,2,0,CountessBossAIController_1,1,3,1,-441.17,134.39,98.15,0.00,0.00,220.00,BP_TPCCharacter_C_2,BP_TPCCharacter_C_2,100.0,221
1,3,24.9083,2,0,CountessBossAIController_1,1,3,1,-443.16,136.64,98.15,0.00,0.00,220.00,BP_TPCCharacter_C_2,BP_TPCCharacter_C_2,100.0,222
1,3,24.9250,2,0,CountessBossAIController_1,1,3,1,-445.15,138.88,98.15,0.00,0.00,220.00,BP_TPCCharacter_C_2,BP_TPCCharacter_C_2,100.0,222
1,3,24.9417,2,0,CountessBossAIController_1,1,3,1,-447.14,141.13,98.15,0.00,0.00,220.00,BP_TPCCharacter_C_2,BP_TPCCharacter_C_2,100.0,222
1,3,24.9583,2,0,CountessBossAIController_1,1,3,1,-449.13,143.38,98.15,0.00,0.00,220.00,BP_TPCCharacter_C_2,BP_TPCCharacter_C_2,100.0,222
1,3,24.9750,2,0,CountessBossAIController_1,1,3,1,-451.12,145.62,98.15,0.00,0.00,220.00,BP_TPCCharacter_C_2,BP_TPCCharacter_C_2,100.0,222
1,3,24.9917,2,0,CountessBossAIController_1,1,3,1,-453.11,147.87,98.15,0.00,0.00,220.00,BP_TPCCharacter_C_2,BP_TPCCharacter_C_2,100.0,222
1,3,25.0083,2,0,CountessBossAIController_1,1,3,1,-455.10,150.11,98.15,0.00,0.00,220.00,BP_TPCCharacter_C_2,BP_TPCCharacter_C_2,100.0,222
1,3,25.0250,2,0,CountessBossAIController_1,1,3,1,-457.09,152.36,98.15,0.00,0.00,220.00,BP_TPCCharacter_C_2,BP_TPCCharacter_C_2,100.0,223
1,3,25.0417,2,0,CountessBossAIController_1,1,3,1,-459.08,154.60,98.15,0.00,0.00,220.00,BP_TPCCharacter_C_2,BP_TPCCharacter_C_2,100.0,223
1,3,25.0583,2,0,CountessBossAIController_1,1,3,1,-461.07,156.85,98.15,0.00,0.00,220.00,BP_TPCCharacter_C_2,BP_TPCCharacter_C_2,100.0,223
1,3,25.0750,2,0,CountessBossAIController_1,1,3,1,-463.06,159.09,98.15,0.00,0.00,220.00,BP_TPCCharacter_C_2,BP_TPCCharacter_C_2,100.0,223
1,3,25.0917,2,0,CountessBossAIController_1,1,3,1,-465.04,161.34,98.15,0.00,0.00,220.00,BP_TPCCharacter_C_2,BP_TPCCharacter_C_2,100.0,223
1,3,25.1083,2,0,CountessBossAIController_1,1,3,1,-467.03,163.59,98.15,0.00,0.00,220.00,BP_TPCCharacter_C_2,BP_TPCCharacter_C_2,100.0,223
1,3,25.1250,2,0,CountessBossAIController_1,1,3,1,-469.02,165.83,98.15,0.00,0.00,220.00,BP_TPCCharacter_C_2,BP_TPCCharacter_C_2,100.0,223
1,3,25.1417,2,0,CountessBossAIController_1,1,0,1,-471.01,168.08,98.15,0.00,0.00,220.00,BP_TPCCharacter_C_2,BP_TPCCharacter_C_2,100.0,224
1,3,25.1583,2,0,CountessBossAIController_1,1,3,1,-471.01,168.08,98.15,0.00,0.00,220.00,BP_TPCCharacter_C_2,BP_TPCCharacter_C_2,100.0,224
1,3,25.1750,2,0,CountessBossAIController_1,1,3,1,-471.47,168.42,98.15,0.00,0.00,220.00,BP_TPCCharacter_C_2,BP_TPCCharacter_C_2,100.0,224
1,3,25.1917,2,0,CountessBossAIController_1,1,3,1,-472.38,169.09,98.15,0.00,0.00,220.00,BP_TPCCharacter_C_2,BP_TPCCharacter_C_2,100.0,224
1,3,25.2083,2,0,CountessBossAIController_1,1,3,1,-473.76,170.11,98.15,0.00,0.00,220.00,BP_TPCCharacter_C_2,BP_TPCCharacter_C_2,100.0,224
1,3,25.2250,2,0,CountessBossAIController_1,1,3,1,-475.59,171.46,98.15,0.00,0.00,220.00,BP_TPCCharacter_C_2,BP_TPCCharacter_C_2,100.0,224
1,3,25.2417,2,0,CountessBossAIController_1,1,3,1,-477.88,173.15,98.15,0.00,0.00,220.00,BP_TPCCharacter_C_2,BP_TPCCharacter_C_2,100.0,224
1,3,25.2583,2,0,CountessBossAIController_1,1,3,1,-480.29,174.93,98.15,0.00,0.00,220.00,BP_TPCCharacter_C_2,BP_TPCCharacter_C_2,100.0,225
1,3,25.2750,2,0,CountessBossAIController_1,1,3,1,-482.70,176.71,98.15,0.00,0.00,220.00,BP_TPCCharacter_C_2,BP_TPCCharacter_C_2,100.0,225
1,3,25.2917,2,0,CountessBossAIController_1,1,3,1,-485.11,178.50,98.15,0.00,0.00,220.00,BP_TPCCharacter_C_2,BP_TPCCharacter_C_2,100.0,225
1,3,25.3083,2,0,CountessBossAIController_1,1,3,1,-487.53,180.28,98.15,0.00,0.00,220.00,BP_TPCCharacter_C_2,BP_TPCCharacter_C_2,100.0,225
1,3,25.3250,2,0,CountessBossAIController_1,1,3,1,-489.94,182.06,98.15,0.00,0.00,220.00,BP_TPCCharacter_C_2,BP_TPCCharacter_C_2,100.0,225
1,3,25.3417,2,0,CountessBossAIController_1,1,3,1,-492.35,183.85,98.15,0.00,0.00,220.00,BP_TPCCharacter_C_2,BP_TPCCharacter_C_2,100.0,225
1,3,25.3583,2,0,CountessBossAIController_1,1,3,1,-494.76,185.63,98.15,0.00,0.00,220.00,BP_TPCCharacter_C_2,BP_TPCCharacter_C_2,100.0,225
1,3,25.3750,2,0,CountessBossAIController_1,1,3,1,-497.18,187.41,98.15,0.00,0.00,220.00,BP_TPCCharacter_C_2,BP_TPCCharacter_C_2,100.0,226
1,3,25.3917,2,0,CountessBossAIController_1,1,3,1,-499.59,189.20,98.15,0.00,0.00,220.00,BP_TPCCharacter_C_2,BP_TPCCharacter_C_2,100.0,226
1,3,25.4083,2,0,CountessBossAIController_1,1,3,1,-502.00,190.98,98.15,0.00,0.00,220.00,BP_TPCCharacter_C_2,BP_TPCCharacter_C_2,100.0,226
1,3,25.4250,2,0,CountessBossAIController_1,1,3,1,-504.41,192.76,98.15,0.00,0.00,220.00,BP_TPCCharacter_C_2,BP_TPCCharacter_C_2,100.0,226
1,3,25.4417,2,0,CountessBossAIController_1,1,3,1,-506.83,194.54,98.15,0.00,0.00,220.00,BP_TPCCharacter_C_2,BP_TPCCharacter_C_2,100.0,226
1,3,25.4583,2,0,CountessBossAIController_1,1,3,1,-509.24,196.33,98.15,0.00,0.00,220.00,BP_TPCCharacter_C_2,BP_TPCCharacter_C_2,100.0,226
1,3,25.4750,2,0,CountessBossAIController_1,1,3,1,-511.65,198.11,98.15,0.00,0.00,220.00,BP_TPCCharacter_C_2,BP_TPCCharacter_C_2,100.0,226
1,3,25.4917,2,0,CountessBossAIController_1,1,3,1,-514.07,199.89,98.15,0.00,0.00,220.00,BP_TPCCharacter_C_2,BP_TPCCharacter_C_2,100.0,227
1,3,25.5083,2,0,CountessBossAIController_1,1,3,1,-516.48,201.68,98.15,0.00,0.00,220.00,BP_TPCCharacter_C_2,BP_TPCCharacter_C_2,100.0,227
1,3,25.5250,2,0,CountessBossAIController_1,1,3,1,-518.89,203.46,98.15,0.00,0.00,220.00,BP_TPCCharacter_C_2,BP_TPCCharacter_C_2,100.0,227
1,3,25.5417,2,0,CountessBossAIController_1,1,0,1,-521.30,205.24,98.15,0.00,0.00,220.00,BP_TPCCharacter_C_2,BP_TPCCharacter_C_2,100.0,227
1,3,25.5583,2,0,CountessBossAIController_1,1,3,1,-521.30,205.24,98.15,0.00,0.00,220.00,BP_TPCCharacter_C_2,BP_TPCCharacter_C_2,100.0,227
1,3,25.5750,2,0,CountessBossAIController_1,1,3,1,-521.83,205.47,98.15,0.00,0.00,220.00,BP_TPCCharacter_C_2,BP_TPCCharacter_C_2,100.0,227
1,3,25.5917,2,0,CountessBossAIController_1,1,3,1,-522.87,205.91,98.15,0.00,0.00,220.00,BP_TPCCharacter_C_2,BP_TPCCharacter_C_2,100.0,227
1,3,25.6083,2,0,CountessBossAIController_1,1,3,1,-524.44,206.58,98.15,0.00,0.00,220.00,BP_TPCCharacter_C_2,BP_TPCCharacter_C_2,100.0,228
1,3,25.6250,2,0,CountessBossAIController_1,1,3,1,-526.54,207.47,98.15,0.00,0.00,220.00,BP_TPCCharacter_C_2,BP_TPCCharacter_C_2,100.0,228
1,3,25.6417,2,0,CountessBossAIController_1,1,3,1,-529.15,208.58,98.15,0.00,0.00,220.00,BP_TPCCharacter_C_2,BP_TPCCharacter_C_2,100.0,228
1,3,25.6583,2,0,CountessBossAIController_1,1,3,1,-531.92,209.76,98.15,0.00,0.00,220.00,BP_TPCCharacter_C_2,BP_TPCCharacter_C_2,100.0,228
1,3,25.6750,2,0,CountessBossAIController_1,1,3,1,-534.68,210.93,98.15,0.00,0.00,220.00,BP_TPCCharacter_C_2,BP_TPCCharacter_C_2,100.0,228
1,3,25.6917,2,0,CountessBossAIController_1,1,3,1,-537.44,212.11,98.15,0.00,0.00,220.00,BP_TPCCharacter_C_2,BP_TPCCharacter_C_2,100.0,228
1,3,25.7083,2,0,CountessBossAIController_1,1,3,1,-540.20,213.28,98.15,0.00,0.00,220.00,BP_TPCCharacter_C_2,BP_TPCCharacter_C_2,100.0,228
1,3,25.7250,2,0,CountessBossAIController_1,1,3,1,-542.96,214.46,98.15,0.00,0.00,220.00,BP_TPCCharacter_C_2,BP_TPCCharacter_C_2,100.0,229
1,3,25.7417,2,0,CountessBossAIController_1,1,3,1,-545.72,215.63,98.15,0.00,0.00,220.00,BP_TPCCharacter_C_2,BP_TPCCharacter_C_2,100.0,229
1,3,25.7583,2,0,CountessBossAIController_1,1,3,1,-548.48,216.81,98.15,0.00,0.00,220.00,BP_TPCCharacter_C_2,BP_TPCCharacter_C_2,100.0,229
1,3,25.7750,2,0,CountessBossAIController_1,1,3,1,-551.24,217.98,98.15,0.00,0.00,220.00,BP_TPCCharacter_C_2,BP_TPCCharacter_C_2,100.0,229
1,3,25.7917,2,0,CountessBossAIController_1,1,3,1,-554.00,219.16,98.15,0.00,0.00,220.00,BP_TPCCharacter_C_2,BP_TPCCharacter_C_2,100.0,229
1,3,25.8083,2,0,CountessBossAIController_1,1,3,1,-556.76,220.33,98.15,0.00,0.00,220.00,BP_TPCCharacter_C_2,BP_TPCCharacter_C_2,100.0,229
1,3,25.8250,2,0,CountessBossAIController_1,1,3,1,-559.52,221.51,98.15,0.00,0.00,220.00,BP_TPCCharacter_C_2,BP_TPCCharacter_C_2,100.0,229
1,3,25.8417,2,0,CountessBossAIController_1,1,3,1,-562.28,222.68,98.15,0.00,0.00,220.00,BP_TPCCharacter_C_2,BP_TPCCharacter_C_2,100.0,230
1,3,25.8583,2,0,CountessBossAIController_1,1,3,1,-565.04,223.86,98.15,0.00,0.00,220.00,BP_TPCCharacter_C_2,BP_TPCCharacter_C_2,100.0,230
1,3,25.8750,2,0,CountessBossAIController_1,1,3,1,-567.80,225.03,98.15,0.00,0.00,220.00,BP_TPCCharacter_C_2,BP_TPCCharacter_C_2,100.0,230
1,3,25.8917,2,0,CountessBossAIController_1,1,3,1,-570.56,226.21,98.15,0.00,0.00,220.00,BP_TPCCharacter_C_2,BP_TPCCharacter_C_2,100.0,230
1,3,25.9083,2,0,CountessBossAIController_1,1,3,1,-573.32,227.38,98.15,0.00,0.00,220.00,BP_TPCCharacter_C_2,BP_TPCCharacter_C_2,100.0,230
1,3,25.9250,2,0,CountessBossAIController_1,1,3,1,-576.08,228.56,98.15,0.00,0.00,220.00,BP_TPCCharacter_C_2,BP_TPCCharacter_C_2,100.0,230
1,3,25.9417,2,0,CountessBossAIController_1,1,0,1,-578.84,229.73,98.15,0.00,0.00,220.00,BP_TPCCharacter_C_2,BP_TPCCharacter_C_2,100.0,230
1,3,25.9583,2,0,CountessBossAIController_1,1,3,1,-578.84,229.73,98.15,0.00,0.00,220.00,BP_TPCCharacter_C_2,BP_TPCCharacter_C_2,100.0,231
1,3,25.9750,2,0,CountessBossAIController_1,1,3,1,-579.40,229.82,98.15,0.00,0.00,220.00,BP_TPCCharacter_C_2,BP_TPCCharacter_C_2,100.0,231
1,3,25.9917,2,0,CountessBossAIController_1,1,3,1,-580.53,230.00,98.15,0.00,0.00,220.00,BP_TPCCharacter_C_2,BP_TPCCharacter_C_2,100.0,231
1,3,26.0083,2,0,CountessBossAIController_1,1,3,1,-582.21,230.26,98.15,0.00,0.00,220.00,BP_TPCCharacter_C_2,BP_TPCCharacter_C_2,100.0,231
1,3,26.0250,2,0,CountessBossAIController_1,1,3,1,-584.46,230.61,98.15,0.00,0.00,220.00,BP_TPCCharacter_C_2,BP_TPCCharacter_C_2,100.0,231
1,3,26.0417,2,0,CountessBossAIController_1,1,3,1,-587.27,231.05,98.15,0.00,0.00,220.00,BP_TPCCharacter_C_2,BP_TPCCharacter_C_2,100.0,231
1,3,26.0583,2,0,CountessBossAIController_1,1,3,1,-590.24,231.51,98.15,0.00,0.00,220.00,BP_TPCCharacter_C_2,BP_TPCCharacter_C_2,100.0,231
1,3,26.0750,2,0,CountessBossAIController_1,1,3,1,-593.20,231.98,98.15,0.00,0.00,220.00,BP_TPCCharacter_C_2,BP_TPCCharacter_C_2,100.0,232
1,3,26.0917,2,0,CountessBossAIController_1,1,3,1,-596.16,232.44,98.15,0.00,0.00,220.00,BP_TPCCharacter_C_2,BP_TPCCharacter_C_2,100.0,232
1,3,26.1083,2,0,CountessBossAIController_1,1,3,1,-599.13,232.90,98.15,0.00,0.00,220.00,BP_TPCCharacter_C_2,BP_TPCCharacter_C_2,100.0,232
1,3,26.1250,2,0,CountessBossAIController_1,1,3,1,-602.09,233.37,98.15,0.00,0.00,220.00,BP_TPCCharacter_C_2,BP_TPCCharacter_C_2,100.0,232
1,3,26.1417,2,0,CountessBossAIController_1,1,3,1,-605.06,233.83,98.15,0.00,0.00,220.00,BP_TPCCharacter_C_2,BP_TPCCharacter_C_2,100.0,232
1,3,26.1583,2,0,CountessBossAIController_1,1,3,1,-608.02,234.29,98.15,0.00,0.00,220.00,BP_TPCCharacter_C_2,BP_TPCCharacter_C_2,100.0,232
1,3,26.1750,2,0,CountessBossAIController_1,1,3,1,-610.98,234.76,98.15,0.00,0.00,220.00,BP_TPCCharacter_C_2,BP_TPCCharacter_C_2,100.0,232
1,3,26.1917,2,0,CountessBossAIController_1,1,3,1,-613.95,235.22,98.15,0.00,0.00,220.00,BP_TPCCharacter_C_2,BP_TPCCharacter_C_2,100.0,233
1,3,26.2083,2,0,CountessBossAIController_1,1,3,1,-616.91,235.68,98.15,0.00,0.00,220.00,BP_TPCCharacter_C_2,BP_TPCCharacter_C_2,100.0,233
1,3,26.2250,2,0,CountessBossAIController_1,1,3,1,-619.88,236.14,98.15,0.00,0.00,220.00,BP_TPCCharacter_C_2,BP_TPCCharacter_C_2,100.0,233
1,3,26.2417,2,0,CountessBossAIController_1,1,3,1,-622.84,236.61,98.15,0.00,0.00,220.00,BP_TPCCharacter_C_2,BP_TPCCharacter_C_2,100.0,233
1,3,26.2583,2,0,CountessBossAIController_1,1,3,1,-625.80,237.07,98.15,0.00,0.00,220.00,BP_TPCCharacter_C_2,BP_TPCCharacter_C_2,100.0,233
1,3,26.2750,2,0,CountessBossAIController_1,1,3,1,-628.77,237.53,98.15,0.00,0.00,220.00,BP_TPCCharacter_C_2,BP_TPCCharacter_C_2,100.0,233
1,3,26.2917,2,0,CountessBossAIController_1,1,3,1,-631.73,238.00,98.15,0.00,0.00,220.00,BP_TPCCharacter_C_2,BP_TPCCharacter_C_2,100.0,233
1,3,26.3083,2,0,CountessBossAIController_1,1,3,1,-634.70,238.46,98.15,0.00,0.00,220.00,BP_TPCCharacter_C_2,BP_TPCCharacter_C_2,100.0,234
1,3,26.3250,2,0,CountessBossAIController_1,1,3,1,-637.66,238.92,98.15,0.00,0.00,220.00,BP_TPCCharacter_C_2,BP_TPCCharacter_C_2,100.0,234
1,3,26.3417,2,0,CountessBossAIController_1,1,0,1,-640.62,239.39,98.15,0.00,0.00,220.00,BP_TPCCharacter_C_2,BP_TPCCharacter_C_2,100.0,234
1,3,26.3583,2,0,CountessBossAIController_1,1,3,1,-640.62,239.39,98.15,0.00,0.00,220.00,BP_TPCCharacter_C_2,BP_TPCCharacter_C_2,100.0,234
1,3,26.3750,2,0,CountessBossAIController_1,1,3,1,-641.19,239.33,98.15,0.00,0.00,220.00,BP_TPCCharacter_C_2,BP_TPCCharacter_C_2,100.0,234
1,3,26.3917,2,0,CountessBossAIController_1,1,3,1,-642.32,239.22,98.15,0.00,0.00,220.00,BP_TPCCharacter_C_2,BP_TPCCharacter_C_2,100.0,234
1,3,26.4083,2,0,CountessBossAIController_1,1,3,1,-644.02,239.05,98.15,0.00,0.00,220.00,BP_TPCCharacter_C_2,BP_TPCCharacter_C_2,100.0,234
1,3,26.4250,2,0,CountessBossAIController_1,1,3,1,-646.29,238.82,98.15,0.00,0.00,220.00,BP_TPCCharacter_C_2,BP_TPCCharacter_C_2,100.0,235
1,3,26.4417,2,0,CountessBossAIController_1,1,3,1,-649.12,238.54,98.15,0.00,0.00,220.00,BP_TPCCharacter_C_2,BP_TPCCharacter_C_2,100.0,235
1,3,26.4583,2,0,CountessBossAIController_1,1,3,1,-652.10,238.24,98.15,0.00,0.00,220.00,BP_TPCCharacter_C_2,BP_TPCCharacter_C_2,100.0,235
1,3,26.4750,2,0,CountessBossAIController_1,1,3,1,-655.09,237.94,98.15,0.00,0.00,220.00,BP_TPCCharacter_C_2,BP_TPCCharacter_C_2,100.0,235
1,3,26.4917,2,0,CountessBossAIController_1,1,3,1,-658.07,237.64,98.15,0.00,0.00,220.00,BP_TPCCharacter_C_2,BP_TPCCharacter_C_2,100.0,235
1,3,26.5083,2,0,CountessBossAIController_1,1,3,1,-661.06,237.34,98.15,0.00,0.00,220.00,BP_TPCCharacter_C_2,BP_TPCCharacter_C_2,100.0,235
1,3,26.5250,2,0,CountessBossAIController_1,1,3,1,-664.04,237.04,98.15,0.00,0.00,220.00,BP_TPCCharacter_C_2,BP_TPCCharacter_C_2,100.0,235
1,3,26.5417,2,0,CountessBossAIController_1,1,3,1,-667.03,236.74,98.15,0.00,0.00,220.00,BP_TPCCharacter_C_2,BP_TPCCharacter_C_2,100.0,236
1,3,26.5583,2,0,CountessBossAIController_1,1,3,1,-670.01,236.44,98.15,0.00,0.00,220.00,BP_TPCCharacter_C_2,BP_TPCCharacter_C_2,100.0,236
1,3,26.5750,2,0,CountessBossAIController_1,1,3,1,-673.00,236.15,98.15,0.00,0.00,220.00,BP_TPCCharacter_C_2,BP_TPCCharacter_C_2,100.0,236
1,3,26.5917,2,0,CountessBossAIController_1,1,3,1,-675.98,235.85,98.15,0.00,0.00,220.00,BP_TPCCharacter_C_2,BP_TPCCharacter_C_2,100.0,236
1,3,26.6083,2,0,CountessBossAIController_1,1,3,1,-678.97,235.55,98.15,0.00,0.00,220.00,BP_TPCCharacter_C_2,BP_TPCCharacter_C_2,100.0,236
1,3,26.6250,2,0,CountessBossAIController_1,1,3,1,-681.95,235.25,98.15,0.00,0.00,220.00,BP_TPCCharacter_C_2,BP_TPCCharacter_C_2,100.0,236
1,3,26.6417,2,0,CountessBossAIController_1,1,3,1,-684.94,234.95,98.15,0.00,0.00,220.00,BP_TPCCharacter_C_2,BP_TPCCharacter_C_2,100.0,236
1,3,26.6583,2,0,CountessBossAIController_1,1,3,1,-687.92,234.65,98.15,0.00,0.00,220.00,BP_TPCCharacter_C_2,BP_TPCCharacter_C_2,100.0,237
1,3,26.6750,2,0,CountessBossAIController_1,1,3,1,-690.91,234.35,98.15,0.00,0.00,220.00,BP_TPCCharacter_C_2,BP_TPCCharacter_C_2,100.0,237
1,3,26.6917,2,0,CountessBossAIController_1,1,3,1,-693.89,234.06,98.15,0.00,0.00,220.00,BP_TPCCharacter_C_2,BP_TPCCharacter_C_2,100.0,237
1,3,26.7083,2,0,CountessBossAIController_1,1,3,1,-696.88,233.76,98.15,0.00,0.00,220.00,BP_TPCCharacter_C_2,BP_TPCCharacter_C_2,100.0,237
1,3,26.7250,2,0,CountessBossAIController_1,1,3,1,-699.86,233.46,98.15,0.00,0.00,220.00,BP_TPCCharacter_C_2,BP_TPCCharacter_C_2,100.0,237
1,3,26.7417,2,0,CountessBossAIController_1,1,0,1,-702.85,233.16,98.15,0.00,0.00,220.00,BP_TPCCharacter_C_2,BP_TPCCharacter_C_2,100.0,237
1,3,26.7583,2,0,CountessBossAIController_1,1,3,1,-702.85,233.16,98.15,0.00,0.00,220.00,BP_TPCCharacter_C_2,BP_TPCCharacter_C_2,100.0,237
1,3,26.7750,2,0,CountessBossAIController_1,1,3,1,-703.38,232.96,98.15,0.00,0.00,220.00,BP_TPCCharacter_C_2,BP_TPCCharacter_C_2,100.0,238
1,3,26.7917,2,0,CountessBossAIController_1,1,3,1,-704.45,232.56,98.15,0.00,0.00,220.00,BP_TPCCharacter_C_2,BP_TPCCharacter_C_2,100.0,238
1,3,26.8083,2,0,CountessBossAIController_1,1,3,1,-706.04,231.96,98.15,0.00,0.00,220.00,BP_TPCCharacter_C_2,BP_TPCCharacter_C_2,100.0,238
1,3,26.8250,2,0,CountessBossAIController_1,1,3,1,-708.18,231.16,98.15,0.00,0.00,220.00,BP_TPCCharacter_C_2,BP_TPCCharacter_C_2,100.0,238
1,3,26.8417,2,0,CountessBossAIController_1,1,3,1,-710.84,230.17,98.15,0.00,0.00,220.00,BP_TPCCharacter_C_2,BP_TPCCharacter_C_2,100.0,238
1,3,26.8583,2,0,CountessBossAIController_1,1,3,1,-713.65,229.11,98.15,0.00,0.00,220.00,BP_TPCCharacter_C_2,BP_TPCCharacter_C_2,100.0,238
1,3,26.8750,2,0,CountessBossAIController_1,1,3,1,-716.46,228.06,98.15,0.00,0.00,220.00,BP_TPCCharacter_C_2,BP_TPCCharacter_C_2,100.0,238
1,3,26.8917,2,0,CountessBossAIController_1,1,3,1,-719.27,227.01,98.15,0.00,0.00,220.00,BP_TPCCharacter_C_2,BP_TPCCharacter_C_2,100.0,239
1,3,26.9083,2,0,CountessBossAIController_1,1,3,1,-722.08,225.96,98.15,0.00,0.00,220.00,BP_TPCCharacter_C_2,BP_TPCCharacter_C_2,100.0,239
1,3,26.9250,2,0,CountessBossAIController_1,1,3,1,-724.89,224.91,98.15,0.00,0.00,220.00,BP_TPCCharacter_C_2,BP_TPCCharacter_C_2,100.0,239
1,3,26.9417,2,0,CountessBossAIController_1,1,3,1,-727.70,223.85,98.15,0.00,0.00,220.00,BP_TPCCharacter_C_2,BP_TPCCharacter_C_2,100.0,239
1,3,26.9583,2,0,CountessBossAIController_1,1,3,1,-730.51,222.80,98.15,0.00,0.00,220.00,BP_TPCCharacter_C_2,BP_TPCCharacter_C_2,100.0,239
1,3,26.9750,2,0,CountessBossAIController_1,1,3,1,-733.31,221.75,98.15,0.00,0.00,220.00,BP_TPCCharacter_C_2,BP_TPCCharacter_C_2,100.0,239
1,3,26.9917,2,0,CountessBossAIController_1,1,3,1,-736.12,220.70,98.15,0.00,0.00,220.00,BP_TPCCharacter_C_2,BP_TPCCharacter_C_2,100.0,239
1,3,27.0083,2,0,CountessBossAIController_1,1,3,1,-738.93,219.65,98.15,0.00,0.00,220.00,BP_TPCCharacter_C_2,BP_TPCCharacter_C_2,100.0,240
1,3,27.0250,2,0,CountessBossAIController_1,1,3,1,-741.74,218.59,98.15,0.00,0.00,220.00,BP_TPCCharacter_C_2,BP_TPCCharacter_C_2,100.0,240
1,3,27.0417,2,0,CountessBossAIController_1,1,3,1,-744.55,217.54,98.15,0.00,0.00,220.00,BP_TPCCharacter_C_2,BP_TPCCharacter_C_2,100.0,240
1,3,27.0583,2,0,CountessBossAIController_1,1,3,1,-747.36,216.49,98.15,0.00,0.00,220.00,BP_TPCCharacter_C_2,BP_TPCCharacter_C_2,100.0,240
1,3,27.0750,2,0,CountessBossAIController_1,1,3,1,-750.17,215.44,98.15,0.00,0.00,220.00,BP_TPCCharacter_C_2,BP_TPCCharacter_C_2,100.0,240
1,3,27.0917,2,0,CountessBossAIController_1,1,3,1,-752.98,214.39,98.15,0.00,0.00,220.00,BP_TPCCharacter_C_2,BP_TPCCharacter_C_2,100.0,240
1,3,27.1083,2,0,CountessBossAIController_1,1,3,1,-755.79,213.33,98.15,0.00,0.00,220.00,BP_TPCCharacter_C_2,BP_TPCCharacter_C_2,100.0,240
1,3,27.1250,2,0,CountessBossAIController_1,1,3,1,-758.60,212.28,98.15,0.00,0.00,220.00,BP_TPCCharacter_C_2,BP_TPCCharacter_C_2,100.0,241
1,3,27.1417,2,0,CountessBossAIController_1,1,0,1,-761.41,211.23,98.15,0.00,0.00,220.00,BP_TPCCharacter_C_2,BP_TPCCharacter_C_2,100.0,241
1,3,27.1583,2,0,CountessBossAIController_1,1,3,1,-761.41,211.23,98.15,0.00,0.00,220.00,BP_TPCCharacter_C_2,BP_TPCCharacter_C_2,100.0,241
1,3,27.1750,2,0,CountessBossAIController_1,1,3,1,-761.87,210.90,98.15,0.00,0.00,220.00,BP_TPCCharacter_C_2,BP_TPCCharacter_C_2,100.0,241
1,3,27.1917,2,0,CountessBossAIController_1,1,3,1,-762.80,210.24,98.15,0.00,0.00,220.00,BP_TPCCharacter_C_2,BP_TPCCharacter_C_2,100.0,241
1,3,27.2083,2,0,CountessBossAIController_1,1,3,1,-764.19,209.25,98.15,0.00,0.00,220.00,BP_TPCCharacter_C_2,BP_TPCCharacter_C_2,100.0,241
1,3,27.2250,2,0,CountessBossAIController_1,1,3,1,-766.04,207.93,98.15,0.00,0.00,220.00,BP_TPCCharacter_C_2,BP_TPCCharacter_C_2,100.0,241
1,3,27.2417,2,0,CountessBossAIController_1,1,3,1,-768.36,206.28,98.15,0.00,0.00,220.00,BP_TPCCharacter_C_2,BP_TPCCharacter_C_2,100.0,242
1,3,27.2583,2,0,CountessBossAIController_1,1,3,1,-770.80,204.54,98.15,0.00,0.00,220.00,BP_TPCCharacter_C_2,BP_TPCCharacter_C_2,100.0,242
1,3,27.2750,2,0,CountessBossAIController_1,1,3,1,-773.25,202.80,98.15,0.00,0.00,220.00,BP_TPCCharacter_C_2,BP_TPCCharacter_C_2,100.0,242
1,3,27.2917,2,0,CountessBossAIController_1,1,3,1,-775.69,201.06,98.15,0.00,0.00,220.00,BP_TPCCharacter_C_2,BP_TPCCharacter_C_2,100.0,242
1,3,27.3083,2,0,CountessBossAIController_1,1,3,1,-778.13,199.32,98.15,0.00,0.00,220.00,BP_TPCCharacter_C_2,BP_TPCCharacter_C_2,100.0,242
1,3,27.3250,2,0,CountessBossAIController_1,1,3,1,-780.58,197.58,98.15,0.00,0.00,220.00,BP_TPCCharacter_C_2,BP_TPCCharacter_C_2,100.0,242
1,3,27.3417,2,0,CountessBossAIController_1,1,3,1,-783.02,195.84,98.15,0.00,0.00,220.00,BP_TPCCharacter_C_2,BP_TPCCharacter_C_2,100.0,242
1,3,27.3583,2,0,CountessBossAIController_1,1,3,1,-785.46,194.10,98.15,0.00,0.00,220.00,BP_TPCCharacter_C_2,BP_TPCCharacter_C_2,100.0,243
1,3,27.3750,2,0,CountessBossAIController_1,1,3,1,-787.91,192.36,98.15,0.00,0.00,220.00,BP_TPCCharacter_C_2,BP_TPCCharacter_C_2,100.0,243
1,3,27.3917,2,0,CountessBossAIController_1,1,3,1,-790.35,190.62,98.15,0.00,0.00,220.00,BP_TPCCharacter_C_2,BP_TPCCharacter_C_2,100.0,243
1,3,27.4083,2,0,CountessBossAIController_1,1,3,1,-792.80,188.87,98.15,0.00,0.00,220.00,BP_TPCCharacter_C_2,BP_TPCCharacter_C_2,100.0,243
1,3,27.4250,2,0,CountessBossAIController_1,1,3,1,-795.24,187.13,98.15,0.00,0.00,220.00,BP_TPCCharacter_C_2,BP_TPCCharacter_C_2,100.0,243
1,3,27.4417,2,0,CountessBossAIController_1,1,3,1,-797.68,185.39,98.15,0.00,0.00,220.00,BP_TPCCharacter_C_2,BP_TPCCharacter_C_2,100.0,243
1,3,27.4583,2,0,CountessBossAIController_1,1,3,1,-800.13,183.65,98.15,0.00,0.00,220.00,BP_TPCCharacter_C_2,BP_TPCCharacter_C_2,100.0,243
1,3,27.4750,2,0,CountessBossAIController_1,1,3,1,-802.57,181.91,98.15,0.00,0.00,220.00,BP_TPCCharacter_C_2,BP_TPCCharacter_C_2,100.0,244
1,3,27.4917,2,0,CountessBossAIController_1,1,3,1,-805.01,180.17,98.15,0.00,0.00,220.00,BP_TPCCharacter_C_2,BP_TPCCharacter_C_2,100.0,244
1,3,27.5083,2,0,CountessBossAIController_1,1,3,1,-807.46,178.43,98.15,0.00,0.00,220.00,BP_TPCCharacter_C_2,BP_TPCCharacter_C_2,100.0,244
1,3,27.5250,2,0,CountessBossAIController_1,1,3,1,-809.90,176.69,98.15,0.00,0.00,220.00,BP_TPCCharacter_C_2,BP_TPCCharacter_C_2,100.0,244
1,3,27.5417,2,0,CountessBossAIController_1,1,0,1,-812.34,174.95,98.15,0.00,0.00,220.00,BP_TPCCharacter_C_2,BP_TPCCharacter_C_2,100.0,244
1,3,27.5583,2,0,CountessBossAIController_1,1,3,1,-812.34,174.95,98.15,0.00,0.00,220.00,BP_TPCCharacter_C_2,BP_TPCCharacter_C_2,100.0,244
1,3,27.5750,2,0,CountessBossAIController_1,1,3,1,-812.71,174.51,98.15,0.00,0.00,220.00,BP_TPCCharacter_C_2,BP_TPCCharacter_C_2,100.0,244
1,3,27.5917,2,0,CountessBossAIController_1,1,3,1,-813.43,173.64,98.15,0.00,0.00,220.00,BP_TPCCharacter_C_2,BP_TPCCharacter_C_2,100.0,245
1,3,27.6083,2,0,CountessBossAIController_1,1,3,1,-814.52,172.32,98.15,0.00,0.00,220.00,BP_TPCCharacter_C_2,BP_TPCCharacter_C_2,100.0,245
1,3,27.6250,2,0,CountessBossAIController_1,1,3,1,-815.97,170.56,98.15,0.00,0.00,220.00,BP_TPCCharacter_C_2,BP_TPCCharacter_C_2,100.0,245
1,3,27.6417,2,0,CountessBossAIController_1,1,3,1,-817.78,168.37,98.15,0.00,0.00,220.00,BP_TPCCharacter_C_2,BP_TPCCharacter_C_2,100.0,245
1,3,27.6583,2,0,CountessBossAIController_1,1,3,1,-819.69,166.06,98.15,0.00,0.00,220.00,BP_TPCCharacter_C_2,BP_TPCCharacter_C_2,100.0,245
1,3,27.6750,2,0,CountessBossAIController_1,1,3,1,-821.60,163.74,98.15,0.00,0.00,220.00,BP_TPCCharacter_C_2,BP_TPCCharacter_C_2,100.0,245
1,3,27.6917,2,0,CountessBossAIController_1,1,3,1,-823.51,161.43,98.15,0.00,0.00,220.00,BP_TPCCharacter_C_2,BP_TPCCharacter_C_2,100.0,245
1,3,27.7083,2,0,CountessBossAIController_1,1,3,1,-825.42,159.12,98.15,0.00,0.00,220.00,BP_TPCCharacter_C_2,BP_TPCCharacter_C_2,100.0,246
1,3,27.7250,2,0,CountessBossAIController_1,1,3,1,-827.33,156.80,98.15,0.00,0.00,220.00,BP_TPCCharacter_C_2,BP_TPCCharacter_C_2,100.0,246
1,3,27.7417,2,0,CountessBossAIController_1,1,3,1,-829.24,154.49,98.15,0.00,0.00,220.00,BP_TPCCharacter_C_2,BP_TPCCharacter_C_2,100.0,246
1,3,27.7583,2,0,CountessBossAIController_1,1,3,1,-831.15,152.18,98.15,0.00,0.00,220.00,BP_TPCCharacter_C_2,BP_TPCCharacter_C_2,100.0,246
1,3,27.7750,2,0,CountessBossAIController_1,1,3,1,-833.06,149.86,98.15,0.00,0.00,220.00,BP_TPCCharacter_C_2,BP_TPCCharacter_C_2,100.0,246
1,3,27.7917,2,0,CountessBossAIController_1,1,3,1,-834.97,147.55,98.15,0.00,0.00,220.00,BP_TPCCharacter_C_2,BP_TPCCharacter_C_2,100.0,246
1,3,27.8083,2,0,CountessBossAIController_1,1,3,1,-836.88,145.24,98.15,0.00,0.00,220.00,BP_TPCCharacter_C_2,BP_TPCCharacter_C_2,100.0,246
1,3,27.8250,2,0,CountessBossAIController_1,1,3,1,-838.79,142.92,98.15,0.00,0.00,220.00,BP_TPCCharacter_C_2,BP_TPCCharacter_C_2,100.0,247
1,3,27.8417,2,0,CountessBossAIController_1,1,3,1,-840.70,140.61,98.15,0.00,0.00,220.00,BP_TPCCharacter_C_2,BP_TPCCharacter_C_2,100.0,247
1,3,27.8583,2,0,CountessBossAIController_1,1,3,1,-842.61,138.30,98.15,0.00,0.00,220.00,BP_TPCCharacter_C_2,BP_TPCCharacter_C_2,100.0,247
1,3,27.8750,2,0,CountessBossAIController_1,1,3,1,-844.52,135.98,98.15,0.00,0.00,220.00,BP_TPCCharacter_C_2,BP_TPCCharacter_C_2,100.0,247
1,3,27.8917,2,0,CountessBossAIController_1,1,3,1,-846.43,133.67,98.15,0.00,0.00,220.00,BP_TPCCharacter_C_2,BP_TPCCharacter_C_2,100.0,247
1,3,27.9083,2,0,CountessBossAIController_1,1,3,1,-848.34,131.36,98.15,0.00,0.00,220.00,BP_TPCCharacter_C_2,BP_TPCCharacter_C_2,100.0,247
1,3,27.9250,2,0,CountessBossAIController_1,1,3,1,-850.25,129.04,98.15,0.00,0.00,220.00,BP_TPCCharacter_C_2,BP_TPCCharacter_C_2,100.0,247
1,3,27.9417,2,0,CountessBossAIController_1,1,0,1,-852.16,126.73,98.15,0.00,0.00,220.00,BP_TPCCharacter_C_2,BP_TPCCharacter_C_2,100.0,248
1,3,27.9583,2,0,CountessBossAIController_1,1,3,1,-852.16,126.73,98.15,0.00,0.00,220.00,BP_TPCCharacter_C_2,BP_TPCCharacter_C_2,100.0,248
1,3,27.9750,2,0,CountessBossAIController_1,1,3,1,-852.39,126.21,98.15,0.00,0.00,220.00,BP_TPCCharacter_C_2,BP_TPCCharacter_C_2,100.0,248
1,3,27.9917,2,0,CountessBossAIController_1,1,3,1,-852.87,125.18,98.15,0.00,0.00,220.00,BP_TPCCharacter_C_2,BP_TPCCharacter_C_2,100.0,248
1,3,28.0083,2,0,CountessBossAIController_1,1,3,1,-853.57,123.62,98.15,0.00,0.00,220.00,BP_TPCCharacter_C_2,BP_TPCCharacter_C_2,100.0,248
1,3,28.0250,2,0,CountessBossAIController_1,1,3,1,-854.52,121.55,98.15,0.00,0.00,220.00,BP_TPCCharacter_C_2,BP_TPCCharacter_C_2,100.0,248
1,3,28.0417,2,0,CountessBossAIController_1,1,3,1,-855.70,118.97,98.15,0.00,0.00,220.00,BP_TPCCharacter_C_2,BP_TPCCharacter_C_2,100.0,248
1,3,28.0583,2,0,CountessBossAIController_1,1,3,1,-856.94,116.24,98.15,0.00,0.00,220.00,BP_TPCCharacter_C_2,BP_TPCCharacter_C_2,100.0,249
1,3,28.0750,2,0,CountessBossAIController_1,1,3,1,-858.19,113.51,98.15,0.00,0.00,220.00,BP_TPCCharacter_C_2,BP_TPCCharacter_C_2,100.0,249
1,3,28.0917,2,0,CountessBossAIController_1,1,3,1,-859.43,110.78,98.15,0.00,0.00,220.00,BP_TPCCharacter_C_2,BP_TPCCharacter_C_2,100.0,249
1,3,28.1083,2,0,CountessBossAIController_1,1,3,1,-860.68,108.05,98.15,0.00,0.00,220.00,BP_TPCCharacter_C_2,BP_TPCCharacter_C_2,100.0,249
1,3,28.1250,2,0,CountessBossAIController_1,1,3,1,-861.92,105.32,98.15,0.00,0.00,220.00,BP_TPCCharacter_C_2,BP_TPCCharacter_C_2,100.0,249
1,3,28.1417,2,0,CountessBossAIController_1,1,3,1,-863.17,102.59,98.15,0.00,0.00,220.00,BP_TPCCharacter_C_2,BP_TPCCharacter_C_2,100.0,249
1,3,28.1583,2,0,CountessBossAIController_1,1,3,1,-864.41,99.86,98.15,0.00,0.00,220.00,BP_TPCCharacter_C_2,BP_TPCCharacter_C_2,100.0,249
1,3,28.1750,2,0,CountessBossAIController_1,1,3,1,-865.66,97.13,98.15,0.00,0.00,220.00,BP_TPCCharacter_C_2,BP_TPCCharacter_C_2,100.0,250
1,3,28.1917,2,0,CountessBossAIController_1,1,3,1,-866.90,94.40,98.15,0.00,0.00,220.00,BP_TPCCharacter_C_2,BP_TPCCharacter_C_2,100.0,250
2,1,28.2083,3,3,CountessBossAIController_1,1,0,1,-868.15,91.67,98.15,0.00,0.00,220.00,BP_TPCCharacter_C_2,BP_TPCCharacter_C_2,10000.0,250
2,1,28.2250,3,3,CountessBossAIController_1,1,0,1,-868.15,91.67,98.15,0.00,0.00,220.00,BP_TPCCharacter_C_2,BP_TPCCharacter_C_2,10000.0,250
2,1,28.2417,3,3,CountessBossAIController_1,1,0,1,-868.15,91.67,98.15,0.00,0.00,220.00,BP_TPCCharacter_C_2,BP_TPCCharacter_C_2,10000.0,250
2,1,28.2583,3,3,CountessBossAIController_1,1,0,1,-868.15,91.67,98.15,0.00,0.00,220.00,BP_TPCCharacter_C_2,BP_TPCCharacter_C_2,10000.0,251
2,1,28.2750,3,3,CountessBossAIController_1,1,0,1,-868.15,91.67,98.15,0.00,0.00,220.00,BP_TPCCharacter_C_2,BP_TPCCharacter_C_2,10000.0,251
2,1,28.2917,3,3,CountessBossAIController_1,1,0,1,-868.15,91.67,98.15,0.00,0.00,220.00,BP_TPCCharacter_C_2,BP_TPCCharacter_C_2,10000.0,251
2,1,28.3083,3,3,CountessBossAIController_1,1,0,1,-868.15,91.67,98.15,0.00,0.00,220.00,BP_TPCCharacter_C_2,BP_TPCCharacter_C_2,10000.0,251
2,1,28.3250,3,3,CountessBossAIController_1,1,0,1,-868.15,91.67,98.15,0.00,0.00,220.00,BP_TPCCharacter_C_2,BP_TPCCharacter_C_2,10000.0,251
2,1,28.3417,3,3,CountessBossAIController_1,1,0,1,-868.15,91.67,98.15,0.00,0.00,220.00,BP_TPCCharacter_C_2,BP_TPCCharacter_C_2,10000.0,251
2,1,28.3583,3,3,CountessBossAIController_1,1,0,1,-868.15,91.67,98.15,0.00,0.00,220.00,BP_TPCCharacter_C_2,BP_TPCCharacter_C_2,10000.0,251
2,1,28.3750,3,3,CountessBossAIController_1,1,0,1,-868.15,91.67,98.15,0.00,0.00,220.00,BP_TPCCharacter_C_2,BP_TPCCharacter_C_2,10000.0,252
2,1,28.3917,3,3,CountessBossAIController_1,1,0,1,-868.15,91.67,98.15,0.00,0.00,220.00,BP_TPCCharacter_C_2,BP_TPCCharacter_C_2,10000.0,252
2,1,28.4083,3,3,CountessBossAIController_1,1,0,1,-868.15,91.67,98.15,0.00,0.00,220.00,BP_TPCCharacter_C_2,BP_TPCCharacter_C_2,10000.0,252
2,1,28.4250,3,3,CountessBossAIController_1,1,0,1,-868.15,91.67,98.15,0.00,0.00,220.00,BP_TPCCharacter_C_2,BP_TPCCharacter_C_2,10000.0,252
2,1,28.4417,3,3,CountessBossAIController_1,1,0,1,-868.15,91.67,98.15,0.00,0.00,220.00,BP_TPCCharacter_C_2,BP_TPCCharacter_C_2,10000.0,252
2,1,28.4583,3,3,CountessBossAIController_1,1,0,1,-868.15,91.67,98.15,0.00,0.00,220.00,BP_TPCCharacter_C_2,BP_TPCCharacter_C_2,10000.0,252
2,1,28.4750,3,3,CountessBossAIController_1,1,0,1,-868.15,91.67,98.15,0.00,0.00,220.00,BP_TPCCharacter_C_2,BP_TPCCharacter_C_2,10000.0,252
2,1,28.4917,3,3,CountessBossAIController_1,1,0,1,-868.15,91.67,98.15,0.00,0.00,220.00,BP_TPCCharacter_C_2,BP_TPCCharacter_C_2,10000.0,253
2,1,28.5083,3,3,CountessBossAIController_1,1,0,1,-868.15,91.67,98.15,0.00,0.00,220.00,BP_TPCCharacter_C_2,BP_TPCCharacter_C_2,10000.0,253
2,1,28.5250,3,3,CountessBossAIController_1,1,0,1,-868.15,91.67,98.15,0.00,0.00,220.00,BP_TPCCharacter_C_2,BP_TPCCharacter_C_2,10000.0,253
2,1,28.5417,3,3,CountessBossAIController_1,1,0,1,-868.15,91.67,98.15,0.00,0.00,220.00,BP_TPCCharacter_C_2,BP_TPCCharacter_C_2,10000.0,253
2,1,28.5583,3,3,CountessBossAIController_1,1,0,1,-868.15,91.67,98.15,0.00,0.00,220.00,BP_TPCCharacter_C_2,BP_TPCCharacter_C_2,10000.0,253
2,1,28.5750,3,3,CountessBossAIController_1,1,0,1,-868.15,91.67,98.15,0.00,0.00,220.00,BP_TPCCharacter_C_2,BP_TPCCharacter_C_2,10000.0,253
2,1,28.5917,3,3,CountessBossAIController_1,1,0,1,-868.15,91.67,98.15,0.00,0.00,220.00,BP_TPCCharacter_C_2,BP_TPCCharacter_C_2,10000.0,253
2,1,28.6083,3,3,CountessBossAIController_1,1,0,1,-868.15,91.67,98.15,0.00,0.00,220.00,BP_TPCCharacter_C_2,BP_TPCCharacter_C_2,10000.0,254
2,1,28.6250,3,3,CountessBossAIController_1,1,0,1,-868.15,91.67,98.15,0.00,0.00,220.00,BP_TPCCharacter_C_2,BP_TPCCharacter_C_2,10000.0,254
2,1,28.6417,3,3,CountessBossAIController_1,1,0,1,-868.15,91.67,98.15,0.00,0.00,220.00,BP_TPCCharacter_C_2,BP_TPCCharacter_C_2,10000.0,254
2,1,28.6583,3,3,CountessBossAIController_1,1,0,1,-868.15,91.67,98.15,0.00,0.00,220.00,BP_TPCCharacter_C_2,BP_TPCCharacter_C_2,10000.0,254
2,1,28.6750,3,3,CountessBossAIController_1,1,0,1,-868.15,91.67,98.15,0.00,0.00,220.00,BP_TPCCharacter_C_2,BP_TPCCharacter_C_2,10000.0,254
2,1,28.6917,3,3,CountessBossAIController_1,1,0,1,-868.15,91.67,98.15,0.00,0.00,220.00,BP_TPCCharacter_C_2,BP_TPCCharacter_C_2,10000.0,254
2,1,28.7083,3,3,CountessBossAIController_1,1,0,1,-868.15,91.67,98.15,0.00,0.00,220.00,BP_TPCCharacter_C_2,BP_TPCCharacter_C_2,10000.0,254
2,1,28.7250,3,3,CountessBossAIController_1,1,0,1,-868.15,91.67,98.15,0.00,0.00,220.00,BP_TPCCharacter_C_2,BP_TPCCharacter_C_2,10000.0,255
2,1,28.7417,3,3,CountessBossAIController_1,1,0,1,-868.15,91.67,98.15,0.00,0.00,220.00,BP_TPCCharacter_C_2,BP_TPCCharacter_C_2,10000.0,255
2,1,28.7583,3,3,CountessBossAIController_1,1,0,1,-868.15,91.67,98.15,0.00,0.00,220.00,BP_TPCCharacter_C_2,BP_TPCCharacter_C_2,10000.0,255
2,1,28.7750,3,3,CountessBossAIController_1,1,0,1,-868.15,91.67,98.15,0.00,0.00,220.00,BP_TPCCharacter_C_2,BP_TPCCharacter_C_2,10000.0,255
2,1,28.7917,3,3,CountessBossAIController_1,1,0,1,-868.15,91.67,98.15,0.00,0.00,220.00,BP_TPCCharacter_C_2,BP_TPCCharacter_C_2,10000.0,255
2,1,28.8083,3,3,CountessBossAIController_1,1,0,1,-868.15,91.67,98.15,0.00,0.00,220.00,BP_TPCCharacter_C_2,BP_TPCCharacter_C_2,10000.0,255
2,1,28.8250,3,3,CountessBossAIController_1,1,0,1,-868.15,91.67,98.15,0.00,0.00,220.00,BP_TPCCharacter_C_2,BP_TPCCharacter_C_2,10000.0,255
2,1,28.8417,3,3,CountessBossAIController_1,1,0,1,-868.15,91.67,98.15,0.00,0.00,220.00,BP_TPCCharacter_C_2,BP_TPCCharacter_C_2,10000.0,256
2,1,28.8583,3,3,CountessBossAIController_1,1,0,1,-868.15,91.67,98.15,0.00,0.00,220.00,BP_TPCCharacter_C_2,BP_TPCCharacter_C_2,10000.0,256
2,1,28.8750,3,3,CountessBossAIController_1,1,0,1,-868.15,91.67,98.15,0.00,0.00,220.00,BP_TPCCharacter_C_2,BP_TPCCharacter_C_2,10000.0,256
2,1,28.8917,3,3,CountessBossAIController_1,1,0,1,-868.15,91.67,98.15,0.00,0.00,220.00,BP_TPCCharacter_C_2,BP_TPCCharacter_C_2,10000.0,256
2,1,28.9083,3,3,CountessBossAIController_1,1,0,1,-868.15,91.67,98.15,0.00,0.00,220.00,BP_TPCCharacter_C_2,BP_TPCCharacter_C_2,10000.0,256
2,1,28.9250,3,3,CountessBossAIController_1,1,0,1,-868.15,91.67,98.15,0.00,0.00,220.00,BP_TPCCharacter_C_2,BP_TPCCharacter_C_2,10000.0,256
2,1,28.9417,3,3,CountessBossAIController_1,1,0,1,-868.15,91.67,98.15,0.00,0.00,220.00,BP_TPCCharacter_C_2,BP_TPCCharacter_C_2,10000.0,256
2,1,28.9583,3,3,CountessBossAIController_1,1,0,1,-868.15,91.67,98.15,0.00,0.00,220.00,BP_TPCCharacter_C_2,BP_TPCCharacter_C_2,9978.0,257
2,1,28.9750,3,3,CountessBossAIController_1,1,0,1,-868.15,91.67,98.15,0.00,0.00,220.00,BP_TPCCharacter_C_2,BP_TPCCharacter_C_2,9978.0,257
2,1,28.9917,3,3,CountessBossAIController_1,1,0,1,-868.15,91.67,98.15,0.00,0.00,220.00,BP_TPCCharacter_C_2,BP_TPCCharacter_C_2,9978.0,257
2,1,29.0083,3,3,CountessBossAIController_1,1,0,1,-868.15,91.67,98.15,0.00,0.00,220.00,BP_TPCCharacter_C_2,BP_TPCCharacter_C_2,9978.0,257
2,1,29.0250,3,3,CountessBossAIController_1,1,0,1,-868.15,91.67,98.15,0.00,0.00,220.00,BP_TPCCharacter_C_2,BP_TPCCharacter_C_2,9978.0,257
2,1,29.0417,3,3,CountessBossAIController_1,1,0,1,-868.15,91.67,98.15,0.00,0.00,220.00,BP_TPCCharacter_C_2,BP_TPCCharacter_C_2,9978.0,257
2,1,29.0583,3,3,CountessBossAIController_1,1,0,1,-868.15,91.67,98.15,0.00,0.00,220.00,BP_TPCCharacter_C_2,BP_TPCCharacter_C_2,9978.0,257
2,1,29.0750,3,3,CountessBossAIController_1,1,0,1,-868.15,91.67,98.15,0.00,0.00,220.00,BP_TPCCharacter_C_2,BP_TPCCharacter_C_2,9978.0,258
2,1,29.0917,3,3,CountessBossAIController_1,1,0,1,-868.15,91.67,98.15,0.00,0.00,220.00,BP_TPCCharacter_C_2,BP_TPCCharacter_C_2,9978.0,258
2,1,29.1083,3,3,CountessBossAIController_1,1,0,1,-868.15,91.67,98.15,0.00,0.00,220.00,BP_TPCCharacter_C_2,BP_TPCCharacter_C_2,9978.0,258
2,1,29.1250,3,3,CountessBossAIController_1,1,0,1,-868.15,91.67,98.15,0.00,0.00,220.00,BP_TPCCharacter_C_2,BP_TPCCharacter_C_2,9978.0,258
2,1,29.1417,3,3,CountessBossAIController_1,1,0,1,-868.15,91.67,98.15,0.00,0.00,220.00,BP_TPCCharacter_C_2,BP_TPCCharacter_C_2,9978.0,258
2,1,29.1583,3,3,CountessBossAIController_1,1,0,1,-868.15,91.67,98.15,0.00,0.00,220.00,BP_TPCCharacter_C_2,BP_TPCCharacter_C_2,9978.0,258
2,1,29.1750,3,3,CountessBossAIController_1,1,0,1,-868.15,91.67,98.15,0.00,0.00,220.00,BP_TPCCharacter_C_2,BP_TPCCharacter_C_2,9978.0,258
2,1,29.1917,3,3,CountessBossAIController_1,1,0,1,-868.15,91.67,98.15,0.00,0.00,220.00,BP_TPCCharacter_C_2,BP_TPCCharacter_C_2,9978.0,259
2,1,29.2083,3,3,CountessBossAIController_1,1,0,1,-868.15,91.67,98.15,0.00,0.00,220.00,BP_TPCCharacter_C_2,BP_TPCCharacter_C_2,9978.0,259
2,1,29.2250,3,3,CountessBossAIController_1,1,0,1,-868.15,91.67,98.15,0.00,0.00,220.00,BP_TPCCharacter_C_2,BP_TPCCharacter_C_2,9978.0,259
2,1,29.2417,3,3,CountessBossAIController_1,1,0,1,-868.15,91.67,98.15,0.00,0.00,220.00,BP_TPCCharacter_C_2,BP_TPCCharacter_C_2,9978.0,259
2,1,29.2583,3,3,CountessBossAIController_1,1,0,1,-868.15,91.67,98.15,0.00,0.00,220.00,BP_TPCCharacter_C_2,BP_TPCCharacter_C_2,9978.0,259
2,1,29.2750,3,3,CountessBossAIController_1,1,0,1,-868.15,91.67,98.15,0.00,0.00,220.00,BP_TPCCharacter_C_2,BP_TPCCharacter_C_2,9978.0,259
2,1,29.2917,3,3,CountessBossAIController_1,1,0,1,-868.15,91.67,98.15,0.00,0.00,220.00,BP_TPCCharacter_C_2,BP_TPCCharacter_C_2,9978.0,259
2,1,29.3083,3,3,CountessBossAIController_1,1,0,1,-868.15,91.67,98.15,0.00,0.00,220.00,BP_TPCCharacter_C_2,BP_TPCCharacter_C_2,9978.0,260
2,1,29.3250,3,3,CountessBossAIController_1,1,0,1,-868.15,91.67,98.15,0.00,0.00,220.00,BP_TPCCharacter_C_2,BP_TPCCharacter_C_2,9978.0,260
2,1,29.3417,3,3,CountessBossAIController_1,1,0,1,-868.15,91.67,98.15,0.00,0.00,220.00,BP_TPCCharacter_C_2,BP_TPCCharacter_C_2,9978.0,260
2,1,29.3583,3,3,CountessBossAIController_1,1,0,1,-868.15,91.67,98.15,0.00,0.00,220.00,BP_TPCCharacter_C_2,BP_TPCCharacter_C_2,9978.0,260
2,1,29.3750,3,3,CountessBossAIController_1,1,0,1,-868.15,91.67,98.15,0.00,0.00,220.00,BP_TPCCharacter_C_2,BP_TPCCharacter_C_2,9978.0,260
2,1,29.3917,3,3,CountessBossAIController_1,1,0,1,-868.15,91.67,98.15,0.00,0.00,220.00,BP_TPCCharacter_C_2,BP_TPCCharacter_C_2,9978.0,260
2,1,29.4083,3,3,CountessBossAIController_1,1,0,1,-868.15,91.67,98.15,0.00,0.00,220.00,BP_TPCCharacter_C_2,BP_TPCCharacter_C_2,9978.0,260
2,2,29.4250,6,0,CountessBossAIController_1,1,0,1,-868.15,91.67,98.15,0.00,0.00,220.00,None,BP_TPCCharacter_C_2,0.0,261
2,2,29.4417,6,0,CountessBossAIController_1,1,0,1,-868.15,91.67,98.15,0.00,0.00,220.00,None,BP_TPCCharacter_C_2,0.0,261
2,2,29.4583,6,0,CountessBossAIController_1,1,3,1,-868.15,91.67,98.15,0.00,0.00,220.00,None,BP_TPCCharacter_C_2,0.0,262
2,2,29.4750,6,0,CountessBossAIController_1,1,3,1,-867.58,91.61,98.15,0.00,0.00,220.00,None,BP_TPCCharacter_C_2,0.0,262
2,2,29.4917,6,0,CountessBossAIController_1,1,3,1,-866.45,91.49,98.15,0.00,0.00,220.00,None,BP_TPCCharacter_C_2,0.0,262
2,2,29.5083,6,0,CountessBossAIController_1,1,3,1,-864.75,91.31,98.15,0.00,0.00,220.00,None,BP_TPCCharacter_C_2,0.0,262
2,2,29.5250,6,0,CountessBossAIController_1,1,3,1,-862.49,91.07,98.15,0.00,0.00,220.00,None,BP_TPCCharacter_C_2,0.0,262
2,2,29.5417,6,0,CountessBossAIController_1,1,3,1,-859.66,90.77,98.15,0.00,0.00,220.00,None,BP_TPCCharacter_C_2,0.0,262
2,2,29.5583,6,0,CountessBossAIController_1,1,3,1,-856.27,90.42,98.15,0.00,0.00,220.00,None,BP_TPCCharacter_C_2,0.0,262
2,2,29.5750,6,0,CountessBossAIController_1,1,3,1,-852.31,90.00,98.15,0.00,0.00,220.00,None,BP_TPCCharacter_C_2,0.0,263
2,2,29.5917,6,0,CountessBossAIController_1,1,3,1,-847.78,89.52,98.15,0.00,0.00,220.00,None,BP_TPCCharacter_C_2,0.0,263
2,2,29.6083,6,0,CountessBossAIController_1,1,3,1,-842.69,88.98,98.15,0.00,0.00,220.00,None,BP_TPCCharacter_C_2,0.0,263
2,2,29.6250,6,0,CountessBossAIController_1,1,3,1,-837.03,88.39,98.15,0.00,0.00,220.00,None,BP_TPCCharacter_C_2,0.0,263
2,2,29.6417,6,0,CountessBossAIController_1,1,3,1,-830.81,87.73,98.15,0.00,0.00,220.00,None,BP_TPCCharacter_C_2,0.0,263
2,2,29.6583,6,0,CountessBossAIController_1,1,3,1,-824.18,87.03,98.15,0.00,0.00,220.00,None,BP_TPCCharacter_C_2,0.0,263
2,2,29.6750,6,0,CountessBossAIController_1,1,3,1,-817.55,86.33,98.15,0.00,0.00,220.00,None,BP_TPCCharacter_C_2,0.0,263
2,2,29.6917,6,0,CountessBossAIController_1,1,3,1,-810.92,85.63,98.15,0.00,0.00,220.00,None,BP_TPCCharacter_C_2,0.0,264
2,2,29.7083,6,0,CountessBossAIController_1,1,3,1,-804.29,84.93,98.15,0.00,0.00,220.00,None,BP_TPCCharacter_C_2,0.0,264
2,2,29.7250,6,0,CountessBossAIController_1,1,3,1,-797.66,84.23,98.15,0.00,0.00,220.00,None,BP_TPCCharacter_C_2,0.0,264
2,2,29.7417,6,0,CountessBossAIController_1,1,3,1,-791.03,83.53,98.15,0.00,0.00,220.00,None,BP_TPCCharacter_C_2,0.0,264
2,2,29.7583,6,0,CountessBossAIController_1,1,3,1,-784.40,82.83,98.15,0.00,0.00,220.00,None,BP_TPCCharacter_C_2,0.0,264
2,2,29.7750,6,0,CountessBossAIController_1,1,3,1,-777.77,82.13,98.15,0.00,0.00,220.00,None,BP_TPCCharacter_C_2,0.0,264
2,2,29.7917,6,0,CountessBossAIController_1,1,3,1,-771.14,81.43,98.15,0.00,0.00,220.00,None,BP_TPCCharacter_C_2,0.0,264
2,2,29.8083,6,0,CountessBossAIController_1,1,3,1,-764.51,80.73,98.15,0.00,0.00,220.00,None,BP_TPCCharacter_C_2,0.0,265
2,2,29.8250,6,0,CountessBossAIController_1,1,3,1,-757.88,80.03,98.15,0.00,0.00,220.00,None,BP_TPCCharacter_C_2,0.0,265
2,2,29.8417,6,0,CountessBossAIController_1,1,3,1,-751.25,79.33,98.15,0.00,0.00,220.00,None,BP_TPCCharacter_C_2,0.0,265
2,2,29.8583,6,0,CountessBossAIController_1,1,3,1,-744.62,78.63,98.15,0.00,0.00,220.00,None,BP_TPCCharacter_C_2,0.0,265
2,2,29.8750,6,0,CountessBossAIController_1,1,3,1,-737.99,77.93,98.15,0.00,0.00,220.00,None,BP_TPCCharacter_C_2,0.0,265
2,2,29.8917,6,0,CountessBossAIController_1,1,3,1,-731.36,77.23,98.15,0.00,0.00,220.00,None,BP_TPCCharacter_C_2,0.0,265
2,2,29.9083,6,0,CountessBossAIController_1,1,3,1,-724.73,76.53,98.15,0.00,0.00,220.00,None,BP_TPCCharacter_C_2,0.0,265
2,2,29.9250,6,0,CountessBossAIController_1,1,3,1,-718.10,75.83,98.15,0.00,0.00,220.00,None,BP_TPCCharacter_C_2,0.0,266
2,2,29.9417,6,0,CountessBossAIController_1,1,3,1,-711.47,75.13,98.15,0.00,0.00,220.00,None,BP_TPCCharacter_C_2,0.0,266
2,2,29.9583,6,0,CountessBossAIController_1,1,3,1,-704.84,74.43,98.15,0.00,0.00,220.00,None,BP_TPCCharacter_C_2,0.0,266
2,2,29.9750,6,0,CountessBossAIController_1,1,3,1,-698.21,73.73,98.15,0.00,0.00,220.00,None,BP_TPCCharacter_C_2,0.0,266
2,2,29.9917,6,0,CountessBossAIController_1,1,3,1,-691.58,73.03,98.15,0.00,0.00,220.00,None,BP_TPCCharacter_C_2,0.0,266
2,2,30.0083,6,0,CountessBossAIController_1,1,3,1,-684.95,72.33,98.15,0.00,0.00,220.00,None,BP_TPCCharacter_C_2,0.0,266
2,2,30.0250,6,0,CountessBossAIController_1,1,3,1,-678.32,71.63,98.15,0.00,0.00,220.00,None,BP_TPCCharacter_C_2,0.0,266
2,2,30.0417,6,0,CountessBossAIController_1,1,3,1,-671.69,70.93,98.15,0.00,0.00,220.00,None,BP_TPCCharacter_C_2,0.0,267
2,2,30.0583,6,0,CountessBossAIController_1,1,3,1,-665.06,70.23,98.15,0.00,0.00,220.00,None,BP_TPCCharacter_C_2,0.0,267
2,2,30.0750,6,0,CountessBossAIController_1,1,3,1,-658.43,69.53,98.15,0.00,0.00,220.00,None,BP_TPCCharacter_C_2,0.0,267
2,2,30.0917,6,0,CountessBossAIController_1,1,3,1,-651.80,68.83,98.15,0.00,0.00,220.00,None,BP_TPCCharacter_C_2,0.0,267
2,2,30.1083,6,0,CountessBossAIController_1,1,3,1,-645.17,68.13,98.15,0.00,0.00,220.00,None,BP_TPCCharacter_C_2,0.0,267
2,2,30.1250,6,0,CountessBossAIController_1,1,3,1,-638.54,67.43,98.15,0.00,0.00,220.00,None,BP_TPCCharacter_C_2,0.0,267
2,2,30.1417,6,0,CountessBossAIController_1,1,3,1,-631.91,66.73,98.15,0.00,0.00,220.00,None,BP_TPCCharacter_C_2,0.0,267
2,2,30.1583,6,0,CountessBossAIController_1,1,3,1,-625.28,66.03,98.15,0.00,0.00,220.00,None,BP_TPCCharacter_C_2,0.0,268
2,2,30.1750,6,0,CountessBossAIController_1,1,3,1,-618.65,65.33,98.15,0.00,0.00,220.00,None,BP_TPCCharacter_C_2,0.0,268
2,2,30.1917,6,0,CountessBossAIController_1,1,3,1,-612.02,64.63,98.15,0.00,0.00,220.00,None,BP_TPCCharacter_C_2,0.0,268
2,2,30.2083,6,0,CountessBossAIController_1,1,3,1,-605.39,63.93,98.15,0.00,0.00,220.00,None,BP_TPCCharacter_C_2,0.0,268
2,2,30.2250,6,0,CountessBossAIController_1,1,3,1,-598.76,63.23,98.15,0.00,0.00,220.00,None,BP_TPCCharacter_C_2,0.0,268
2,2,30.2417,6,0,CountessBossAIController_1,1,3,1,-592.14,62.53,98.15,0.00,0.00,220.00,None,BP_TPCCharacter_C_2,0.0,268
2,2,30.2583,6,0,CountessBossAIController_1,1,3,1,-585.51,61.83,98.15,0.00,0.00,220.00,None,BP_TPCCharacter_C_2,0.0,268
2,2,30.2750,6,0,CountessBossAIController_1,1,3,1,-578.88,61.13,98.15,0.00,0.00,220.00,None,BP_TPCCharacter_C_2,0.0,269
2,2,30.2917,6,0,CountessBossAIController_1,1,3,1,-572.25,60.43,98.15,0.00,0.00,220.00,None,BP_TPCCharacter_C_2,0.0,269
2,2,30.3083,6,0,CountessBossAIController_1,1,3,1,-565.62,59.73,98.15,0.00,0.00,220.00,None,BP_TPCCharacter_C_2,0.0,269
2,2,30.3250,6,0,CountessBossAIController_1,1,3,1,-558.99,59.03,98.15,0.00,0.00,220.00,None,BP_TPCCharacter_C_2,0.0,269
2,2,30.3417,6,0,CountessBossAIController_1,1,3,1,-552.36,58.33,98.15,0.00,0.00,220.00,None,BP_TPCCharacter_C_2,0.0,269
2,2,30.3583,6,0,CountessBossAIController_1,1,3,1,-545.73,57.63,98.15,0.00,0.00,220.00,None,BP_TPCCharacter_C_2,0.0,269
2,2,30.3750,6,0,CountessBossAIController_1,1,3,1,-539.10,56.93,98.15,0.00,0.00,220.00,None,BP_TPCCharacter_C_2,0.0,269
2,2,30.3917,6,0,CountessBossAIController_1,1,3,1,-532.47,56.23,98.15,0.00,0.00,220.00,None,BP_TPCCharacter_C_2,0.0,270
2,2,30.4083,6,0,CountessBossAIController_1,1,3,1,-525.84,55.53,98.15,0.00,0.00,220.00,None,BP_TPCCharacter_C_2,0.0,270
2,2,30.4250,6,0,CountessBossAIController_1,1,3,1,-519.21,54.83,98.15,0.00,0.00,220.00,None,BP_TPCCharacter_C_2,0.0,270
2,2,30.4417,6,0,CountessBossAIController_1,1,3,1,-512.58,54.12,98.15,0.00,0.00,220.00,None,BP_TPCCharacter_C_2,0.0,270
2,2,30.4583,6,0,CountessBossAIController_1,1,3,1,-505.95,53.42,98.15,0.00,0.00,220.00,None,BP_TPCCharacter_C_2,0.0,270
2,2,30.4750,6,0,CountessBossAIController_1,1,3,1,-499.32,52.72,98.15,0.00,0.00,220.00,None,BP_TPCCharacter_C_2,0.0,270
2,2,30.4917,6,0,CountessBossAIController_1,1,3,1,-492.69,52.02,98.15,0.00,0.00,220.00,None,BP_TPCCharacter_C_2,0.0,270
2,2,30.5083,6,0,CountessBossAIController_1,1,3,1,-486.06,51.32,98.15,0.00,0.00,220.00,None,BP_TPCCharacter_C_2,0.0,271
2,2,30.5250,6,0,CountessBossAIController_1,1,3,1,-479.43,50.62,98.15,0.00,0.00,220.00,None,BP_TPCCharacter_C_2,0.0,271
2,2,30.5417,6,0,CountessBossAIController_1,1,3,1,-472.80,49.92,98.15,0.00,0.00,220.00,None,BP_TPCCharacter_C_2,0.0,271
2,2,30.5583,6,0,CountessBossAIController_1,1,3,1,-466.17,49.22,98.15,0.00,0.00,220.00,None,BP_TPCCharacter_C_2,0.0,271
2,2,30.5750,6,0,CountessBossAIController_1,1,3,1,-459.54,48.52,98.15,0.00,0.00,220.00,None,BP_TPCCharacter_C_2,0.0,271
2,2,30.5917,6,0,CountessBossAIController_1,1,3,1,-452.91,47.82,98.15,0.00,0.00,220.00,None,BP_TPCCharacter_C_2,0.0,271
2,2,30.6083,6,0,CountessBossAIController_1,1,3,1,-446.28,47.12,98.15,0.00,0.00,220.00,None,BP_TPCCharacter_C_2,0.0,271
2,2,30.6250,6,0,CountessBossAIController_1,1,3,1,-439.65,46.42,98.15,0.00,0.00,220.00,None,BP_TPCCharacter_C_2,0.0,272
2,2,30.6417,6,0,CountessBossAIController_1,1,3,1,-433.02,45.72,98.15,0.00,0.00,220.00,None,BP_TPCCharacter_C_2,0.0,272
2,2,30.6583,6,0,CountessBossAIController_1,1,3,1,-426.39,45.02,98.15,0.00,0.00,220.00,None,BP_TPCCharacter_C_2,0.0,272
2,2,30.6750,6,0,CountessBossAIController_1,1,3,1,-419.76,44.32,98.15,0.00,0.00,220.00,None,BP_TPCCharacter_C_2,0.0,272
2,2,30.6917,6,0,CountessBossAIController_1,1,3,1,-413.13,43.62,98.15,0.00,0.00,220.00,None,BP_TPCCharacter_C_2,0.0,272
2,2,30.7083,6,0,CountessBossAIController_1,1,3,1,-406.50,42.92,98.15,0.00,0.00,220.00,None,BP_TPCCharacter_C_2,0.0,272
2,2,30.7250,6,0,CountessBossAIController_1,1,3,1,-399.87,42.22,98.15,0.00,0.00,220.00,None,BP_TPCCharacter_C_2,0.0,272
2,2,30.7417,6,0,CountessBossAIController_1,1,3,1,-393.24,41.52,98.15,0.00,0.00,220.00,None,BP_TPCCharacter_C_2,0.0,273
2,2,30.7583,6,0,CountessBossAIController_1,1,3,1,-386.61,40.82,98.15,0.00,0.00,220.00,None,BP_TPCCharacter_C_2,0.0,273
2,2,30.7750,6,0,CountessBossAIController_1,1,3,1,-379.98,40.12,98.15,0.00,0.00,220.00,None,BP_TPCCharacter_C_2,0.0,273
2,2,30.7917,6,0,CountessBossAIController_1,1,3,1,-373.35,39.42,98.15,0.00,0.00,220.00,None,BP_TPCCharacter_C_2,0.0,273
2,2,30.8083,6,0,CountessBossAIController_1,1,3,1,-366.72,38.72,98.15,0.00,0.00,220.00,None,BP_TPCCharacter_C_2,0.0,273
2,2,30.8250,6,0,CountessBossAIController_1,1,3,1,-360.09,38.02,98.15,0.00,0.00,220.00,None,BP_TPCCharacter_C_2,0.0,273
2,2,30.8417,6,0,CountessBossAIController_1,1,3,1,-353.46,37.32,98.15,0.00,0.00,220.00,None,BP_TPCCharacter_C_2,0.0,273
2,2,30.8583,6,0,CountessBossAIController_1,1,3,1,-346.83,36.62,98.15,0.00,0.00,220.00,None,BP_TPCCharacter_C_2,0.0,274
2,2,30.8750,6,0,CountessBossAIController_1,1,3,1,-340.20,35.92,98.15,0.00,0.00,220.00,None,BP_TPCCharacter_C_2,0.0,274
2,2,30.8917,6,0,CountessBossAIController_1,1,3,1,-333.57,35.22,98.15,0.00,0.00,220.00,None,BP_TPCCharacter_C_2,0.0,274
2,2,30.9083,6,0,CountessBossAIController_1,1,3,1,-326.94,34.52,98.15,0.00,0.00,220.00,None,BP_TPCCharacter_C_2,0.0,274
2,2,30.9250,6,0,CountessBossAIController_1,1,3,1,-320.31,33.82,98.15,0.00,0.00,220.00,None,BP_TPCCharacter_C_2,0.0,274
2,2,30.9417,6,0,CountessBossAIController_1,1,3,1,-313.68,33.12,98.15,0.00,0.00,220.00,None,BP_TPCCharacter_C_2,0.0,274
2,2,30.9583,6,0,CountessBossAIController_1,1,3,1,-307.05,32.42,98.15,0.00,0.00,220.00,None,BP_TPCCharacter_C_2,0.0,274
2,2,30.9750,6,0,CountessBossAIController_1,1,3,1,-300.42,31.72,98.15,0.00,0.00,220.00,None,BP_TPCCharacter_C_2,0.0,275
2,2,30.9917,6,0,CountessBossAIController_1,1,3,1,-293.79,31.02,98.15,0.00,0.00,220.00,None,BP_TPCCharacter_C_2,0.0,275
2,2,31.0083,6,0,CountessBossAIController_1,1,3,1,-287.16,30.32,98.15,0.00,0.00,220.00,None,BP_TPCCharacter_C_2,0.0,275
2,2,31.0250,6,0,CountessBossAIController_1,1,3,1,-280.53,29.62,98.15,0.00,0.00,220.00,None,BP_TPCCharacter_C_2,0.0,275
2,2,31.0417,6,0,CountessBossAIController_1,1,3,1,-273.90,28.92,98.15,0.00,0.00,220.00,None,BP_TPCCharacter_C_2,0.0,275
2,2,31.0583,6,0,CountessBossAIController_1,1,3,1,-267.27,28.22,98.15,0.00,0.00,220.00,None,BP_TPCCharacter_C_2,0.0,275
2,2,31.0750,6,0,CountessBossAIController_1,1,3,1,-260.64,27.52,98.15,0.00,0.00,220.00,None,BP_TPCCharacter_C_2,0.0,275
2,2,31.0917,6,0,CountessBossAIController_1,1,3,1,-254.01,26.82,98.15,0.00,0.00,220.00,None,BP_TPCCharacter_C_2,0.0,276
2,2,31.1083,6,0,CountessBossAIController_1,1,3,1,-247.39,26.12,98.15,0.00,0.00,220.00,None,BP_TPCCharacter_C_2,0.0,276
2,2,31.1250,6,0,CountessBossAIController_1,1,3,1,-240.76,25.42,98.15,0.00,0.00,220.00,None,BP_TPCCharacter_C_2,0.0,276
2,2,31.1417,6,0,CountessBossAIController_1,1,3,1,-234.13,24.72,98.15,0.00,0.00,220.00,None,BP_TPCCharacter_C_2,0.0,276
2,2,31.1583,6,0,CountessBossAIController_1,1,3,1,-227.50,24.02,98.15,0.00,0.00,220.00,None,BP_TPCCharacter_C_2,0.0,276
2,2,31.1750,6,0,CountessBossAIController_1,1,3,1,-220.87,23.32,98.15,0.00,0.00,220.00,None,BP_TPCCharacter_C_2,0.0,276
2,2,31.1917,6,0,CountessBossAIController_1,1,3,1,-214.24,22.62,98.15,0.00,0.00,220.00,None,BP_TPCCharacter_C_2,0.0,276
2,2,31.2083,6,0,CountessBossAIController_1,1,3,1,-207.61,21.92,98.15,0.00,0.00,220.00,None,BP_TPCCharacter_C_2,0.0,277
2,2,31.2250,6,0,CountessBossAIController_1,1,3,1,-200.98,21.22,98.15,0.00,0.00,220.00,None,BP_TPCCharacter_C_2,0.0,277
2,2,31.2417,6,0,CountessBossAIController_1,1,3,1,-194.35,20.52,98.15,0.00,0.00,220.00,None,BP_TPCCharacter_C_2,0.0,277
2,2,31.2583,6,0,CountessBossAIController_1,1,3,1,-187.72,19.82,98.15,0.00,0.00,220.00,None,BP_TPCCharacter_C_2,0.0,277
2,2,31.2750,6,0,CountessBossAIController_1,1,3,1,-181.09,19.12,98.15,0.00,0.00,220.00,None,BP_TPCCharacter_C_2,0.0,277
2,2,31.2917,6,0,CountessBossAIController_1,1,3,1,-174.46,18.42,98.15,0.00,0.00,220.00,None,BP_TPCCharacter_C_2,0.0,277
2,2,31.3083,6,0,CountessBossAIController_1,1,3,1,-167.83,17.72,98.15,0.00,0.00,220.00,None,BP_TPCCharacter_C_2,0.0,277
2,2,31.3250,6,0,CountessBossAIController_1,1,3,1,-161.20,17.02,98.15,0.00,0.00,220.00,None,BP_TPCCharacter_C_2,0.0,278
2,2,31.3417,6,0,CountessBossAIController_1,1,3,1,-154.57,16.32,98.15,0.00,0.00,220.00,None,BP_TPCCharacter_C_2,0.0,278
2,2,31.3583,6,0,CountessBossAIController_1,1,3,1,-147.94,15.62,98.15,0.00,0.00,220.00,None,BP_TPCCharacter_C_2,0.0,278
2,2,31.3750,6,0,CountessBossAIController_1,1,3,1,-141.31,14.92,98.15,0.00,0.00,220.00,None,BP_TPCCharacter_C_2,0.0,278
2,2,31.3917,6,0,CountessBossAIController_1,1,3,1,-134.68,14.22,98.15,0.00,0.00,220.00,None,BP_TPCCharacter_C_2,0.0,278
2,2,31.4083,6,0,CountessBossAIController_1,1,3,1,-128.05,13.52,98.15,0.00,0.00,220.00,None,BP_TPCCharacter_C_2,0.0,278
2,2,31.4250,6,0,CountessBossAIController_1,1,3,1,-121.42,12.82,98.15,0.00,0.00,220.00,None,BP_TPCCharacter_C_2,0.0,278
2,2,31.4417,6,0,CountessBossAIController_1,1,3,1,-114.79,12.12,98.15,0.00,0.00,220.00,None,BP_TPCCharacter_C_2,0.0,279
2,2,31.4583,6,0,CountessBossAIController_1,1,3,1,-108.16,11.42,98.15,0.00,0.00,220.00,None,BP_TPCCharacter_C_2,0.0,279
2,2,31.4750,6,0,CountessBossAIController_1,1,3,1,-101.53,10.72,98.15,0.00,0.00,220.00,None,BP_TPCCharacter_C_2,0.0,279
2,2,31.4917,6,0,CountessBossAIController_1,1,3,1,-94.90,10.02,98.15,0.00,0.00,220.00,None,BP_TPCCharacter_C_2,0.0,279
2,2,31.5083,6,0,CountessBossAIController_1,1,3,1,-88.27,9.32,98.15,0.00,0.00,220.00,None,BP_TPCCharacter_C_2,0.0,279
2,2,31.5250,6,0,CountessBossAIController_1,1,3,1,-81.64,8.62,98.15,0.00,0.00,220.00,None,BP_TPCCharacter_C_2,0.0,279
2,2,31.5417,6,0,CountessBossAIController_1,1,3,1,-75.01,7.92,98.15,0.00,0.00,220.00,None,BP_TPCCharacter_C_2,0.0,279
2,2,31.5583,0,0,CountessBossAIController_1,1,0,1,-68.38,7.22,98.15,0.00,0.00,220.00,None,BP_TPCCharacter_C_2,0.0,280
2,2,31.5750,0,0,CountessBossAIController_1,1,0,1,-68.38,7.22,98.15,0.00,0.00,220.00,None,BP_TPCCharacter_C_2,0.0,280
2,2,31.5917,0,0,CountessBossAIController_1,1,0,1,-68.38,7.22,98.15,0.00,0.00,220.00,None,BP_TPCCharacter_C_2,0.0,281
2,2,31.6083,0,0,CountessBossAIController_1,1,0,1,-68.38,7.22,98.15,0.00,0.00,220.00,None,BP_TPCCharacter_C_2,0.0,281
2,2,31.6250,0,0,CountessBossAIController_1,1,0,1,-68.38,7.22,98.15,0.00,0.00,220.00,None,BP_TPCCharacter_C_2,0.0,281
2,2,31.6417,0,0,CountessBossAIController_1,1,0,1,-68.38,7.22,98.15,0.00,0.00,220.00,None,BP_TPCCharacter_C_2,0.0,281
2,2,31.6583,0,0,CountessBossAIController_1,1,0,1,-68.38,7.22,98.15,0.00,0.00,220.00,None,BP_TPCCharacter_C_2,0.0,281
2,2,31.6750,0,0,CountessBossAIController_1,1,0,1,-68.38,7.22,98.15,0.00,0.00,220.00,None,BP_TPCCharacter_C_2,0.0,281
2,2,31.6917,0,0,CountessBossAIController_1,1,0,1,-68.38,7.22,98.15,0.00,0.00,220.00,None,BP_TPCCharacter_C_2,0.0,281
2,2,31.7083,0,0,CountessBossAIController_1,1,0,1,-68.38,7.22,98.15,0.00,0.00,220.00,None,BP_TPCCharacter_C_2,0.0,282
2,2,31.7250,0,0,CountessBossAIController_1,1,0,1,-68.38,7.22,98.15,0.00,0.00,220.00,None,BP_TPCCharacter_C_2,0.0,282
2,2,31.7417,0,0,CountessBossAIController_1,1,0,1,-68.38,7.22,98.15,0.00,0.00,220.00,None,BP_TPCCharacter_C_2,0.0,282
2,2,31.7583,0,0,CountessBossAIController_1,1,0,1,-68.38,7.22,98.15,0.00,0.00,220.00,None,BP_TPCCharacter_C_2,0.0,282
2,2,31.7750,0,0,CountessBossAIController_1,1,0,1,-68.38,7.22,98.15,0.00,0.00,220.00,None,BP_TPCCharacter_C_2,0.0,282
2,2,31.7917,0,0,CountessBossAIController_1,1,0,1,-68.38,7.22,98.15,0.00,0.00,220.00,None,BP_TPCCharacter_C_2,0.0,282
2,2,31.8083,0,0,CountessBossAIController_1,1,0,1,-68.38,7.22,98.15,0.00,0.00,220.00,None,BP_TPCCharacter_C_2,0.0,282
2,2,31.8250,0,0,CountessBossAIController_1,1,0,1,-68.38,7.22,98.15,0.00,0.00,220.00,None,BP_TPCCharacter_C_2,0.0,283
2,2,31.8417,0,0,CountessBossAIController_1,1,0,1,-68.38,7.22,98.15,0.00,0.00,220.00,None,BP_TPCCharacter_C_2,0.0,283
2,2,31.8583,0,0,CountessBossAIController_1,1,0,1,-68.38,7.22,98.15,0.00,0.00,220.00,None,BP_TPCCharacter_C_2,0.0,283
2,2,31.8750,0,0,CountessBossAIController_1,1,0,1,-68.38,7.22,98.15,0.00,0.00,220.00,None,BP_TPCCharacter_C_2,0.0,283
2,2,31.8917,0,0,CountessBossAIController_1,1,0,1,-68.38,7.22,98.15,0.00,0.00,220.00,None,BP_TPCCharacter_C_2,0.0,283
2,2,31.9083,0,0,CountessBossAIController_1,1,0,1,-68.38,7.22,98.15,0.00,0.00,220.00,None,BP_TPCCharacter_C_2,0.0,283
2,2,31.9250,0,0,CountessBossAIController_1,1,0,1,-68.38,7.22,98.15,0.00,0.00,220.00,None,BP_TPCCharacter_C_2,0.0,283
2,2,31.9417,0,0,CountessBossAIController_1,1,0,1,-68.38,7.22,98.15,0.00,0.00,220.00,None,BP_TPCCharacter_C_2,0.0,284
2,2,31.9583,0,0,CountessBossAIController_1,1,0,1,-68.38,7.22,98.15,0.00,0.00,220.00,None,BP_TPCCharacter_C_2,0.0,284
2,2,31.9750,0,0,CountessBossAIController_1,1,0,1,-68.38,7.22,98.15,0.00,0.00,220.00,None,BP_TPCCharacter_C_2,0.0,284
2,2,31.9917,0,0,CountessBossAIController_1,1,0,1,-68.38,7.22,98.15,0.00,0.00,220.00,None,BP_TPCCharacter_C_2,0.0,284
2,2,32.0083,0,0,CountessBossAIController_1,1,0,1,-68.38,7.22,98.15,0.00,0.00,220.00,None,BP_TPCCharacter_C_2,0.0,284
2,2,32.0250,0,0,CountessBossAIController_1,1,0,1,-68.38,7.22,98.15,0.00,0.00,220.00,None,BP_TPCCharacter_C_2,0.0,284
2,2,32.0417,0,0,CountessBossAIController_1,1,0,1,-68.38,7.22,98.15,0.00,0.00,220.00,None,BP_TPCCharacter_C_2,0.0,284
2,2,32.0583,0,0,CountessBossAIController_1,1,0,1,-68.38,7.22,98.15,0.00,0.00,220.00,None,BP_TPCCharacter_C_2,0.0,285
2,2,32.0750,0,0,CountessBossAIController_1,1,0,1,-68.38,7.22,98.15,0.00,0.00,220.00,None,BP_TPCCharacter_C_2,0.0,285
2,2,32.0917,0,0,CountessBossAIController_1,1,0,1,-68.38,7.22,98.15,0.00,0.00,220.00,None,BP_TPCCharacter_C_2,0.0,285
2,2,32.1083,0,0,CountessBossAIController_1,1,0,1,-68.38,7.22,98.15,0.00,0.00,220.00,None,BP_TPCCharacter_C_2,0.0,285
2,2,32.1250,0,0,CountessBossAIController_1,1,0,1,-68.38,7.22,98.15,0.00,0.00,220.00,None,BP_TPCCharacter_C_2,0.0,285
2,2,32.1417,0,0,CountessBossAIController_1,1,0,1,-68.38,7.22,98.15,0.00,0.00,220.00,None,BP_TPCCharacter_C_2,0.0,285
2,2,32.1583,0,0,CountessBossAIController_1,1,0,1,-68.38,7.22,98.15,0.00,0.00,220.00,None,BP_TPCCharacter_C_2,0.0,285
2,2,32.1750,0,0,CountessBossAIController_1,1,0,1,-68.38,7.22,98.15,0.00,0.00,220.00,None,BP_TPCCharacter_C_2,0.0,286
2,2,32.1917,0,0,CountessBossAIController_1,1,0,1,-68.38,7.22,98.15,0.00,0.00,220.00,None,BP_TPCCharacter_C_2,0.0,286
2,2,32.2083,0,0,CountessBossAIController_1,1,0,1,-68.38,7.22,98.15,0.00,0.00,220.00,None,BP_TPCCharacter_C_2,0.0,286
2,2,32.2250,0,0,CountessBossAIController_1,1,0,1,-68.38,7.22,98.15,0.00,0.00,220.00,None,BP_TPCCharacter_C_2,0.0,286
2,2,32.2417,0,0,CountessBossAIController_1,1,0,1,-68.38,7.22,98.15,0.00,0.00,220.00,None,BP_TPCCharacter_C_2,0.0,286
2,2,32.2583,0,0,CountessBossAIController_1,1,0,1,-68.38,7.22,98.15,0.00,0.00,220.00,None,BP_TPCCharacter_C_2,0.0,286
2,2,32.2750,0,0,CountessBossAIController_1,1,0,1,-68.38,7.22,98.15,0.00,0.00,220.00,None,BP_TPCCharacter_C_2,0.0,286
2,2,32.2917,0,0,CountessBossAIController_1,1,0,1,-68.38,7.22,98.15,0.00,0.00,220.00,None,BP_TPCCharacter_C_2,0.0,287
2,2,32.3083,0,0,CountessBossAIController_1,1,0,1,-68.38,7.22,98.15,0.00,0.00,220.00,None,BP_TPCCharacter_C_2,0.0,287
2,2,32.3250,0,0,CountessBossAIController_1,1,0,1,-68.38,7.22,98.15,0.00,0.00,220.00,None,BP_TPCCharacter_C_2,0.0,287
2,2,32.3417,0,0,CountessBossAIController_1,1,0,1,-68.38,7.22,98.15,0.00,0.00,220.00,None,BP_TPCCharacter_C_2,0.0,287
2,2,32.3583,0,0,CountessBossAIController_1,1,0,1,-68.38,7.22,98.15,0.00,0.00,220.00,None,BP_TPCCharacter_C_2,0.0,287
2,2,32.3750,0,0,CountessBossAIController_1,1,0,1,-68.38,7.22,98.15,0.00,0.00,220.00,None,BP_TPCCharacter_C_2,0.0,287
2,2,32.3917,0,0,CountessBossAIController_1,1,0,1,-68.38,7.22,98.15,0.00,0.00,220.00,None,BP_TPCCharacter_C_2,0.0,287
2,2,32.4083,0,0,CountessBossAIController_1,1,0,1,-68.38,7.22,98.15,0.00,0.00,220.00,None,BP_TPCCharacter_C_2,0.0,288
2,2,32.4250,0,0,CountessBossAIController_1,1,0,1,-68.38,7.22,98.15,0.00,0.00,220.00,None,BP_TPCCharacter_C_2,0.0,288
2,2,32.4417,0,0,CountessBossAIController_1,1,0,1,-68.38,7.22,98.15,0.00,0.00,220.00,None,BP_TPCCharacter_C_2,0.0,288
2,2,32.4583,0,0,CountessBossAIController_1,1,0,1,-68.38,7.22,98.15,0.00,0.00,220.00,None,BP_TPCCharacter_C_2,0.0,288
2,2,32.4750,0,0,CountessBossAIController_1,1,0,1,-68.38,7.22,98.15,0.00,0.00,220.00,None,BP_TPCCharacter_C_2,0.0,288
2,2,32.4917,0,0,CountessBossAIController_1,1,0,1,-68.38,7.22,98.15,0.00,0.00,220.00,None,BP_TPCCharacter_C_2,0.0,288
2,2,32.5083,0,0,CountessBossAIController_1,1,0,1,-68.38,7.22,98.15,0.00,0.00,220.00,None,BP_TPCCharacter_C_2,0.0,288
2,2,32.5250,0,0,CountessBossAIController_1,1,0,1,-68.38,7.22,98.15,0.00,0.00,220.00,None,BP_TPCCharacter_C_2,0.0,289
2,2,32.5417,0,0,CountessBossAIController_1,1,0,1,-68.38,7.22,98.15,0.00,0.00,220.00,None,BP_TPCCharacter_C_2,0.0,289
2,2,32.5583,0,0,CountessBossAIController_1,1,0,1,-68.38,7.22,98.15,0.00,0.00,220.00,None,BP_TPCCharacter_C_2,0.0,289
2,2,32.5750,0,0,CountessBossAIController_1,1,0,1,-68.38,7.22,98.15,0.00,0.00,220.00,None,BP_TPCCharacter_C_2,0.0,289
2,2,32.5917,0,0,CountessBossAIController_1,1,0,1,-68.38,7.22,98.15,0.00,0.00,220.00,None,BP_TPCCharacter_C_2,0.0,289
2,2,32.6083,0,0,CountessBossAIController_1,1,0,1,-68.38,7.22,98.15,0.00,0.00,220.00,None,BP_TPCCharacter_C_2,0.0,289
2,2,32.6250,0,0,CountessBossAIController_1,1,0,1,-68.38,7.22,98.15,0.00,0.00,220.00,None,BP_TPCCharacter_C_2,0.0,289
2,2,32.6417,0,0,CountessBossAIController_1,1,0,1,-68.38,7.22,98.15,0.00,0.00,220.00,None,BP_TPCCharacter_C_2,0.0,290
2,2,32.6583,0,0,CountessBossAIController_1,1,0,1,-68.38,7.22,98.15,0.00,0.00,220.00,None,BP_TPCCharacter_C_2,0.0,290
2,2,32.6750,0,0,CountessBossAIController_1,1,0,1,-68.38,7.22,98.15,0.00,0.00,220.00,None,BP_TPCCharacter_C_2,0.0,290
2,2,32.6917,0,0,CountessBossAIController_1,1,0,1,-68.38,7.22,98.15,0.00,0.00,220.00,None,BP_TPCCharacter_C_2,0.0,290
2,2,32.7083,0,0,CountessBossAIController_1,1,0,1,-68.38,7.22,98.15,0.00,0.00,220.00,None,BP_TPCCharacter_C_2,0.0,290
2,2,32.7250,0,0,CountessBossAIController_1,1,0,1,-68.38,7.22,98.15,0.00,0.00,220.00,None,BP_TPCCharacter_C_2,0.0,290
2,2,32.7417,0,0,CountessBossAIController_1,1,0,1,-68.38,7.22,98.15,0.00,0.00,220.00,None,BP_TPCCharacter_C_2,0.0,290
2,2,32.7583,0,0,CountessBossAIController_1,1,0,1,-68.38,7.22,98.15,0.00,0.00,220.00,None,BP_TPCCharacter_C_2,0.0,291
2,2,32.7750,0,0,CountessBossAIController_1,1,0,1,-68.38,7.22,98.15,0.00,0.00,220.00,None,BP_TPCCharacter_C_2,0.0,291
2,2,32.7917,0,0,CountessBossAIController_1,1,0,1,-68.38,7.22,98.15,0.00,0.00,220.00,None,BP_TPCCharacter_C_2,0.0,291
2,2,32.8083,0,0,CountessBossAIController_1,1,0,1,-68.38,7.22,98.15,0.00,0.00,220.00,None,BP_TPCCharacter_C_2,0.0,291
2,2,32.8250,0,0,CountessBossAIController_1,1,0,1,-68.38,7.22,98.15,0.00,0.00,220.00,None,BP_TPCCharacter_C_2,0.0,291
2,2,32.8417,0,0,CountessBossAIController_1,1,0,1,-68.38,7.22,98.15,0.00,0.00,220.00,None,BP_TPCCharacter_C_2,0.0,291
2,2,32.8583,0,0,CountessBossAIController_1,1,0,1,-68.38,7.22,98.15,0.00,0.00,220.00,None,BP_TPCCharacter_C_2,0.0,291
2,2,32.8750,0,0,CountessBossAIController_1,1,0,1,-68.38,7.22,98.15,0.00,0.00,220.00,None,BP_TPCCharacter_C_2,0.0,292
2,2,32.8917,0,0,CountessBossAIController_1,1,0,1,-68.38,7.22,98.15,0.00,0.00,220.00,None,BP_TPCCharacter_C_2,0.0,292
2,2,32.9083,0,0,CountessBossAIController_1,1,0,1,-68.38,7.22,98.15,0.00,0.00,220.00,None,BP_TPCCharacter_C_2,0.0,292
2,2,32.9250,0,0,CountessBossAIController_1,1,0,1,-68.38,7.22,98.15,0.00,0.00,220.00,None,BP_TPCCharacter_C_2,0.0,292
2,2,32.9417,0,0,CountessBossAIController_1,1,0,1,-68.38,7.22,98.15,0.00,0.00,220.00,None,BP_TPCCharacter_C_2,0.0,292
2,2,32.9583,0,0,CountessBossAIController_1,1,0,1,-68.38,7.22,98.15,0.00,0.00,220.00,None,BP_TPCCharacter_C_2,0.0,292
2,2,32.9750,0,0,CountessBossAIController_1,1,0,1,-68.38,7.22,98.15,0.00,0.00,220.00,None,BP_TPCCharacter_C_2,0.0,292
2,2,32.9917,0,0,CountessBossAIController_1,1,0,1,-68.38,7.22,98.15,0.00,0.00,220.00,None,BP_TPCCharacter_C_2,0.0,293
2,2,33.0083,0,0,CountessBossAIController_1,1,0,1,-68.38,7.22,98.15,0.00,0.00,220.00,None,BP_TPCCharacter_C_2,0.0,293
2,2,33.0250,0,0,CountessBossAIController_1,1,0,1,-68.38,7.22,98.15,0.00,0.00,220.00,None,BP_TPCCharacter_C_2,0.0,293
2,2,33.0417,0,0,CountessBossAIController_1,1,0,1,-68.38,7.22,98.15,0.00,0.00,220.00,None,BP_TPCCharacter_C_2,0.0,293
2,2,33.0583,0,0,CountessBossAIController_1,1,0,1,-68.38,7.22,98.15,0.00,0.00,220.00,None,BP_TPCCharacter_C_2,0.0,293
2,2,33.0750,0,0,CountessBossAIController_1,1,0,1,-68.38,7.22,98.15,0.00,0.00,220.00,None,BP_TPCCharacter_C_2,0.0,293
2,2,33.0917,0,0,CountessBossAIController_1,1,0,1,-68.38,7.22,98.15,0.00,0.00,220.00,None,BP_TPCCharacter_C_2,0.0,293
2,2,33.1083,0,0,CountessBossAIController_1,1,0,1,-68.38,7.22,98.15,0.00,0.00,220.00,None,BP_TPCCharacter_C_2,0.0,294
2,2,33.1250,0,0,CountessBossAIController_1,1,0,1,-68.38,7.22,98.15,0.00,0.00,220.00,None,BP_TPCCharacter_C_2,0.0,294
2,2,33.1417,0,0,CountessBossAIController_1,1,0,1,-68.38,7.22,98.15,0.00,0.00,220.00,None,BP_TPCCharacter_C_2,0.0,294
2,2,33.1583,0,0,CountessBossAIController_1,1,0,1,-68.38,7.22,98.15,0.00,0.00,220.00,None,BP_TPCCharacter_C_2,0.0,294
2,2,33.1750,0,0,CountessBossAIController_1,1,0,1,-68.38,7.22,98.15,0.00,0.00,220.00,None,BP_TPCCharacter_C_2,0.0,294
2,2,33.1917,0,0,CountessBossAIController_1,1,0,1,-68.38,7.22,98.15,0.00,0.00,220.00,None,BP_TPCCharacter_C_2,0.0,294
2,2,33.2083,0,0,CountessBossAIController_1,1,0,1,-68.38,7.22,98.15,0.00,0.00,220.00,None,BP_TPCCharacter_C_2,0.0,294
2,2,33.2250,0,0,CountessBossAIController_1,1,0,1,-68.38,7.22,98.15,0.00,0.00,220.00,None,BP_TPCCharacter_C_2,0.0,295
2,2,33.2417,0,0,CountessBossAIController_1,1,0,1,-68.38,7.22,98.15,0.00,0.00,220.00,None,BP_TPCCharacter_C_2,0.0,295
2,2,33.2583,0,0,CountessBossAIController_1,1,0,1,-68.38,7.22,98.15,0.00,0.00,220.00,None,BP_TPCCharacter_C_2,0.0,295
2,2,33.2750,0,0,CountessBossAIController_1,1,0,1,-68.38,7.22,98.15,0.00,0.00,220.00,None,BP_TPCCharacter_C_2,0.0,295
2,2,33.2917,0,0,CountessBossAIController_1,1,0,1,-68.38,7.22,98.15,0.00,0.00,220.00,None,BP_TPCCharacter_C_2,0.0,295
2,2,33.3083,0,0,CountessBossAIController_1,1,0,1,-68.38,7.22,98.15,0.00,0.00,220.00,None,BP_TPCCharacter_C_2,0.0,295
2,2,33.3250,0,0,CountessBossAIController_1,1,0,1,-68.38,7.22,98.15,0.00,0.00,220.00,None,BP_TPCCharacter_C_2,0.0,295
2,2,33.3417,0,0,CountessBossAIController_1,1,0,1,-68.38,7.22,98.15,0.00,0.00,220.00,None,BP_TPCCharacter_C_2,0.0,296
2,2,33.3583,0,0,CountessBossAIController_1,1,0,1,-68.38,7.22,98.15,0.00,0.00,220.00,None,BP_TPCCharacter_C_2,0.0,296
2,2,33.3750,0,0,CountessBossAIController_1,1,0,1,-68.38,7.22,98.15,0.00,0.00,220.00,None,BP_TPCCharacter_C_2,0.0,296
2,2,33.3917,0,0,CountessBossAIController_1,1,0,1,-68.38,7.22,98.15,0.00,0.00,220.00,None,BP_TPCCharacter_C_2,0.0,296
2,2,33.4083,0,0,CountessBossAIController_1,1,0,1,-68.38,7.22,98.15,0.00,0.00,220.00,None,BP_TPCCharacter_C_2,0.0,296
2,2,33.4250,0,0,CountessBossAIController_1,1,0,1,-68.38,7.22,98.15,0.00,0.00,220.00,None,BP_TPCCharacter_C_2,0.0,296
2,2,33.4417,0,0,CountessBossAIController_1,1,0,1,-68.38,7.22,98.15,0.00,0.00,220.00,None,BP_TPCCharacter_C_2,0.0,296
2,2,33.4583,0,0,CountessBossAIController_1,1,0,1,-68.38,7.22,98.15,0.00,0.00,220.00,None,BP_TPCCharacter_C_2,0.0,297
2,2,33.4750,0,0,CountessBossAIController_1,1,0,1,-68.38,7.22,98.15,0.00,0.00,220.00,None,BP_TPCCharacter_C_2,0.0,297
2,2,33.4917,0,0,CountessBossAIController_1,1,0,1,-68.38,7.22,98.15,0.00,0.00,220.00,None,BP_TPCCharacter_C_2,0.0,297
2,2,33.5083,0,0,CountessBossAIController_1,1,0,1,-68.38,7.22,98.15,0.00,0.00,220.00,None,BP_TPCCharacter_C_2,0.0,297
2,2,33.5250,0,0,CountessBossAIController_1,1,0,1,-68.38,7.22,98.15,0.00,0.00,220.00,None,BP_TPCCharacter_C_2,0.0,297
2,2,33.5417,0,0,CountessBossAIController_1,1,0,1,-68.38,7.22,98.15,0.00,0.00,220.00,None,BP_TPCCharacter_C_2,0.0,297
2,2,33.5583,0,0,CountessBossAIController_1,1,0,1,-68.38,7.22,98.15,0.00,0.00,220.00,None,BP_TPCCharacter_C_2,0.0,297
2,2,33.5750,0,0,CountessBossAIController_1,1,0,1,-68.38,7.22,98.15,0.00,0.00,220.00,None,BP_TPCCharacter_C_2,0.0,298
2,2,33.5917,0,0,CountessBossAIController_1,1,0,1,-68.38,7.22,98.15,0.00,0.00,220.00,None,BP_TPCCharacter_C_2,0.0,298
2,2,33.6083,0,0,CountessBossAIController_1,1,0,1,-68.38,7.22,98.15,0.00,0.00,220.00,None,BP_TPCCharacter_C_2,0.0,298
2,2,33.6250,0,0,CountessBossAIController_1,1,0,1,-68.38,7.22,98.15,0.00,0.00,220.00,None,BP_TPCCharacter_C_2,0.0,298
2,2,33.6417,0,0,CountessBossAIController_1,1,0,1,-68.38,7.22,98.15,0.00,0.00,220.00,None,BP_TPCCharacter_C_2,0.0,298
2,2,33.6583,0,0,CountessBossAIController_1,1,0,1,-68.38,7.22,98.15,0.00,0.00,220.00,None,BP_TPCCharacter_C_2,0.0,298
2,2,33.6750,0,0,CountessBossAIController_1,1,0,1,-68.38,7.22,98.15,0.00,0.00,220.00,None,BP_TPCCharacter_C_2,0.0,298
2,2,33.6917,0,0,CountessBossAIController_1,1,0,1,-68.38,7.22,98.15,0.00,0.00,220.00,None,BP_TPCCharacter_C_2,0.0,299
2,2,33.7083,0,0,CountessBossAIController_1,1,0,1,-68.38,7.22,98.15,0.00,0.00,220.00,None,BP_TPCCharacter_C_2,0.0,299
2,2,33.7250,0,0,CountessBossAIController_1,1,0,1,-68.38,7.22,98.15,0.00,0.00,220.00,None,BP_TPCCharacter_C_2,0.0,299
2,2,33.7417,0,0,CountessBossAIController_1,1,0,1,-68.38,7.22,98.15,0.00,0.00,220.00,None,BP_TPCCharacter_C_2,0.0,299
2,2,33.7583,0,0,CountessBossAIController_1,1,0,1,-68.38,7.22,98.15,0.00,0.00,220.00,None,BP_TPCCharacter_C_2,0.0,299
2,2,33.7750,0,0,CountessBossAIController_1,1,0,1,-68.38,7.22,98.15,0.00,0.00,220.00,None,BP_TPCCharacter_C_2,0.0,299
2,2,33.7917,0,0,CountessBossAIController_1,1,0,1,-68.38,7.22,98.15,0.00,0.00,220.00,None,BP_TPCCharacter_C_2,0.0,299
2,2,33.8083,0,0,CountessBossAIController_1,1,0,1,-68.38,7.22,98.15,0.00,0.00,220.00,None,BP_TPCCharacter_C_2,0.0,300
2,2,33.8250,0,0,CountessBossAIController_1,1,0,1,-68.38,7.22,98.15,0.00,0.00,220.00,None,BP_TPCCharacter_C_2,0.0,300
2,2,33.8417,0,0,CountessBossAIController_1,1,0,1,-68.38,7.22,98.15,0.00,0.00,220.00,None,BP_TPCCharacter_C_2,0.0,300
2,2,33.8583,0,0,CountessBossAIController_1,1,0,1,-68.38,7.22,98.15,0.00,0.00,220.00,None,BP_TPCCharacter_C_2,0.0,300
2,2,33.8750,0,0,CountessBossAIController_1,1,0,1,-68.38,7.22,98.15,0.00,0.00,220.00,None,BP_TPCCharacter_C_2,0.0,300
2,2,33.8917,0,0,CountessBossAIController_1,1,0,1,-68.38,7.22,98.15,0.00,0.00,220.00,None,BP_TPCCharacter_C_2,0.0,300
2,2,33.9083,0,0,CountessBossAIController_1,1,0,1,-68.38,7.22,98.15,0.00,0.00,220.00,None,BP_TPCCharacter_C_2,0.0,300
2,2,33.9250,0,0,CountessBossAIController_1,1,0,1,-68.38,7.22,98.15,0.00,0.00,220.00,None,BP_TPCCharacter_C_2,0.0,301
2,2,33.9417,0,0,CountessBossAIController_1,1,0,1,-68.38,7.22,98.15,0.00,0.00,220.00,None,BP_TPCCharacter_C_2,0.0,301
2,2,33.9583,0,0,CountessBossAIController_1,1,0,1,-68.38,7.22,98.15,0.00,0.00,220.00,None,BP_TPCCharacter_C_2,0.0,301
2,2,33.9750,0,0,CountessBossAIController_1,1,0,1,-68.38,7.22,98.15,0.00,0.00,220.00,None,BP_TPCCharacter_C_2,0.0,301
2,2,33.9917,0,0,CountessBossAIController_1,1,0,1,-68.38,7.22,98.15,0.00,0.00,220.00,None,BP_TPCCharacter_C_2,0.0,301
2,2,34.0083,0,0,CountessBossAIController_1,1,0,1,-68.38,7.22,98.15,0.00,0.00,220.00,None,BP_TPCCharacter_C_2,0.0,301
2,2,34.0250,0,0,CountessBossAIController_1,1,0,1,-68.38,7.22,98.15,0.00,0.00,220.00,None,BP_TPCCharacter_C_2,0.0,301
2,2,34.0417,0,0,CountessBossAIController_1,1,0,1,-68.38,7.22,98.15,0.00,0.00,220.00,None,BP_TPCCharacter_C_2,0.0,302
2,2,34.0583,0,0,CountessBossAIController_1,1,0,1,-68.38,7.22,98.15,0.00,0.00,220.00,None,BP_TPCCharacter_C_2,0.0,302
2,2,34.0750,0,0,CountessBossAIController_1,1,0,1,-68.38,7.22,98.15,0.00,0.00,220.00,None,BP_TPCCharacter_C_2,0.0,302
2,2,34.0917,0,0,CountessBossAIController_1,1,0,1,-68.38,7.22,98.15,0.00,0.00,220.00,None,BP_TPCCharacter_C_2,0.0,302
2,2,34.1083,0,0,CountessBossAIController_1,1,0,1,-68.38,7.22,98.15,0.00,0.00,220.00,None,BP_TPCCharacter_C_2,0.0,302
2,2,34.1250,0,0,CountessBossAIController_1,1,0,1,-68.38,7.22,98.15,0.00,0.00,220.00,None,BP_TPCCharacter_C_2,0.0,302
2,2,34.1417,0,0,CountessBossAIController_1,1,0,1,-68.38,7.22,98.15,0.00,0.00,220.00,None,BP_TPCCharacter_C_2,0.0,302
2,2,34.1583,0,0,CountessBossAIController_1,1,0,1,-68.38,7.22,98.15,0.00,0.00,220.00,None,BP_TPCCharacter_C_2,0.0,303
2,2,34.1750,0,0,CountessBossAIController_1,1,0,1,-68.38,7.22,98.15,0.00,0.00,220.00,None,BP_TPCCharacter_C_2,0.0,303
2,2,34.1917,0,0,CountessBossAIController_1,1,0,1,-68.38,7.22,98.15,0.00,0.00,220.00,None,BP_TPCCharacter_C_2,0.0,303
2,2,34.2083,0,0,CountessBossAIController_1,1,0,1,-68.38,7.22,98.15,0.00,0.00,220.00,None,BP_TPCCharacter_C_2,0.0,303
2,2,34.2250,0,0,CountessBossAIController_1,1,0,1,-68.38,7.22,98.15,0.00,0.00,220.00,None,BP_TPCCharacter_C_2,0.0,303
2,2,34.2417,0,0,CountessBossAIController_1,1,0,1,-68.38,7.22,98.15,0.00,0.00,220.00,None,BP_TPCCharacter_C_2,0.0,303
2,2,34.2583,0,0,CountessBossAIController_1,1,0,1,-68.38,7.22,98.15,0.00,0.00,220.00,None,BP_TPCCharacter_C_2,0.0,303
2,2,34.2750,0,0,CountessBossAIController_1,1,0,1,-68.38,7.22,98.15,0.00,0.00,220.00,None,BP_TPCCharacter_C_2,0.0,304
2,2,34.2917,0,0,CountessBossAIController_1,1,0,1,-68.38,7.22,98.15,0.00,0.00,220.00,None,BP_TPCCharacter_C_2,0.0,304
2,2,34.3083,0,0,CountessBossAIController_1,1,0,1,-68.38,7.22,98.15,0.00,0.00,220.00,None,BP_TPCCharacter_C_2,0.0,304
2,2,34.3250,0,0,CountessBossAIController_1,1,0,1,-68.38,7.22,98.15,0.00,0.00,220.00,None,BP_TPCCharacter_C_2,0.0,304
2,2,34.3417,0,0,CountessBossAIController_1,1,0,1,-68.38,7.22,98.15,0.00,0.00,220.00,None,BP_TPCCharacter_C_2,0.0,304
2,2,34.3583,0,0,CountessBossAIController_1,1,0,1,-68.38,7.22,98.15,0.00,0.00,220.00,None,BP_TPCCharacter_C_2,0.0,304
2,2,34.3750,0,0,CountessBossAIController_1,1,0,1,-68.38,7.22,98.15,0.00,0.00,220.00,None,BP_TPCCharacter_C_2,0.0,304
2,2,34.3917,0,0,CountessBossAIController_1,1,0,1,-68.38,7.22,98.15,0.00,0.00,220.00,None,BP_TPCCharacter_C_2,0.0,305
2,2,34.4083,0,0,CountessBossAIController_1,1,0,1,-68.38,7.22,98.15,0.00,0.00,220.00,None,BP_TPCCharacter_C_2,0.0,305
2,2,34.4250,0,0,CountessBossAIController_1,1,0,1,-68.38,7.22,98.15,0.00,0.00,220.00,None,BP_TPCCharacter_C_2,0.0,305
2,2,34.4417,0,0,CountessBossAIController_1,1,0,1,-68.38,7.22,98.15,0.00,0.00,220.00,None,BP_TPCCharacter_C_2,0.0,305
2,2,34.4583,0,0,CountessBossAIController_1,1,0,1,-68.38,7.22,98.15,0.00,0.00,220.00,None,BP_TPCCharacter_C_2,0.0,305
2,2,34.4750,0,0,CountessBossAIController_1,1,0,1,-68.38,7.22,98.15,0.00,0.00,220.00,None,BP_TPCCharacter_C_2,0.0,305
2,2,34.4917,0,0,CountessBossAIController_1,1,0,1,-68.38,7.22,98.15,0.00,0.00,220.00,None,BP_TPCCharacter_C_2,0.0,305
2,2,34.5083,0,0,CountessBossAIController_1,1,0,1,-68.38,7.22,98.15,0.00,0.00,220.00,None,BP_TPCCharacter_C_2,0.0,306
2,2,34.5250,0,0,CountessBossAIController_1,1,0,1,-68.38,7.22,98.15,0.00,0.00,220.00,None,BP_TPCCharacter_C_2,0.0,306
2,2,34.5417,0,0,CountessBossAIController_1,1,0,1,-68.38,7.22,98.15,0.00,0.00,220.00,None,BP_TPCCharacter_C_2,0.0,306
2,3,34.5583,0,0,CountessBossAIController_1,1,0,1,-68.38,7.22,98.15,0.00,0.00,220.00,None,BP_TPCCharacter_C_3,100.0,306
2,3,34.5750,0,0,CountessBossAIController_1,1,0,1,-68.38,7.22,98.15,0.00,0.00,220.00,None,BP_TPCCharacter_C_3,100.0,306
2,3,34.5917,0,0,CountessBossAIController_1,1,0,1,-68.38,7.22,98.15,0.00,0.00,220.00,None,BP_TPCCharacter_C_3,100.0,306
2,3,34.6083,0,0,CountessBossAIController_1,1,0,1,-68.38,7.22,98.15,0.00,0.00,220.00,None,BP_TPCCharacter_C_3,100.0,306
2,3,34.6250,1,0,CountessBossAIController_1,1,0,1,-68.38,7.22,98.15,0.00,0.00,220.00,BP_TPCCharacter_C_3,BP_TPCCharacter_C_3,100.0,307
2,3,34.6417,1,0,CountessBossAIController_1,1,0,1,-68.38,7.22,98.15,0.00,0.00,220.00,BP_TPCCharacter_C_3,BP_TPCCharacter_C_3,100.0,307
2,3,34.6583,1,0,CountessBossAIController_1,1,0,1,-68.38,7.22,98.15,0.00,0.00,220.00,BP_TPCCharacter_C_3,BP_TPCCharacter_C_3,100.0,308
2,3,34.6750,1,0,CountessBossAIController_1,1,0,1,-68.38,7.22,98.15,0.00,0.00,220.00,BP_TPCCharacter_C_3,BP_TPCCharacter_C_3,100.0,308
2,3,34.6917,1,0,CountessBossAIController_1,1,0,1,-68.38,7.22,98.15,0.00,0.00,220.00,BP_TPCCharacter_C_3,BP_TPCCharacter_C_3,100.0,308
2,3,34.7083,1,0,CountessBossAIController_1,1,0,1,-68.38,7.22,98.15,0.00,0.00,220.00,BP_TPCCharacter_C_3,BP_TPCCharacter_C_3,100.0,308
2,3,34.7250,1,0,CountessBossAIController_1,1,0,1,-68.38,7.22,98.15,0.00,0.00,220.00,BP_TPCCharacter_C_3,BP_TPCCharacter_C_3,100.0,308
2,3,34.7417,1,0,CountessBossAIController_1,1,0,1,-68.38,7.22,98.15,0.00,0.00,220.00,BP_TPCCharacter_C_3,BP_TPCCharacter_C_3,100.0,308
2,3,34.7583,1,0,CountessBossAIController_1,1,0,1,-68.38,7.22,98.15,0.00,0.00,220.00,BP_TPCCharacter_C_3,BP_TPCCharacter_C_3,100.0,308
2,3,34.7750,1,0,CountessBossAIController_1,1,0,1,-68.38,7.22,98.15,0.00,0.00,220.00,BP_TPCCharacter_C_3,BP_TPCCharacter_C_3,100.0,309
2,3,34.7917,1,0,CountessBossAIController_1,1,0,1,-68.38,7.22,98.15,0.00,0.00,220.00,BP_TPCCharacter_C_3,BP_TPCCharacter_C_3,100.0,309
2,3,34.8083,1,0,CountessBossAIController_1,1,0,1,-68.38,7.22,98.15,0.00,0.00,220.00,BP_TPCCharacter_C_3,BP_TPCCharacter_C_3,100.0,309
2,3,34.8250,1,0,CountessBossAIController_1,1,0,1,-68.38,7.22,98.15,0.00,0.00,220.00,BP_TPCCharacter_C_3,BP_TPCCharacter_C_3,100.0,309
2,3,34.8417,1,0,CountessBossAIController_1,1,0,1,-68.38,7.22,98.15,0.00,0.00,220.00,BP_TPCCharacter_C_3,BP_TPCCharacter_C_3,100.0,309
2,3,34.8583,1,0,CountessBossAIController_1,1,0,1,-68.38,7.22,98.15,0.00,0.00,220.00,BP_TPCCharacter_C_3,BP_TPCCharacter_C_3,100.0,309
2,3,34.8750,1,0,CountessBossAIController_1,1,0,1,-68.38,7.22,98.15,0.00,0.00,220.00,BP_TPCCharacter_C_3,BP_TPCCharacter_C_3,100.0,309
2,3,34.8917,1,0,CountessBossAIController_1,1,0,1,-68.38,7.22,98.15,0.00,0.00,220.00,BP_TPCCharacter_C_3,BP_TPCCharacter_C_3,100.0,310
2,3,34.9083,1,0,CountessBossAIController_1,1,0,1,-68.38,7.22,98.15,0.00,0.00,220.00,BP_TPCCharacter_C_3,BP_TPCCharacter_C_3,100.0,310
2,3,34.9250,1,0,CountessBossAIController_1,1,0,1,-68.38,7.22,98.15,0.00,0.00,220.00,BP_TPCCharacter_C_3,BP_TPCCharacter_C_3,100.0,310
2,3,34.9417,1,0,CountessBossAIController_1,1,0,1,-68.38,7.22,98.15,0.00,0.00,220.00,BP_TPCCharacter_C_3,BP_TPCCharacter_C_3,100.0,310
2,3,34.9583,1,0,CountessBossAIController_1,1,0,1,-68.38,7.22,98.15,0.00,0.00,220.00,BP_TPCCharacter_C_3,BP_TPCCharacter_C_3,100.0,310
2,3,34.9750,1,0,CountessBossAIController_1,1,0,1,-68.38,7.22,98.15,0.00,0.00,220.00,BP_TPCCharacter_C_3,BP_TPCCharacter_C_3,100.0,310
2,3,34.9917,1,0,CountessBossAIController_1,1,0,1,-68.38,7.22,98.15,0.00,0.00,220.00,BP_TPCCharacter_C_3,BP_TPCCharacter_C_3,100.0,310
2,3,35.0083,1,0,CountessBossAIController_1,1,0,1,-68.38,7.22,98.15,0.00,0.00,220.00,BP_TPCCharacter_C_3,BP_TPCCharacter_C_3,100.0,311
2,3,35.0250,1,0,CountessBossAIController_1,1,0,1,-68.38,7.22,98.15,0.00,0.00,220.00,BP_TPCCharacter_C_3,BP_TPCCharacter_C_3,100.0,311
2,3,35.0417,1,0,CountessBossAIController_1,1,0,1,-68.38,7.22,98.15,0.00,0.00,220.00,BP_TPCCharacter_C_3,BP_TPCCharacter_C_3,100.0,311
2,3,35.0583,1,0,CountessBossAIController_1,1,0,1,-68.38,7.22,98.15,0.00,0.00,220.00,BP_TPCCharacter_C_3,BP_TPCCharacter_C_3,100.0,311
2,3,35.0750,1,0,CountessBossAIController_1,1,0,1,-68.38,7.22,98.15,0.00,0.00,220.00,BP_TPCCharacter_C_3,BP_TPCCharacter_C_3,100.0,311
2,3,35.0917,1,0,CountessBossAIController_1,1,0,1,-68.38,7.22,98.15,0.00,0.00,220.00,BP_TPCCharacter_C_3,BP_TPCCharacter_C_3,100.0,311
2,3,35.1083,1,0,CountessBossAIController_1,1,0,1,-68.38,7.22,98.15,0.00,0.00,220.00,BP_TPCCharacter_C_3,BP_TPCCharacter_C_3,100.0,311
2,3,35.1250,1,0,CountessBossAIController_1,1,0,1,-68.38,7.22,98.15,0.00,0.00,220.00,BP_TPCCharacter_C_3,BP_TPCCharacter_C_3,100.0,312
2,3,35.1417,1,0,CountessBossAIController_1,1,0,1,-68.38,7.22,98.15,0.00,0.00,220.00,BP_TPCCharacter_C_3,BP_TPCCharacter_C_3,100.0,312
2,3,35.1583,1,0,CountessBossAIController_1,1,0,1,-68.38,7.22,98.15,0.00,0.00,220.00,BP_TPCCharacter_C_3,BP_TPCCharacter_C_3,100.0,312
2,3,35.1750,1,0,CountessBossAIController_1,1,0,1,-68.38,7.22,98.15,0.00,0.00,220.00,BP_TPCCharacter_C_3,BP_TPCCharacter_C_3,100.0,312
2,3,35.1917,1,0,CountessBossAIController_1,1,0,1,-68.38,7.22,98.15,0.00,0.00,220.00,BP_TPCCharacter_C_3,BP_TPCCharacter_C_3,100.0,312
2,3,35.2083,1,0,CountessBossAIController_1,1,0,1,-68.38,7.22,98.15,0.00,0.00,220.00,BP_TPCCharacter_C_3,BP_TPCCharacter_C_3,100.0,312
2,3,35.2250,1,0,CountessBossAIController_1,1,0,1,-68.38,7.22,98.15,0.00,0.00,220.00,BP_TPCCharacter_C_3,BP_TPCCharacter_C_3,100.0,312
2,3,35.2417,1,0,CountessBossAIController_1,1,0,1,-68.38,7.22,98.15,0.00,0.00,220.00,BP_TPCCharacter_C_3,BP_TPCCharacter_C_3,100.0,313
2,3,35.2583,1,0,CountessBossAIController_1,1,0,1,-68.38,7.22,98.15,0.00,0.00,220.00,BP_TPCCharacter_C_3,BP_TPCCharacter_C_3,100.0,313
2,3,35.2750,1,0,CountessBossAIController_1,1,0,1,-68.38,7.22,98.15,0.00,0.00,220.00,BP_TPCCharacter_C_3,BP_TPCCharacter_C_3,100.0,313
2,3,35.2917,1,0,CountessBossAIController_1,1,0,1,-68.38,7.22,98.15,0.00,0.00,220.00,BP_TPCCharacter_C_3,BP_TPCCharacter_C_3,100.0,313
2,3,35.3083,1,0,CountessBossAIController_1,1,0,1,-68.38,7.22,98.15,0.00,0.00,220.00,BP_TPCCharacter_C_3,BP_TPCCharacter_C_3,100.0,313
2,3,35.3250,1,0,CountessBossAIController_1,1,0,1,-68.38,7.22,98.15,0.00,0.00,220.00,BP_TPCCharacter_C_3,BP_TPCCharacter_C_3,100.0,313
2,3,35.3417,1,0,CountessBossAIController_1,1,0,1,-68.38,7.22,98.15,0.00,0.00,220.00,BP_TPCCharacter_C_3,BP_TPCCharacter_C_3,100.0,313
2,3,35.3583,1,0,CountessBossAIController_1,1,0,1,-68.38,7.22,98.15,0.00,0.00,220.00,BP_TPCCharacter_C_3,BP_TPCCharacter_C_3,100.0,314
2,3,35.3750,2,0,CountessBossAIController_1,1,0,1,-68.38,7.22,98.15,0.00,0.00,220.00,BP_TPCCharacter_C_3,BP_TPCCharacter_C_3,100.0,314
2,3,35.3917,2,0,CountessBossAIController_1,1,0,1,-68.38,7.22,98.15,0.00,0.00,220.00,BP_TPCCharacter_C_3,BP_TPCCharacter_C_3,100.0,314
2,3,35.4083,2,0,CountessBossAIController_1,1,0,1,-68.38,7.22,98.15,0.00,0.00,220.00,BP_TPCCharacter_C_3,BP_TPCCharacter_C_3,100.0,314
2,3,35.4250,2,0,CountessBossAIController_1,1,0,1,-68.38,7.22,98.15,0.00,0.00,220.00,BP_TPCCharacter_C_3,BP_TPCCharacter_C_3,100.0,315
2,3,35.4417,2,0,CountessBossAIController_1,1,0,1,-68.38,7.22,98.15,0.00,0.00,220.00,BP_TPCCharacter_C_3,BP_TPCCharacter_C_3,100.0,315
2,3,35.4583,2,0,CountessBossAIController_1,1,0,1,-68.38,7.22,98.15,0.00,0.00,220.00,BP_TPCCharacter_C_3,BP_TPCCharacter_C_3,100.0,315
2,3,35.4750,2,0,CountessBossAIController_1,1,0,1,-68.38,7.22,98.15,0.00,0.00,220.00,BP_TPCCharacter_C_3,BP_TPCCharacter_C_3,100.0,315
2,3,35.4917,2,0,CountessBossAIController_1,1,0,1,-68.38,7.22,98.15,0.00,0.00,220.00,BP_TPCCharacter_C_3,BP_TPCCharacter_C_3,100.0,315
2,3,35.5083,2,0,CountessBossAIController_1,1,0,1,-68.38,7.22,98.15,0.00,0.00,220.00,BP_TPCCharacter_C_3,BP_TPCCharacter_C_3,100.0,315
2,3,35.5250,2,0,CountessBossAIController_1,1,0,1,-68.38,7.22,98.15,0.00,0.00,220.00,BP_TPCCharacter_C_3,BP_TPCCharacter_C_3,100.0,315
2,3,35.5417,2,0,CountessBossAIController_1,1,3,1,-68.38,7.22,98.15,0.00,0.00,220.00,BP_TPCCharacter_C_3,BP_TPCCharacter_C_3,100.0,316
2,3,35.5583,2,0,CountessBossAIController_1,1,3,1,-68.95,7.21,98.15,0.00,0.00,220.00,BP_TPCCharacter_C_3,BP_TPCCharacter_C_3,100.0,316
2,3,35.5750,2,0,CountessBossAIController_1,1,3,1,-70.09,7.20,98.15,0.00,0.00,220.00,BP_TPCCharacter_C_3,BP_TPCCharacter_C_3,100.0,316
2,3,35.5917,2,0,CountessBossAIController_1,1,3,1,-71.79,7.18,98.15,0.00,0.00,220.00,BP_TPCCharacter_C_3,BP_TPCCharacter_C_3,100.0,316
2,3,35.6083,2,0,CountessBossAIController_1,1,3,1,-74.07,7.15,98.15,0.00,0.00,220.00,BP_TPCCharacter_C_3,BP_TPCCharacter_C_3,100.0,316
2,3,35.6250,2,0,CountessBossAIController_1,1,3,1,-76.91,7.11,98.15,0.00,0.00,220.00,BP_TPCCharacter_C_3,BP_TPCCharacter_C_3,100.0,316
2,3,35.6417,2,0,CountessBossAIController_1,1,3,1,-80.33,7.07,98.15,0.00,0.00,220.00,BP_TPCCharacter_C_3,BP_TPCCharacter_C_3,100.0,316
2,3,35.6583,2,0,CountessBossAIController_1,1,3,1,-84.31,7.02,98.15,0.00,0.00,220.00,BP_TPCCharacter_C_3,BP_TPCCharacter_C_3,100.0,317
2,3,35.6750,2,0,CountessBossAIController_1,1,3,1,-88.86,6.97,98.15,0.00,0.00,220.00,BP_TPCCharacter_C_3,BP_TPCCharacter_C_3,100.0,317
2,3,35.6917,2,0,CountessBossAIController_1,1,3,1,-93.98,6.90,98.15,0.00,0.00,220.00,BP_TPCCharacter_C_3,BP_TPCCharacter_C_3,100.0,317
2,3,35.7083,2,0,CountessBossAIController_1,1,3,1,-99.67,6.83,98.15,0.00,0.00,220.00,BP_TPCCharacter_C_3,BP_TPCCharacter_C_3,100.0,317
2,3,35.7250,2,0,CountessBossAIController_1,1,3,1,-105.92,6.75,98.15,0.00,0.00,220.00,BP_TPCCharacter_C_3,BP_TPCCharacter_C_3,100.0,317
2,3,35.7417,2,0,CountessBossAIController_1,1,3,1,-112.59,6.67,98.15,0.00,0.00,220.00,BP_TPCCharacter_C_3,BP_TPCCharacter_C_3,100.0,317
2,3,35.7583,2,0,CountessBossAIController_1,1,3,1,-119.26,6.59,98.15,0.00,0.00,220.00,BP_TPCCharacter_C_3,BP_TPCCharacter_C_3,100.0,317
2,3,35.7750,2,0,CountessBossAIController_1,1,3,1,-125.92,6.51,98.15,0.00,0.00,220.00,BP_TPCCharacter_C_3,BP_TPCCharacter_C_3,100.0,318
2,3,35.7917,2,0,CountessBossAIController_1,1,3,1,-132.59,6.42,98.15,0.00,0.00,220.00,BP_TPCCharacter_C_3,BP_TPCCharacter_C_3,100.0,318
2,3,35.8083,2,0,CountessBossAIController_1,1,3,1,-139.25,6.34,98.15,0.00,0.00,220.00,BP_TPCCharacter_C_3,BP_TPCCharacter_C_3,100.0,318
2,3,35.8250,2,0,CountessBossAIController_1,1,3,1,-145.92,6.26,98.15,0.00,0.00,220.00,BP_TPCCharacter_C_3,BP_TPCCharacter_C_3,100.0,318
2,3,35.8417,2,0,CountessBossAIController_1,1,3,1,-152.59,6.18,98.15,0.00,0.00,220.00,BP_TPCCharacter_C_3,BP_TPCCharacter_C_3,100.0,318
2,3,35.8583,2,0,CountessBossAIController_1,1,3,1,-159.25,6.09,98.15,0.00,0.00,220.00,BP_TPCCharacter_C_3,BP_TPCCharacter_C_3,100.0,318
2,3,35.8750,2,0,CountessBossAIController_1,1,3,1,-165.92,6.01,98.15,0.00,0.00,220.00,BP_TPCCharacter_C_3,BP_TPCCharacter_C_3,100.0,318
2,3,35.8917,2,0,CountessBossAIController_1,1,3,1,-172.59,5.93,98.15,0.00,0.00,220.00,BP_TPCCharacter_C_3,BP_TPCCharacter_C_3,100.0,319
2,3,35.9083,2,0,CountessBossAIController_1,1,3,1,-179.25,5.84,98.15,0.00,0.00,220.00,BP_TPCCharacter_C_3,BP_TPCCharacter_C_3,100.0,319
2,3,35.9250,2,0,CountessBossAIController_1,1,3,1,-185.92,5.76,98.15,0.00,0.00,220.00,BP_TPCCharacter_C_3,BP_TPCCharacter_C_3,100.0,319
2,3,35.9417,2,0,CountessBossAIController_1,1,3,1,-192.58,5.68,98.15,0.00,0.00,220.00,BP_TPCCharacter_C_3,BP_TPCCharacter_C_3,100.0,319
2,3,35.9583,2,0,CountessBossAIController_1,1,3,1,-199.25,5.60,98.15,0.00,0.00,220.00,BP_TPCCharacter_C_3,BP_TPCCharacter_C_3,100.0,319
2,3,35.9750,2,0,CountessBossAIController_1,1,3,1,-205.92,5.51,98.15,0.00,0.00,220.00,BP_TPCCharacter_C_3,BP_TPCCharacter_C_3,100.0,319
2,3,35.9917,2,0,CountessBossAIController_1,1,3,1,-212.58,5.43,98.15,0.00,0.00,220.00,BP_TPCCharacter_C_3,BP_TPCCharacter_C_3,100.0,319
2,3,36.0083,2,0,CountessBossAIController_1,1,3,1,-219.25,5.35,98.15,0.00,0.00,220.00,BP_TPCCharacter_C_3,BP_TPCCharacter_C_3,100.0,320
2,3,36.0250,2,0,CountessBossAIController_1,1,3,1,-225.91,5.26,98.15,0.00,0.00,220.00,BP_TPCCharacter_C_3,BP_TPCCharacter_C_3,100.0,320
2,3,36.0417,2,0,CountessBossAIController_1,1,3,1,-232.58,5.18,98.15,0.00,0.00,220.00,BP_TPCCharacter_C_3,BP_TPCCharacter_C_3,100.0,320
2,3,36.0583,2,0,CountessBossAIController_1,1,3,1,-239.25,5.10,98.15,0.00,0.00,220.00,BP_TPCCharacter_C_3,BP_TPCCharacter_C_3,100.0,320
2,3,36.0750,2,0,CountessBossAIController_1,1,3,1,-245.91,5.02,98.15,0.00,0.00,220.00,BP_TPCCharacter_C_3,BP_TPCCharacter_C_3,100.0,320
2,3,36.0917,2,0,CountessBossAIController_1,1,3,1,-252.58,4.93,98.15,0.00,0.00,220.00,BP_TPCCharacter_C_3,BP_TPCCharacter_C_3,100.0,320
2,3,36.1083,2,0,CountessBossAIController_1,1,3,1,-259.25,4.85,98.15,0.00,0.00,220.00,BP_TPCCharacter_C_3,BP_TPCCharacter_C_3,100.0,320
2,3,36.1250,2,0,CountessBossAIController_1,1,3,1,-265.91,4.77,98.15,0.00,0.00,220.00,BP_TPCCharacter_C_3,BP_TPCCharacter_C_3,100.0,321
2,3,36.1417,2,0,CountessBossAIController_1,1,3,1,-272.58,4.69,98.15,0.00,0.00,220.00,BP_TPCCharacter_C_3,BP_TPCCharacter_C_3,100.0,321
2,3,36.1583,2,0,CountessBossAIController_1,1,3,1,-279.24,4.60,98.15,0.00,0.00,220.00,BP_TPCCharacter_C_3,BP_TPCCharacter_C_3,100.0,321
2,3,36.1750,2,0,CountessBossAIController_1,1,3,1,-285.91,4.52,98.15,0.00,0.00,220.00,BP_TPCCharacter_C_3,BP_TPCCharacter_C_3,100.0,321
2,3,36.1917,2,0,CountessBossAIController_1,1,3,1,-292.58,4.44,98.15,0.00,0.00,220.00,BP_TPCCharacter_C_3,BP_TPCCharacter_C_3,100.0,321
2,3,36.2083,2,0,CountessBossAIController_1,1,3,1,-299.24,4.35,98.15,0.00,0.00,220.00,BP_TPCCharacter_C_3,BP_TPCCharacter_C_3,100.0,321
2,3,36.2250,2,0,CountessBossAIController_1,1,3,1,-305.91,4.27,98.15,0.00,0.00,220.00,BP_TPCCharacter_C_3,BP_TPCCharacter_C_3,100.0,321
2,3,36.2417,2,0,CountessBossAIController_1,1,3,1,-312.57,4.19,98.15,0.00,0.00,220.00,BP_TPCCharacter_C_3,BP_TPCCharacter_C_3,100.0,322
2,3,36.2583,2,0,CountessBossAIController_1,1,3,1,-319.24,4.11,98.15,0.00,0.00,220.00,BP_TPCCharacter_C_3,BP_TPCCharacter_C_3,100.0,322
2,3,36.2750,2,0,CountessBossAIController_1,1,3,1,-325.91,4.02,98.15,0.00,0.00,220.00,BP_TPCCharacter_C_3,BP_TPCCharacter_C_3,100.0,322
2,3,36.2917,2,0,CountessBossAIController_1,1,3,1,-332.57,3.94,98.15,0.00,0.00,220.00,BP_TPCCharacter_C_3,BP_TPCCharacter_C_3,100.0,322
2,3,36.3083,2,0,CountessBossAIController_1,1,3,1,-339.24,3.86,98.15,0.00,0.00,220.00,BP_TPCCharacter_C_3,BP_TPCCharacter_C_3,100.0,322
2,3,36.3250,2,0,CountessBossAIController_1,1,3,1,-345.91,3.78,98.15,0.00,0.00,220.00,BP_TPCCharacter_C_3,BP_TPCCharacter_C_3,100.0,322
2,3,36.3417,2,0,CountessBossAIController_1,1,3,1,-352.57,3.69,98.15,0.00,0.00,220.00,BP_TPCCharacter_C_3,BP_TPCCharacter_C_3,100.0,322
2,3,36.3583,2,0,CountessBossAIController_1,1,3,1,-355.57,3.66,98.15,0.00,0.00,220.00,BP_TPCCharacter_C_3,BP_TPCCharacter_C_3,100.0,323
2,3,36.3750,2,0,CountessBossAIController_1,1,3,1,-358.08,4.46,98.15,0.00,0.00,220.00,BP_TPCCharacter_C_3,BP_TPCCharacter_C_3,100.0,323
2,3,36.3917,2,0,CountessBossAIController_1,1,3,1,-360.13,5.97,98.15,0.00,0.00,220.00,BP_TPCCharacter_C_3,BP_TPCCharacter_C_3,100.0,323
2,3,36.4083,2,0,CountessBossAIController_1,1,3,1,-361.81,8.08,98.15,0.00,0.00,220.00,BP_TPCCharacter_C_3,BP_TPCCharacter_C_3,100.0,323
2,3,36.4250,2,0,CountessBossAIController_1,1,3,1,-363.19,10.75,98.15,0.00,0.00,220.00,BP_TPCCharacter_C_3,BP_TPCCharacter_C_3,100.0,323
2,3,36.4417,2,0,CountessBossAIController_1,1,3,1,-364.58,13.41,98.15,0.00,0.00,220.00,BP_TPCCharacter_C_3,BP_TPCCharacter_C_3,100.0,323
2,3,36.4583,2,0,CountessBossAIController_1,1,3,1,-365.96,16.07,98.15,0.00,0.00,220.00,BP_TPCCharacter_C_3,BP_TPCCharacter_C_3,100.0,323
2,3,36.4750,2,0,CountessBossAIController_1,1,3,1,-367.34,18.73,98.15,0.00,0.00,220.00,BP_TPCCharacter_C_3,BP_TPCCharacter_C_3,100.0,324
2,3,36.4917,2,0,CountessBossAIController_1,1,3,1,-368.72,21.39,98.15,0.00,0.00,220.00,BP_TPCCharacter_C_3,BP_TPCCharacter_C_3,100.0,324
2,3,36.5083,2,0,CountessBossAIController_1,1,3,1,-370.11,24.06,98.15,0.00,0.00,220.00,BP_TPCCharacter_C_3,BP_TPCCharacter_C_3,100.0,324
2,3,36.5250,2,0,CountessBossAIController_1,1,3,1,-371.49,26.72,98.15,0.00,0.00,220.00,BP_TPCCharacter_C_3,BP_TPCCharacter_C_3,100.0,324
2,3,36.5417,2,0,CountessBossAIController_1,1,3,1,-372.87,29.38,98.15,0.00,0.00,220.00,BP_TPCCharacter_C_3,BP_TPCCharacter_C_3,100.0,324
2,3,36.5583,2,0,CountessBossAIController_1,1,3,1,-374.26,32.04,98.15,0.00,0.00,220.00,BP_TPCCharacter_C_3,BP_TPCCharacter_C_3,100.0,324
2,3,36.5750,2,0,CountessBossAIController_1,1,3,1,-375.64,34.70,98.15,0.00,0.00,220.00,BP_TPCCharacter_C_3,BP_TPCCharacter_C_3,100.0,324
2,3,36.5917,2,0,CountessBossAIController_1,1,3,1,-377.02,37.37,98.15,0.00,0.00,220.00,BP_TPCCharacter_C_3,BP_TPCCharacter_C_3,100.0,325
2,3,36.6083,2,0,CountessBossAIController_1,1,3,1,-378.41,40.03,98.15,0.00,0.00,220.00,BP_TPCCharacter_C_3,BP_TPCCharacter_C_3,100.0,325
2,3,36.6250,2,0,CountessBossAIController_1,1,3,1,-379.79,42.69,98.15,0.00,0.00,220.00,BP_TPCCharacter_C_3,BP_TPCCharacter_C_3,100.0,325
2,3,36.6417,2,0,CountessBossAIController_1,1,3,1,-381.17,45.35,98.15,0.00,0.00,220.00,BP_TPCCharacter_C_3,BP_TPCCharacter_C_3,100.0,325
2,3,36.6583,2,0,CountessBossAIController_1,1,3,1,-382.55,48.02,98.15,0.00,0.00,220.00,BP_TPCCharacter_C_3,BP_TPCCharacter_C_3,100.0,325
2,3,36.6750,2,0,CountessBossAIController_1,1,3,1,-383.94,50.68,98.15,0.00,0.00,220.00,BP_TPCCharacter_C_3,BP_TPCCharacter_C_3,100.0,325
2,3,36.6917,2,0,CountessBossAIController_1,1,3,1,-385.32,53.34,98.15,0.00,0.00,220.00,BP_TPCCharacter_C_3,BP_TPCCharacter_C_3,100.0,325
2,3,36.7083,2,0,CountessBossAIController_1,1,3,1,-386.70,56.00,98.15,0.00,0.00,220.00,BP_TPCCharacter_C_3,BP_TPCCharacter_C_3,100.0,326
2,3,36.7250,2,0,CountessBossAIController_1,1,3,1,-388.09,58.66,98.15,0.00,0.00,220.00,BP_TPCCharacter_C_3,BP_TPCCharacter_C_3,100.0,326
2,3,36.7417,2,0,CountessBossAIController_1,1,3,1,-389.47,61.33,98.15,0.00,0.00,220.00,BP_TPCCharacter_C_3,BP_TPCCharacter_C_3,100.0,326
2,3,36.7583,2,0,CountessBossAIController_1,1,3,1,-390.85,63.99,98.15,0.00,0.00,220.00,BP_TPCCharacter_C_3,BP_TPCCharacter_C_3,100.0,326
2,3,36.7750,2,0,CountessBossAIController_1,1,3,1,-392.45,66.53,98.15,0.00,0.00,220.00,BP_TPCCharacter_C_3,BP_TPCCharacter_C_3,100.0,326
2,3,36.7917,2,0,CountessBossAIController_1,1,3,1,-394.04,69.07,98.15,0.00,0.00,220.00,BP_TPCCharacter_C_3,BP_TPCCharacter_C_3,100.0,326
2,3,36.8083,2,0,CountessBossAIController_1,1,3,1,-395.64,71.61,98.15,0.00,0.00,220.00,BP_TPCCharacter_C_3,BP_TPCCharacter_C_3,100.0,326
2,3,36.8250,2,0,CountessBossAIController_1,1,3,1,-397.24,74.15,98.15,0.00,0.00,220.00,BP_TPCCharacter_C_3,BP_TPCCharacter_C_3,100.0,327
2,3,36.8417,2,0,CountessBossAIController_1,1,3,1,-398.83,76.69,98.15,0.00,0.00,220.00,BP_TPCCharacter_C_3,BP_TPCCharacter_C_3,100.0,327
2,3,36.8583,2,0,CountessBossAIController_1,1,3,1,-400.43,79.23,98.15,0.00,0.00,220.00,BP_TPCCharacter_C_3,BP_TPCCharacter_C_3,100.0,327
2,3,36.8750,2,0,CountessBossAIController_1,1,3,1,-402.02,81.77,98.15,0.00,0.00,220.00,BP_TPCCharacter_C_3,BP_TPCCharacter_C_3,100.0,327
2,3,36.8917,2,0,CountessBossAIController_1,1,3,1,-403.62,84.31,98.15,0.00,0.00,220.00,BP_TPCCharacter_C_3,BP_TPCCharacter_C_3,100.0,327
2,3,36.9083,2,0,CountessBossAIController_1,1,3,1,-405.22,86.85,98.15,0.00,0.00,220.00,BP_TPCCharacter_C_3,BP_TPCCharacter_C_3,100.0,327
2,3,36.9250,2,0,CountessBossAIController_1,1,3,1,-406.81,89.39,98.15,0.00,0.00,220.00,BP_TPCCharacter_C_3,BP_TPCCharacter_C_3,100.0,327
2,3,36.9417,2,0,CountessBossAIController_1,1,3,1,-408.41,91.93,98.15,0.00,0.00,220.00,BP_TPCCharacter_C_3,BP_TPCCharacter_C_3,100.0,328
2,3,36.9583,2,0,CountessBossAIController_1,1,3,1,-410.00,94.47,98.15,0.00,0.00,220.00,BP_TPCCharacter_C_3,BP_TPCCharacter_C_3,100.0,328
2,3,36.9750,2,0,CountessBossAIController_1,1,3,1,-411.60,97.01,98.15,0.00,0.00,220.00,BP_TPCCharacter_C_3,BP_TPCCharacter_C_3,100.0,328
2,3,36.9917,2,0,CountessBossAIController_1,1,3,1,-413.19,99.55,98.15,0.00,0.00,220.00,BP_TPCCharacter_C_3,BP_TPCCharacter_C_3,100.0,328
2,3,37.0083,2,0,CountessBossAIController_1,1,3,1,-414.79,102.09,98.15,0.00,0.00,220.00,BP_TPCCharacter_C_3,BP_TPCCharacter_C_3,100.0,328
2,3,37.0250,2,0,CountessBossAIController_1,1,3,1,-416.39,104.63,98.15,0.00,0.00,220.00,BP_TPCCharacter_C_3,BP_TPCCharacter_C_3,100.0,328
2,3,37.0417,2,0,CountessBossAIController_1,1,3,1,-417.98,107.17,98.15,0.00,0.00,220.00,BP_TPCCharacter_C_3,BP_TPCCharacter_C_3,100.0,328
2,3,37.0583,2,0,CountessBossAIController_1,1,3,1,-419.58,109.71,98.15,0.00,0.00,220.00,BP_TPCCharacter_C_3,BP_TPCCharacter_C_3,100.0,329
2,3,37.0750,2,0,CountessBossAIController_1,1,3,1,-421.17,112.26,98.15,0.00,0.00,220.00,BP_TPCCharacter_C_3,BP_TPCCharacter_C_3,100.0,329
2,3,37.0917,2,0,CountessBossAIController_1,1,3,1,-422.77,114.80,98.15,0.00,0.00,220.00,BP_TPCCharacter_C_3,BP_TPCCharacter_C_3,100.0,329
2,3,37.1083,2,0,CountessBossAIController_1,1,3,1,-424.37,117.34,98.15,0.00,0.00,220.00,BP_TPCCharacter_C_3,BP_TPCCharacter_C_3,100.0,329
2,3,37.1250,2,0,CountessBossAIController_1,1,0,1,-425.96,119.88,98.15,0.00,0.00,220.00,BP_TPCCharacter_C_3,BP_TPCCharacter_C_3,100.0,329
2,3,37.1417,2,0,CountessBossAIController_1,1,3,1,-425.96,119.88,98.15,0.00,0.00,220.00,BP_TPCCharacter_C_3,BP_TPCCharacter_C_3,100.0,329
2,3,37.1583,2,0,CountessBossAIController_1,1,3,1,-426.34,120.30,98.15,0.00,0.00,220.00,BP_TPCCharacter_C_3,BP_TPCCharacter_C_3,100.0,329
2,3,37.1750,2,0,CountessBossAIController_1,1,3,1,-427.10,121.15,98.15,0.00,0.00,220.00,BP_TPCCharacter_C_3,BP_TPCCharacter_C_3,100.0,330
2,3,37.1917,2,0,CountessBossAIController_1,1,3,1,-428.24,122.42,98.15,0.00,0.00,220.00,BP_TPCCharacter_C_3,BP_TPCCharacter_C_3,100.0,330
2,3,37.2083,2,0,CountessBossAIController_1,1,3,1,-429.76,124.11,98.15,0.00,0.00,220.00,BP_TPCCharacter_C_3,BP_TPCCharacter_C_3,100.0,330
2,3,37.2250,2,0,CountessBossAIController_1,1,3,1,-431.65,126.23,98.15,0.00,0.00,220.00,BP_TPCCharacter_C_3,BP_TPCCharacter_C_3,100.0,330
2,3,37.2417,2,0,CountessBossAIController_1,1,3,1,-433.65,128.47,98.15,0.00,0.00,220.00,BP_TPCCharacter_C_3,BP_TPCCharacter_C_3,100.0,330
2,3,37.2583,2,0,CountessBossAIController_1,1,3,1,-435.66,130.70,98.15,0.00,0.00,220.00,BP_TPCCharacter_C_3,BP_TPCCharacter_C_3,100.0,330
2,3,37.2750,2,0,CountessBossAIController_1,1,3,1,-437.66,132.94,98.15,0.00,0.00,220.00,BP_TPCCharacter_C_3,BP_TPCCharacter_C_3,100.0,330
2,3,37.2917,2,0,CountessBossAIController_1,1,3,1,-439.66,135.17,98.15,0.00,0.00,220.00,BP_TPCCharacter_C_3,BP_TPCCharacter_C_3,100.0,331
2,3,37.3083,2,0,CountessBossAIController_1,1,3,1,-441.66,137.41,98.15,0.00,0.00,220.00,BP_TPCCharacter_C_3,BP_TPCCharacter_C_3,100.0,331
2,3,37.3250,2,0,CountessBossAIController_1,1,3,1,-443.66,139.64,98.15,0.00,0.00,220.00,BP_TPCCharacter_C_3,BP_TPCCharacter_C_3,100.0,331
2,3,37.3417,2,0,CountessBossAIController_1,1,3,1,-445.66,141.88,98.15,0.00,0.00,220.00,BP_TPCCharacter_C_3,BP_TPCCharacter_C_3,100.0,331
2,3,37.3583,2,0,CountessBossAIController_1,1,3,1,-447.66,144.12,98.15,0.00,0.00,220.00,BP_TPCCharacter_C_3,BP_TPCCharacter_C_3,100.0,331
2,3,37.3750,2,0,CountessBossAIController_1,1,3,1,-449.66,146.35,98.15,0.00,0.00,220.00,BP_TPCCharacter_C_3,BP_TPCCharacter_C_3,100.0,331
2,3,37.3917,2,0,CountessBossAIController_1,1,3,1,-451.66,148.59,98.15,0.00,0.00,220.00,BP_TPCCharacter_C_3,BP_TPCCharacter_C_3,100.0,331
2,3,37.4083,2,0,CountessBossAIController_1,1,3,1,-453.66,150.82,98.15,0.00,0.00,220.00,BP_TPCCharacter_C_3,BP_TPCCharacter_C_3,100.0,332
2,3,37.4250,2,0,CountessBossAIController_1,1,3,1,-455.67,153.06,98.15,0.00,0.00,220.00,BP_TPCCharacter_C_3,BP_TPCCharacter_C_3,100.0,332
2,3,37.4417,2,0,CountessBossAIController_1,1,3,1,-457.67,155.29,98.15,0.00,0.00,220.00,BP_TPCCharacter_C_3,BP_TPCCharacter_C_3,100.0,332
2,3,37.4583,2,0,CountessBossAIController_1,1,3,1,-459.67,157.53,98.15,0.00,0.00,220.00,BP_TPCCharacter_C_3,BP_TPCCharacter_C_3,100.0,332
2,3,37.4750,2,0,CountessBossAIController_1,1,3,1,-461.67,159.76,98.15,0.00,0.00,220.00,BP_TPCCharacter_C_3,BP_TPCCharacter_C_3,100.0,332
2,3,37.4917,2,0,CountessBossAIController_1,1,3,1,-463.67,162.00,98.15,0.00,0.00,220.00,BP_TPCCharacter_C_3,BP_TPCCharacter_C_3,100.0,332
2,3,37.5083,2,0,CountessBossAIController_1,1,3,1,-465.67,164.23,98.15,0.00,0.00,220.00,BP_TPCCharacter_C_3,BP_TPCCharacter_C_3,100.0,332
2,3,37.5250,2,0,CountessBossAIController_1,1,3,1,-467.67,166.47,98.15,0.00,0.00,220.00,BP_TPCCharacter_C_3,BP_TPCCharacter_C_3,100.0,333
2,3,37.5417,2,0,CountessBossAIController_1,1,3,1,-469.67,168.70,98.15,0.00,0.00,220.00,BP_TPCCharacter_C_3,BP_TPCCharacter_C_3,100.0,333
2,3,37.5583,2,0,CountessBossAIController_1,1,3,1,-469.67,168.70,98.15,0.00,0.00,220.00,BP_TPCCharacter_C_3,BP_TPCCharacter_C_3,100.0,333
2,3,37.5750,2,0,CountessBossAIController_1,1,3,1,-470.13,169.04,98.15,0.00,0.00,220.00,BP_TPCCharacter_C_3,BP_TPCCharacter_C_3,100.0,333
2,3,37.5917,2,0,CountessBossAIController_1,1,3,1,-471.05,169.71,98.15,0.00,0.00,220.00,BP_TPCCharacter_C_3,BP_TPCCharacter_C_3,100.0,333
2,3,37.6083,2,0,CountessBossAIController_1,1,3,1,-472.43,170.71,98.15,0.00,0.00,220.00,BP_TPCCharacter_C_3,BP_TPCCharacter_C_3,100.0,333
2,3,37.6250,2,0,CountessBossAIController_1,1,3,1,-474.27,172.05,98.15,0.00,0.00,220.00,BP_TPCCharacter_C_3,BP_TPCCharacter_C_3,100.0,333
2,3,37.6417,2,0,CountessBossAIController_1,1,3,1,-476.58,173.72,98.15,0.00,0.00,220.00,BP_TPCCharacter_C_3,BP_TPCCharacter_C_3,100.0,334
2,3,37.6583,2,0,CountessBossAIController_1,1,3,1,-479.00,175.48,98.15,0.00,0.00,220.00,BP_TPCCharacter_C_3,BP_TPCCharacter_C_3,100.0,334
2,3,37.6750,2,0,CountessBossAIController_1,1,3,1,-481.43,177.25,98.15,0.00,0.00,220.00,BP_TPCCharacter_C_3,BP_TPCCharacter_C_3,100.0,334
2,3,37.6917,2,0,CountessBossAIController_1,1,3,1,-483.85,179.01,98.15,0.00,0.00,220.00,BP_TPCCharacter_C_3,BP_TPCCharacter_C_3,100.0,334
2,3,37.7083,2,0,CountessBossAIController_1,1,3,1,-486.28,180.78,98.15,0.00,0.00,220.00,BP_TPCCharacter_C_3,BP_TPCCharacter_C_3,100.0,334
2,3,37.7250,2,0,CountessBossAIController_1,1,3,1,-488.71,182.54,98.15,0.00,0.00,220.00,BP_TPCCharacter_C_3,BP_TPCCharacter_C_3,100.0,334
2,3,37.7417,2,0,CountessBossAIController_1,1,3,1,-491.13,184.30,98.15,0.00,0.00,220.00,BP_TPCCharacter_C_3,BP_TPCCharacter_C_3,100.0,334
2,3,37.7583,2,0,CountessBossAIController_1,1,3,1,-493.56,186.07,98.15,0.00,0.00,220.00,BP_TPCCharacter_C_3,BP_TPCCharacter_C_3,100.0,335
2,3,37.7750,2,0,CountessBossAIController_1,1,3,1,-495.99,187.83,98.15,0.00,0.00,220.00,BP_TPCCharacter_C_3,BP_TPCCharacter_C_3,100.0,335
2,3,37.7917,2,0,CountessBossAIController_1,1,3,1,-498.41,189.60,98.15,0.00,0.00,220.00,BP_TPCCharacter_C_3,BP_TPCCharacter_C_3,100.0,335
2,3,37.8083,2,0,CountessBossAIController_1,1,3,1,-500.84,191.36,98.15,0.00,0.00,220.00,BP_TPCCharacter_C_3,BP_TPCCharacter_C_3,100.0,335
2,3,37.8250,2,0,CountessBossAIController_1,1,3,1,-503.27,193.12,98.15,0.00,0.00,220.00,BP_TPCCharacter_C_3,BP_TPCCharacter_C_3,100.0,335
2,3,37.8417,2,0,CountessBossAIController_1,1,3,1,-505.69,194.89,98.15,0.00,0.00,220.00,BP_TPCCharacter_C_3,BP_TPCCharacter_C_3,100.0,335
2,3,37.8583,2,0,CountessBossAIController_1,1,3,1,-508.12,196.65,98.15,0.00,0.00,220.00,BP_TPCCharacter_C_3,BP_TPCCharacter_C_3,100.0,335
2,3,37.8750,2,0,CountessBossAIController_1,1,3,1,-510.55,198.42,98.15,0.00,0.00,220.00,BP_TPCCharacter_C_3,BP_TPCCharacter_C_3,100.0,336
2,3,37.8917,2,0,CountessBossAIController_1,1,3,1,-512.97,200.18,98.15,0.00,0.00,220.00,BP_TPCCharacter_C_3,BP_TPCCharacter_C_3,100.0,336
2,3,37.9083,2,0,CountessBossAIController_1,1,3,1,-515.40,201.94,98.15,0.00,0.00,220.00,BP_TPCCharacter_C_3,BP_TPCCharacter_C_3,100.0,336
2,3,37.9250,2,0,CountessBossAIController_1,1,3,1,-517.83,203.71,98.15,0.00,0.00,220.00,BP_TPCCharacter_C_3,BP_TPCCharacter_C_3,100.0,336
2,3,37.9417,2,0,CountessBossAIController_1,1,3,1,-520.25,205.47,98.15,0.00,0.00,220.00,BP_TPCCharacter_C_3,BP_TPCCharacter_C_3,100.0,336
2,3,37.9583,2,0,CountessBossAIController_1,1,3,1,-520.25,205.47,98.15,0.00,0.00,220.00,BP_TPCCharacter_C_3,BP_TPCCharacter_C_3,100.0,336
2,3,37.9750,2,0,CountessBossAIController_1,1,3,1,-520.78,205.69,98.15,0.00,0.00,220.00,BP_TPCCharacter_C_3,BP_TPCCharacter_C_3,100.0,336
2,3,37.9917,2,0,CountessBossAIController_1,1,3,1,-521.82,206.14,98.15,0.00,0.00,220.00,BP_TPCCharacter_C_3,BP_TPCCharacter_C_3,100.0,337
2,3,38.0083,2,0,CountessBossAIController_1,1,3,1,-523.40,206.80,98.15,0.00,0.00,220.00,BP_TPCCharacter_C_3,BP_TPCCharacter_C_3,100.0,337
2,3,38.0250,2,0,CountessBossAIController_1,1,3,1,-525.49,207.69,98.15,0.00,0.00,220.00,BP_TPCCharacter_C_3,BP_TPCCharacter_C_3,100.0,337
2,3,38.0417,2,0,CountessBossAIController_1,1,3,1,-528.11,208.80,98.15,0.00,0.00,220.00,BP_TPCCharacter_C_3,BP_TPCCharacter_C_3,100.0,337
2,3,38.0583,2,0,CountessBossAIController_1,1,3,1,-530.87,209.97,98.15,0.00,0.00,220.00,BP_TPCCharacter_C_3,BP_TPCCharacter_C_3,100.0,337
2,3,38.0750,2,0,CountessBossAIController_1,1,3,1,-533.64,211.14,98.15,0.00,0.00,220.00,BP_TPCCharacter_C_3,BP_TPCCharacter_C_3,100.0,337
2,3,38.0917,2,0,CountessBossAIController_1,1,3,1,-536.40,212.31,98.15,0.00,0.00,220.00,BP_TPCCharacter_C_3,BP_TPCCharacter_C_3,100.0,337
2,3,38.1083,2,0,CountessBossAIController_1,1,3,1,-539.16,213.47,98.15,0.00,0.00,220.00,BP_TPCCharacter_C_3,BP_TPCCharacter_C_3,100.0,338
2,3,38.1250,2,0,CountessBossAIController_1,1,3,1,-541.93,214.64,98.15,0.00,0.00,220.00,BP_TPCCharacter_C_3,BP_TPCCharacter_C_3,100.0,338
2,3,38.1417,2,0,CountessBossAIController_1,1,3,1,-544.69,215.81,98.15,0.00,0.00,220.00,BP_TPCCharacter_C_3,BP_TPCCharacter_C_3,100.0,338
2,3,38.1583,2,0,CountessBossAIController_1,1,3,1,-547.45,216.98,98.15,0.00,0.00,220.00,BP_TPCCharacter_C_3,BP_TPCCharacter_C_3,100.0,338
2,3,38.1750,2,0,CountessBossAIController_1,1,3,1,-550.21,218.15,98.15,0.00,0.00,220.00,BP_TPCCharacter_C_3,BP_TPCCharacter_C_3,100.0,338
2,3,38.1917,2,0,CountessBossAIController_1,1,3,1,-552.98,219.32,98.15,0.00,0.00,220.00,BP_TPCCharacter_C_3,BP_TPCCharacter_C_3,100.0,338
2,3,38.2083,2,0,CountessBossAIController_1,1,3,1,-555.74,220.49,98.15,0.00,0.00,220.00,BP_TPCCharacter_C_3,BP_TPCCharacter_C_3,100.0,338
2,3,38.2250,2,0,CountessBossAIController_1,1,3,1,-558.50,221.66,98.15,0.00,0.00,220.00,BP_TPCCharacter_C_3,BP_TPCCharacter_C_3,100.0,339
2,3,38.2417,2,0,CountessBossAIController_1,1,3,1,-561.26,222.83,98.15,0.00,0.00,220.00,BP_TPCCharacter_C_3,BP_TPCCharacter_C_3,100.0,339
2,3,38.2583,2,0,CountessBossAIController_1,1,3,1,-564.03,224.00,98.15,0.00,0.00,220.00,BP_TPCCharacter_C_3,BP_TPCCharacter_C_3,100.0,339
2,3,38.2750,2,0,CountessBossAIController_1,1,3,1,-566.79,225.17,98.15,0.00,0.00,220.00,BP_TPCCharacter_C_3,BP_TPCCharacter_C_3,100.0,339
2,3,38.2917,2,0,CountessBossAIController_1,1,3,1,-569.55,226.34,98.15,0.00,0.00,220.00,BP_TPCCharacter_C_3,BP_TPCCharacter_C_3,100.0,339
2,3,38.3083,2,0,CountessBossAIController_1,1,3,1,-572.32,227.51,98.15,0.00,0.00,220.00,BP_TPCCharacter_C_3,BP_TPCCharacter_C_3,100.0,339
2,3,38.3250,2,0,CountessBossAIController_1,1,3,1,-575.08,228.67,98.15,0.00,0.00,220.00,BP_TPCCharacter_C_3,BP_TPCCharacter_C_3,100.0,339
2,3,38.3417,2,0,CountessBossAIController_1,1,3,1,-577.84,229.84,98.15,0.00,0.00,220.00,BP_TPCCharacter_C_3,BP_TPCCharacter_C_3,100.0,340
2,3,38.3583,2,0,CountessBossAIController_1,1,3,1,-577.84,229.84,98.15,0.00,0.00,220.00,BP_TPCCharacter_C_3,BP_TPCCharacter_C_3,100.0,340
2,3,38.3750,2,0,CountessBossAIController_1,1,3,1,-578.40,229.93,98.15,0.00,0.00,220.00,BP_TPCCharacter_C_3,BP_TPCCharacter_C_3,100.0,340
2,3,38.3917,2,0,CountessBossAIController_1,1,3,1,-579.53,230.11,98.15,0.00,0.00,220.00,BP_TPCCharacter_C_3,BP_TPCCharacter_C_3,100.0,340
2,3,38.4083,2,0,CountessBossAIController_1,1,3,1,-581.21,230.37,98.15,0.00,0.00,220.00,BP_TPCCharacter_C_3,BP_TPCCharacter_C_3,100.0,340
2,3,38.4250,2,0,CountessBossAIController_1,1,3,1,-583.46,230.73,98.15,0.00,0.00,220.00,BP_TPCCharacter_C_3,BP_TPCCharacter_C_3,100.0,340
2,3,38.4417,2,0,CountessBossAIController_1,1,3,1,-586.27,231.17,98.15,0.00,0.00,220.00,BP_TPCCharacter_C_3,BP_TPCCharacter_C_3,100.0,340
2,3,38.4583,2,0,CountessBossAIController_1,1,3,1,-589.24,231.64,98.15,0.00,0.00,220.00,BP_TPCCharacter_C_3,BP_TPCCharacter_C_3,100.0,341
2,3,38.4750,2,0,CountessBossAIController_1,1,3,1,-592.20,232.10,98.15,0.00,0.00,220.00,BP_TPCCharacter_C_3,BP_TPCCharacter_C_3,100.0,341
2,3,38.4917,2,0,CountessBossAIController_1,1,3,1,-595.16,232.57,98.15,0.00,0.00,220.00,BP_TPCCharacter_C_3,BP_TPCCharacter_C_3,100.0,341
2,3,38.5083,2,0,CountessBossAIController_1,1,3,1,-598.13,233.03,98.15,0.00,0.00,220.00,BP_TPCCharacter_C_3,BP_TPCCharacter_C_3,100.0,341
2,3,38.5250,2,0,CountessBossAIController_1,1,3,1,-601.09,233.50,98.15,0.00,0.00,220.00,BP_TPCCharacter_C_3,BP_TPCCharacter_C_3,100.0,341
2,3,38.5417,2,0,CountessBossAIController_1,1,3,1,-604.05,233.97,98.15,0.00,0.00,220.00,BP_TPCCharacter_C_3,BP_TPCCharacter_C_3,100.0,341
2,3,38.5583,2,0,CountessBossAIController_1,1,3,1,-607.02,234.43,98.15,0.00,0.00,220.00,BP_TPCCharacter_C_3,BP_TPCCharacter_C_3,100.0,341
2,3,38.5750,2,0,CountessBossAIController_1,1,3,1,-609.98,234.90,98.15,0.00,0.00,220.00,BP_TPCCharacter_C_3,BP_TPCCharacter_C_3,100.0,342
2,3,38.5917,2,0,CountessBossAIController_1,1,3,1,-612.94,235.36,98.15,0.00,0.00,220.00,BP_TPCCharacter_C_3,BP_TPCCharacter_C_3,100.0,342
2,3,38.6083,2,0,CountessBossAIController_1,1,3,1,-615.91,235.83,98.15,0.00,0.00,220.00,BP_TPCCharacter_C_3,BP_TPCCharacter_C_3,100.0,342
2,3,38.6250,2,0,CountessBossAIController_1,1,3,1,-618.87,236.30,98.15,0.00,0.00,220.00,BP_TPCCharacter_C_3,BP_TPCCharacter_C_3,100.0,342
2,3,38.6417,2,0,CountessBossAIController_1,1,3,1,-621.83,236.76,98.15,0.00,0.00,220.00,BP_TPCCharacter_C_3,BP_TPCCharacter_C_3,100.0,342
2,3,38.6583,2,0,CountessBossAIController_1,1,3,1,-624.80,237.23,98.15,0.00,0.00,220.00,BP_TPCCharacter_C_3,BP_TPCCharacter_C_3,100.0,342
2,3,38.6750,2,0,CountessBossAIController_1,1,3,1,-627.76,237.69,98.15,0.00,0.00,220.00,BP_TPCCharacter_C_3,BP_TPCCharacter_C_3,100.0,342
2,3,38.6917,2,0,CountessBossAIController_1,1,3,1,-630.73,238.16,98.15,0.00,0.00,220.00,BP_TPCCharacter_C_3,BP_TPCCharacter_C_3,100.0,343
2,3,38.7083,2,0,CountessBossAIController_1,1,3,1,-633.69,238.63,98.15,0.00,0.00,220.00,BP_TPCCharacter_C_3,BP_TPCCharacter_C_3,100.0,343
2,3,38.7250,2,0,CountessBossAIController_1,1,3,1,-636.65,239.09,98.15,0.00,0.00,220.00,BP_TPCCharacter_C_3,BP_TPCCharacter_C_3,100.0,343
2,3,38.7417,2,0,CountessBossAIController_1,1,3,1,-639.62,239.56,98.15,0.00,0.00,220.00,BP_TPCCharacter_C_3,BP_TPCCharacter_C_3,100.0,343
2,3,38.7583,2,0,CountessBossAIController_1,1,3,1,-639.62,239.56,98.15,0.00,0.00,220.00,BP_TPCCharacter_C_3,BP_TPCCharacter_C_3,100.0,343
2,3,38.7750,2,0,CountessBossAIController_1,1,3,1,-640.18,239.50,98.15,0.00,0.00,220.00,BP_TPCCharacter_C_3,BP_TPCCharacter_C_3,100.0,343
2,3,38.7917,2,0,CountessBossAIController_1,1,3,1,-641.31,239.39,98.15,0.00,0.00,220.00,BP_TPCCharacter_C_3,BP_TPCCharacter_C_3,100.0,343
2,3,38.8083,2,0,CountessBossAIController_1,1,3,1,-643.01,239.23,98.15,0.00,0.00,220.00,BP_TPCCharacter_C_3,BP_TPCCharacter_C_3,100.0,344
2,3,38.8250,2,0,CountessBossAIController_1,1,3,1,-645.28,239.01,98.15,0.00,0.00,220.00,BP_TPCCharacter_C_3,BP_TPCCharacter_C_3,100.0,344
2,3,38.8417,2,0,CountessBossAIController_1,1,3,1,-648.11,238.73,98.15,0.00,0.00,220.00,BP_TPCCharacter_C_3,BP_TPCCharacter_C_3,100.0,344
2,3,38.8583,2,0,CountessBossAIController_1,1,3,1,-651.09,238.44,98.15,0.00,0.00,220.00,BP_TPCCharacter_C_3,BP_TPCCharacter_C_3,100.0,344
2,3,38.8750,2,0,CountessBossAIController_1,1,3,1,-654.08,238.15,98.15,0.00,0.00,220.00,BP_TPCCharacter_C_3,BP_TPCCharacter_C_3,100.0,344
2,3,38.8917,2,0,CountessBossAIController_1,1,3,1,-657.07,237.86,98.15,0.00,0.00,220.00,BP_TPCCharacter_C_3,BP_TPCCharacter_C_3,100.0,344
2,3,38.9083,2,0,CountessBossAIController_1,1,3,1,-660.05,237.57,98.15,0.00,0.00,220.00,BP_TPCCharacter_C_3,BP_TPCCharacter_C_3,100.0,344
2,3,38.9250,2,0,CountessBossAIController_1,1,3,1,-663.04,237.28,98.15,0.00,0.00,220.00,BP_TPCCharacter_C_3,BP_TPCCharacter_C_3,100.0,345
2,3,38.9417,2,0,CountessBossAIController_1,1,3,1,-666.02,236.99,98.15,0.00,0.00,220.00,BP_TPCCharacter_C_3,BP_TPCCharacter_C_3,100.0,345
2,3,38.9583,2,0,CountessBossAIController_1,1,3,1,-669.01,236.70,98.15,0.00,0.00,220.00,BP_TPCCharacter_C_3,BP_TPCCharacter_C_3,100.0,345
2,3,38.9750,2,0,CountessBossAIController_1,1,3,1,-672.00,236.41,98.15,0.00,0.00,220.00,BP_TPCCharacter_C_3,BP_TPCCharacter_C_3,100.0,345
2,3,38.9917,2,0,CountessBossAIController_1,1,3,1,-674.98,236.11,98.15,0.00,0.00,220.00,BP_TPCCharacter_C_3,BP_TPCCharacter_C_3,100.0,345
2,3,39.0083,2,0,CountessBossAIController_1,1,3,1,-677.97,235.82,98.15,0.00,0.00,220.00,BP_TPCCharacter_C_3,BP_TPCCharacter_C_3,100.0,345
2,3,39.0250,2,0,CountessBossAIController_1,1,3,1,-680.95,235.53,98.15,0.00,0.00,220.00,BP_TPCCharacter_C_3,BP_TPCCharacter_C_3,100.0,345
2,3,39.0417,2,0,CountessBossAIController_1,1,3,1,-683.94,235.24,98.15,0.00,0.00,220.00,BP_TPCCharacter_C_3,BP_TPCCharacter_C_3,100.0,346
2,3,39.0583,2,0,CountessBossAIController_1,1,3,1,-686.93,234.95,98.15,0.00,0.00,220.00,BP_TPCCharacter_C_3,BP_TPCCharacter_C_3,100.0,346
2,3,39.0750,2,0,CountessBossAIController_1,1,3,1,-689.91,234.66,98.15,0.00,0.00,220.00,BP_TPCCharacter_C_3,BP_TPCCharacter_C_3,100.0,346
2,3,39.0917,2,0,CountessBossAIController_1,1,3,1,-692.90,234.37,98.15,0.00,0.00,220.00,BP_TPCCharacter_C_3,BP_TPCCharacter_C_3,100.0,346
2,3,39.1083,2,0,CountessBossAIController_1,1,3,1,-695.88,234.08,98.15,0.00,0.00,220.00,BP_TPCCharacter_C_3,BP_TPCCharacter_C_3,100.0,346
2,3,39.1250,2,0,CountessBossAIController_1,1,3,1,-698.87,233.79,98.15,0.00,0.00,220.00,BP_TPCCharacter_C_3,BP_TPCCharacter_C_3,100.0,346
2,3,39.1417,2,0,CountessBossAIController_1,1,3,1,-701.85,233.50,98.15,0.00,0.00,220.00,BP_TPCCharacter_C_3,BP_TPCCharacter_C_3,100.0,346
2,3,39.1583,2,0,CountessBossAIController_1,1,3,1,-701.85,233.50,98.15,0.00,0.00,220.00,BP_TPCCharacter_C_3,BP_TPCCharacter_C_3,100.0,347
2,3,39.1750,2,0,CountessBossAIController_1,1,3,1,-702.39,233.30,98.15,0.00,0.00,220.00,BP_TPCCharacter_C_3,BP_TPCCharacter_C_3,100.0,347
2,3,39.1917,2,0,CountessBossAIController_1,1,3,1,-703.46,232.91,98.15,0.00,0.00,220.00,BP_TPCCharacter_C_3,BP_TPCCharacter_C_3,100.0,347
2,3,39.2083,2,0,CountessBossAIController_1,1,3,1,-705.06,232.31,98.15,0.00,0.00,220.00,BP_TPCCharacter_C_3,BP_TPCCharacter_C_3,100.0,347
2,3,39.2250,2,0,CountessBossAIController_1,1,3,1,-707.19,231.52,98.15,0.00,0.00,220.00,BP_TPCCharacter_C_3,BP_TPCCharacter_C_3,100.0,347
2,3,39.2417,2,0,CountessBossAIController_1,1,3,1,-709.86,230.53,98.15,0.00,0.00,220.00,BP_TPCCharacter_C_3,BP_TPCCharacter_C_3,100.0,347
2,3,39.2583,2,0,CountessBossAIController_1,1,3,1,-712.67,229.49,98.15,0.00,0.00,220.00,BP_TPCCharacter_C_3,BP_TPCCharacter_C_3,100.0,347
2,3,39.2750,2,0,CountessBossAIController_1,1,3,1,-715.48,228.45,98.15,0.00,0.00,220.00,BP_TPCCharacter_C_3,BP_TPCCharacter_C_3,100.0,348
2,3,39.2917,2,0,CountessBossAIController_1,1,3,1,-718.30,227.41,98.15,0.00,0.00,220.00,BP_TPCCharacter_C_3,BP_TPCCharacter_C_3,100.0,348
2,3,39.3083,2,0,CountessBossAIController_1,1,3,1,-721.11,226.37,98.15,0.00,0.00,220.00,BP_TPCCharacter_C_3,BP_TPCCharacter_C_3,100.0,348
2,3,39.3250,2,0,CountessBossAIController_1,1,3,1,-723.92,225.32,98.15,0.00,0.00,220.00,BP_TPCCharacter_C_3,BP_TPCCharacter_C_3,100.0,348
2,3,39.3417,2,0,CountessBossAIController_1,1,3,1,-726.74,224.28,98.15,0.00,0.00,220.00,BP_TPCCharacter_C_3,BP_TPCCharacter_C_3,100.0,348
2,3,39.3583,2,0,CountessBossAIController_1,1,3,1,-729.55,223.24,98.15,0.00,0.00,220.00,BP_TPCCharacter_C_3,BP_TPCCharacter_C_3,100.0,348
2,3,39.3750,2,0,CountessBossAIController_1,1,3,1,-732.36,222.20,98.15,0.00,0.00,220.00,BP_TPCCharacter_C_3,BP_TPCCharacter_C_3,100.0,348
2,3,39.3917,2,0,CountessBossAIController_1,1,3,1,-735.18,221.16,98.15,0.00,0.00,220.00,BP_TPCCharacter_C_3,BP_TPCCharacter_C_3,100.0,349
2,3,39.4083,2,0,CountessBossAIController_1,1,3,1,-737.99,220.11,98.15,0.00,0.00,220.00,BP_TPCCharacter_C_3,BP_TPCCharacter_C_3,100.0,349
2,3,39.4250,2,0,CountessBossAIController_1,1,3,1,-740.80,219.07,98.15,0.00,0.00,220.00,BP_TPCCharacter_C_3,BP_TPCCharacter_C_3,100.0,349
2,3,39.4417,2,0,CountessBossAIController_1,1,3,1,-743.62,218.03,98.15,0.00,0.00,220.00,BP_TPCCharacter_C_3,BP_TPCCharacter_C_3,100.0,349
2,3,39.4583,2,0,CountessBossAIController_1,1,3,1,-746.43,216.99,98.15,0.00,0.00,220.00,BP_TPCCharacter_C_3,BP_TPCCharacter_C_3,100.0,349
2,3,39.4750,2,0,CountessBossAIController_1,1,3,1,-749.24,215.95,98.15,0.00,0.00,220.00,BP_TPCCharacter_C_3,BP_TPCCharacter_C_3,100.0,349
2,3,39.4917,2,0,CountessBossAIController_1,1,3,1,-752.06,214.90,98.15,0.00,0.00,220.00,BP_TPCCharacter_C_3,BP_TPCCharacter_C_3,100.0,349
2,3,39.5083,2,0,CountessBossAIController_1,1,3,1,-754.87,213.86,98.15,0.00,0.00,220.00,BP_TPCCharacter_C_3,BP_TPCCharacter_C_3,100.0,350
2,3,39.5250,2,0,CountessBossAIController_1,1,3,1,-757.68,212.82,98.15,0.00,0.00,220.00,BP_TPCCharacter_C_3,BP_TPCCharacter_C_3,100.0,350
2,3,39.5417,2,0,CountessBossAIController_1,1,3,1,-760.49,211.78,98.15,0.00,0.00,220.00,BP_TPCCharacter_C_3,BP_TPCCharacter_C_3,100.0,350
2,3,39.5583,2,0,CountessBossAIController_1,1,3,1,-760.49,211.78,98.15,0.00,0.00,220.00,BP_TPCCharacter_C_3,BP_TPCCharacter_C_3,100.0,350
2,3,39.5750,2,0,CountessBossAIController_1,1,3,1,-760.96,211.45,98.15,0.00,0.00,220.00,BP_TPCCharacter_C_3,BP_TPCCharacter_C_3,100.0,350
2,3,39.5917,2,0,CountessBossAIController_1,1,3,1,-761.89,210.79,98.15,0.00,0.00,220.00,BP_TPCCharacter_C_3,BP_TPCCharacter_C_3,100.0,350
2,3,39.6083,2,0,CountessBossAIController_1,1,3,1,-763.28,209.81,98.15,0.00,0.00,220.00,BP_TPCCharacter_C_3,BP_TPCCharacter_C_3,100.0,350
2,3,39.6250,2,0,CountessBossAIController_1,1,3,1,-765.14,208.50,98.15,0.00,0.00,220.00,BP_TPCCharacter_C_3,BP_TPCCharacter_C_3,100.0,351
2,3,39.6417,2,0,CountessBossAIController_1,1,3,1,-767.47,206.86,98.15,0.00,0.00,220.00,BP_TPCCharacter_C_3,BP_TPCCharacter_C_3,100.0,351
2,3,39.6583,2,0,CountessBossAIController_1,1,3,1,-769.92,205.12,98.15,0.00,0.00,220.00,BP_TPCCharacter_C_3,BP_TPCCharacter_C_3,100.0,351
2,3,39.6750,2,0,CountessBossAIController_1,1,3,1,-772.37,203.39,98.15,0.00,0.00,220.00,BP_TPCCharacter_C_3,BP_TPCCharacter_C_3,100.0,351
2,3,39.6917,2,0,CountessBossAIController_1,1,3,1,-774.82,201.66,98.15,0.00,0.00,220.00,BP_TPCCharacter_C_3,BP_TPCCharacter_C_3,100.0,351
2,3,39.7083,2,0,CountessBossAIController_1,1,3,1,-777.27,199.93,98.15,0.00,0.00,220.00,BP_TPCCharacter_C_3,BP_TPCCharacter_C_3,100.0,351
2,3,39.7250,2,0,CountessBossAIController_1,1,3,1,-779.72,198.20,98.15,0.00,0.00,220.00,BP_TPCCharacter_C_3,BP_TPCCharacter_C_3,100.0,351
2,3,39.7417,2,0,CountessBossAIController_1,1,3,1,-782.17,196.47,98.15,0.00,0.00,220.00,BP_TPCCharacter_C_3,BP_TPCCharacter_C_3,100.0,352
2,3,39.7583,2,0,CountessBossAIController_1,1,3,1,-784.62,194.74,98.15,0.00,0.00,220.00,BP_TPCCharacter_C_3,BP_TPCCharacter_C_3,100.0,352
2,3,39.7750,2,0,CountessBossAIController_1,1,3,1,-787.07,193.01,98.15,0.00,0.00,220.00,BP_TPCCharacter_C_3,BP_TPCCharacter_C_3,100.0,352
2,3,39.7917,2,0,CountessBossAIController_1,1,3,1,-789.52,191.28,98.15,0.00,0.00,220.00,BP_TPCCharacter_C_3,BP_TPCCharacter_C_3,100.0,352
2,3,39.8083,2,0,CountessBossAIController_1,1,3,1,-791.97,189.55,98.15,0.00,0.00,220.00,BP_TPCCharacter_C_3,BP_TPCCharacter_C_3,100.0,352
2,3,39.8250,2,0,CountessBossAIController_1,1,3,1,-794.42,187.82,98.15,0.00,0.00,220.00,BP_TPCCharacter_C_3,BP_TPCCharacter_C_3,100.0,352
2,3,39.8417,2,0,CountessBossAIController_1,1,3,1,-796.87,186.09,98.15,0.00,0.00,220.00,BP_TPCCharacter_C_3,BP_TPCCharacter_C_3,100.0,352
2,3,39.8583,2,0,CountessBossAIController_1,1,3,1,-799.32,184.36,98.15,0.00,0.00,220.00,BP_TPCCharacter_C_3,BP_TPCCharacter_C_3,100.0,353
2,3,39.8750,2,0,CountessBossAIController_1,1,3,1,-801.77,182.63,98.15,0.00,0.00,220.00,BP_TPCCharacter_C_3,BP_TPCCharacter_C_3,100.0,353
2,3,39.8917,2,0,CountessBossAIController_1,1,3,1,-804.22,180.90,98.15,0.00,0.00,220.00,BP_TPCCharacter_C_3,BP_TPCCharacter_C_3,100.0,353
2,3,39.9083,2,0,CountessBossAIController_1,1,3,1,-806.67,179.17,98.15,0.00,0.00,220.00,BP_TPCCharacter_C_3,BP_TPCCharacter_C_3,100.0,353
2,3,39.9250,2,0,CountessBossAIController_1,1,3,1,-809.12,177.44,98.15,0.00,0.00,220.00,BP_TPCCharacter_C_3,BP_TPCCharacter_C_3,100.0,353
2,3,39.9417,2,0,CountessBossAIController_1,1,3,1,-811.57,175.71,98.15,0.00,0.00,220.00,BP_TPCCharacter_C_3,BP_TPCCharacter_C_3,100.0,353
2,3,39.9583,2,0,CountessBossAIController_1,1,3,1,-811.57,175.71,98.15,0.00,0.00,220.00,BP_TPCCharacter_C_3,BP_TPCCharacter_C_3,100.0,353
2,3,39.9750,2,0,CountessBossAIController_1,1,3,1,-811.94,175.27,98.15,0.00,0.00,220.00,BP_TPCCharacter_C_3,BP_TPCCharacter_C_3,100.0,354
2,3,39.9917,2,0,CountessBossAIController_1,1,3,1,-812.67,174.39,98.15,0.00,0.00,220.00,BP_TPCCharacter_C_3,BP_TPCCharacter_C_3,100.0,354
2,3,40.0083,2,0,CountessBossAIController_1,1,3,1,-813.76,173.08,98.15,0.00,0.00,220.00,BP_TPCCharacter_C_3,BP_TPCCharacter_C_3,100.0,354
2,3,40.0250,2,0,CountessBossAIController_1,1,3,1,-815.22,171.33,98.15,0.00,0.00,220.00,BP_TPCCharacter_C_3,BP_TPCCharacter_C_3,100.0,354
2,3,40.0417,2,0,CountessBossAIController_1,1,3,1,-817.04,169.15,98.15,0.00,0.00,220.00,BP_TPCCharacter_C_3,BP_TPCCharacter_C_3,100.0,354
2,3,40.0583,2,0,CountessBossAIController_1,1,3,1,-818.96,166.84,98.15,0.00,0.00,220.00,BP_TPCCharacter_C_3,BP_TPCCharacter_C_3,100.0,354
2,3,40.0750,2,0,CountessBossAIController_1,1,3,1,-820.88,164.54,98.15,0.00,0.00,220.00,BP_TPCCharacter_C_3,BP_TPCCharacter_C_3,100.0,354
2,3,40.0917,2,0,CountessBossAIController_1,1,3,1,-822.80,162.23,98.15,0.00,0.00,220.00,BP_TPCCharacter_C_3,BP_TPCCharacter_C_3,100.0,355
2,3,40.1083,2,0,CountessBossAIController_1,1,3,1,-824.72,159.93,98.15,0.00,0.00,220.00,BP_TPCCharacter_C_3,BP_TPCCharacter_C_3,100.0,355
2,3,40.1250,2,0,CountessBossAIController_1,1,3,1,-826.64,157.62,98.15,0.00,0.00,220.00,BP_TPCCharacter_C_3,BP_TPCCharacter_C_3,100.0,355
2,3,40.1417,2,0,CountessBossAIController_1,1,3,1,-828.56,155.32,98.15,0.00,0.00,220.00,BP_TPCCharacter_C_3,BP_TPCCharacter_C_3,100.0,355
2,3,40.1583,2,0,CountessBossAIController_1,1,3,1,-830.48,153.01,98.15,0.00,0.00,220.00,BP_TPCCharacter_C_3,BP_TPCCharacter_C_3,100.0,355
2,3,40.1750,2,0,CountessBossAIController_1,1,3,1,-832.40,150.71,98.15,0.00,0.00,220.00,BP_TPCCharacter_C_3,BP_TPCCharacter_C_3,100.0,355
2,3,40.1917,2,0,CountessBossAIController_1,1,3,1,-834.32,148.40,98.15,0.00,0.00,220.00,BP_TPCCharacter_C_3,BP_TPCCharacter_C_3,100.0,355
2,3,40.2083,2,0,CountessBossAIController_1,1,3,1,-836.24,146.10,98.15,0.00,0.00,220.00,BP_TPCCharacter_C_3,BP_TPCCharacter_C_3,100.0,356
2,3,40.2250,2,0,CountessBossAIController_1,1,3,1,-838.16,143.79,98.15,0.00,0.00,220.00,BP_TPCCharacter_C_3,BP_TPCCharacter_C_3,100.0,356
2,3,40.2417,2,0,CountessBossAIController_1,1,3,1,-840.08,141.49,98.15,0.00,0.00,220.00,BP_TPCCharacter_C_3,BP_TPCCharacter_C_3,100.0,356
2,3,40.2583,2,0,CountessBossAIController_1,1,3,1,-842.00,139.18,98.15,0.00,0.00,220.00,BP_TPCCharacter_C_3,BP_TPCCharacter_C_3,100.0,356
2,3,40.2750,2,0,CountessBossAIController_1,1,3,1,-843.92,136.88,98.15,0.00,0.00,220.00,BP_TPCCharacter_C_3,BP_TPCCharacter_C_3,100.0,356
2,3,40.2917,2,0,CountessBossAIController_1,1,3,1,-845.83,134.57,98.15,0.00,0.00,220.00,BP_TPCCharacter_C_3,BP_TPCCharacter_C_3,100.0,356
2,3,40.3083,2,0,CountessBossAIController_1,1,3,1,-847.75,132.27,98.15,0.00,0.00,220.00,BP_TPCCharacter_C_3,BP_TPCCharacter_C_3,100.0,356
2,3,40.3250,2,0,CountessBossAIController_1,1,3,1,-849.67,129.96,98.15,0.00,0.00,220.00,BP_TPCCharacter_C_3,BP_TPCCharacter_C_3,100.0,357
2,3,40.3417,2,0,CountessBossAIController_1,1,3,1,-851.59,127.65,98.15,0.00,0.00,220.00,BP_TPCCharacter_C_3,BP_TPCCharacter_C_3,100.0,357
2,3,40.3583,2,0,CountessBossAIController_1,1,3,1,-851.59,127.65,98.15,0.00,0.00,220.00,BP_TPCCharacter_C_3,BP_TPCCharacter_C_3,100.0,357
2,3,40.3750,2,0,CountessBossAIController_1,1,3,1,-851.83,127.14,98.15,0.00,0.00,220.00,BP_TPCCharacter_C_3,BP_TPCCharacter_C_3,100.0,357
2,3,40.3917,2,0,CountessBossAIController_1,1,3,1,-852.31,126.11,98.15,0.00,0.00,220.00,BP_TPCCharacter_C_3,BP_TPCCharacter_C_3,100.0,357
2,3,40.4083,2,0,CountessBossAIController_1,1,3,1,-853.02,124.56,98.15,0.00,0.00,220.00,BP_TPCCharacter_C_3,BP_TPCCharacter_C_3,100.0,357
2,3,40.4250,2,0,CountessBossAIController_1,1,3,1,-853.98,122.49,98.15,0.00,0.00,220.00,BP_TPCCharacter_C_3,BP_TPCCharacter_C_3,100.0,357
2,3,40.4417,2,0,CountessBossAIController_1,1,3,1,-855.17,119.91,98.15,0.00,0.00,220.00,BP_TPCCharacter_C_3,BP_TPCCharacter_C_3,100.0,358
2,3,40.4583,2,0,CountessBossAIController_1,1,3,1,-856.43,117.18,98.15,0.00,0.00,220.00,BP_TPCCharacter_C_3,BP_TPCCharacter_C_3,100.0,358
2,3,40.4750,2,0,CountessBossAIController_1,1,3,1,-857.68,114.46,98.15,0.00,0.00,220.00,BP_TPCCharacter_C_3,BP_TPCCharacter_C_3,100.0,358
2,3,40.4917,2,0,CountessBossAIController_1,1,3,1,-858.94,111.73,98.15,0.00,0.00,220.00,BP_TPCCharacter_C_3,BP_TPCCharacter_C_3,100.0,358
2,3,40.5083,2,0,CountessBossAIController_1,1,3,1,-860.20,109.01,98.15,0.00,0.00,220.00,BP_TPCCharacter_C_3,BP_TPCCharacter_C_3,100.0,358
2,3,40.5250,2,0,CountessBossAIController_1,1,3,1,-861.45,106.29,98.15,0.00,0.00,220.00,BP_TPCCharacter_C_3,BP_TPCCharacter_C_3,100.0,358
2,3,40.5417,2,0,CountessBossAIController_1,1,3,1,-862.71,103.56,98.15,0.00,0.00,220.00,BP_TPCCharacter_C_3,BP_TPCCharacter_C_3,100.0,358
