cycle,stage,time,state,action,controller,brain,move_status,move_mode,boss_x,boss_y,boss_z,home_x,home_y,home_z,target,player,player_hp,context_revision
0,1,0.0119,0,0,CountessBossAIController_1,1,0,3,0.00,0.00,220.00,0.00,0.00,220.00,None,BP_TPCCharacter_C_0,10000.0,1
0,1,0.0285,1,0,CountessBossAIController_1,1,0,3,0.00,0.00,219.86,0.00,0.00,220.00,BP_TPCCharacter_C_0,BP_TPCCharacter_C_0,10000.0,2
0,1,0.0452,1,0,CountessBossAIController_1,1,0,3,0.00,0.00,219.73,0.00,0.00,220.00,BP_TPCCharacter_C_0,BP_TPCCharacter_C_0,10000.0,2
0,1,0.0619,1,0,CountessBossAIController_1,1,0,3,0.00,0.00,219.32,0.00,0.00,220.00,BP_TPCCharacter_C_0,BP_TPCCharacter_C_0,10000.0,2
0,1,0.0785,1,0,CountessBossAIController_1,1,0,3,0.00,0.00,218.64,0.00,0.00,220.00,BP_TPCCharacter_C_0,BP_TPCCharacter_C_0,10000.0,2
0,1,0.0952,1,0,CountessBossAIController_1,1,0,3,0.00,0.00,217.69,0.00,0.00,220.00,BP_TPCCharacter_C_0,BP_TPCCharacter_C_0,10000.0,2
0,1,0.1119,1,0,CountessBossAIController_1,1,0,3,0.00,0.00,216.46,0.00,0.00,220.00,BP_TPCCharacter_C_0,BP_TPCCharacter_C_0,10000.0,2
0,1,0.1285,1,0,CountessBossAIController_1,1,0,3,0.00,0.00,214.96,0.00,0.00,220.00,BP_TPCCharacter_C_0,BP_TPCCharacter_C_0,10000.0,2
0,1,0.1452,1,0,CountessBossAIController_1,1,0,3,0.00,0.00,213.19,0.00,0.00,220.00,BP_TPCCharacter_C_0,BP_TPCCharacter_C_0,10000.0,3
0,1,0.1619,1,0,CountessBossAIController_1,1,0,3,0.00,0.00,211.15,0.00,0.00,220.00,BP_TPCCharacter_C_0,BP_TPCCharacter_C_0,10000.0,3
0,1,0.1785,1,0,CountessBossAIController_1,1,0,3,0.00,0.00,208.84,0.00,0.00,220.00,BP_TPCCharacter_C_0,BP_TPCCharacter_C_0,10000.0,3
0,1,0.1952,1,0,CountessBossAIController_1,1,0,3,0.00,0.00,206.25,0.00,0.00,220.00,BP_TPCCharacter_C_0,BP_TPCCharacter_C_0,10000.0,3
0,1,0.2119,1,0,CountessBossAIController_1,1,0,3,0.00,0.00,203.39,0.00,0.00,220.00,BP_TPCCharacter_C_0,BP_TPCCharacter_C_0,10000.0,3
0,1,0.2285,1,0,CountessBossAIController_1,1,0,3,0.00,0.00,200.26,0.00,0.00,220.00,BP_TPCCharacter_C_0,BP_TPCCharacter_C_0,10000.0,3
0,1,0.2452,1,0,CountessBossAIController_1,1,0,3,0.00,0.00,196.86,0.00,0.00,220.00,BP_TPCCharacter_C_0,BP_TPCCharacter_C_0,10000.0,3
0,1,0.2619,1,0,CountessBossAIController_1,1,0,3,0.00,0.00,193.19,0.00,0.00,220.00,BP_TPCCharacter_C_0,BP_TPCCharacter_C_0,10000.0,4
0,1,0.2785,1,0,CountessBossAIController_1,1,0,3,0.00,0.00,189.24,0.00,0.00,220.00,BP_TPCCharacter_C_0,BP_TPCCharacter_C_0,10000.0,4
0,1,0.2952,1,0,CountessBossAIController_1,1,0,3,0.00,0.00,185.02,0.00,0.00,220.00,BP_TPCCharacter_C_0,BP_TPCCharacter_C_0,10000.0,4
0,1,0.3119,1,0,CountessBossAIController_1,1,0,3,0.00,0.00,180.53,0.00,0.00,220.00,BP_TPCCharacter_C_0,BP_TPCCharacter_C_0,10000.0,4
0,1,0.3285,1,0,CountessBossAIController_1,1,0,3,0.00,0.00,175.76,0.00,0.00,220.00,BP_TPCCharacter_C_0,BP_TPCCharacter_C_0,10000.0,4
0,1,0.3452,1,0,CountessBossAIController_1,1,0,3,0.00,0.00,170.73,0.00,0.00,220.00,BP_TPCCharacter_C_0,BP_TPCCharacter_C_0,10000.0,4
0,1,0.3619,1,0,CountessBossAIController_1,1,0,3,0.00,0.00,165.42,0.00,0.00,220.00,BP_TPCCharacter_C_0,BP_TPCCharacter_C_0,10000.0,4
0,1,0.3785,1,0,CountessBossAIController_1,1,0,3,0.00,0.00,159.84,0.00,0.00,220.00,BP_TPCCharacter_C_0,BP_TPCCharacter_C_0,10000.0,5
0,1,0.3952,1,0,CountessBossAIController_1,1,0,3,0.00,0.00,153.99,0.00,0.00,220.00,BP_TPCCharacter_C_0,BP_TPCCharacter_C_0,10000.0,5
0,1,0.4119,1,0,CountessBossAIController_1,1,0,3,0.00,0.00,147.86,0.00,0.00,220.00,BP_TPCCharacter_C_0,BP_TPCCharacter_C_0,10000.0,5
0,1,0.4285,1,0,CountessBossAIController_1,1,0,3,0.00,0.00,141.46,0.00,0.00,220.00,BP_TPCCharacter_C_0,BP_TPCCharacter_C_0,10000.0,5
0,1,0.4452,1,0,CountessBossAIController_1,1,0,3,0.00,0.00,134.79,0.00,0.00,220.00,BP_TPCCharacter_C_0,BP_TPCCharacter_C_0,10000.0,5
0,1,0.4619,1,0,CountessBossAIController_1,1,0,3,0.00,0.00,127.85,0.00,0.00,220.00,BP_TPCCharacter_C_0,BP_TPCCharacter_C_0,10000.0,5
0,1,0.4785,1,0,CountessBossAIController_1,1,0,3,0.00,0.00,120.64,0.00,0.00,220.00,BP_TPCCharacter_C_0,BP_TPCCharacter_C_0,10000.0,5
0,1,0.4952,1,0,CountessBossAIController_1,1,0,3,0.00,0.00,113.15,0.00,0.00,220.00,BP_TPCCharacter_C_0,BP_TPCCharacter_C_0,10000.0,6
0,1,0.5119,1,0,CountessBossAIController_1,1,0,3,0.00,0.00,105.39,0.00,0.00,220.00,BP_TPCCharacter_C_0,BP_TPCCharacter_C_0,10000.0,6
0,1,0.5285,1,0,CountessBossAIController_1,1,0,3,0.00,0.00,97.36,0.00,0.00,220.00,BP_TPCCharacter_C_0,BP_TPCCharacter_C_0,10000.0,6
0,1,0.5452,1,0,CountessBossAIController_1,1,0,1,0.00,0.00,98.15,0.00,0.00,220.00,BP_TPCCharacter_C_0,BP_TPCCharacter_C_0,10000.0,6
0,1,0.5619,1,0,CountessBossAIController_1,1,0,1,0.00,0.00,98.15,0.00,0.00,220.00,BP_TPCCharacter_C_0,BP_TPCCharacter_C_0,10000.0,6
0,1,0.5785,1,0,CountessBossAIController_1,1,0,1,0.00,0.00,98.15,0.00,0.00,220.00,BP_TPCCharacter_C_0,BP_TPCCharacter_C_0,10000.0,6
0,1,0.5952,1,0,CountessBossAIController_1,1,0,1,0.00,0.00,98.15,0.00,0.00,220.00,BP_TPCCharacter_C_0,BP_TPCCharacter_C_0,10000.0,6
0,1,0.6119,1,0,CountessBossAIController_1,1,0,1,0.00,0.00,98.15,0.00,0.00,220.00,BP_TPCCharacter_C_0,BP_TPCCharacter_C_0,10000.0,7
0,1,0.6285,1,0,CountessBossAIController_1,1,0,1,0.00,0.00,98.15,0.00,0.00,220.00,BP_TPCCharacter_C_0,BP_TPCCharacter_C_0,10000.0,7
0,1,0.6452,1,0,CountessBossAIController_1,1,0,1,0.00,0.00,98.15,0.00,0.00,220.00,BP_TPCCharacter_C_0,BP_TPCCharacter_C_0,10000.0,7
0,1,0.6619,1,0,CountessBossAIController_1,1,0,1,0.00,0.00,98.15,0.00,0.00,220.00,BP_TPCCharacter_C_0,BP_TPCCharacter_C_0,10000.0,7
0,1,0.6785,1,0,CountessBossAIController_1,1,0,1,0.00,0.00,98.15,0.00,0.00,220.00,BP_TPCCharacter_C_0,BP_TPCCharacter_C_0,10000.0,7
0,1,0.6952,1,0,CountessBossAIController_1,1,0,1,0.00,0.00,98.15,0.00,0.00,220.00,BP_TPCCharacter_C_0,BP_TPCCharacter_C_0,10000.0,7
0,1,0.7119,1,0,CountessBossAIController_1,1,0,1,0.00,0.00,98.15,0.00,0.00,220.00,BP_TPCCharacter_C_0,BP_TPCCharacter_C_0,10000.0,7
0,1,0.7285,1,0,CountessBossAIController_1,1,0,1,0.00,0.00,98.15,0.00,0.00,220.00,BP_TPCCharacter_C_0,BP_TPCCharacter_C_0,10000.0,8
0,1,0.7452,1,0,CountessBossAIController_1,1,0,1,0.00,0.00,98.15,0.00,0.00,220.00,BP_TPCCharacter_C_0,BP_TPCCharacter_C_0,10000.0,8
0,1,0.7619,1,0,CountessBossAIController_1,1,0,1,0.00,0.00,98.15,0.00,0.00,220.00,BP_TPCCharacter_C_0,BP_TPCCharacter_C_0,10000.0,8
0,1,0.7785,1,0,CountessBossAIController_1,1,0,1,0.00,0.00,98.15,0.00,0.00,220.00,BP_TPCCharacter_C_0,BP_TPCCharacter_C_0,10000.0,8
0,1,0.7952,1,0,CountessBossAIController_1,1,0,1,0.00,0.00,98.15,0.00,0.00,220.00,BP_TPCCharacter_C_0,BP_TPCCharacter_C_0,10000.0,8
0,1,0.8119,1,0,CountessBossAIController_1,1,0,1,0.00,0.00,98.15,0.00,0.00,220.00,BP_TPCCharacter_C_0,BP_TPCCharacter_C_0,10000.0,8
0,1,0.8285,1,0,CountessBossAIController_1,1,0,1,0.00,0.00,98.15,0.00,0.00,220.00,BP_TPCCharacter_C_0,BP_TPCCharacter_C_0,10000.0,8
0,1,0.8452,1,0,CountessBossAIController_1,1,0,1,0.00,0.00,98.15,0.00,0.00,220.00,BP_TPCCharacter_C_0,BP_TPCCharacter_C_0,10000.0,9
0,1,0.8619,1,0,CountessBossAIController_1,1,0,1,0.00,0.00,98.15,0.00,0.00,220.00,BP_TPCCharacter_C_0,BP_TPCCharacter_C_0,10000.0,9
0,1,0.8785,1,0,CountessBossAIController_1,1,0,1,0.00,0.00,98.15,0.00,0.00,220.00,BP_TPCCharacter_C_0,BP_TPCCharacter_C_0,10000.0,9
0,1,0.8952,1,0,CountessBossAIController_1,1,0,1,0.00,0.00,98.15,0.00,0.00,220.00,BP_TPCCharacter_C_0,BP_TPCCharacter_C_0,10000.0,9
0,1,0.9119,1,0,CountessBossAIController_1,1,0,1,0.00,0.00,98.15,0.00,0.00,220.00,BP_TPCCharacter_C_0,BP_TPCCharacter_C_0,10000.0,9
0,1,0.9285,1,0,CountessBossAIController_1,1,0,1,0.00,0.00,98.15,0.00,0.00,220.00,BP_TPCCharacter_C_0,BP_TPCCharacter_C_0,10000.0,9
0,1,0.9452,1,0,CountessBossAIController_1,1,0,1,0.00,0.00,98.15,0.00,0.00,220.00,BP_TPCCharacter_C_0,BP_TPCCharacter_C_0,10000.0,9
0,1,0.9619,1,0,CountessBossAIController_1,1,0,1,0.00,0.00,98.15,0.00,0.00,220.00,BP_TPCCharacter_C_0,BP_TPCCharacter_C_0,10000.0,10
0,1,0.9785,1,0,CountessBossAIController_1,1,0,1,0.00,0.00,98.15,0.00,0.00,220.00,BP_TPCCharacter_C_0,BP_TPCCharacter_C_0,10000.0,10
0,1,0.9952,1,0,CountessBossAIController_1,1,0,1,0.00,0.00,98.15,0.00,0.00,220.00,BP_TPCCharacter_C_0,BP_TPCCharacter_C_0,10000.0,10
0,1,1.0119,1,0,CountessBossAIController_1,1,0,1,0.00,0.00,98.15,0.00,0.00,220.00,BP_TPCCharacter_C_0,BP_TPCCharacter_C_0,10000.0,10
0,1,1.0285,1,0,CountessBossAIController_1,1,0,1,0.00,0.00,98.15,0.00,0.00,220.00,BP_TPCCharacter_C_0,BP_TPCCharacter_C_0,10000.0,10
0,1,1.0452,1,0,CountessBossAIController_1,1,0,1,0.00,0.00,98.15,0.00,0.00,220.00,BP_TPCCharacter_C_0,BP_TPCCharacter_C_0,10000.0,10
0,1,1.0619,1,0,CountessBossAIController_1,1,0,1,0.00,0.00,98.15,0.00,0.00,220.00,BP_TPCCharacter_C_0,BP_TPCCharacter_C_0,10000.0,10
0,1,1.0785,1,0,CountessBossAIController_1,1,0,1,0.00,0.00,98.15,0.00,0.00,220.00,BP_TPCCharacter_C_0,BP_TPCCharacter_C_0,10000.0,11
0,1,1.0952,1,0,CountessBossAIController_1,1,0,1,0.00,0.00,98.15,0.00,0.00,220.00,BP_TPCCharacter_C_0,BP_TPCCharacter_C_0,10000.0,11
0,1,1.1119,1,0,CountessBossAIController_1,1,0,1,0.00,0.00,98.15,0.00,0.00,220.00,BP_TPCCharacter_C_0,BP_TPCCharacter_C_0,10000.0,11
0,1,1.1285,1,0,CountessBossAIController_1,1,0,1,0.00,0.00,98.15,0.00,0.00,220.00,BP_TPCCharacter_C_0,BP_TPCCharacter_C_0,10000.0,11
0,1,1.1452,1,0,CountessBossAIController_1,1,0,1,0.00,0.00,98.15,0.00,0.00,220.00,BP_TPCCharacter_C_0,BP_TPCCharacter_C_0,10000.0,11
0,1,1.1619,1,0,CountessBossAIController_1,1,0,1,0.00,0.00,98.15,0.00,0.00,220.00,BP_TPCCharacter_C_0,BP_TPCCharacter_C_0,10000.0,11
0,1,1.1785,1,0,CountessBossAIController_1,1,0,1,0.00,0.00,98.15,0.00,0.00,220.00,BP_TPCCharacter_C_0,BP_TPCCharacter_C_0,10000.0,11
0,1,1.1952,1,0,CountessBossAIController_1,1,0,1,0.00,0.00,98.15,0.00,0.00,220.00,BP_TPCCharacter_C_0,BP_TPCCharacter_C_0,10000.0,12
0,1,1.2119,1,0,CountessBossAIController_1,1,0,1,0.00,0.00,98.15,0.00,0.00,220.00,BP_TPCCharacter_C_0,BP_TPCCharacter_C_0,10000.0,12
0,1,1.2285,1,0,CountessBossAIController_1,1,0,1,0.00,0.00,98.15,0.00,0.00,220.00,BP_TPCCharacter_C_0,BP_TPCCharacter_C_0,10000.0,12
0,1,1.2452,1,0,CountessBossAIController_1,1,0,1,0.00,0.00,98.15,0.00,0.00,220.00,BP_TPCCharacter_C_0,BP_TPCCharacter_C_0,10000.0,12
0,1,1.2619,1,0,CountessBossAIController_1,1,0,1,0.00,0.00,98.15,0.00,0.00,220.00,BP_TPCCharacter_C_0,BP_TPCCharacter_C_0,10000.0,12
0,1,1.2785,1,0,CountessBossAIController_1,1,0,1,0.00,0.00,98.15,0.00,0.00,220.00,BP_TPCCharacter_C_0,BP_TPCCharacter_C_0,10000.0,12
0,1,1.2952,1,0,CountessBossAIController_1,1,0,1,0.00,0.00,98.15,0.00,0.00,220.00,BP_TPCCharacter_C_0,BP_TPCCharacter_C_0,10000.0,12
0,1,1.3119,1,0,CountessBossAIController_1,1,0,1,0.00,0.00,98.15,0.00,0.00,220.00,BP_TPCCharacter_C_0,BP_TPCCharacter_C_0,10000.0,13
0,1,1.3285,1,0,CountessBossAIController_1,1,0,1,0.00,0.00,98.15,0.00,0.00,220.00,BP_TPCCharacter_C_0,BP_TPCCharacter_C_0,10000.0,13
0,1,1.3452,1,0,CountessBossAIController_1,1,0,1,0.00,0.00,98.15,0.00,0.00,220.00,BP_TPCCharacter_C_0,BP_TPCCharacter_C_0,10000.0,13
0,1,1.3619,1,0,CountessBossAIController_1,1,0,1,0.00,0.00,98.15,0.00,0.00,220.00,BP_TPCCharacter_C_0,BP_TPCCharacter_C_0,10000.0,13
0,1,1.3785,1,0,CountessBossAIController_1,1,0,1,0.00,0.00,98.15,0.00,0.00,220.00,BP_TPCCharacter_C_0,BP_TPCCharacter_C_0,10000.0,13
0,1,1.3952,1,0,CountessBossAIController_1,1,0,1,0.00,0.00,98.15,0.00,0.00,220.00,BP_TPCCharacter_C_0,BP_TPCCharacter_C_0,10000.0,13
0,1,1.4119,1,0,CountessBossAIController_1,1,0,1,0.00,0.00,98.15,0.00,0.00,220.00,BP_TPCCharacter_C_0,BP_TPCCharacter_C_0,10000.0,13
0,1,1.4285,1,0,CountessBossAIController_1,1,0,1,0.00,0.00,98.15,0.00,0.00,220.00,BP_TPCCharacter_C_0,BP_TPCCharacter_C_0,10000.0,14
0,1,1.4452,1,0,CountessBossAIController_1,1,0,1,0.00,0.00,98.15,0.00,0.00,220.00,BP_TPCCharacter_C_0,BP_TPCCharacter_C_0,10000.0,14
0,1,1.4619,1,0,CountessBossAIController_1,1,0,1,0.00,0.00,98.15,0.00,0.00,220.00,BP_TPCCharacter_C_0,BP_TPCCharacter_C_0,10000.0,14
0,1,1.4785,1,0,CountessBossAIController_1,1,0,1,0.00,0.00,98.15,0.00,0.00,220.00,BP_TPCCharacter_C_0,BP_TPCCharacter_C_0,10000.0,14
0,1,1.4952,1,0,CountessBossAIController_1,1,0,1,0.00,0.00,98.15,0.00,0.00,220.00,BP_TPCCharacter_C_0,BP_TPCCharacter_C_0,10000.0,14
0,1,1.5119,1,0,CountessBossAIController_1,1,0,1,0.00,0.00,98.15,0.00,0.00,220.00,BP_TPCCharacter_C_0,BP_TPCCharacter_C_0,10000.0,14
0,1,1.5285,1,0,CountessBossAIController_1,1,0,1,0.00,0.00,98.15,0.00,0.00,220.00,BP_TPCCharacter_C_0,BP_TPCCharacter_C_0,10000.0,14
0,1,1.5452,1,0,CountessBossAIController_1,1,0,1,0.00,0.00,98.15,0.00,0.00,220.00,BP_TPCCharacter_C_0,BP_TPCCharacter_C_0,10000.0,15
0,1,1.5619,1,0,CountessBossAIController_1,1,0,1,0.00,0.00,98.15,0.00,0.00,220.00,BP_TPCCharacter_C_0,BP_TPCCharacter_C_0,10000.0,15
0,1,1.5785,1,0,CountessBossAIController_1,1,0,1,0.00,0.00,98.15,0.00,0.00,220.00,BP_TPCCharacter_C_0,BP_TPCCharacter_C_0,10000.0,15
0,1,1.5952,1,0,CountessBossAIController_1,1,0,1,0.00,0.00,98.15,0.00,0.00,220.00,BP_TPCCharacter_C_0,BP_TPCCharacter_C_0,10000.0,15
0,1,1.6119,1,0,CountessBossAIController_1,1,0,1,0.00,0.00,98.15,0.00,0.00,220.00,BP_TPCCharacter_C_0,BP_TPCCharacter_C_0,10000.0,15
0,1,1.6285,1,0,CountessBossAIController_1,1,0,1,0.00,0.00,98.15,0.00,0.00,220.00,BP_TPCCharacter_C_0,BP_TPCCharacter_C_0,10000.0,15
0,1,1.6452,1,0,CountessBossAIController_1,1,0,1,0.00,0.00,98.15,0.00,0.00,220.00,BP_TPCCharacter_C_0,BP_TPCCharacter_C_0,10000.0,15
0,1,1.6619,1,0,CountessBossAIController_1,1,0,1,0.00,0.00,98.15,0.00,0.00,220.00,BP_TPCCharacter_C_0,BP_TPCCharacter_C_0,10000.0,16
0,1,1.6785,1,0,CountessBossAIController_1,1,0,1,0.00,0.00,98.15,0.00,0.00,220.00,BP_TPCCharacter_C_0,BP_TPCCharacter_C_0,10000.0,16
0,1,1.6952,1,0,CountessBossAIController_1,1,0,1,0.00,0.00,98.15,0.00,0.00,220.00,BP_TPCCharacter_C_0,BP_TPCCharacter_C_0,10000.0,16
0,1,1.7119,1,0,CountessBossAIController_1,1,0,1,0.00,0.00,98.15,0.00,0.00,220.00,BP_TPCCharacter_C_0,BP_TPCCharacter_C_0,10000.0,16
0,1,1.7285,1,0,CountessBossAIController_1,1,0,1,0.00,0.00,98.15,0.00,0.00,220.00,BP_TPCCharacter_C_0,BP_TPCCharacter_C_0,10000.0,16
0,1,1.7452,1,0,CountessBossAIController_1,1,0,1,0.00,0.00,98.15,0.00,0.00,220.00,BP_TPCCharacter_C_0,BP_TPCCharacter_C_0,10000.0,16
0,1,1.7619,1,0,CountessBossAIController_1,1,0,1,0.00,0.00,98.15,0.00,0.00,220.00,BP_TPCCharacter_C_0,BP_TPCCharacter_C_0,10000.0,16
0,1,1.7785,1,0,CountessBossAIController_1,1,0,1,0.00,0.00,98.15,0.00,0.00,220.00,BP_TPCCharacter_C_0,BP_TPCCharacter_C_0,10000.0,17
0,1,1.7952,1,0,CountessBossAIController_1,1,0,1,0.00,0.00,98.15,0.00,0.00,220.00,BP_TPCCharacter_C_0,BP_TPCCharacter_C_0,10000.0,17
0,1,1.8119,1,0,CountessBossAIController_1,1,0,1,0.00,0.00,98.15,0.00,0.00,220.00,BP_TPCCharacter_C_0,BP_TPCCharacter_C_0,10000.0,17
0,1,1.8285,1,0,CountessBossAIController_1,1,0,1,0.00,0.00,98.15,0.00,0.00,220.00,BP_TPCCharacter_C_0,BP_TPCCharacter_C_0,10000.0,17
0,1,1.8452,1,0,CountessBossAIController_1,1,0,1,0.00,0.00,98.15,0.00,0.00,220.00,BP_TPCCharacter_C_0,BP_TPCCharacter_C_0,10000.0,17
0,1,1.8619,1,0,CountessBossAIController_1,1,0,1,0.00,0.00,98.15,0.00,0.00,220.00,BP_TPCCharacter_C_0,BP_TPCCharacter_C_0,10000.0,17
0,1,1.8785,1,0,CountessBossAIController_1,1,0,1,0.00,0.00,98.15,0.00,0.00,220.00,BP_TPCCharacter_C_0,BP_TPCCharacter_C_0,10000.0,17
0,1,1.8952,1,0,CountessBossAIController_1,1,0,1,0.00,0.00,98.15,0.00,0.00,220.00,BP_TPCCharacter_C_0,BP_TPCCharacter_C_0,10000.0,18
0,1,1.9119,1,0,CountessBossAIController_1,1,0,1,0.00,0.00,98.15,0.00,0.00,220.00,BP_TPCCharacter_C_0,BP_TPCCharacter_C_0,10000.0,18
0,1,1.9285,1,0,CountessBossAIController_1,1,0,1,0.00,0.00,98.15,0.00,0.00,220.00,BP_TPCCharacter_C_0,BP_TPCCharacter_C_0,10000.0,18
0,1,1.9452,1,0,CountessBossAIController_1,1,0,1,0.00,0.00,98.15,0.00,0.00,220.00,BP_TPCCharacter_C_0,BP_TPCCharacter_C_0,10000.0,18
0,1,1.9619,1,0,CountessBossAIController_1,1,0,1,0.00,0.00,98.15,0.00,0.00,220.00,BP_TPCCharacter_C_0,BP_TPCCharacter_C_0,10000.0,18
0,1,1.9785,1,0,CountessBossAIController_1,1,0,1,0.00,0.00,98.15,0.00,0.00,220.00,BP_TPCCharacter_C_0,BP_TPCCharacter_C_0,10000.0,18
0,1,1.9952,1,0,CountessBossAIController_1,1,0,1,0.00,0.00,98.15,0.00,0.00,220.00,BP_TPCCharacter_C_0,BP_TPCCharacter_C_0,10000.0,18
0,1,2.0119,1,0,CountessBossAIController_1,1,0,1,0.00,0.00,98.15,0.00,0.00,220.00,BP_TPCCharacter_C_0,BP_TPCCharacter_C_0,10000.0,19
0,1,2.0285,1,0,CountessBossAIController_1,1,0,1,0.00,0.00,98.15,0.00,0.00,220.00,BP_TPCCharacter_C_0,BP_TPCCharacter_C_0,10000.0,19
0,1,2.0452,1,0,CountessBossAIController_1,1,0,1,0.00,0.00,98.15,0.00,0.00,220.00,BP_TPCCharacter_C_0,BP_TPCCharacter_C_0,10000.0,19
0,1,2.0619,1,0,CountessBossAIController_1,1,0,1,0.00,0.00,98.15,0.00,0.00,220.00,BP_TPCCharacter_C_0,BP_TPCCharacter_C_0,10000.0,19
0,1,2.0785,1,0,CountessBossAIController_1,1,0,1,0.00,0.00,98.15,0.00,0.00,220.00,BP_TPCCharacter_C_0,BP_TPCCharacter_C_0,10000.0,19
0,1,2.0952,1,0,CountessBossAIController_1,1,0,1,0.00,0.00,98.15,0.00,0.00,220.00,BP_TPCCharacter_C_0,BP_TPCCharacter_C_0,10000.0,19
0,1,2.1119,1,0,CountessBossAIController_1,1,0,1,0.00,0.00,98.15,0.00,0.00,220.00,BP_TPCCharacter_C_0,BP_TPCCharacter_C_0,10000.0,19
0,1,2.1285,1,0,CountessBossAIController_1,1,0,1,0.00,0.00,98.15,0.00,0.00,220.00,BP_TPCCharacter_C_0,BP_TPCCharacter_C_0,10000.0,20
0,1,2.1452,1,0,CountessBossAIController_1,1,0,1,0.00,0.00,98.15,0.00,0.00,220.00,BP_TPCCharacter_C_0,BP_TPCCharacter_C_0,10000.0,20
0,1,2.1619,1,0,CountessBossAIController_1,1,0,1,0.00,0.00,98.15,0.00,0.00,220.00,BP_TPCCharacter_C_0,BP_TPCCharacter_C_0,10000.0,20
0,1,2.1785,1,0,CountessBossAIController_1,1,0,1,0.00,0.00,98.15,0.00,0.00,220.00,BP_TPCCharacter_C_0,BP_TPCCharacter_C_0,10000.0,20
0,1,2.1952,1,0,CountessBossAIController_1,1,0,1,0.00,0.00,98.15,0.00,0.00,220.00,BP_TPCCharacter_C_0,BP_TPCCharacter_C_0,10000.0,20
0,1,2.2119,1,0,CountessBossAIController_1,1,0,1,0.00,0.00,98.15,0.00,0.00,220.00,BP_TPCCharacter_C_0,BP_TPCCharacter_C_0,10000.0,20
0,1,2.2285,1,0,CountessBossAIController_1,1,0,1,0.00,0.00,98.15,0.00,0.00,220.00,BP_TPCCharacter_C_0,BP_TPCCharacter_C_0,10000.0,20
0,1,2.2452,1,0,CountessBossAIController_1,1,0,1,0.00,0.00,98.15,0.00,0.00,220.00,BP_TPCCharacter_C_0,BP_TPCCharacter_C_0,10000.0,21
0,1,2.2619,1,0,CountessBossAIController_1,1,0,1,0.00,0.00,98.15,0.00,0.00,220.00,BP_TPCCharacter_C_0,BP_TPCCharacter_C_0,10000.0,21
0,1,2.2785,1,0,CountessBossAIController_1,1,0,1,0.00,0.00,98.15,0.00,0.00,220.00,BP_TPCCharacter_C_0,BP_TPCCharacter_C_0,10000.0,21
0,1,2.2952,1,0,CountessBossAIController_1,1,0,1,0.00,0.00,98.15,0.00,0.00,220.00,BP_TPCCharacter_C_0,BP_TPCCharacter_C_0,10000.0,21
0,1,2.3119,1,0,CountessBossAIController_1,1,0,1,0.00,0.00,98.15,0.00,0.00,220.00,BP_TPCCharacter_C_0,BP_TPCCharacter_C_0,10000.0,21
0,1,2.3285,1,0,CountessBossAIController_1,1,0,1,0.00,0.00,98.15,0.00,0.00,220.00,BP_TPCCharacter_C_0,BP_TPCCharacter_C_0,10000.0,21
0,1,2.3452,1,0,CountessBossAIController_1,1,0,1,0.00,0.00,98.15,0.00,0.00,220.00,BP_TPCCharacter_C_0,BP_TPCCharacter_C_0,10000.0,21
0,1,2.3619,1,0,CountessBossAIController_1,1,0,1,0.00,0.00,98.15,0.00,0.00,220.00,BP_TPCCharacter_C_0,BP_TPCCharacter_C_0,10000.0,22
0,1,2.3785,1,0,CountessBossAIController_1,1,0,1,0.00,0.00,98.15,0.00,0.00,220.00,BP_TPCCharacter_C_0,BP_TPCCharacter_C_0,10000.0,22
0,1,2.3952,1,0,CountessBossAIController_1,1,0,1,0.00,0.00,98.15,0.00,0.00,220.00,BP_TPCCharacter_C_0,BP_TPCCharacter_C_0,10000.0,22
0,1,2.4119,1,0,CountessBossAIController_1,1,0,1,0.00,0.00,98.15,0.00,0.00,220.00,BP_TPCCharacter_C_0,BP_TPCCharacter_C_0,10000.0,22
0,1,2.4285,1,0,CountessBossAIController_1,1,0,1,0.00,0.00,98.15,0.00,0.00,220.00,BP_TPCCharacter_C_0,BP_TPCCharacter_C_0,10000.0,22
0,1,2.4452,1,0,CountessBossAIController_1,1,0,1,0.00,0.00,98.15,0.00,0.00,220.00,BP_TPCCharacter_C_0,BP_TPCCharacter_C_0,10000.0,22
0,1,2.4619,1,0,CountessBossAIController_1,1,0,1,0.00,0.00,98.15,0.00,0.00,220.00,BP_TPCCharacter_C_0,BP_TPCCharacter_C_0,10000.0,22
0,1,2.4785,1,0,CountessBossAIController_1,1,0,1,0.00,0.00,98.15,0.00,0.00,220.00,BP_TPCCharacter_C_0,BP_TPCCharacter_C_0,10000.0,23
0,1,2.4952,1,0,CountessBossAIController_1,1,0,1,0.00,0.00,98.15,0.00,0.00,220.00,BP_TPCCharacter_C_0,BP_TPCCharacter_C_0,10000.0,23
0,1,2.5119,1,0,CountessBossAIController_1,1,0,1,0.00,0.00,98.15,0.00,0.00,220.00,BP_TPCCharacter_C_0,BP_TPCCharacter_C_0,10000.0,23
0,1,2.5285,1,0,CountessBossAIController_1,1,0,1,0.00,0.00,98.15,0.00,0.00,220.00,BP_TPCCharacter_C_0,BP_TPCCharacter_C_0,10000.0,23
0,1,2.5452,1,0,CountessBossAIController_1,1,0,1,0.00,0.00,98.15,0.00,0.00,220.00,BP_TPCCharacter_C_0,BP_TPCCharacter_C_0,10000.0,23
0,1,2.5619,1,0,CountessBossAIController_1,1,0,1,0.00,0.00,98.15,0.00,0.00,220.00,BP_TPCCharacter_C_0,BP_TPCCharacter_C_0,10000.0,23
0,1,2.5785,1,0,CountessBossAIController_1,1,0,1,0.00,0.00,98.15,0.00,0.00,220.00,BP_TPCCharacter_C_0,BP_TPCCharacter_C_0,10000.0,23
0,1,2.5952,1,0,CountessBossAIController_1,1,0,1,0.00,0.00,98.15,0.00,0.00,220.00,BP_TPCCharacter_C_0,BP_TPCCharacter_C_0,10000.0,24
0,1,2.6119,1,0,CountessBossAIController_1,1,0,1,0.00,0.00,98.15,0.00,0.00,220.00,BP_TPCCharacter_C_0,BP_TPCCharacter_C_0,10000.0,24
0,1,2.6285,1,0,CountessBossAIController_1,1,0,1,0.00,0.00,98.15,0.00,0.00,220.00,BP_TPCCharacter_C_0,BP_TPCCharacter_C_0,10000.0,24
0,1,2.6452,1,0,CountessBossAIController_1,1,0,1,0.00,0.00,98.15,0.00,0.00,220.00,BP_TPCCharacter_C_0,BP_TPCCharacter_C_0,10000.0,24
0,1,2.6619,1,0,CountessBossAIController_1,1,0,1,0.00,0.00,98.15,0.00,0.00,220.00,BP_TPCCharacter_C_0,BP_TPCCharacter_C_0,10000.0,24
0,1,2.6785,1,0,CountessBossAIController_1,1,0,1,0.00,0.00,98.15,0.00,0.00,220.00,BP_TPCCharacter_C_0,BP_TPCCharacter_C_0,10000.0,24
0,1,2.6952,1,0,CountessBossAIController_1,1,0,1,0.00,0.00,98.15,0.00,0.00,220.00,BP_TPCCharacter_C_0,BP_TPCCharacter_C_0,10000.0,24
0,1,2.7119,1,0,CountessBossAIController_1,1,0,1,0.00,0.00,98.15,0.00,0.00,220.00,BP_TPCCharacter_C_0,BP_TPCCharacter_C_0,10000.0,25
0,1,2.7285,1,0,CountessBossAIController_1,1,0,1,0.00,0.00,98.15,0.00,0.00,220.00,BP_TPCCharacter_C_0,BP_TPCCharacter_C_0,10000.0,25
0,1,2.7452,1,0,CountessBossAIController_1,1,0,1,0.00,0.00,98.15,0.00,0.00,220.00,BP_TPCCharacter_C_0,BP_TPCCharacter_C_0,10000.0,25
0,1,2.7619,1,0,CountessBossAIController_1,1,0,1,0.00,0.00,98.15,0.00,0.00,220.00,BP_TPCCharacter_C_0,BP_TPCCharacter_C_0,10000.0,25
0,1,2.7785,1,0,CountessBossAIController_1,1,0,1,0.00,0.00,98.15,0.00,0.00,220.00,BP_TPCCharacter_C_0,BP_TPCCharacter_C_0,10000.0,25
0,1,2.7952,1,0,CountessBossAIController_1,1,0,1,0.00,0.00,98.15,0.00,0.00,220.00,BP_TPCCharacter_C_0,BP_TPCCharacter_C_0,10000.0,25
0,1,2.8119,1,0,CountessBossAIController_1,1,0,1,0.00,0.00,98.15,0.00,0.00,220.00,BP_TPCCharacter_C_0,BP_TPCCharacter_C_0,10000.0,25
0,1,2.8285,1,0,CountessBossAIController_1,1,0,1,0.00,0.00,98.15,0.00,0.00,220.00,BP_TPCCharacter_C_0,BP_TPCCharacter_C_0,10000.0,26
0,1,2.8452,1,0,CountessBossAIController_1,1,0,1,0.00,0.00,98.15,0.00,0.00,220.00,BP_TPCCharacter_C_0,BP_TPCCharacter_C_0,10000.0,26
0,1,2.8619,1,0,CountessBossAIController_1,1,0,1,0.00,0.00,98.15,0.00,0.00,220.00,BP_TPCCharacter_C_0,BP_TPCCharacter_C_0,10000.0,26
0,1,2.8785,1,0,CountessBossAIController_1,1,0,1,0.00,0.00,98.15,0.00,0.00,220.00,BP_TPCCharacter_C_0,BP_TPCCharacter_C_0,10000.0,26
0,1,2.8952,1,0,CountessBossAIController_1,1,0,1,0.00,0.00,98.15,0.00,0.00,220.00,BP_TPCCharacter_C_0,BP_TPCCharacter_C_0,10000.0,26
0,1,2.9119,1,0,CountessBossAIController_1,1,0,1,0.00,0.00,98.15,0.00,0.00,220.00,BP_TPCCharacter_C_0,BP_TPCCharacter_C_0,10000.0,26
0,1,2.9285,1,0,CountessBossAIController_1,1,0,1,0.00,0.00,98.15,0.00,0.00,220.00,BP_TPCCharacter_C_0,BP_TPCCharacter_C_0,10000.0,26
0,1,2.9452,1,0,CountessBossAIController_1,1,0,1,0.00,0.00,98.15,0.00,0.00,220.00,BP_TPCCharacter_C_0,BP_TPCCharacter_C_0,10000.0,27
0,1,2.9619,1,0,CountessBossAIController_1,1,0,1,0.00,0.00,98.15,0.00,0.00,220.00,BP_TPCCharacter_C_0,BP_TPCCharacter_C_0,10000.0,27
0,1,2.9785,1,0,CountessBossAIController_1,1,0,1,0.00,0.00,98.15,0.00,0.00,220.00,BP_TPCCharacter_C_0,BP_TPCCharacter_C_0,10000.0,27
0,1,2.9952,1,0,CountessBossAIController_1,1,0,1,0.00,0.00,98.15,0.00,0.00,220.00,BP_TPCCharacter_C_0,BP_TPCCharacter_C_0,10000.0,27
0,1,3.0119,1,0,CountessBossAIController_1,1,0,1,0.00,0.00,98.15,0.00,0.00,220.00,BP_TPCCharacter_C_0,BP_TPCCharacter_C_0,10000.0,27
0,1,3.0285,1,0,CountessBossAIController_1,1,0,1,0.00,0.00,98.15,0.00,0.00,220.00,BP_TPCCharacter_C_0,BP_TPCCharacter_C_0,10000.0,27
0,1,3.0452,1,0,CountessBossAIController_1,1,0,1,0.00,0.00,98.15,0.00,0.00,220.00,BP_TPCCharacter_C_0,BP_TPCCharacter_C_0,10000.0,27
0,1,3.0619,1,0,CountessBossAIController_1,1,0,1,0.00,0.00,98.15,0.00,0.00,220.00,BP_TPCCharacter_C_0,BP_TPCCharacter_C_0,10000.0,28
0,1,3.0785,1,0,CountessBossAIController_1,1,0,1,0.00,0.00,98.15,0.00,0.00,220.00,BP_TPCCharacter_C_0,BP_TPCCharacter_C_0,10000.0,28
0,1,3.0952,1,0,CountessBossAIController_1,1,0,1,0.00,0.00,98.15,0.00,0.00,220.00,BP_TPCCharacter_C_0,BP_TPCCharacter_C_0,10000.0,28
0,1,3.1119,1,0,CountessBossAIController_1,1,0,1,0.00,0.00,98.15,0.00,0.00,220.00,BP_TPCCharacter_C_0,BP_TPCCharacter_C_0,10000.0,28
0,1,3.1285,1,0,CountessBossAIController_1,1,0,1,0.00,0.00,98.15,0.00,0.00,220.00,BP_TPCCharacter_C_0,BP_TPCCharacter_C_0,10000.0,28
0,1,3.1452,1,0,CountessBossAIController_1,1,0,1,0.00,0.00,98.15,0.00,0.00,220.00,BP_TPCCharacter_C_0,BP_TPCCharacter_C_0,10000.0,28
0,1,3.1619,1,0,CountessBossAIController_1,1,0,1,0.00,0.00,98.15,0.00,0.00,220.00,BP_TPCCharacter_C_0,BP_TPCCharacter_C_0,10000.0,28
0,1,3.1785,1,0,CountessBossAIController_1,1,0,1,0.00,0.00,98.15,0.00,0.00,220.00,BP_TPCCharacter_C_0,BP_TPCCharacter_C_0,10000.0,29
0,1,3.1952,1,0,CountessBossAIController_1,1,0,1,0.00,0.00,98.15,0.00,0.00,220.00,BP_TPCCharacter_C_0,BP_TPCCharacter_C_0,10000.0,29
0,1,3.2119,1,0,CountessBossAIController_1,1,0,1,0.00,0.00,98.15,0.00,0.00,220.00,BP_TPCCharacter_C_0,BP_TPCCharacter_C_0,10000.0,29
0,1,3.2285,1,0,CountessBossAIController_1,1,0,1,0.00,0.00,98.15,0.00,0.00,220.00,BP_TPCCharacter_C_0,BP_TPCCharacter_C_0,10000.0,29
0,1,3.2452,1,0,CountessBossAIController_1,1,0,1,0.00,0.00,98.15,0.00,0.00,220.00,BP_TPCCharacter_C_0,BP_TPCCharacter_C_0,10000.0,29
0,1,3.2619,1,0,CountessBossAIController_1,1,0,1,0.00,0.00,98.15,0.00,0.00,220.00,BP_TPCCharacter_C_0,BP_TPCCharacter_C_0,10000.0,29
0,1,3.2785,1,0,CountessBossAIController_1,1,0,1,0.00,0.00,98.15,0.00,0.00,220.00,BP_TPCCharacter_C_0,BP_TPCCharacter_C_0,10000.0,29
0,1,3.2952,1,0,CountessBossAIController_1,1,0,1,0.00,0.00,98.15,0.00,0.00,220.00,BP_TPCCharacter_C_0,BP_TPCCharacter_C_0,10000.0,30
0,1,3.3119,1,0,CountessBossAIController_1,1,0,1,0.00,0.00,98.15,0.00,0.00,220.00,BP_TPCCharacter_C_0,BP_TPCCharacter_C_0,10000.0,30
0,1,3.3285,1,0,CountessBossAIController_1,1,0,1,0.00,0.00,98.15,0.00,0.00,220.00,BP_TPCCharacter_C_0,BP_TPCCharacter_C_0,10000.0,30
0,1,3.3452,1,0,CountessBossAIController_1,1,0,1,0.00,0.00,98.15,0.00,0.00,220.00,BP_TPCCharacter_C_0,BP_TPCCharacter_C_0,10000.0,30
0,1,3.3619,1,0,CountessBossAIController_1,1,0,1,0.00,0.00,98.15,0.00,0.00,220.00,BP_TPCCharacter_C_0,BP_TPCCharacter_C_0,10000.0,30
0,1,3.3785,1,0,CountessBossAIController_1,1,0,1,0.00,0.00,98.15,0.00,0.00,220.00,BP_TPCCharacter_C_0,BP_TPCCharacter_C_0,10000.0,30
0,1,3.3952,1,0,CountessBossAIController_1,1,0,1,0.00,0.00,98.15,0.00,0.00,220.00,BP_TPCCharacter_C_0,BP_TPCCharacter_C_0,10000.0,30
0,1,3.4119,1,0,CountessBossAIController_1,1,0,1,0.00,0.00,98.15,0.00,0.00,220.00,BP_TPCCharacter_C_0,BP_TPCCharacter_C_0,10000.0,31
0,1,3.4285,1,0,CountessBossAIController_1,1,0,1,0.00,0.00,98.15,0.00,0.00,220.00,BP_TPCCharacter_C_0,BP_TPCCharacter_C_0,10000.0,31
0,1,3.4452,1,0,CountessBossAIController_1,1,0,1,0.00,0.00,98.15,0.00,0.00,220.00,BP_TPCCharacter_C_0,BP_TPCCharacter_C_0,10000.0,31
0,1,3.4619,1,0,CountessBossAIController_1,1,0,1,0.00,0.00,98.15,0.00,0.00,220.00,BP_TPCCharacter_C_0,BP_TPCCharacter_C_0,10000.0,31
0,1,3.4785,1,0,CountessBossAIController_1,1,0,1,0.00,0.00,98.15,0.00,0.00,220.00,BP_TPCCharacter_C_0,BP_TPCCharacter_C_0,10000.0,31
0,1,3.4952,1,0,CountessBossAIController_1,1,0,1,0.00,0.00,98.15,0.00,0.00,220.00,BP_TPCCharacter_C_0,BP_TPCCharacter_C_0,10000.0,31
0,1,3.5119,1,0,CountessBossAIController_1,1,0,1,0.00,0.00,98.15,0.00,0.00,220.00,BP_TPCCharacter_C_0,BP_TPCCharacter_C_0,10000.0,31
0,1,3.5285,1,0,CountessBossAIController_1,1,0,1,0.00,0.00,98.15,0.00,0.00,220.00,BP_TPCCharacter_C_0,BP_TPCCharacter_C_0,10000.0,32
0,1,3.5452,1,0,CountessBossAIController_1,1,0,1,0.00,0.00,98.15,0.00,0.00,220.00,BP_TPCCharacter_C_0,BP_TPCCharacter_C_0,10000.0,32
0,1,3.5619,1,0,CountessBossAIController_1,1,0,1,0.00,0.00,98.15,0.00,0.00,220.00,BP_TPCCharacter_C_0,BP_TPCCharacter_C_0,10000.0,32
0,1,3.5785,1,0,CountessBossAIController_1,1,0,1,0.00,0.00,98.15,0.00,0.00,220.00,BP_TPCCharacter_C_0,BP_TPCCharacter_C_0,10000.0,32
0,1,3.5952,1,0,CountessBossAIController_1,1,0,1,0.00,0.00,98.15,0.00,0.00,220.00,BP_TPCCharacter_C_0,BP_TPCCharacter_C_0,10000.0,32
0,1,3.6119,1,0,CountessBossAIController_1,1,0,1,0.00,0.00,98.15,0.00,0.00,220.00,BP_TPCCharacter_C_0,BP_TPCCharacter_C_0,10000.0,32
0,1,3.6285,1,0,CountessBossAIController_1,1,0,1,0.00,0.00,98.15,0.00,0.00,220.00,BP_TPCCharacter_C_0,BP_TPCCharacter_C_0,10000.0,32
0,1,3.6452,1,0,CountessBossAIController_1,1,0,1,0.00,0.00,98.15,0.00,0.00,220.00,BP_TPCCharacter_C_0,BP_TPCCharacter_C_0,10000.0,33
0,1,3.6619,1,0,CountessBossAIController_1,1,0,1,0.00,0.00,98.15,0.00,0.00,220.00,BP_TPCCharacter_C_0,BP_TPCCharacter_C_0,10000.0,33
0,1,3.6785,1,0,CountessBossAIController_1,1,0,1,0.00,0.00,98.15,0.00,0.00,220.00,BP_TPCCharacter_C_0,BP_TPCCharacter_C_0,10000.0,33
0,1,3.6952,1,0,CountessBossAIController_1,1,0,1,0.00,0.00,98.15,0.00,0.00,220.00,BP_TPCCharacter_C_0,BP_TPCCharacter_C_0,10000.0,33
0,1,3.7119,1,0,CountessBossAIController_1,1,0,1,0.00,0.00,98.15,0.00,0.00,220.00,BP_TPCCharacter_C_0,BP_TPCCharacter_C_0,10000.0,33
0,1,3.7285,1,0,CountessBossAIController_1,1,0,1,0.00,0.00,98.15,0.00,0.00,220.00,BP_TPCCharacter_C_0,BP_TPCCharacter_C_0,10000.0,33
0,1,3.7452,1,0,CountessBossAIController_1,1,0,1,0.00,0.00,98.15,0.00,0.00,220.00,BP_TPCCharacter_C_0,BP_TPCCharacter_C_0,10000.0,33
0,1,3.7619,1,0,CountessBossAIController_1,1,0,1,0.00,0.00,98.15,0.00,0.00,220.00,BP_TPCCharacter_C_0,BP_TPCCharacter_C_0,10000.0,34
0,1,3.7785,1,0,CountessBossAIController_1,1,0,1,0.00,0.00,98.15,0.00,0.00,220.00,BP_TPCCharacter_C_0,BP_TPCCharacter_C_0,10000.0,34
0,1,3.7952,1,0,CountessBossAIController_1,1,0,1,0.00,0.00,98.15,0.00,0.00,220.00,BP_TPCCharacter_C_0,BP_TPCCharacter_C_0,10000.0,34
0,1,3.8119,1,0,CountessBossAIController_1,1,0,1,0.00,0.00,98.15,0.00,0.00,220.00,BP_TPCCharacter_C_0,BP_TPCCharacter_C_0,10000.0,34
0,1,3.8285,1,0,CountessBossAIController_1,1,0,1,0.00,0.00,98.15,0.00,0.00,220.00,BP_TPCCharacter_C_0,BP_TPCCharacter_C_0,10000.0,34
0,1,3.8452,1,0,CountessBossAIController_1,1,0,1,0.00,0.00,98.15,0.00,0.00,220.00,BP_TPCCharacter_C_0,BP_TPCCharacter_C_0,10000.0,34
0,1,3.8619,1,0,CountessBossAIController_1,1,0,1,0.00,0.00,98.15,0.00,0.00,220.00,BP_TPCCharacter_C_0,BP_TPCCharacter_C_0,10000.0,34
0,1,3.8785,1,0,CountessBossAIController_1,1,0,1,0.00,0.00,98.15,0.00,0.00,220.00,BP_TPCCharacter_C_0,BP_TPCCharacter_C_0,10000.0,35
0,1,3.8952,1,0,CountessBossAIController_1,1,0,1,0.00,0.00,98.15,0.00,0.00,220.00,BP_TPCCharacter_C_0,BP_TPCCharacter_C_0,10000.0,35
0,1,3.9119,1,0,CountessBossAIController_1,1,0,1,0.00,0.00,98.15,0.00,0.00,220.00,BP_TPCCharacter_C_0,BP_TPCCharacter_C_0,10000.0,35
0,1,3.9285,1,0,CountessBossAIController_1,1,0,1,0.00,0.00,98.15,0.00,0.00,220.00,BP_TPCCharacter_C_0,BP_TPCCharacter_C_0,10000.0,35
0,1,3.9452,1,0,CountessBossAIController_1,1,0,1,0.00,0.00,98.15,0.00,0.00,220.00,BP_TPCCharacter_C_0,BP_TPCCharacter_C_0,10000.0,35
0,1,3.9619,1,0,CountessBossAIController_1,1,0,1,0.00,0.00,98.15,0.00,0.00,220.00,BP_TPCCharacter_C_0,BP_TPCCharacter_C_0,10000.0,35
0,1,3.9785,1,0,CountessBossAIController_1,1,0,1,0.00,0.00,98.15,0.00,0.00,220.00,BP_TPCCharacter_C_0,BP_TPCCharacter_C_0,10000.0,35
0,1,3.9952,1,0,CountessBossAIController_1,1,0,1,0.00,0.00,98.15,0.00,0.00,220.00,BP_TPCCharacter_C_0,BP_TPCCharacter_C_0,10000.0,36
0,1,4.0119,1,0,CountessBossAIController_1,1,0,1,0.00,0.00,98.15,0.00,0.00,220.00,BP_TPCCharacter_C_0,BP_TPCCharacter_C_0,10000.0,36
0,1,4.0285,1,0,CountessBossAIController_1,1,0,1,0.00,0.00,98.15,0.00,0.00,220.00,BP_TPCCharacter_C_0,BP_TPCCharacter_C_0,10000.0,36
0,1,4.0452,1,0,CountessBossAIController_1,1,0,1,0.00,0.00,98.15,0.00,0.00,220.00,BP_TPCCharacter_C_0,BP_TPCCharacter_C_0,10000.0,36
0,1,4.0619,1,0,CountessBossAIController_1,1,0,1,0.00,0.00,98.15,0.00,0.00,220.00,BP_TPCCharacter_C_0,BP_TPCCharacter_C_0,10000.0,36
0,1,4.0785,1,0,CountessBossAIController_1,1,0,1,0.00,0.00,98.15,0.00,0.00,220.00,BP_TPCCharacter_C_0,BP_TPCCharacter_C_0,10000.0,36
0,1,4.0952,1,0,CountessBossAIController_1,1,0,1,0.00,0.00,98.15,0.00,0.00,220.00,BP_TPCCharacter_C_0,BP_TPCCharacter_C_0,10000.0,36
0,1,4.1119,1,0,CountessBossAIController_1,1,0,1,0.00,0.00,98.15,0.00,0.00,220.00,BP_TPCCharacter_C_0,BP_TPCCharacter_C_0,10000.0,37
0,1,4.1285,1,0,CountessBossAIController_1,1,0,1,0.00,0.00,98.15,0.00,0.00,220.00,BP_TPCCharacter_C_0,BP_TPCCharacter_C_0,10000.0,37
0,1,4.1452,1,0,CountessBossAIController_1,1,0,1,0.00,0.00,98.15,0.00,0.00,220.00,BP_TPCCharacter_C_0,BP_TPCCharacter_C_0,10000.0,37
0,1,4.1619,1,0,CountessBossAIController_1,1,0,1,0.00,0.00,98.15,0.00,0.00,220.00,BP_TPCCharacter_C_0,BP_TPCCharacter_C_0,10000.0,37
0,1,4.1785,1,0,CountessBossAIController_1,1,0,1,0.00,0.00,98.15,0.00,0.00,220.00,BP_TPCCharacter_C_0,BP_TPCCharacter_C_0,10000.0,37
0,1,4.1952,1,0,CountessBossAIController_1,1,0,1,0.00,0.00,98.15,0.00,0.00,220.00,BP_TPCCharacter_C_0,BP_TPCCharacter_C_0,10000.0,37
0,1,4.2119,1,0,CountessBossAIController_1,1,0,1,0.00,0.00,98.15,0.00,0.00,220.00,BP_TPCCharacter_C_0,BP_TPCCharacter_C_0,10000.0,37
0,1,4.2285,1,0,CountessBossAIController_1,1,0,1,0.00,0.00,98.15,0.00,0.00,220.00,BP_TPCCharacter_C_0,BP_TPCCharacter_C_0,10000.0,38
0,1,4.2452,1,0,CountessBossAIController_1,1,0,1,0.00,0.00,98.15,0.00,0.00,220.00,BP_TPCCharacter_C_0,BP_TPCCharacter_C_0,10000.0,38
0,1,4.2619,1,0,CountessBossAIController_1,1,0,1,0.00,0.00,98.15,0.00,0.00,220.00,BP_TPCCharacter_C_0,BP_TPCCharacter_C_0,10000.0,38
0,1,4.2785,1,0,CountessBossAIController_1,1,0,1,0.00,0.00,98.15,0.00,0.00,220.00,BP_TPCCharacter_C_0,BP_TPCCharacter_C_0,10000.0,38
0,1,4.2952,1,0,CountessBossAIController_1,1,0,1,0.00,0.00,98.15,0.00,0.00,220.00,BP_TPCCharacter_C_0,BP_TPCCharacter_C_0,10000.0,38
0,1,4.3119,1,0,CountessBossAIController_1,1,0,1,0.00,0.00,98.15,0.00,0.00,220.00,BP_TPCCharacter_C_0,BP_TPCCharacter_C_0,10000.0,38
0,1,4.3285,1,0,CountessBossAIController_1,1,0,1,0.00,0.00,98.15,0.00,0.00,220.00,BP_TPCCharacter_C_0,BP_TPCCharacter_C_0,10000.0,38
0,1,4.3452,1,0,CountessBossAIController_1,1,0,1,0.00,0.00,98.15,0.00,0.00,220.00,BP_TPCCharacter_C_0,BP_TPCCharacter_C_0,10000.0,39
0,1,4.3619,1,0,CountessBossAIController_1,1,0,1,0.00,0.00,98.15,0.00,0.00,220.00,BP_TPCCharacter_C_0,BP_TPCCharacter_C_0,10000.0,39
0,1,4.3785,1,0,CountessBossAIController_1,1,0,1,0.00,0.00,98.15,0.00,0.00,220.00,BP_TPCCharacter_C_0,BP_TPCCharacter_C_0,10000.0,39
0,1,4.3952,1,0,CountessBossAIController_1,1,0,1,0.00,0.00,98.15,0.00,0.00,220.00,BP_TPCCharacter_C_0,BP_TPCCharacter_C_0,10000.0,39
0,1,4.4119,1,0,CountessBossAIController_1,1,0,1,0.00,0.00,98.15,0.00,0.00,220.00,BP_TPCCharacter_C_0,BP_TPCCharacter_C_0,10000.0,39
0,1,4.4285,1,0,CountessBossAIController_1,1,0,1,0.00,0.00,98.15,0.00,0.00,220.00,BP_TPCCharacter_C_0,BP_TPCCharacter_C_0,10000.0,39
0,1,4.4452,1,0,CountessBossAIController_1,1,0,1,0.00,0.00,98.15,0.00,0.00,220.00,BP_TPCCharacter_C_0,BP_TPCCharacter_C_0,10000.0,39
0,1,4.4619,1,0,CountessBossAIController_1,1,0,1,0.00,0.00,98.15,0.00,0.00,220.00,BP_TPCCharacter_C_0,BP_TPCCharacter_C_0,10000.0,40
0,1,4.4785,1,0,CountessBossAIController_1,1,0,1,0.00,0.00,98.15,0.00,0.00,220.00,BP_TPCCharacter_C_0,BP_TPCCharacter_C_0,10000.0,40
0,1,4.4952,1,0,CountessBossAIController_1,1,0,1,0.00,0.00,98.15,0.00,0.00,220.00,BP_TPCCharacter_C_0,BP_TPCCharacter_C_0,10000.0,40
0,1,4.5119,1,0,CountessBossAIController_1,1,0,1,0.00,0.00,98.15,0.00,0.00,220.00,BP_TPCCharacter_C_0,BP_TPCCharacter_C_0,10000.0,40
0,1,4.5285,1,0,CountessBossAIController_1,1,0,1,0.00,0.00,98.15,0.00,0.00,220.00,BP_TPCCharacter_C_0,BP_TPCCharacter_C_0,10000.0,40
0,1,4.5452,1,0,CountessBossAIController_1,1,0,1,0.00,0.00,98.15,0.00,0.00,220.00,BP_TPCCharacter_C_0,BP_TPCCharacter_C_0,10000.0,40
0,1,4.5619,1,0,CountessBossAIController_1,1,0,1,0.00,0.00,98.15,0.00,0.00,220.00,BP_TPCCharacter_C_0,BP_TPCCharacter_C_0,10000.0,40
0,1,4.5785,1,0,CountessBossAIController_1,1,0,1,0.00,0.00,98.15,0.00,0.00,220.00,BP_TPCCharacter_C_0,BP_TPCCharacter_C_0,10000.0,41
0,1,4.5952,1,0,CountessBossAIController_1,1,0,1,0.00,0.00,98.15,0.00,0.00,220.00,BP_TPCCharacter_C_0,BP_TPCCharacter_C_0,10000.0,41
0,1,4.6119,1,0,CountessBossAIController_1,1,0,1,0.00,0.00,98.15,0.00,0.00,220.00,BP_TPCCharacter_C_0,BP_TPCCharacter_C_0,10000.0,41
0,1,4.6285,1,0,CountessBossAIController_1,1,0,1,0.00,0.00,98.15,0.00,0.00,220.00,BP_TPCCharacter_C_0,BP_TPCCharacter_C_0,10000.0,41
0,1,4.6452,1,0,CountessBossAIController_1,1,0,1,0.00,0.00,98.15,0.00,0.00,220.00,BP_TPCCharacter_C_0,BP_TPCCharacter_C_0,10000.0,41
0,1,4.6619,1,0,CountessBossAIController_1,1,0,1,0.00,0.00,98.15,0.00,0.00,220.00,BP_TPCCharacter_C_0,BP_TPCCharacter_C_0,10000.0,41
0,1,4.6785,1,0,CountessBossAIController_1,1,0,1,0.00,0.00,98.15,0.00,0.00,220.00,BP_TPCCharacter_C_0,BP_TPCCharacter_C_0,10000.0,41
0,1,4.6952,1,0,CountessBossAIController_1,1,0,1,0.00,0.00,98.15,0.00,0.00,220.00,BP_TPCCharacter_C_0,BP_TPCCharacter_C_0,10000.0,42
0,1,4.7119,1,0,CountessBossAIController_1,1,0,1,0.00,0.00,98.15,0.00,0.00,220.00,BP_TPCCharacter_C_0,BP_TPCCharacter_C_0,10000.0,42
0,1,4.7285,1,0,CountessBossAIController_1,1,0,1,0.00,0.00,98.15,0.00,0.00,220.00,BP_TPCCharacter_C_0,BP_TPCCharacter_C_0,10000.0,42
0,1,4.7452,1,0,CountessBossAIController_1,1,0,1,0.00,0.00,98.15,0.00,0.00,220.00,BP_TPCCharacter_C_0,BP_TPCCharacter_C_0,10000.0,42
0,1,4.7619,1,0,CountessBossAIController_1,1,0,1,0.00,0.00,98.15,0.00,0.00,220.00,BP_TPCCharacter_C_0,BP_TPCCharacter_C_0,10000.0,42
0,1,4.7785,1,0,CountessBossAIController_1,1,0,1,0.00,0.00,98.15,0.00,0.00,220.00,BP_TPCCharacter_C_0,BP_TPCCharacter_C_0,10000.0,42
0,1,4.7952,1,0,CountessBossAIController_1,1,0,1,0.00,0.00,98.15,0.00,0.00,220.00,BP_TPCCharacter_C_0,BP_TPCCharacter_C_0,10000.0,42
0,1,4.8119,1,0,CountessBossAIController_1,1,0,1,0.00,0.00,98.15,0.00,0.00,220.00,BP_TPCCharacter_C_0,BP_TPCCharacter_C_0,10000.0,43
0,1,4.8285,1,0,CountessBossAIController_1,1,0,1,0.00,0.00,98.15,0.00,0.00,220.00,BP_TPCCharacter_C_0,BP_TPCCharacter_C_0,10000.0,43
0,1,4.8452,1,0,CountessBossAIController_1,1,0,1,0.00,0.00,98.15,0.00,0.00,220.00,BP_TPCCharacter_C_0,BP_TPCCharacter_C_0,10000.0,43
0,1,4.8619,1,0,CountessBossAIController_1,1,0,1,0.00,0.00,98.15,0.00,0.00,220.00,BP_TPCCharacter_C_0,BP_TPCCharacter_C_0,10000.0,43
0,1,4.8785,1,0,CountessBossAIController_1,1,0,1,0.00,0.00,98.15,0.00,0.00,220.00,BP_TPCCharacter_C_0,BP_TPCCharacter_C_0,10000.0,43
0,1,4.8952,1,0,CountessBossAIController_1,1,0,1,0.00,0.00,98.15,0.00,0.00,220.00,BP_TPCCharacter_C_0,BP_TPCCharacter_C_0,10000.0,43
0,1,4.9119,1,0,CountessBossAIController_1,1,0,1,0.00,0.00,98.15,0.00,0.00,220.00,BP_TPCCharacter_C_0,BP_TPCCharacter_C_0,10000.0,43
0,1,4.9285,1,0,CountessBossAIController_1,1,0,1,0.00,0.00,98.15,0.00,0.00,220.00,BP_TPCCharacter_C_0,BP_TPCCharacter_C_0,10000.0,44
0,1,4.9452,1,0,CountessBossAIController_1,1,0,1,0.00,0.00,98.15,0.00,0.00,220.00,BP_TPCCharacter_C_0,BP_TPCCharacter_C_0,10000.0,44
0,1,4.9619,1,0,CountessBossAIController_1,1,0,1,0.00,0.00,98.15,0.00,0.00,220.00,BP_TPCCharacter_C_0,BP_TPCCharacter_C_0,10000.0,44
0,1,4.9785,1,0,CountessBossAIController_1,1,0,1,0.00,0.00,98.15,0.00,0.00,220.00,BP_TPCCharacter_C_0,BP_TPCCharacter_C_0,10000.0,44
0,1,4.9952,2,0,CountessBossAIController_1,1,0,1,0.00,0.00,98.15,0.00,0.00,220.00,BP_TPCCharacter_C_0,BP_TPCCharacter_C_0,10000.0,44
0,1,5.0119,2,0,CountessBossAIController_1,1,0,1,0.00,0.00,98.15,0.00,0.00,220.00,BP_TPCCharacter_C_0,BP_TPCCharacter_C_0,10000.0,44
0,1,5.0285,2,0,CountessBossAIController_1,1,0,1,0.00,0.00,98.15,0.00,0.00,220.00,BP_TPCCharacter_C_0,BP_TPCCharacter_C_0,10000.0,44
0,1,5.0452,2,0,CountessBossAIController_1,1,0,1,0.00,0.00,98.15,0.00,0.00,220.00,BP_TPCCharacter_C_0,BP_TPCCharacter_C_0,10000.0,46
0,1,5.0619,2,0,CountessBossAIController_1,1,0,1,0.00,0.00,98.15,0.00,0.00,220.00,BP_TPCCharacter_C_0,BP_TPCCharacter_C_0,10000.0,46
0,1,5.0785,2,0,CountessBossAIController_1,1,0,1,0.00,0.00,98.15,0.00,0.00,220.00,BP_TPCCharacter_C_0,BP_TPCCharacter_C_0,10000.0,46
0,1,5.0952,2,0,CountessBossAIController_1,1,0,1,0.00,0.00,98.15,0.00,0.00,220.00,BP_TPCCharacter_C_0,BP_TPCCharacter_C_0,10000.0,46
0,1,5.1119,2,0,CountessBossAIController_1,1,0,1,0.00,0.00,98.15,0.00,0.00,220.00,BP_TPCCharacter_C_0,BP_TPCCharacter_C_0,10000.0,46
0,1,5.1285,2,0,CountessBossAIController_1,1,0,1,0.00,0.00,98.15,0.00,0.00,220.00,BP_TPCCharacter_C_0,BP_TPCCharacter_C_0,10000.0,46
0,1,5.1452,2,0,CountessBossAIController_1,1,0,1,0.00,0.00,98.15,0.00,0.00,220.00,BP_TPCCharacter_C_0,BP_TPCCharacter_C_0,10000.0,46
0,1,5.1619,3,1,CountessBossAIController_1,1,0,1,0.00,0.00,98.15,0.00,0.00,220.00,BP_TPCCharacter_C_0,BP_TPCCharacter_C_0,10000.0,47
0,1,5.1785,3,1,CountessBossAIController_1,1,0,1,0.00,0.00,98.15,0.00,0.00,220.00,BP_TPCCharacter_C_0,BP_TPCCharacter_C_0,10000.0,47
0,1,5.1952,3,1,CountessBossAIController_1,1,0,1,0.00,0.00,98.15,0.00,0.00,220.00,BP_TPCCharacter_C_0,BP_TPCCharacter_C_0,10000.0,47
0,1,5.2119,3,1,CountessBossAIController_1,1,0,1,0.00,0.00,98.15,0.00,0.00,220.00,BP_TPCCharacter_C_0,BP_TPCCharacter_C_0,10000.0,48
0,1,5.2285,3,1,CountessBossAIController_1,1,0,1,0.00,0.00,98.15,0.00,0.00,220.00,BP_TPCCharacter_C_0,BP_TPCCharacter_C_0,10000.0,48
0,1,5.2452,3,1,CountessBossAIController_1,1,0,1,0.00,0.00,98.15,0.00,0.00,220.00,BP_TPCCharacter_C_0,BP_TPCCharacter_C_0,10000.0,48
0,1,5.2619,3,1,CountessBossAIController_1,1,0,1,0.00,0.00,98.15,0.00,0.00,220.00,BP_TPCCharacter_C_0,BP_TPCCharacter_C_0,10000.0,48
0,2,5.2785,3,1,CountessBossAIController_1,1,0,1,0.00,0.00,98.15,0.00,0.00,220.00,BP_TPCCharacter_C_0,BP_TPCCharacter_C_0,0.0,48
0,2,5.2952,3,1,CountessBossAIController_1,1,0,1,0.00,0.00,98.15,0.00,0.00,220.00,BP_TPCCharacter_C_0,BP_TPCCharacter_C_0,0.0,48
0,2,5.3119,3,1,CountessBossAIController_1,1,0,1,0.00,0.00,98.15,0.00,0.00,220.00,BP_TPCCharacter_C_0,BP_TPCCharacter_C_0,0.0,48
0,2,5.3285,6,0,CountessBossAIController_1,1,0,1,0.00,0.00,98.15,0.00,0.00,220.00,None,BP_TPCCharacter_C_0,0.0,49
0,2,5.3452,6,0,CountessBossAIController_1,1,0,1,0.00,0.00,98.15,0.00,0.00,220.00,None,BP_TPCCharacter_C_0,0.0,49
0,2,5.3619,0,0,CountessBossAIController_1,1,0,1,0.00,0.00,98.15,0.00,0.00,220.00,None,BP_TPCCharacter_C_0,0.0,50
0,2,5.3785,0,0,CountessBossAIController_1,1,0,1,0.00,0.00,98.15,0.00,0.00,220.00,None,BP_TPCCharacter_C_0,0.0,50
0,2,5.3952,0,0,CountessBossAIController_1,1,0,1,0.00,0.00,98.15,0.00,0.00,220.00,None,BP_TPCCharacter_C_0,0.0,50
0,2,5.4119,0,0,CountessBossAIController_1,1,0,1,0.00,0.00,98.15,0.00,0.00,220.00,None,BP_TPCCharacter_C_0,0.0,50
0,2,5.4285,0,0,CountessBossAIController_1,1,0,1,0.00,0.00,98.15,0.00,0.00,220.00,None,BP_TPCCharacter_C_0,0.0,50
0,2,5.4452,0,0,CountessBossAIController_1,1,0,1,0.00,0.00,98.15,0.00,0.00,220.00,None,BP_TPCCharacter_C_0,0.0,50
0,2,5.4619,0,0,CountessBossAIController_1,1,0,1,0.00,0.00,98.15,0.00,0.00,220.00,None,BP_TPCCharacter_C_0,0.0,50
0,2,5.4785,0,0,CountessBossAIController_1,1,0,1,0.00,0.00,98.15,0.00,0.00,220.00,None,BP_TPCCharacter_C_0,0.0,51
0,2,5.4952,0,0,CountessBossAIController_1,1,0,1,0.00,0.00,98.15,0.00,0.00,220.00,None,BP_TPCCharacter_C_0,0.0,51
0,2,5.5119,0,0,CountessBossAIController_1,1,0,1,0.00,0.00,98.15,0.00,0.00,220.00,None,BP_TPCCharacter_C_0,0.0,51
0,2,5.5285,0,0,CountessBossAIController_1,1,0,1,0.00,0.00,98.15,0.00,0.00,220.00,None,BP_TPCCharacter_C_0,0.0,51
0,2,5.5452,0,0,CountessBossAIController_1,1,0,1,0.00,0.00,98.15,0.00,0.00,220.00,None,BP_TPCCharacter_C_0,0.0,51
0,2,5.5619,0,0,CountessBossAIController_1,1,0,1,0.00,0.00,98.15,0.00,0.00,220.00,None,BP_TPCCharacter_C_0,0.0,51
0,2,5.5785,0,0,CountessBossAIController_1,1,0,1,0.00,0.00,98.15,0.00,0.00,220.00,None,BP_TPCCharacter_C_0,0.0,51
0,2,5.5952,0,0,CountessBossAIController_1,1,0,1,0.00,0.00,98.15,0.00,0.00,220.00,None,BP_TPCCharacter_C_0,0.0,52
0,2,5.6119,0,0,CountessBossAIController_1,1,0,1,0.00,0.00,98.15,0.00,0.00,220.00,None,BP_TPCCharacter_C_0,0.0,52
0,2,5.6285,0,0,CountessBossAIController_1,1,0,1,0.00,0.00,98.15,0.00,0.00,220.00,None,BP_TPCCharacter_C_0,0.0,52
0,2,5.6452,0,0,CountessBossAIController_1,1,0,1,0.00,0.00,98.15,0.00,0.00,220.00,None,BP_TPCCharacter_C_0,0.0,52
0,2,5.6619,0,0,CountessBossAIController_1,1,0,1,0.00,0.00,98.15,0.00,0.00,220.00,None,BP_TPCCharacter_C_0,0.0,52
0,2,5.6785,0,0,CountessBossAIController_1,1,0,1,0.00,0.00,98.15,0.00,0.00,220.00,None,BP_TPCCharacter_C_0,0.0,52
0,2,5.6952,0,0,CountessBossAIController_1,1,0,1,0.00,0.00,98.15,0.00,0.00,220.00,None,BP_TPCCharacter_C_0,0.0,52
0,2,5.7119,0,0,CountessBossAIController_1,1,0,1,0.00,0.00,98.15,0.00,0.00,220.00,None,BP_TPCCharacter_C_0,0.0,53
0,2,5.7285,0,0,CountessBossAIController_1,1,0,1,0.00,0.00,98.15,0.00,0.00,220.00,None,BP_TPCCharacter_C_0,0.0,53
0,2,5.7452,0,0,CountessBossAIController_1,1,0,1,0.00,0.00,98.15,0.00,0.00,220.00,None,BP_TPCCharacter_C_0,0.0,53
0,2,5.7619,0,0,CountessBossAIController_1,1,0,1,0.00,0.00,98.15,0.00,0.00,220.00,None,BP_TPCCharacter_C_0,0.0,53
0,2,5.7785,0,0,CountessBossAIController_1,1,0,1,0.00,0.00,98.15,0.00,0.00,220.00,None,BP_TPCCharacter_C_0,0.0,53
0,2,5.7952,0,0,CountessBossAIController_1,1,0,1,0.00,0.00,98.15,0.00,0.00,220.00,None,BP_TPCCharacter_C_0,0.0,53
0,2,5.8119,0,0,CountessBossAIController_1,1,0,1,0.00,0.00,98.15,0.00,0.00,220.00,None,BP_TPCCharacter_C_0,0.0,53
0,2,5.8285,0,0,CountessBossAIController_1,1,0,1,0.00,0.00,98.15,0.00,0.00,220.00,None,BP_TPCCharacter_C_0,0.0,54
0,2,5.8452,0,0,CountessBossAIController_1,1,0,1,0.00,0.00,98.15,0.00,0.00,220.00,None,BP_TPCCharacter_C_0,0.0,54
0,2,5.8619,0,0,CountessBossAIController_1,1,0,1,0.00,0.00,98.15,0.00,0.00,220.00,None,BP_TPCCharacter_C_0,0.0,54
0,2,5.8785,0,0,CountessBossAIController_1,1,0,1,0.00,0.00,98.15,0.00,0.00,220.00,None,BP_TPCCharacter_C_0,0.0,54
0,2,5.8952,0,0,CountessBossAIController_1,1,0,1,0.00,0.00,98.15,0.00,0.00,220.00,None,BP_TPCCharacter_C_0,0.0,54
0,2,5.9119,0,0,CountessBossAIController_1,1,0,1,0.00,0.00,98.15,0.00,0.00,220.00,None,BP_TPCCharacter_C_0,0.0,54
0,2,5.9285,0,0,CountessBossAIController_1,1,0,1,0.00,0.00,98.15,0.00,0.00,220.00,None,BP_TPCCharacter_C_0,0.0,54
0,2,5.9452,0,0,CountessBossAIController_1,1,0,1,0.00,0.00,98.15,0.00,0.00,220.00,None,BP_TPCCharacter_C_0,0.0,55
0,2,5.9619,0,0,CountessBossAIController_1,1,0,1,0.00,0.00,98.15,0.00,0.00,220.00,None,BP_TPCCharacter_C_0,0.0,55
0,2,5.9785,0,0,CountessBossAIController_1,1,0,1,0.00,0.00,98.15,0.00,0.00,220.00,None,BP_TPCCharacter_C_0,0.0,55
0,2,5.9952,0,0,CountessBossAIController_1,1,0,1,0.00,0.00,98.15,0.00,0.00,220.00,None,BP_TPCCharacter_C_0,0.0,55
0,2,6.0119,0,0,CountessBossAIController_1,1,0,1,0.00,0.00,98.15,0.00,0.00,220.00,None,BP_TPCCharacter_C_0,0.0,55
0,2,6.0285,0,0,CountessBossAIController_1,1,0,1,0.00,0.00,98.15,0.00,0.00,220.00,None,BP_TPCCharacter_C_0,0.0,55
0,2,6.0452,0,0,CountessBossAIController_1,1,0,1,0.00,0.00,98.15,0.00,0.00,220.00,None,BP_TPCCharacter_C_0,0.0,55
0,2,6.0619,0,0,CountessBossAIController_1,1,0,1,0.00,0.00,98.15,0.00,0.00,220.00,None,BP_TPCCharacter_C_0,0.0,56
0,2,6.0785,0,0,CountessBossAIController_1,1,0,1,0.00,0.00,98.15,0.00,0.00,220.00,None,BP_TPCCharacter_C_0,0.0,56
0,2,6.0952,0,0,CountessBossAIController_1,1,0,1,0.00,0.00,98.15,0.00,0.00,220.00,None,BP_TPCCharacter_C_0,0.0,56
0,2,6.1119,0,0,CountessBossAIController_1,1,0,1,0.00,0.00,98.15,0.00,0.00,220.00,None,BP_TPCCharacter_C_0,0.0,56
0,2,6.1285,0,0,CountessBossAIController_1,1,0,1,0.00,0.00,98.15,0.00,0.00,220.00,None,BP_TPCCharacter_C_0,0.0,56
0,2,6.1452,0,0,CountessBossAIController_1,1,0,1,0.00,0.00,98.15,0.00,0.00,220.00,None,BP_TPCCharacter_C_0,0.0,56
0,2,6.1619,0,0,CountessBossAIController_1,1,0,1,0.00,0.00,98.15,0.00,0.00,220.00,None,BP_TPCCharacter_C_0,0.0,56
0,2,6.1785,0,0,CountessBossAIController_1,1,0,1,0.00,0.00,98.15,0.00,0.00,220.00,None,BP_TPCCharacter_C_0,0.0,57
0,2,6.1952,0,0,CountessBossAIController_1,1,0,1,0.00,0.00,98.15,0.00,0.00,220.00,None,BP_TPCCharacter_C_0,0.0,57
0,2,6.2119,0,0,CountessBossAIController_1,1,0,1,0.00,0.00,98.15,0.00,0.00,220.00,None,BP_TPCCharacter_C_0,0.0,57
0,2,6.2285,0,0,CountessBossAIController_1,1,0,1,0.00,0.00,98.15,0.00,0.00,220.00,None,BP_TPCCharacter_C_0,0.0,57
0,2,6.2452,0,0,CountessBossAIController_1,1,0,1,0.00,0.00,98.15,0.00,0.00,220.00,None,BP_TPCCharacter_C_0,0.0,57
0,2,6.2619,0,0,CountessBossAIController_1,1,0,1,0.00,0.00,98.15,0.00,0.00,220.00,None,BP_TPCCharacter_C_0,0.0,57
0,2,6.2785,0,0,CountessBossAIController_1,1,0,1,0.00,0.00,98.15,0.00,0.00,220.00,None,BP_TPCCharacter_C_0,0.0,57
0,2,6.2952,0,0,CountessBossAIController_1,1,0,1,0.00,0.00,98.15,0.00,0.00,220.00,None,BP_TPCCharacter_C_0,0.0,58
0,2,6.3119,0,0,CountessBossAIController_1,1,0,1,0.00,0.00,98.15,0.00,0.00,220.00,None,BP_TPCCharacter_C_0,0.0,58
0,2,6.3285,0,0,CountessBossAIController_1,1,0,1,0.00,0.00,98.15,0.00,0.00,220.00,None,BP_TPCCharacter_C_0,0.0,58
0,2,6.3452,0,0,CountessBossAIController_1,1,0,1,0.00,0.00,98.15,0.00,0.00,220.00,None,BP_TPCCharacter_C_0,0.0,58
0,2,6.3619,0,0,CountessBossAIController_1,1,0,1,0.00,0.00,98.15,0.00,0.00,220.00,None,BP_TPCCharacter_C_0,0.0,58
0,2,6.3785,0,0,CountessBossAIController_1,1,0,1,0.00,0.00,98.15,0.00,0.00,220.00,None,BP_TPCCharacter_C_0,0.0,58
0,2,6.3952,0,0,CountessBossAIController_1,1,0,1,0.00,0.00,98.15,0.00,0.00,220.00,None,BP_TPCCharacter_C_0,0.0,58
0,2,6.4119,0,0,CountessBossAIController_1,1,0,1,0.00,0.00,98.15,0.00,0.00,220.00,None,BP_TPCCharacter_C_0,0.0,59
0,2,6.4285,0,0,CountessBossAIController_1,1,0,1,0.00,0.00,98.15,0.00,0.00,220.00,None,BP_TPCCharacter_C_0,0.0,59
0,2,6.4452,0,0,CountessBossAIController_1,1,0,1,0.00,0.00,98.15,0.00,0.00,220.00,None,BP_TPCCharacter_C_0,0.0,59
0,2,6.4619,0,0,CountessBossAIController_1,1,0,1,0.00,0.00,98.15,0.00,0.00,220.00,None,BP_TPCCharacter_C_0,0.0,59
0,2,6.4785,0,0,CountessBossAIController_1,1,0,1,0.00,0.00,98.15,0.00,0.00,220.00,None,BP_TPCCharacter_C_0,0.0,59
0,2,6.4952,0,0,CountessBossAIController_1,1,0,1,0.00,0.00,98.15,0.00,0.00,220.00,None,BP_TPCCharacter_C_0,0.0,59
0,2,6.5119,0,0,CountessBossAIController_1,1,0,1,0.00,0.00,98.15,0.00,0.00,220.00,None,BP_TPCCharacter_C_0,0.0,59
0,2,6.5285,0,0,CountessBossAIController_1,1,0,1,0.00,0.00,98.15,0.00,0.00,220.00,None,BP_TPCCharacter_C_0,0.0,60
0,2,6.5452,0,0,CountessBossAIController_1,1,0,1,0.00,0.00,98.15,0.00,0.00,220.00,None,BP_TPCCharacter_C_0,0.0,60
0,2,6.5619,0,0,CountessBossAIController_1,1,0,1,0.00,0.00,98.15,0.00,0.00,220.00,None,BP_TPCCharacter_C_0,0.0,60
0,2,6.5785,0,0,CountessBossAIController_1,1,0,1,0.00,0.00,98.15,0.00,0.00,220.00,None,BP_TPCCharacter_C_0,0.0,60
0,2,6.5952,0,0,CountessBossAIController_1,1,0,1,0.00,0.00,98.15,0.00,0.00,220.00,None,BP_TPCCharacter_C_0,0.0,60
0,2,6.6119,0,0,CountessBossAIController_1,1,0,1,0.00,0.00,98.15,0.00,0.00,220.00,None,BP_TPCCharacter_C_0,0.0,60
0,2,6.6285,0,0,CountessBossAIController_1,1,0,1,0.00,0.00,98.15,0.00,0.00,220.00,None,BP_TPCCharacter_C_0,0.0,60
0,2,6.6452,0,0,CountessBossAIController_1,1,0,1,0.00,0.00,98.15,0.00,0.00,220.00,None,BP_TPCCharacter_C_0,0.0,61
0,2,6.6619,0,0,CountessBossAIController_1,1,0,1,0.00,0.00,98.15,0.00,0.00,220.00,None,BP_TPCCharacter_C_0,0.0,61
0,2,6.6785,0,0,CountessBossAIController_1,1,0,1,0.00,0.00,98.15,0.00,0.00,220.00,None,BP_TPCCharacter_C_0,0.0,61
0,2,6.6952,0,0,CountessBossAIController_1,1,0,1,0.00,0.00,98.15,0.00,0.00,220.00,None,BP_TPCCharacter_C_0,0.0,61
0,2,6.7119,0,0,CountessBossAIController_1,1,0,1,0.00,0.00,98.15,0.00,0.00,220.00,None,BP_TPCCharacter_C_0,0.0,61
0,2,6.7285,0,0,CountessBossAIController_1,1,0,1,0.00,0.00,98.15,0.00,0.00,220.00,None,BP_TPCCharacter_C_0,0.0,61
0,2,6.7452,0,0,CountessBossAIController_1,1,0,1,0.00,0.00,98.15,0.00,0.00,220.00,None,BP_TPCCharacter_C_0,0.0,61
0,2,6.7619,0,0,CountessBossAIController_1,1,0,1,0.00,0.00,98.15,0.00,0.00,220.00,None,BP_TPCCharacter_C_0,0.0,62
0,2,6.7785,0,0,CountessBossAIController_1,1,0,1,0.00,0.00,98.15,0.00,0.00,220.00,None,BP_TPCCharacter_C_0,0.0,62
0,2,6.7952,0,0,CountessBossAIController_1,1,0,1,0.00,0.00,98.15,0.00,0.00,220.00,None,BP_TPCCharacter_C_0,0.0,62
0,2,6.8119,0,0,CountessBossAIController_1,1,0,1,0.00,0.00,98.15,0.00,0.00,220.00,None,BP_TPCCharacter_C_0,0.0,62
0,2,6.8285,0,0,CountessBossAIController_1,1,0,1,0.00,0.00,98.15,0.00,0.00,220.00,None,BP_TPCCharacter_C_0,0.0,62
0,2,6.8452,0,0,CountessBossAIController_1,1,0,1,0.00,0.00,98.15,0.00,0.00,220.00,None,BP_TPCCharacter_C_0,0.0,62
0,2,6.8619,0,0,CountessBossAIController_1,1,0,1,0.00,0.00,98.15,0.00,0.00,220.00,None,BP_TPCCharacter_C_0,0.0,62
0,2,6.8785,0,0,CountessBossAIController_1,1,0,1,0.00,0.00,98.15,0.00,0.00,220.00,None,BP_TPCCharacter_C_0,0.0,63
0,2,6.8952,0,0,CountessBossAIController_1,1,0,1,0.00,0.00,98.15,0.00,0.00,220.00,None,BP_TPCCharacter_C_0,0.0,63
0,2,6.9119,0,0,CountessBossAIController_1,1,0,1,0.00,0.00,98.15,0.00,0.00,220.00,None,BP_TPCCharacter_C_0,0.0,63
0,2,6.9285,0,0,CountessBossAIController_1,1,0,1,0.00,0.00,98.15,0.00,0.00,220.00,None,BP_TPCCharacter_C_0,0.0,63
0,2,6.9452,0,0,CountessBossAIController_1,1,0,1,0.00,0.00,98.15,0.00,0.00,220.00,None,BP_TPCCharacter_C_0,0.0,63
0,2,6.9619,0,0,CountessBossAIController_1,1,0,1,0.00,0.00,98.15,0.00,0.00,220.00,None,BP_TPCCharacter_C_0,0.0,63
0,2,6.9785,0,0,CountessBossAIController_1,1,0,1,0.00,0.00,98.15,0.00,0.00,220.00,None,BP_TPCCharacter_C_0,0.0,63
0,2,6.9952,0,0,CountessBossAIController_1,1,0,1,0.00,0.00,98.15,0.00,0.00,220.00,None,BP_TPCCharacter_C_0,0.0,64
0,2,7.0119,0,0,CountessBossAIController_1,1,0,1,0.00,0.00,98.15,0.00,0.00,220.00,None,BP_TPCCharacter_C_0,0.0,64
0,2,7.0285,0,0,CountessBossAIController_1,1,0,1,0.00,0.00,98.15,0.00,0.00,220.00,None,BP_TPCCharacter_C_0,0.0,64
0,2,7.0452,0,0,CountessBossAIController_1,1,0,1,0.00,0.00,98.15,0.00,0.00,220.00,None,BP_TPCCharacter_C_0,0.0,64
0,2,7.0619,0,0,CountessBossAIController_1,1,0,1,0.00,0.00,98.15,0.00,0.00,220.00,None,BP_TPCCharacter_C_0,0.0,64
0,2,7.0785,0,0,CountessBossAIController_1,1,0,1,0.00,0.00,98.15,0.00,0.00,220.00,None,BP_TPCCharacter_C_0,0.0,64
0,2,7.0952,0,0,CountessBossAIController_1,1,0,1,0.00,0.00,98.15,0.00,0.00,220.00,None,BP_TPCCharacter_C_0,0.0,64
0,2,7.1119,0,0,CountessBossAIController_1,1,0,1,0.00,0.00,98.15,0.00,0.00,220.00,None,BP_TPCCharacter_C_0,0.0,65
0,2,7.1285,0,0,CountessBossAIController_1,1,0,1,0.00,0.00,98.15,0.00,0.00,220.00,None,BP_TPCCharacter_C_0,0.0,65
0,2,7.1452,0,0,CountessBossAIController_1,1,0,1,0.00,0.00,98.15,0.00,0.00,220.00,None,BP_TPCCharacter_C_0,0.0,65
0,2,7.1619,0,0,CountessBossAIController_1,1,0,1,0.00,0.00,98.15,0.00,0.00,220.00,None,BP_TPCCharacter_C_0,0.0,65
0,2,7.1785,0,0,CountessBossAIController_1,1,0,1,0.00,0.00,98.15,0.00,0.00,220.00,None,BP_TPCCharacter_C_0,0.0,65
0,2,7.1952,0,0,CountessBossAIController_1,1,0,1,0.00,0.00,98.15,0.00,0.00,220.00,None,BP_TPCCharacter_C_0,0.0,65
0,2,7.2119,0,0,CountessBossAIController_1,1,0,1,0.00,0.00,98.15,0.00,0.00,220.00,None,BP_TPCCharacter_C_0,0.0,65
0,2,7.2285,0,0,CountessBossAIController_1,1,0,1,0.00,0.00,98.15,0.00,0.00,220.00,None,BP_TPCCharacter_C_0,0.0,66
0,2,7.2452,0,0,CountessBossAIController_1,1,0,1,0.00,0.00,98.15,0.00,0.00,220.00,None,BP_TPCCharacter_C_0,0.0,66
0,2,7.2619,0,0,CountessBossAIController_1,1,0,1,0.00,0.00,98.15,0.00,0.00,220.00,None,BP_TPCCharacter_C_0,0.0,66
0,2,7.2785,0,0,CountessBossAIController_1,1,0,1,0.00,0.00,98.15,0.00,0.00,220.00,None,BP_TPCCharacter_C_0,0.0,66
0,2,7.2952,0,0,CountessBossAIController_1,1,0,1,0.00,0.00,98.15,0.00,0.00,220.00,None,BP_TPCCharacter_C_0,0.0,66
0,2,7.3119,0,0,CountessBossAIController_1,1,0,1,0.00,0.00,98.15,0.00,0.00,220.00,None,BP_TPCCharacter_C_0,0.0,66
0,2,7.3285,0,0,CountessBossAIController_1,1,0,1,0.00,0.00,98.15,0.00,0.00,220.00,None,BP_TPCCharacter_C_0,0.0,66
0,2,7.3452,0,0,CountessBossAIController_1,1,0,1,0.00,0.00,98.15,0.00,0.00,220.00,None,BP_TPCCharacter_C_0,0.0,67
0,2,7.3619,0,0,CountessBossAIController_1,1,0,1,0.00,0.00,98.15,0.00,0.00,220.00,None,BP_TPCCharacter_C_0,0.0,67
0,2,7.3785,0,0,CountessBossAIController_1,1,0,1,0.00,0.00,98.15,0.00,0.00,220.00,None,BP_TPCCharacter_C_0,0.0,67
0,2,7.3952,0,0,CountessBossAIController_1,1,0,1,0.00,0.00,98.15,0.00,0.00,220.00,None,BP_TPCCharacter_C_0,0.0,67
0,2,7.4119,0,0,CountessBossAIController_1,1,0,1,0.00,0.00,98.15,0.00,0.00,220.00,None,BP_TPCCharacter_C_0,0.0,67
0,2,7.4285,0,0,CountessBossAIController_1,1,0,1,0.00,0.00,98.15,0.00,0.00,220.00,None,BP_TPCCharacter_C_0,0.0,67
0,2,7.4452,0,0,CountessBossAIController_1,1,0,1,0.00,0.00,98.15,0.00,0.00,220.00,None,BP_TPCCharacter_C_0,0.0,67
0,2,7.4619,0,0,CountessBossAIController_1,1,0,1,0.00,0.00,98.15,0.00,0.00,220.00,None,BP_TPCCharacter_C_0,0.0,68
0,2,7.4785,0,0,CountessBossAIController_1,1,0,1,0.00,0.00,98.15,0.00,0.00,220.00,None,BP_TPCCharacter_C_0,0.0,68
0,2,7.4952,0,0,CountessBossAIController_1,1,0,1,0.00,0.00,98.15,0.00,0.00,220.00,None,BP_TPCCharacter_C_0,0.0,68
0,2,7.5119,0,0,CountessBossAIController_1,1,0,1,0.00,0.00,98.15,0.00,0.00,220.00,None,BP_TPCCharacter_C_0,0.0,68
0,2,7.5285,0,0,CountessBossAIController_1,1,0,1,0.00,0.00,98.15,0.00,0.00,220.00,None,BP_TPCCharacter_C_0,0.0,68
0,2,7.5452,0,0,CountessBossAIController_1,1,0,1,0.00,0.00,98.15,0.00,0.00,220.00,None,BP_TPCCharacter_C_0,0.0,68
0,2,7.5619,0,0,CountessBossAIController_1,1,0,1,0.00,0.00,98.15,0.00,0.00,220.00,None,BP_TPCCharacter_C_0,0.0,68
0,2,7.5785,0,0,CountessBossAIController_1,1,0,1,0.00,0.00,98.15,0.00,0.00,220.00,None,BP_TPCCharacter_C_0,0.0,69
0,2,7.5952,0,0,CountessBossAIController_1,1,0,1,0.00,0.00,98.15,0.00,0.00,220.00,None,BP_TPCCharacter_C_0,0.0,69
0,2,7.6119,0,0,CountessBossAIController_1,1,0,1,0.00,0.00,98.15,0.00,0.00,220.00,None,BP_TPCCharacter_C_0,0.0,69
0,2,7.6285,0,0,CountessBossAIController_1,1,0,1,0.00,0.00,98.15,0.00,0.00,220.00,None,BP_TPCCharacter_C_0,0.0,69
0,2,7.6452,0,0,CountessBossAIController_1,1,0,1,0.00,0.00,98.15,0.00,0.00,220.00,None,BP_TPCCharacter_C_0,0.0,69
0,2,7.6619,0,0,CountessBossAIController_1,1,0,1,0.00,0.00,98.15,0.00,0.00,220.00,None,BP_TPCCharacter_C_0,0.0,69
0,2,7.6785,0,0,CountessBossAIController_1,1,0,1,0.00,0.00,98.15,0.00,0.00,220.00,None,BP_TPCCharacter_C_0,0.0,69
0,2,7.6952,0,0,CountessBossAIController_1,1,0,1,0.00,0.00,98.15,0.00,0.00,220.00,None,BP_TPCCharacter_C_0,0.0,70
0,2,7.7119,0,0,CountessBossAIController_1,1,0,1,0.00,0.00,98.15,0.00,0.00,220.00,None,BP_TPCCharacter_C_0,0.0,70
0,2,7.7285,0,0,CountessBossAIController_1,1,0,1,0.00,0.00,98.15,0.00,0.00,220.00,None,BP_TPCCharacter_C_0,0.0,70
0,2,7.7452,0,0,CountessBossAIController_1,1,0,1,0.00,0.00,98.15,0.00,0.00,220.00,None,BP_TPCCharacter_C_0,0.0,70
0,2,7.7619,0,0,CountessBossAIController_1,1,0,1,0.00,0.00,98.15,0.00,0.00,220.00,None,BP_TPCCharacter_C_0,0.0,70
0,2,7.7785,0,0,CountessBossAIController_1,1,0,1,0.00,0.00,98.15,0.00,0.00,220.00,None,BP_TPCCharacter_C_0,0.0,70
0,2,7.7952,0,0,CountessBossAIController_1,1,0,1,0.00,0.00,98.15,0.00,0.00,220.00,None,BP_TPCCharacter_C_0,0.0,70
0,2,7.8119,0,0,CountessBossAIController_1,1,0,1,0.00,0.00,98.15,0.00,0.00,220.00,None,BP_TPCCharacter_C_0,0.0,71
0,2,7.8285,0,0,CountessBossAIController_1,1,0,1,0.00,0.00,98.15,0.00,0.00,220.00,None,BP_TPCCharacter_C_0,0.0,71
0,2,7.8452,0,0,CountessBossAIController_1,1,0,1,0.00,0.00,98.15,0.00,0.00,220.00,None,BP_TPCCharacter_C_0,0.0,71
0,2,7.8619,0,0,CountessBossAIController_1,1,0,1,0.00,0.00,98.15,0.00,0.00,220.00,None,BP_TPCCharacter_C_0,0.0,71
0,2,7.8785,0,0,CountessBossAIController_1,1,0,1,0.00,0.00,98.15,0.00,0.00,220.00,None,BP_TPCCharacter_C_0,0.0,71
0,2,7.8952,0,0,CountessBossAIController_1,1,0,1,0.00,0.00,98.15,0.00,0.00,220.00,None,BP_TPCCharacter_C_0,0.0,71
0,2,7.9119,0,0,CountessBossAIController_1,1,0,1,0.00,0.00,98.15,0.00,0.00,220.00,None,BP_TPCCharacter_C_0,0.0,71
0,2,7.9285,0,0,CountessBossAIController_1,1,0,1,0.00,0.00,98.15,0.00,0.00,220.00,None,BP_TPCCharacter_C_0,0.0,72
0,2,7.9452,0,0,CountessBossAIController_1,1,0,1,0.00,0.00,98.15,0.00,0.00,220.00,None,BP_TPCCharacter_C_0,0.0,72
0,2,7.9619,0,0,CountessBossAIController_1,1,0,1,0.00,0.00,98.15,0.00,0.00,220.00,None,BP_TPCCharacter_C_0,0.0,72
0,2,7.9785,0,0,CountessBossAIController_1,1,0,1,0.00,0.00,98.15,0.00,0.00,220.00,None,BP_TPCCharacter_C_0,0.0,72
0,2,7.9952,0,0,CountessBossAIController_1,1,0,1,0.00,0.00,98.15,0.00,0.00,220.00,None,BP_TPCCharacter_C_0,0.0,72
0,2,8.0119,0,0,CountessBossAIController_1,1,0,1,0.00,0.00,98.15,0.00,0.00,220.00,None,BP_TPCCharacter_C_0,0.0,72
0,2,8.0285,0,0,CountessBossAIController_1,1,0,1,0.00,0.00,98.15,0.00,0.00,220.00,None,BP_TPCCharacter_C_0,0.0,72
0,2,8.0452,0,0,CountessBossAIController_1,1,0,1,0.00,0.00,98.15,0.00,0.00,220.00,None,BP_TPCCharacter_C_0,0.0,73
0,2,8.0619,0,0,CountessBossAIController_1,1,0,1,0.00,0.00,98.15,0.00,0.00,220.00,None,BP_TPCCharacter_C_0,0.0,73
0,2,8.0785,0,0,CountessBossAIController_1,1,0,1,0.00,0.00,98.15,0.00,0.00,220.00,None,BP_TPCCharacter_C_0,0.0,73
0,2,8.0952,0,0,CountessBossAIController_1,1,0,1,0.00,0.00,98.15,0.00,0.00,220.00,None,BP_TPCCharacter_C_0,0.0,73
0,2,8.1119,0,0,CountessBossAIController_1,1,0,1,0.00,0.00,98.15,0.00,0.00,220.00,None,BP_TPCCharacter_C_0,0.0,73
0,2,8.1285,0,0,CountessBossAIController_1,1,0,1,0.00,0.00,98.15,0.00,0.00,220.00,None,BP_TPCCharacter_C_0,0.0,73
0,2,8.1452,0,0,CountessBossAIController_1,1,0,1,0.00,0.00,98.15,0.00,0.00,220.00,None,BP_TPCCharacter_C_0,0.0,73
0,2,8.1619,0,0,CountessBossAIController_1,1,0,1,0.00,0.00,98.15,0.00,0.00,220.00,None,BP_TPCCharacter_C_0,0.0,74
0,2,8.1785,0,0,CountessBossAIController_1,1,0,1,0.00,0.00,98.15,0.00,0.00,220.00,None,BP_TPCCharacter_C_0,0.0,74
0,2,8.1952,0,0,CountessBossAIController_1,1,0,1,0.00,0.00,98.15,0.00,0.00,220.00,None,BP_TPCCharacter_C_0,0.0,74
0,2,8.2119,0,0,CountessBossAIController_1,1,0,1,0.00,0.00,98.15,0.00,0.00,220.00,None,BP_TPCCharacter_C_0,0.0,74
0,2,8.2285,0,0,CountessBossAIController_1,1,0,1,0.00,0.00,98.15,0.00,0.00,220.00,None,BP_TPCCharacter_C_0,0.0,74
0,2,8.2452,0,0,CountessBossAIController_1,1,0,1,0.00,0.00,98.15,0.00,0.00,220.00,None,BP_TPCCharacter_C_0,0.0,74
0,2,8.2619,0,0,CountessBossAIController_1,1,0,1,0.00,0.00,98.15,0.00,0.00,220.00,None,BP_TPCCharacter_C_0,0.0,74
0,2,8.2785,0,0,CountessBossAIController_1,1,0,1,0.00,0.00,98.15,0.00,0.00,220.00,None,BP_TPCCharacter_C_0,0.0,75
0,2,8.2952,0,0,CountessBossAIController_1,1,0,1,0.00,0.00,98.15,0.00,0.00,220.00,None,BP_TPCCharacter_C_0,0.0,75
0,2,8.3119,0,0,CountessBossAIController_1,1,0,1,0.00,0.00,98.15,0.00,0.00,220.00,None,BP_TPCCharacter_C_0,0.0,75
0,2,8.3285,0,0,CountessBossAIController_1,1,0,1,0.00,0.00,98.15,0.00,0.00,220.00,None,BP_TPCCharacter_C_0,0.0,75
0,2,8.3452,0,0,CountessBossAIController_1,1,0,1,0.00,0.00,98.15,0.00,0.00,220.00,None,BP_TPCCharacter_C_0,0.0,75
0,2,8.3619,0,0,CountessBossAIController_1,1,0,1,0.00,0.00,98.15,0.00,0.00,220.00,None,BP_TPCCharacter_C_0,0.0,75
0,2,8.3785,0,0,CountessBossAIController_1,1,0,1,0.00,0.00,98.15,0.00,0.00,220.00,None,BP_TPCCharacter_C_0,0.0,75
0,2,8.3952,0,0,CountessBossAIController_1,1,0,1,0.00,0.00,98.15,0.00,0.00,220.00,None,BP_TPCCharacter_C_0,0.0,76
0,2,8.4119,0,0,CountessBossAIController_1,1,0,1,0.00,0.00,98.15,0.00,0.00,220.00,None,BP_TPCCharacter_C_0,0.0,76
0,2,8.4285,0,0,CountessBossAIController_1,1,0,1,0.00,0.00,98.15,0.00,0.00,220.00,None,BP_TPCCharacter_C_0,0.0,76
0,2,8.4452,0,0,CountessBossAIController_1,1,0,1,0.00,0.00,98.15,0.00,0.00,220.00,None,BP_TPCCharacter_C_0,0.0,76
0,2,8.4619,0,0,CountessBossAIController_1,1,0,1,0.00,0.00,98.15,0.00,0.00,220.00,None,BP_TPCCharacter_C_0,0.0,76
0,2,8.4785,0,0,CountessBossAIController_1,1,0,1,0.00,0.00,98.15,0.00,0.00,220.00,None,BP_TPCCharacter_C_0,0.0,76
0,2,8.4952,0,0,CountessBossAIController_1,1,0,1,0.00,0.00,98.15,0.00,0.00,220.00,None,BP_TPCCharacter_C_0,0.0,76
0,2,8.5119,0,0,CountessBossAIController_1,1,0,1,0.00,0.00,98.15,0.00,0.00,220.00,None,BP_TPCCharacter_C_0,0.0,77
0,2,8.5285,0,0,CountessBossAIController_1,1,0,1,0.00,0.00,98.15,0.00,0.00,220.00,None,BP_TPCCharacter_C_0,0.0,77
0,2,8.5452,0,0,CountessBossAIController_1,1,0,1,0.00,0.00,98.15,0.00,0.00,220.00,None,BP_TPCCharacter_C_0,0.0,77
0,2,8.5619,0,0,CountessBossAIController_1,1,0,1,0.00,0.00,98.15,0.00,0.00,220.00,None,BP_TPCCharacter_C_0,0.0,77
0,2,8.5785,0,0,CountessBossAIController_1,1,0,1,0.00,0.00,98.15,0.00,0.00,220.00,None,BP_TPCCharacter_C_0,0.0,77
0,2,8.5952,0,0,CountessBossAIController_1,1,0,1,0.00,0.00,98.15,0.00,0.00,220.00,None,BP_TPCCharacter_C_0,0.0,77
0,2,8.6119,0,0,CountessBossAIController_1,1,0,1,0.00,0.00,98.15,0.00,0.00,220.00,None,BP_TPCCharacter_C_0,0.0,77
0,2,8.6285,0,0,CountessBossAIController_1,1,0,1,0.00,0.00,98.15,0.00,0.00,220.00,None,BP_TPCCharacter_C_0,0.0,78
0,2,8.6452,0,0,CountessBossAIController_1,1,0,1,0.00,0.00,98.15,0.00,0.00,220.00,None,BP_TPCCharacter_C_0,0.0,78
0,2,8.6619,0,0,CountessBossAIController_1,1,0,1,0.00,0.00,98.15,0.00,0.00,220.00,None,BP_TPCCharacter_C_0,0.0,78
0,2,8.6785,0,0,CountessBossAIController_1,1,0,1,0.00,0.00,98.15,0.00,0.00,220.00,None,BP_TPCCharacter_C_0,0.0,78
0,2,8.6952,0,0,CountessBossAIController_1,1,0,1,0.00,0.00,98.15,0.00,0.00,220.00,None,BP_TPCCharacter_C_0,0.0,78
0,2,8.7119,0,0,CountessBossAIController_1,1,0,1,0.00,0.00,98.15,0.00,0.00,220.00,None,BP_TPCCharacter_C_0,0.0,78
0,2,8.7285,0,0,CountessBossAIController_1,1,0,1,0.00,0.00,98.15,0.00,0.00,220.00,None,BP_TPCCharacter_C_0,0.0,78
0,2,8.7452,0,0,CountessBossAIController_1,1,0,1,0.00,0.00,98.15,0.00,0.00,220.00,None,BP_TPCCharacter_C_0,0.0,79
0,2,8.7619,0,0,CountessBossAIController_1,1,0,1,0.00,0.00,98.15,0.00,0.00,220.00,None,BP_TPCCharacter_C_0,0.0,79
0,2,8.7785,0,0,CountessBossAIController_1,1,0,1,0.00,0.00,98.15,0.00,0.00,220.00,None,BP_TPCCharacter_C_0,0.0,79
0,2,8.7952,0,0,CountessBossAIController_1,1,0,1,0.00,0.00,98.15,0.00,0.00,220.00,None,BP_TPCCharacter_C_0,0.0,79
0,2,8.8119,0,0,CountessBossAIController_1,1,0,1,0.00,0.00,98.15,0.00,0.00,220.00,None,BP_TPCCharacter_C_0,0.0,79
0,2,8.8285,0,0,CountessBossAIController_1,1,0,1,0.00,0.00,98.15,0.00,0.00,220.00,None,BP_TPCCharacter_C_0,0.0,79
0,2,8.8452,0,0,CountessBossAIController_1,1,0,1,0.00,0.00,98.15,0.00,0.00,220.00,None,BP_TPCCharacter_C_0,0.0,79
0,2,8.8619,0,0,CountessBossAIController_1,1,0,1,0.00,0.00,98.15,0.00,0.00,220.00,None,BP_TPCCharacter_C_0,0.0,80
0,2,8.8785,0,0,CountessBossAIController_1,1,0,1,0.00,0.00,98.15,0.00,0.00,220.00,None,BP_TPCCharacter_C_0,0.0,80
0,2,8.8952,0,0,CountessBossAIController_1,1,0,1,0.00,0.00,98.15,0.00,0.00,220.00,None,BP_TPCCharacter_C_0,0.0,80
0,2,8.9119,0,0,CountessBossAIController_1,1,0,1,0.00,0.00,98.15,0.00,0.00,220.00,None,BP_TPCCharacter_C_0,0.0,80
0,2,8.9285,0,0,CountessBossAIController_1,1,0,1,0.00,0.00,98.15,0.00,0.00,220.00,None,BP_TPCCharacter_C_0,0.0,80
0,2,8.9452,0,0,CountessBossAIController_1,1,0,1,0.00,0.00,98.15,0.00,0.00,220.00,None,BP_TPCCharacter_C_0,0.0,80
0,2,8.9619,0,0,CountessBossAIController_1,1,0,1,0.00,0.00,98.15,0.00,0.00,220.00,None,BP_TPCCharacter_C_0,0.0,80
0,2,8.9785,0,0,CountessBossAIController_1,1,0,1,0.00,0.00,98.15,0.00,0.00,220.00,None,BP_TPCCharacter_C_0,0.0,81
0,2,8.9952,0,0,CountessBossAIController_1,1,0,1,0.00,0.00,98.15,0.00,0.00,220.00,None,BP_TPCCharacter_C_0,0.0,81
0,2,9.0119,0,0,CountessBossAIController_1,1,0,1,0.00,0.00,98.15,0.00,0.00,220.00,None,BP_TPCCharacter_C_0,0.0,81
0,2,9.0285,0,0,CountessBossAIController_1,1,0,1,0.00,0.00,98.15,0.00,0.00,220.00,None,BP_TPCCharacter_C_0,0.0,81
0,2,9.0452,0,0,CountessBossAIController_1,1,0,1,0.00,0.00,98.15,0.00,0.00,220.00,None,BP_TPCCharacter_C_0,0.0,81
0,2,9.0619,0,0,CountessBossAIController_1,1,0,1,0.00,0.00,98.15,0.00,0.00,220.00,None,BP_TPCCharacter_C_0,0.0,81
0,2,9.0785,0,0,CountessBossAIController_1,1,0,1,0.00,0.00,98.15,0.00,0.00,220.00,None,BP_TPCCharacter_C_0,0.0,81
0,2,9.0952,0,0,CountessBossAIController_1,1,0,1,0.00,0.00,98.15,0.00,0.00,220.00,None,BP_TPCCharacter_C_0,0.0,82
0,2,9.1119,0,0,CountessBossAIController_1,1,0,1,0.00,0.00,98.15,0.00,0.00,220.00,None,BP_TPCCharacter_C_0,0.0,82
0,2,9.1285,0,0,CountessBossAIController_1,1,0,1,0.00,0.00,98.15,0.00,0.00,220.00,None,BP_TPCCharacter_C_0,0.0,82
0,2,9.1452,0,0,CountessBossAIController_1,1,0,1,0.00,0.00,98.15,0.00,0.00,220.00,None,BP_TPCCharacter_C_0,0.0,82
0,2,9.1619,0,0,CountessBossAIController_1,1,0,1,0.00,0.00,98.15,0.00,0.00,220.00,None,BP_TPCCharacter_C_0,0.0,82
0,2,9.1785,0,0,CountessBossAIController_1,1,0,1,0.00,0.00,98.15,0.00,0.00,220.00,None,BP_TPCCharacter_C_0,0.0,82
0,2,9.1952,0,0,CountessBossAIController_1,1,0,1,0.00,0.00,98.15,0.00,0.00,220.00,None,BP_TPCCharacter_C_0,0.0,82
0,2,9.2119,0,0,CountessBossAIController_1,1,0,1,0.00,0.00,98.15,0.00,0.00,220.00,None,BP_TPCCharacter_C_0,0.0,83
0,2,9.2285,0,0,CountessBossAIController_1,1,0,1,0.00,0.00,98.15,0.00,0.00,220.00,None,BP_TPCCharacter_C_0,0.0,83
0,2,9.2452,0,0,CountessBossAIController_1,1,0,1,0.00,0.00,98.15,0.00,0.00,220.00,None,BP_TPCCharacter_C_0,0.0,83
0,2,9.2619,0,0,CountessBossAIController_1,1,0,1,0.00,0.00,98.15,0.00,0.00,220.00,None,BP_TPCCharacter_C_0,0.0,83
0,2,9.2785,0,0,CountessBossAIController_1,1,0,1,0.00,0.00,98.15,0.00,0.00,220.00,None,BP_TPCCharacter_C_0,0.0,83
0,2,9.2952,0,0,CountessBossAIController_1,1,0,1,0.00,0.00,98.15,0.00,0.00,220.00,None,BP_TPCCharacter_C_0,0.0,83
0,2,9.3119,0,0,CountessBossAIController_1,1,0,1,0.00,0.00,98.15,0.00,0.00,220.00,None,BP_TPCCharacter_C_0,0.0,83
0,2,9.3285,0,0,CountessBossAIController_1,1,0,1,0.00,0.00,98.15,0.00,0.00,220.00,None,BP_TPCCharacter_C_0,0.0,84
0,2,9.3452,0,0,CountessBossAIController_1,1,0,1,0.00,0.00,98.15,0.00,0.00,220.00,None,BP_TPCCharacter_C_0,0.0,84
0,2,9.3619,0,0,CountessBossAIController_1,1,0,1,0.00,0.00,98.15,0.00,0.00,220.00,None,BP_TPCCharacter_C_0,0.0,84
0,2,9.3785,0,0,CountessBossAIController_1,1,0,1,0.00,0.00,98.15,0.00,0.00,220.00,None,BP_TPCCharacter_C_0,0.0,84
0,2,9.3952,0,0,CountessBossAIController_1,1,0,1,0.00,0.00,98.15,0.00,0.00,220.00,None,BP_TPCCharacter_C_0,0.0,84
0,2,9.4119,0,0,CountessBossAIController_1,1,0,1,0.00,0.00,98.15,0.00,0.00,220.00,None,BP_TPCCharacter_C_0,0.0,84
0,2,9.4285,0,0,CountessBossAIController_1,1,0,1,0.00,0.00,98.15,0.00,0.00,220.00,None,BP_TPCCharacter_C_0,0.0,84
0,2,9.4452,0,0,CountessBossAIController_1,1,0,1,0.00,0.00,98.15,0.00,0.00,220.00,None,BP_TPCCharacter_C_0,0.0,85
0,2,9.4619,0,0,CountessBossAIController_1,1,0,1,0.00,0.00,98.15,0.00,0.00,220.00,None,BP_TPCCharacter_C_0,0.0,85
0,2,9.4785,0,0,CountessBossAIController_1,1,0,1,0.00,0.00,98.15,0.00,0.00,220.00,None,BP_TPCCharacter_C_0,0.0,85
0,2,9.4952,0,0,CountessBossAIController_1,1,0,1,0.00,0.00,98.15,0.00,0.00,220.00,None,BP_TPCCharacter_C_0,0.0,85
0,2,9.5119,0,0,CountessBossAIController_1,1,0,1,0.00,0.00,98.15,0.00,0.00,220.00,None,BP_TPCCharacter_C_0,0.0,85
0,2,9.5285,0,0,CountessBossAIController_1,1,0,1,0.00,0.00,98.15,0.00,0.00,220.00,None,BP_TPCCharacter_C_0,0.0,85
0,2,9.5452,0,0,CountessBossAIController_1,1,0,1,0.00,0.00,98.15,0.00,0.00,220.00,None,BP_TPCCharacter_C_0,0.0,85
0,2,9.5619,0,0,CountessBossAIController_1,1,0,1,0.00,0.00,98.15,0.00,0.00,220.00,None,BP_TPCCharacter_C_0,0.0,86
0,2,9.5785,0,0,CountessBossAIController_1,1,0,1,0.00,0.00,98.15,0.00,0.00,220.00,None,BP_TPCCharacter_C_0,0.0,86
0,2,9.5952,0,0,CountessBossAIController_1,1,0,1,0.00,0.00,98.15,0.00,0.00,220.00,None,BP_TPCCharacter_C_0,0.0,86
0,2,9.6119,0,0,CountessBossAIController_1,1,0,1,0.00,0.00,98.15,0.00,0.00,220.00,None,BP_TPCCharacter_C_0,0.0,86
0,2,9.6285,0,0,CountessBossAIController_1,1,0,1,0.00,0.00,98.15,0.00,0.00,220.00,None,BP_TPCCharacter_C_0,0.0,86
0,2,9.6452,0,0,CountessBossAIController_1,1,0,1,0.00,0.00,98.15,0.00,0.00,220.00,None,BP_TPCCharacter_C_0,0.0,86
0,2,9.6619,0,0,CountessBossAIController_1,1,0,1,0.00,0.00,98.15,0.00,0.00,220.00,None,BP_TPCCharacter_C_0,0.0,86
0,2,9.6785,0,0,CountessBossAIController_1,1,0,1,0.00,0.00,98.15,0.00,0.00,220.00,None,BP_TPCCharacter_C_0,0.0,87
0,2,9.6952,0,0,CountessBossAIController_1,1,0,1,0.00,0.00,98.15,0.00,0.00,220.00,None,BP_TPCCharacter_C_0,0.0,87
0,2,9.7119,0,0,CountessBossAIController_1,1,0,1,0.00,0.00,98.15,0.00,0.00,220.00,None,BP_TPCCharacter_C_0,0.0,87
0,2,9.7285,0,0,CountessBossAIController_1,1,0,1,0.00,0.00,98.15,0.00,0.00,220.00,None,BP_TPCCharacter_C_0,0.0,87
0,2,9.7452,0,0,CountessBossAIController_1,1,0,1,0.00,0.00,98.15,0.00,0.00,220.00,None,BP_TPCCharacter_C_0,0.0,87
0,2,9.7619,0,0,CountessBossAIController_1,1,0,1,0.00,0.00,98.15,0.00,0.00,220.00,None,BP_TPCCharacter_C_0,0.0,87
0,2,9.7785,0,0,CountessBossAIController_1,1,0,1,0.00,0.00,98.15,0.00,0.00,220.00,None,BP_TPCCharacter_C_0,0.0,87
0,2,9.7952,0,0,CountessBossAIController_1,1,0,1,0.00,0.00,98.15,0.00,0.00,220.00,None,BP_TPCCharacter_C_0,0.0,88
0,2,9.8119,0,0,CountessBossAIController_1,1,0,1,0.00,0.00,98.15,0.00,0.00,220.00,None,BP_TPCCharacter_C_0,0.0,88
0,2,9.8285,0,0,CountessBossAIController_1,1,0,1,0.00,0.00,98.15,0.00,0.00,220.00,None,BP_TPCCharacter_C_0,0.0,88
0,2,9.8452,0,0,CountessBossAIController_1,1,0,1,0.00,0.00,98.15,0.00,0.00,220.00,None,BP_TPCCharacter_C_0,0.0,88
0,2,9.8619,0,0,CountessBossAIController_1,1,0,1,0.00,0.00,98.15,0.00,0.00,220.00,None,BP_TPCCharacter_C_0,0.0,88
0,2,9.8785,0,0,CountessBossAIController_1,1,0,1,0.00,0.00,98.15,0.00,0.00,220.00,None,BP_TPCCharacter_C_0,0.0,88
0,2,9.8952,0,0,CountessBossAIController_1,1,0,1,0.00,0.00,98.15,0.00,0.00,220.00,None,BP_TPCCharacter_C_0,0.0,88
0,2,9.9119,0,0,CountessBossAIController_1,1,0,1,0.00,0.00,98.15,0.00,0.00,220.00,None,BP_TPCCharacter_C_0,0.0,89
0,2,9.9285,0,0,CountessBossAIController_1,1,0,1,0.00,0.00,98.15,0.00,0.00,220.00,None,BP_TPCCharacter_C_0,0.0,89
0,2,9.9452,0,0,CountessBossAIController_1,1,0,1,0.00,0.00,98.15,0.00,0.00,220.00,None,BP_TPCCharacter_C_0,0.0,89
0,2,9.9619,0,0,CountessBossAIController_1,1,0,1,0.00,0.00,98.15,0.00,0.00,220.00,None,BP_TPCCharacter_C_0,0.0,89
0,2,9.9785,0,0,CountessBossAIController_1,1,0,1,0.00,0.00,98.15,0.00,0.00,220.00,None,BP_TPCCharacter_C_0,0.0,89
0,2,9.9952,0,0,CountessBossAIController_1,1,0,1,0.00,0.00,98.15,0.00,0.00,220.00,None,BP_TPCCharacter_C_0,0.0,89
0,2,10.0119,0,0,CountessBossAIController_1,1,0,1,0.00,0.00,98.15,0.00,0.00,220.00,None,BP_TPCCharacter_C_0,0.0,89
0,2,10.0285,0,0,CountessBossAIController_1,1,0,1,0.00,0.00,98.15,0.00,0.00,220.00,None,BP_TPCCharacter_C_0,0.0,90
0,2,10.0452,0,0,CountessBossAIController_1,1,0,1,0.00,0.00,98.15,0.00,0.00,220.00,None,BP_TPCCharacter_C_0,0.0,90
0,2,10.0619,0,0,CountessBossAIController_1,1,0,1,0.00,0.00,98.15,0.00,0.00,220.00,None,BP_TPCCharacter_C_0,0.0,90
0,2,10.0785,0,0,CountessBossAIController_1,1,0,1,0.00,0.00,98.15,0.00,0.00,220.00,None,BP_TPCCharacter_C_0,0.0,90
0,2,10.0952,0,0,CountessBossAIController_1,1,0,1,0.00,0.00,98.15,0.00,0.00,220.00,None,BP_TPCCharacter_C_0,0.0,90
0,2,10.1119,0,0,CountessBossAIController_1,1,0,1,0.00,0.00,98.15,0.00,0.00,220.00,None,BP_TPCCharacter_C_0,0.0,90
0,2,10.1285,0,0,CountessBossAIController_1,1,0,1,0.00,0.00,98.15,0.00,0.00,220.00,None,BP_TPCCharacter_C_0,0.0,90
0,2,10.1452,0,0,CountessBossAIController_1,1,0,1,0.00,0.00,98.15,0.00,0.00,220.00,None,BP_TPCCharacter_C_0,0.0,91
0,2,10.1619,0,0,CountessBossAIController_1,1,0,1,0.00,0.00,98.15,0.00,0.00,220.00,None,BP_TPCCharacter_C_0,0.0,91
0,2,10.1785,0,0,CountessBossAIController_1,1,0,1,0.00,0.00,98.15,0.00,0.00,220.00,None,BP_TPCCharacter_C_0,0.0,91
0,2,10.1952,0,0,CountessBossAIController_1,1,0,1,0.00,0.00,98.15,0.00,0.00,220.00,None,BP_TPCCharacter_C_0,0.0,91
0,2,10.2119,0,0,CountessBossAIController_1,1,0,1,0.00,0.00,98.15,0.00,0.00,220.00,None,BP_TPCCharacter_C_0,0.0,91
0,2,10.2285,0,0,CountessBossAIController_1,1,0,1,0.00,0.00,98.15,0.00,0.00,220.00,None,BP_TPCCharacter_C_0,0.0,91
0,2,10.2452,0,0,CountessBossAIController_1,1,0,1,0.00,0.00,98.15,0.00,0.00,220.00,None,BP_TPCCharacter_C_0,0.0,91
0,2,10.2619,0,0,CountessBossAIController_1,1,0,1,0.00,0.00,98.15,0.00,0.00,220.00,None,BP_TPCCharacter_C_0,0.0,92
0,2,10.2785,0,0,CountessBossAIController_1,1,0,1,0.00,0.00,98.15,0.00,0.00,220.00,None,BP_TPCCharacter_C_0,0.0,92
0,2,10.2952,0,0,CountessBossAIController_1,1,0,1,0.00,0.00,98.15,0.00,0.00,220.00,None,BP_TPCCharacter_C_0,0.0,92
0,2,10.3119,0,0,CountessBossAIController_1,1,0,1,0.00,0.00,98.15,0.00,0.00,220.00,None,BP_TPCCharacter_C_0,0.0,92
0,2,10.3285,0,0,CountessBossAIController_1,1,0,1,0.00,0.00,98.15,0.00,0.00,220.00,None,BP_TPCCharacter_C_0,0.0,92
0,2,10.3452,0,0,CountessBossAIController_1,1,0,1,0.00,0.00,98.15,0.00,0.00,220.00,None,BP_TPCCharacter_C_0,0.0,92
0,2,10.3619,0,0,CountessBossAIController_1,1,0,1,0.00,0.00,98.15,0.00,0.00,220.00,None,BP_TPCCharacter_C_0,0.0,92
0,2,10.3785,0,0,CountessBossAIController_1,1,0,1,0.00,0.00,98.15,0.00,0.00,220.00,None,BP_TPCCharacter_C_0,0.0,93
0,2,10.3952,0,0,CountessBossAIController_1,1,0,1,0.00,0.00,98.15,0.00,0.00,220.00,None,BP_TPCCharacter_C_0,0.0,93
0,3,10.4119,0,0,CountessBossAIController_1,1,0,1,0.00,0.00,98.15,0.00,0.00,220.00,None,BP_TPCCharacter_C_1,100.0,93
0,3,10.4285,0,0,CountessBossAIController_1,1,0,1,0.00,0.00,98.15,0.00,0.00,220.00,None,BP_TPCCharacter_C_1,100.0,93
0,3,10.4452,0,0,CountessBossAIController_1,1,0,1,0.00,0.00,98.15,0.00,0.00,220.00,None,BP_TPCCharacter_C_1,100.0,93
0,3,10.4619,0,0,CountessBossAIController_1,1,0,1,0.00,0.00,98.15,0.00,0.00,220.00,None,BP_TPCCharacter_C_1,100.0,93
0,3,10.4785,0,0,CountessBossAIController_1,1,0,1,0.00,0.00,98.15,0.00,0.00,220.00,None,BP_TPCCharacter_C_1,100.0,93
0,3,10.4952,1,0,CountessBossAIController_1,1,0,1,0.00,0.00,98.15,0.00,0.00,220.00,BP_TPCCharacter_C_1,BP_TPCCharacter_C_1,100.0,94
0,3,10.5119,1,0,CountessBossAIController_1,1,0,1,0.00,0.00,98.15,0.00,0.00,220.00,BP_TPCCharacter_C_1,BP_TPCCharacter_C_1,100.0,94
0,3,10.5285,1,0,CountessBossAIController_1,1,0,1,0.00,0.00,98.15,0.00,0.00,220.00,BP_TPCCharacter_C_1,BP_TPCCharacter_C_1,100.0,95
0,3,10.5452,1,0,CountessBossAIController_1,1,0,1,0.00,0.00,98.15,0.00,0.00,220.00,BP_TPCCharacter_C_1,BP_TPCCharacter_C_1,100.0,95
0,3,10.5619,1,0,CountessBossAIController_1,1,0,1,0.00,0.00,98.15,0.00,0.00,220.00,BP_TPCCharacter_C_1,BP_TPCCharacter_C_1,100.0,95
0,3,10.5785,1,0,CountessBossAIController_1,1,0,1,0.00,0.00,98.15,0.00,0.00,220.00,BP_TPCCharacter_C_1,BP_TPCCharacter_C_1,100.0,95
0,3,10.5952,1,0,CountessBossAIController_1,1,0,1,0.00,0.00,98.15,0.00,0.00,220.00,BP_TPCCharacter_C_1,BP_TPCCharacter_C_1,100.0,95
0,3,10.6119,1,0,CountessBossAIController_1,1,0,1,0.00,0.00,98.15,0.00,0.00,220.00,BP_TPCCharacter_C_1,BP_TPCCharacter_C_1,100.0,95
0,3,10.6285,1,0,CountessBossAIController_1,1,0,1,0.00,0.00,98.15,0.00,0.00,220.00,BP_TPCCharacter_C_1,BP_TPCCharacter_C_1,100.0,95
0,3,10.6452,1,0,CountessBossAIController_1,1,0,1,0.00,0.00,98.15,0.00,0.00,220.00,BP_TPCCharacter_C_1,BP_TPCCharacter_C_1,100.0,96
0,3,10.6619,1,0,CountessBossAIController_1,1,0,1,0.00,0.00,98.15,0.00,0.00,220.00,BP_TPCCharacter_C_1,BP_TPCCharacter_C_1,100.0,96
0,3,10.6785,1,0,CountessBossAIController_1,1,0,1,0.00,0.00,98.15,0.00,0.00,220.00,BP_TPCCharacter_C_1,BP_TPCCharacter_C_1,100.0,96
0,3,10.6952,1,0,CountessBossAIController_1,1,0,1,0.00,0.00,98.15,0.00,0.00,220.00,BP_TPCCharacter_C_1,BP_TPCCharacter_C_1,100.0,96
0,3,10.7119,1,0,CountessBossAIController_1,1,0,1,0.00,0.00,98.15,0.00,0.00,220.00,BP_TPCCharacter_C_1,BP_TPCCharacter_C_1,100.0,96
0,3,10.7285,1,0,CountessBossAIController_1,1,0,1,0.00,0.00,98.15,0.00,0.00,220.00,BP_TPCCharacter_C_1,BP_TPCCharacter_C_1,100.0,96
0,3,10.7452,1,0,CountessBossAIController_1,1,0,1,0.00,0.00,98.15,0.00,0.00,220.00,BP_TPCCharacter_C_1,BP_TPCCharacter_C_1,100.0,96
0,3,10.7619,1,0,CountessBossAIController_1,1,0,1,0.00,0.00,98.15,0.00,0.00,220.00,BP_TPCCharacter_C_1,BP_TPCCharacter_C_1,100.0,97
0,3,10.7785,1,0,CountessBossAIController_1,1,0,1,0.00,0.00,98.15,0.00,0.00,220.00,BP_TPCCharacter_C_1,BP_TPCCharacter_C_1,100.0,97
0,3,10.7952,1,0,CountessBossAIController_1,1,0,1,0.00,0.00,98.15,0.00,0.00,220.00,BP_TPCCharacter_C_1,BP_TPCCharacter_C_1,100.0,97
0,3,10.8119,1,0,CountessBossAIController_1,1,0,1,0.00,0.00,98.15,0.00,0.00,220.00,BP_TPCCharacter_C_1,BP_TPCCharacter_C_1,100.0,97
0,3,10.8285,1,0,CountessBossAIController_1,1,0,1,0.00,0.00,98.15,0.00,0.00,220.00,BP_TPCCharacter_C_1,BP_TPCCharacter_C_1,100.0,97
0,3,10.8452,1,0,CountessBossAIController_1,1,0,1,0.00,0.00,98.15,0.00,0.00,220.00,BP_TPCCharacter_C_1,BP_TPCCharacter_C_1,100.0,97
0,3,10.8619,1,0,CountessBossAIController_1,1,0,1,0.00,0.00,98.15,0.00,0.00,220.00,BP_TPCCharacter_C_1,BP_TPCCharacter_C_1,100.0,97
0,3,10.8785,1,0,CountessBossAIController_1,1,0,1,0.00,0.00,98.15,0.00,0.00,220.00,BP_TPCCharacter_C_1,BP_TPCCharacter_C_1,100.0,98
0,3,10.8952,1,0,CountessBossAIController_1,1,0,1,0.00,0.00,98.15,0.00,0.00,220.00,BP_TPCCharacter_C_1,BP_TPCCharacter_C_1,100.0,98
0,3,10.9119,1,0,CountessBossAIController_1,1,0,1,0.00,0.00,98.15,0.00,0.00,220.00,BP_TPCCharacter_C_1,BP_TPCCharacter_C_1,100.0,98
0,3,10.9285,1,0,CountessBossAIController_1,1,0,1,0.00,0.00,98.15,0.00,0.00,220.00,BP_TPCCharacter_C_1,BP_TPCCharacter_C_1,100.0,98
0,3,10.9452,1,0,CountessBossAIController_1,1,0,1,0.00,0.00,98.15,0.00,0.00,220.00,BP_TPCCharacter_C_1,BP_TPCCharacter_C_1,100.0,98
0,3,10.9619,1,0,CountessBossAIController_1,1,0,1,0.00,0.00,98.15,0.00,0.00,220.00,BP_TPCCharacter_C_1,BP_TPCCharacter_C_1,100.0,98
0,3,10.9785,1,0,CountessBossAIController_1,1,0,1,0.00,0.00,98.15,0.00,0.00,220.00,BP_TPCCharacter_C_1,BP_TPCCharacter_C_1,100.0,98
0,3,10.9952,1,0,CountessBossAIController_1,1,0,1,0.00,0.00,98.15,0.00,0.00,220.00,BP_TPCCharacter_C_1,BP_TPCCharacter_C_1,100.0,99
0,3,11.0119,1,0,CountessBossAIController_1,1,0,1,0.00,0.00,98.15,0.00,0.00,220.00,BP_TPCCharacter_C_1,BP_TPCCharacter_C_1,100.0,99
0,3,11.0285,1,0,CountessBossAIController_1,1,0,1,0.00,0.00,98.15,0.00,0.00,220.00,BP_TPCCharacter_C_1,BP_TPCCharacter_C_1,100.0,99
0,3,11.0452,1,0,CountessBossAIController_1,1,0,1,0.00,0.00,98.15,0.00,0.00,220.00,BP_TPCCharacter_C_1,BP_TPCCharacter_C_1,100.0,99
0,3,11.0619,1,0,CountessBossAIController_1,1,0,1,0.00,0.00,98.15,0.00,0.00,220.00,BP_TPCCharacter_C_1,BP_TPCCharacter_C_1,100.0,99
0,3,11.0785,1,0,CountessBossAIController_1,1,0,1,0.00,0.00,98.15,0.00,0.00,220.00,BP_TPCCharacter_C_1,BP_TPCCharacter_C_1,100.0,99
0,3,11.0952,1,0,CountessBossAIController_1,1,0,1,0.00,0.00,98.15,0.00,0.00,220.00,BP_TPCCharacter_C_1,BP_TPCCharacter_C_1,100.0,99
0,3,11.1119,1,0,CountessBossAIController_1,1,0,1,0.00,0.00,98.15,0.00,0.00,220.00,BP_TPCCharacter_C_1,BP_TPCCharacter_C_1,100.0,100
0,3,11.1285,1,0,CountessBossAIController_1,1,0,1,0.00,0.00,98.15,0.00,0.00,220.00,BP_TPCCharacter_C_1,BP_TPCCharacter_C_1,100.0,100
0,3,11.1452,1,0,CountessBossAIController_1,1,0,1,0.00,0.00,98.15,0.00,0.00,220.00,BP_TPCCharacter_C_1,BP_TPCCharacter_C_1,100.0,100
0,3,11.1619,1,0,CountessBossAIController_1,1,0,1,0.00,0.00,98.15,0.00,0.00,220.00,BP_TPCCharacter_C_1,BP_TPCCharacter_C_1,100.0,100
0,3,11.1785,1,0,CountessBossAIController_1,1,0,1,0.00,0.00,98.15,0.00,0.00,220.00,BP_TPCCharacter_C_1,BP_TPCCharacter_C_1,100.0,100
0,3,11.1952,1,0,CountessBossAIController_1,1,0,1,0.00,0.00,98.15,0.00,0.00,220.00,BP_TPCCharacter_C_1,BP_TPCCharacter_C_1,100.0,100
0,3,11.2119,1,0,CountessBossAIController_1,1,0,1,0.00,0.00,98.15,0.00,0.00,220.00,BP_TPCCharacter_C_1,BP_TPCCharacter_C_1,100.0,100
0,3,11.2285,1,0,CountessBossAIController_1,1,0,1,0.00,0.00,98.15,0.00,0.00,220.00,BP_TPCCharacter_C_1,BP_TPCCharacter_C_1,100.0,101
0,3,11.2452,2,0,CountessBossAIController_1,1,0,1,0.00,0.00,98.15,0.00,0.00,220.00,BP_TPCCharacter_C_1,BP_TPCCharacter_C_1,100.0,101
0,3,11.2619,2,0,CountessBossAIController_1,1,0,1,0.00,0.00,98.15,0.00,0.00,220.00,BP_TPCCharacter_C_1,BP_TPCCharacter_C_1,100.0,101
0,3,11.2785,2,0,CountessBossAIController_1,1,0,1,0.00,0.00,98.15,0.00,0.00,220.00,BP_TPCCharacter_C_1,BP_TPCCharacter_C_1,100.0,101
0,3,11.2952,2,0,CountessBossAIController_1,1,0,1,0.00,0.00,98.15,0.00,0.00,220.00,BP_TPCCharacter_C_1,BP_TPCCharacter_C_1,100.0,102
0,3,11.3119,2,0,CountessBossAIController_1,1,0,1,0.00,0.00,98.15,0.00,0.00,220.00,BP_TPCCharacter_C_1,BP_TPCCharacter_C_1,100.0,102
0,3,11.3285,2,0,CountessBossAIController_1,1,0,1,0.00,0.00,98.15,0.00,0.00,220.00,BP_TPCCharacter_C_1,BP_TPCCharacter_C_1,100.0,102
0,3,11.3452,2,0,CountessBossAIController_1,1,0,1,0.00,0.00,98.15,0.00,0.00,220.00,BP_TPCCharacter_C_1,BP_TPCCharacter_C_1,100.0,102
0,3,11.3619,2,0,CountessBossAIController_1,1,0,1,0.00,0.00,98.15,0.00,0.00,220.00,BP_TPCCharacter_C_1,BP_TPCCharacter_C_1,100.0,102
0,3,11.3785,2,0,CountessBossAIController_1,1,0,1,0.00,0.00,98.15,0.00,0.00,220.00,BP_TPCCharacter_C_1,BP_TPCCharacter_C_1,100.0,102
0,3,11.3952,2,0,CountessBossAIController_1,1,0,1,0.00,0.00,98.15,0.00,0.00,220.00,BP_TPCCharacter_C_1,BP_TPCCharacter_C_1,100.0,102
0,3,11.4119,2,0,CountessBossAIController_1,1,3,1,0.00,0.00,98.15,0.00,0.00,220.00,BP_TPCCharacter_C_1,BP_TPCCharacter_C_1,100.0,103
0,3,11.4285,2,0,CountessBossAIController_1,1,3,1,-0.57,0.00,98.15,0.00,0.00,220.00,BP_TPCCharacter_C_1,BP_TPCCharacter_C_1,100.0,103
0,3,11.4452,2,0,CountessBossAIController_1,1,3,1,-1.71,0.00,98.15,0.00,0.00,220.00,BP_TPCCharacter_C_1,BP_TPCCharacter_C_1,100.0,103
0,3,11.4619,2,0,CountessBossAIController_1,1,3,1,-3.41,0.00,98.15,0.00,0.00,220.00,BP_TPCCharacter_C_1,BP_TPCCharacter_C_1,100.0,103
0,3,11.4785,2,0,CountessBossAIController_1,1,3,1,-5.69,0.00,98.15,0.00,0.00,220.00,BP_TPCCharacter_C_1,BP_TPCCharacter_C_1,100.0,103
0,3,11.4952,2,0,CountessBossAIController_1,1,3,1,-8.53,0.00,98.15,0.00,0.00,220.00,BP_TPCCharacter_C_1,BP_TPCCharacter_C_1,100.0,103
0,3,11.5119,2,0,CountessBossAIController_1,1,3,1,-11.95,0.00,98.15,0.00,0.00,220.00,BP_TPCCharacter_C_1,BP_TPCCharacter_C_1,100.0,103
0,3,11.5285,2,0,CountessBossAIController_1,1,3,1,-15.93,0.00,98.15,0.00,0.00,220.00,BP_TPCCharacter_C_1,BP_TPCCharacter_C_1,100.0,104
0,3,11.5452,2,0,CountessBossAIController_1,1,3,1,-20.48,0.00,98.15,0.00,0.00,220.00,BP_TPCCharacter_C_1,BP_TPCCharacter_C_1,100.0,104
0,3,11.5619,2,0,CountessBossAIController_1,1,3,1,-25.60,0.00,98.15,0.00,0.00,220.00,BP_TPCCharacter_C_1,BP_TPCCharacter_C_1,100.0,104
0,3,11.5785,2,0,CountessBossAIController_1,1,3,1,-31.29,0.00,98.15,0.00,0.00,220.00,BP_TPCCharacter_C_1,BP_TPCCharacter_C_1,100.0,104
0,3,11.5952,2,0,CountessBossAIController_1,1,3,1,-37.55,0.00,98.15,0.00,0.00,220.00,BP_TPCCharacter_C_1,BP_TPCCharacter_C_1,100.0,104
0,3,11.6119,2,0,CountessBossAIController_1,1,3,1,-44.21,0.00,98.15,0.00,0.00,220.00,BP_TPCCharacter_C_1,BP_TPCCharacter_C_1,100.0,104
0,3,11.6285,2,0,CountessBossAIController_1,1,3,1,-50.88,0.00,98.15,0.00,0.00,220.00,BP_TPCCharacter_C_1,BP_TPCCharacter_C_1,100.0,104
0,3,11.6452,2,0,CountessBossAIController_1,1,3,1,-57.55,0.00,98.15,0.00,0.00,220.00,BP_TPCCharacter_C_1,BP_TPCCharacter_C_1,100.0,105
0,3,11.6619,2,0,CountessBossAIController_1,1,3,1,-64.21,0.00,98.15,0.00,0.00,220.00,BP_TPCCharacter_C_1,BP_TPCCharacter_C_1,100.0,105
0,3,11.6785,2,0,CountessBossAIController_1,1,3,1,-70.88,0.00,98.15,0.00,0.00,220.00,BP_TPCCharacter_C_1,BP_TPCCharacter_C_1,100.0,105
0,3,11.6952,2,0,CountessBossAIController_1,1,3,1,-77.55,0.00,98.15,0.00,0.00,220.00,BP_TPCCharacter_C_1,BP_TPCCharacter_C_1,100.0,105
0,3,11.7119,2,0,CountessBossAIController_1,1,3,1,-84.21,0.00,98.15,0.00,0.00,220.00,BP_TPCCharacter_C_1,BP_TPCCharacter_C_1,100.0,105
0,3,11.7285,2,0,CountessBossAIController_1,1,3,1,-90.88,0.00,98.15,0.00,0.00,220.00,BP_TPCCharacter_C_1,BP_TPCCharacter_C_1,100.0,105
0,3,11.7452,2,0,CountessBossAIController_1,1,3,1,-97.55,0.00,98.15,0.00,0.00,220.00,BP_TPCCharacter_C_1,BP_TPCCharacter_C_1,100.0,105
0,3,11.7619,2,0,CountessBossAIController_1,1,3,1,-104.21,0.00,98.15,0.00,0.00,220.00,BP_TPCCharacter_C_1,BP_TPCCharacter_C_1,100.0,106
0,3,11.7785,2,0,CountessBossAIController_1,1,3,1,-110.88,0.00,98.15,0.00,0.00,220.00,BP_TPCCharacter_C_1,BP_TPCCharacter_C_1,100.0,106
0,3,11.7952,2,0,CountessBossAIController_1,1,3,1,-117.55,0.00,98.15,0.00,0.00,220.00,BP_TPCCharacter_C_1,BP_TPCCharacter_C_1,100.0,106
0,3,11.8119,2,0,CountessBossAIController_1,1,3,1,-124.21,0.00,98.15,0.00,0.00,220.00,BP_TPCCharacter_C_1,BP_TPCCharacter_C_1,100.0,106
0,3,11.8285,2,0,CountessBossAIController_1,1,3,1,-130.88,0.00,98.15,0.00,0.00,220.00,BP_TPCCharacter_C_1,BP_TPCCharacter_C_1,100.0,106
0,3,11.8452,2,0,CountessBossAIController_1,1,3,1,-137.55,0.00,98.15,0.00,0.00,220.00,BP_TPCCharacter_C_1,BP_TPCCharacter_C_1,100.0,106
0,3,11.8619,2,0,CountessBossAIController_1,1,3,1,-144.21,0.00,98.15,0.00,0.00,220.00,BP_TPCCharacter_C_1,BP_TPCCharacter_C_1,100.0,106
0,3,11.8785,2,0,CountessBossAIController_1,1,3,1,-150.88,0.00,98.15,0.00,0.00,220.00,BP_TPCCharacter_C_1,BP_TPCCharacter_C_1,100.0,107
0,3,11.8952,2,0,CountessBossAIController_1,1,3,1,-157.55,0.00,98.15,0.00,0.00,220.00,BP_TPCCharacter_C_1,BP_TPCCharacter_C_1,100.0,107
0,3,11.9119,2,0,CountessBossAIController_1,1,3,1,-164.21,0.00,98.15,0.00,0.00,220.00,BP_TPCCharacter_C_1,BP_TPCCharacter_C_1,100.0,107
0,3,11.9285,2,0,CountessBossAIController_1,1,3,1,-170.88,0.00,98.15,0.00,0.00,220.00,BP_TPCCharacter_C_1,BP_TPCCharacter_C_1,100.0,107
0,3,11.9452,2,0,CountessBossAIController_1,1,3,1,-177.55,0.00,98.15,0.00,0.00,220.00,BP_TPCCharacter_C_1,BP_TPCCharacter_C_1,100.0,107
0,3,11.9619,2,0,CountessBossAIController_1,1,3,1,-184.21,0.00,98.15,0.00,0.00,220.00,BP_TPCCharacter_C_1,BP_TPCCharacter_C_1,100.0,107
0,3,11.9785,2,0,CountessBossAIController_1,1,3,1,-190.88,0.00,98.15,0.00,0.00,220.00,BP_TPCCharacter_C_1,BP_TPCCharacter_C_1,100.0,107
0,3,11.9952,2,0,CountessBossAIController_1,1,3,1,-197.55,0.00,98.15,0.00,0.00,220.00,BP_TPCCharacter_C_1,BP_TPCCharacter_C_1,100.0,108
0,3,12.0119,2,0,CountessBossAIController_1,1,3,1,-204.21,0.00,98.15,0.00,0.00,220.00,BP_TPCCharacter_C_1,BP_TPCCharacter_C_1,100.0,108
0,3,12.0285,2,0,CountessBossAIController_1,1,3,1,-210.88,0.00,98.15,0.00,0.00,220.00,BP_TPCCharacter_C_1,BP_TPCCharacter_C_1,100.0,108
0,3,12.0452,2,0,CountessBossAIController_1,1,3,1,-217.55,0.00,98.15,0.00,0.00,220.00,BP_TPCCharacter_C_1,BP_TPCCharacter_C_1,100.0,108
0,3,12.0619,2,0,CountessBossAIController_1,1,3,1,-224.21,0.00,98.15,0.00,0.00,220.00,BP_TPCCharacter_C_1,BP_TPCCharacter_C_1,100.0,108
0,3,12.0785,2,0,CountessBossAIController_1,1,3,1,-230.88,0.00,98.15,0.00,0.00,220.00,BP_TPCCharacter_C_1,BP_TPCCharacter_C_1,100.0,108
0,3,12.0952,2,0,CountessBossAIController_1,1,3,1,-237.55,0.00,98.15,0.00,0.00,220.00,BP_TPCCharacter_C_1,BP_TPCCharacter_C_1,100.0,108
0,3,12.1119,2,0,CountessBossAIController_1,1,3,1,-244.21,0.00,98.15,0.00,0.00,220.00,BP_TPCCharacter_C_1,BP_TPCCharacter_C_1,100.0,109
0,3,12.1285,2,0,CountessBossAIController_1,1,3,1,-250.88,0.00,98.15,0.00,0.00,220.00,BP_TPCCharacter_C_1,BP_TPCCharacter_C_1,100.0,109
0,3,12.1452,2,0,CountessBossAIController_1,1,3,1,-257.55,0.00,98.15,0.00,0.00,220.00,BP_TPCCharacter_C_1,BP_TPCCharacter_C_1,100.0,109
0,3,12.1619,2,0,CountessBossAIController_1,1,3,1,-264.21,0.00,98.15,0.00,0.00,220.00,BP_TPCCharacter_C_1,BP_TPCCharacter_C_1,100.0,109
0,3,12.1785,2,0,CountessBossAIController_1,1,3,1,-270.88,0.00,98.15,0.00,0.00,220.00,BP_TPCCharacter_C_1,BP_TPCCharacter_C_1,100.0,109
0,3,12.1952,2,0,CountessBossAIController_1,1,3,1,-277.55,0.00,98.15,0.00,0.00,220.00,BP_TPCCharacter_C_1,BP_TPCCharacter_C_1,100.0,109
0,3,12.2119,2,0,CountessBossAIController_1,1,3,1,-284.21,0.00,98.15,0.00,0.00,220.00,BP_TPCCharacter_C_1,BP_TPCCharacter_C_1,100.0,109
0,3,12.2285,2,0,CountessBossAIController_1,1,3,1,-287.21,0.00,98.15,0.00,0.00,220.00,BP_TPCCharacter_C_1,BP_TPCCharacter_C_1,100.0,110
0,3,12.2452,2,0,CountessBossAIController_1,1,3,1,-289.88,0.81,98.15,0.00,0.00,220.00,BP_TPCCharacter_C_1,BP_TPCCharacter_C_1,100.0,110
0,3,12.2619,2,0,CountessBossAIController_1,1,3,1,-292.26,2.30,98.15,0.00,0.00,220.00,BP_TPCCharacter_C_1,BP_TPCCharacter_C_1,100.0,110
0,3,12.2785,2,0,CountessBossAIController_1,1,3,1,-294.39,4.39,98.15,0.00,0.00,220.00,BP_TPCCharacter_C_1,BP_TPCCharacter_C_1,100.0,110
0,3,12.2952,2,0,CountessBossAIController_1,1,3,1,-296.51,6.51,98.15,0.00,0.00,220.00,BP_TPCCharacter_C_1,BP_TPCCharacter_C_1,100.0,110
0,3,12.3119,2,0,CountessBossAIController_1,1,3,1,-298.63,8.63,98.15,0.00,0.00,220.00,BP_TPCCharacter_C_1,BP_TPCCharacter_C_1,100.0,110
0,3,12.3285,2,0,CountessBossAIController_1,1,3,1,-300.75,10.76,98.15,0.00,0.00,220.00,BP_TPCCharacter_C_1,BP_TPCCharacter_C_1,100.0,110
0,3,12.3452,2,0,CountessBossAIController_1,1,3,1,-302.87,12.88,98.15,0.00,0.00,220.00,BP_TPCCharacter_C_1,BP_TPCCharacter_C_1,100.0,111
0,3,12.3619,2,0,CountessBossAIController_1,1,3,1,-304.99,15.00,98.15,0.00,0.00,220.00,BP_TPCCharacter_C_1,BP_TPCCharacter_C_1,100.0,111
0,3,12.3785,2,0,CountessBossAIController_1,1,3,1,-307.11,17.12,98.15,0.00,0.00,220.00,BP_TPCCharacter_C_1,BP_TPCCharacter_C_1,100.0,111
0,3,12.3952,2,0,CountessBossAIController_1,1,3,1,-309.24,19.24,98.15,0.00,0.00,220.00,BP_TPCCharacter_C_1,BP_TPCCharacter_C_1,100.0,111
0,3,12.4119,2,0,CountessBossAIController_1,1,3,1,-311.36,21.36,98.15,0.00,0.00,220.00,BP_TPCCharacter_C_1,BP_TPCCharacter_C_1,100.0,111
0,3,12.4285,2,0,CountessBossAIController_1,1,3,1,-313.48,23.48,98.15,0.00,0.00,220.00,BP_TPCCharacter_C_1,BP_TPCCharacter_C_1,100.0,111
0,3,12.4452,2,0,CountessBossAIController_1,1,3,1,-315.60,25.60,98.15,0.00,0.00,220.00,BP_TPCCharacter_C_1,BP_TPCCharacter_C_1,100.0,111
0,3,12.4619,2,0,CountessBossAIController_1,1,3,1,-317.72,27.73,98.15,0.00,0.00,220.00,BP_TPCCharacter_C_1,BP_TPCCharacter_C_1,100.0,112
0,3,12.4785,2,0,CountessBossAIController_1,1,3,1,-319.84,29.85,98.15,0.00,0.00,220.00,BP_TPCCharacter_C_1,BP_TPCCharacter_C_1,100.0,112
0,3,12.4952,2,0,CountessBossAIController_1,1,3,1,-321.96,31.97,98.15,0.00,0.00,220.00,BP_TPCCharacter_C_1,BP_TPCCharacter_C_1,100.0,112
0,3,12.5119,2,0,CountessBossAIController_1,1,3,1,-324.09,34.09,98.15,0.00,0.00,220.00,BP_TPCCharacter_C_1,BP_TPCCharacter_C_1,100.0,112
0,3,12.5285,2,0,CountessBossAIController_1,1,3,1,-326.21,36.21,98.15,0.00,0.00,220.00,BP_TPCCharacter_C_1,BP_TPCCharacter_C_1,100.0,112
0,3,12.5452,2,0,CountessBossAIController_1,1,3,1,-328.33,38.33,98.15,0.00,0.00,220.00,BP_TPCCharacter_C_1,BP_TPCCharacter_C_1,100.0,112
0,3,12.5619,2,0,CountessBossAIController_1,1,3,1,-330.45,40.45,98.15,0.00,0.00,220.00,BP_TPCCharacter_C_1,BP_TPCCharacter_C_1,100.0,112
0,3,12.5785,2,0,CountessBossAIController_1,1,3,1,-332.57,42.57,98.15,0.00,0.00,220.00,BP_TPCCharacter_C_1,BP_TPCCharacter_C_1,100.0,113
0,3,12.5952,2,0,CountessBossAIController_1,1,3,1,-334.69,44.70,98.15,0.00,0.00,220.00,BP_TPCCharacter_C_1,BP_TPCCharacter_C_1,100.0,113
0,3,12.6119,2,0,CountessBossAIController_1,1,3,1,-336.81,46.82,98.15,0.00,0.00,220.00,BP_TPCCharacter_C_1,BP_TPCCharacter_C_1,100.0,113
0,3,12.6285,2,0,CountessBossAIController_1,1,3,1,-338.94,48.94,98.15,0.00,0.00,220.00,BP_TPCCharacter_C_1,BP_TPCCharacter_C_1,100.0,113
0,3,12.6452,2,0,CountessBossAIController_1,1,3,1,-340.98,51.13,98.15,0.00,0.00,220.00,BP_TPCCharacter_C_1,BP_TPCCharacter_C_1,100.0,113
0,3,12.6619,2,0,CountessBossAIController_1,1,3,1,-343.03,53.32,98.15,0.00,0.00,220.00,BP_TPCCharacter_C_1,BP_TPCCharacter_C_1,100.0,113
0,3,12.6785,2,0,CountessBossAIController_1,1,3,1,-345.08,55.51,98.15,0.00,0.00,220.00,BP_TPCCharacter_C_1,BP_TPCCharacter_C_1,100.0,113
0,3,12.6952,2,0,CountessBossAIController_1,1,3,1,-347.13,57.70,98.15,0.00,0.00,220.00,BP_TPCCharacter_C_1,BP_TPCCharacter_C_1,100.0,114
0,3,12.7119,2,0,CountessBossAIController_1,1,3,1,-349.18,59.89,98.15,0.00,0.00,220.00,BP_TPCCharacter_C_1,BP_TPCCharacter_C_1,100.0,114
0,3,12.7285,2,0,CountessBossAIController_1,1,3,1,-351.23,62.08,98.15,0.00,0.00,220.00,BP_TPCCharacter_C_1,BP_TPCCharacter_C_1,100.0,114
0,3,12.7452,2,0,CountessBossAIController_1,1,3,1,-353.28,64.27,98.15,0.00,0.00,220.00,BP_TPCCharacter_C_1,BP_TPCCharacter_C_1,100.0,114
0,3,12.7619,2,0,CountessBossAIController_1,1,3,1,-355.33,66.46,98.15,0.00,0.00,220.00,BP_TPCCharacter_C_1,BP_TPCCharacter_C_1,100.0,114
0,3,12.7785,2,0,CountessBossAIController_1,1,3,1,-357.38,68.66,98.15,0.00,0.00,220.00,BP_TPCCharacter_C_1,BP_TPCCharacter_C_1,100.0,114
0,3,12.7952,2,0,CountessBossAIController_1,1,3,1,-359.43,70.85,98.15,0.00,0.00,220.00,BP_TPCCharacter_C_1,BP_TPCCharacter_C_1,100.0,114
0,3,12.8119,2,0,CountessBossAIController_1,1,3,1,-361.48,73.04,98.15,0.00,0.00,220.00,BP_TPCCharacter_C_1,BP_TPCCharacter_C_1,100.0,115
0,3,12.8285,2,0,CountessBossAIController_1,1,3,1,-363.53,75.23,98.15,0.00,0.00,220.00,BP_TPCCharacter_C_1,BP_TPCCharacter_C_1,100.0,115
0,3,12.8452,2,0,CountessBossAIController_1,1,3,1,-365.58,77.42,98.15,0.00,0.00,220.00,BP_TPCCharacter_C_1,BP_TPCCharacter_C_1,100.0,115
0,3,12.8619,2,0,CountessBossAIController_1,1,3,1,-367.63,79.61,98.15,0.00,0.00,220.00,BP_TPCCharacter_C_1,BP_TPCCharacter_C_1,100.0,115
0,3,12.8785,2,0,CountessBossAIController_1,1,3,1,-369.68,81.80,98.15,0.00,0.00,220.00,BP_TPCCharacter_C_1,BP_TPCCharacter_C_1,100.0,115
0,3,12.8952,2,0,CountessBossAIController_1,1,3,1,-371.73,83.99,98.15,0.00,0.00,220.00,BP_TPCCharacter_C_1,BP_TPCCharacter_C_1,100.0,115
0,3,12.9119,2,0,CountessBossAIController_1,1,3,1,-373.78,86.18,98.15,0.00,0.00,220.00,BP_TPCCharacter_C_1,BP_TPCCharacter_C_1,100.0,115
0,3,12.9285,2,0,CountessBossAIController_1,1,3,1,-375.83,88.37,98.15,0.00,0.00,220.00,BP_TPCCharacter_C_1,BP_TPCCharacter_C_1,100.0,116
0,3,12.9452,2,0,CountessBossAIController_1,1,3,1,-377.88,90.56,98.15,0.00,0.00,220.00,BP_TPCCharacter_C_1,BP_TPCCharacter_C_1,100.0,116
0,3,12.9619,2,0,CountessBossAIController_1,1,3,1,-379.93,92.75,98.15,0.00,0.00,220.00,BP_TPCCharacter_C_1,BP_TPCCharacter_C_1,100.0,116
0,3,12.9785,2,0,CountessBossAIController_1,1,3,1,-381.98,94.94,98.15,0.00,0.00,220.00,BP_TPCCharacter_C_1,BP_TPCCharacter_C_1,100.0,116
0,3,12.9952,2,0,CountessBossAIController_1,1,3,1,-384.02,97.14,98.15,0.00,0.00,220.00,BP_TPCCharacter_C_1,BP_TPCCharacter_C_1,100.0,116
0,3,13.0119,2,0,CountessBossAIController_1,1,3,1,-386.07,99.33,98.15,0.00,0.00,220.00,BP_TPCCharacter_C_1,BP_TPCCharacter_C_1,100.0,116
0,3,13.0285,2,0,CountessBossAIController_1,1,3,1,-388.12,101.52,98.15,0.00,0.00,220.00,BP_TPCCharacter_C_1,BP_TPCCharacter_C_1,100.0,116
0,3,13.0452,2,0,CountessBossAIController_1,1,3,1,-390.23,103.65,98.15,0.00,0.00,220.00,BP_TPCCharacter_C_1,BP_TPCCharacter_C_1,100.0,117
0,3,13.0619,2,0,CountessBossAIController_1,1,3,1,-392.33,105.79,98.15,0.00,0.00,220.00,BP_TPCCharacter_C_1,BP_TPCCharacter_C_1,100.0,117
0,3,13.0785,2,0,CountessBossAIController_1,1,3,1,-394.44,107.93,98.15,0.00,0.00,220.00,BP_TPCCharacter_C_1,BP_TPCCharacter_C_1,100.0,117
0,3,13.0952,2,0,CountessBossAIController_1,1,3,1,-396.54,110.07,98.15,0.00,0.00,220.00,BP_TPCCharacter_C_1,BP_TPCCharacter_C_1,100.0,117
0,3,13.1119,2,0,CountessBossAIController_1,1,3,1,-398.64,112.21,98.15,0.00,0.00,220.00,BP_TPCCharacter_C_1,BP_TPCCharacter_C_1,100.0,117
0,3,13.1285,2,0,CountessBossAIController_1,1,3,1,-400.75,114.35,98.15,0.00,0.00,220.00,BP_TPCCharacter_C_1,BP_TPCCharacter_C_1,100.0,117
0,3,13.1452,2,0,CountessBossAIController_1,1,3,1,-402.85,116.49,98.15,0.00,0.00,220.00,BP_TPCCharacter_C_1,BP_TPCCharacter_C_1,100.0,117
0,3,13.1619,2,0,CountessBossAIController_1,1,3,1,-404.96,118.62,98.15,0.00,0.00,220.00,BP_TPCCharacter_C_1,BP_TPCCharacter_C_1,100.0,118
0,3,13.1785,2,0,CountessBossAIController_1,1,3,1,-407.06,120.76,98.15,0.00,0.00,220.00,BP_TPCCharacter_C_1,BP_TPCCharacter_C_1,100.0,118
0,3,13.1952,2,0,CountessBossAIController_1,1,3,1,-409.16,122.90,98.15,0.00,0.00,220.00,BP_TPCCharacter_C_1,BP_TPCCharacter_C_1,100.0,118
0,3,13.2119,2,0,CountessBossAIController_1,1,3,1,-411.27,125.04,98.15,0.00,0.00,220.00,BP_TPCCharacter_C_1,BP_TPCCharacter_C_1,100.0,118
0,3,13.2285,2,0,CountessBossAIController_1,1,3,1,-413.37,127.18,98.15,0.00,0.00,220.00,BP_TPCCharacter_C_1,BP_TPCCharacter_C_1,100.0,118
0,3,13.2452,2,0,CountessBossAIController_1,1,3,1,-415.48,129.32,98.15,0.00,0.00,220.00,BP_TPCCharacter_C_1,BP_TPCCharacter_C_1,100.0,118
0,3,13.2619,2,0,CountessBossAIController_1,1,3,1,-417.58,131.45,98.15,0.00,0.00,220.00,BP_TPCCharacter_C_1,BP_TPCCharacter_C_1,100.0,118
0,3,13.2785,2,0,CountessBossAIController_1,1,3,1,-419.69,133.59,98.15,0.00,0.00,220.00,BP_TPCCharacter_C_1,BP_TPCCharacter_C_1,100.0,119
0,3,13.2952,2,0,CountessBossAIController_1,1,3,1,-421.79,135.73,98.15,0.00,0.00,220.00,BP_TPCCharacter_C_1,BP_TPCCharacter_C_1,100.0,119
0,3,13.3119,2,0,CountessBossAIController_1,1,3,1,-423.89,137.87,98.15,0.00,0.00,220.00,BP_TPCCharacter_C_1,BP_TPCCharacter_C_1,100.0,119
0,3,13.3285,2,0,CountessBossAIController_1,1,3,1,-426.00,140.01,98.15,0.00,0.00,220.00,BP_TPCCharacter_C_1,BP_TPCCharacter_C_1,100.0,119
0,3,13.3452,2,0,CountessBossAIController_1,1,3,1,-428.10,142.15,98.15,0.00,0.00,220.00,BP_TPCCharacter_C_1,BP_TPCCharacter_C_1,100.0,119
0,3,13.3619,2,0,CountessBossAIController_1,1,3,1,-430.21,144.28,98.15,0.00,0.00,220.00,BP_TPCCharacter_C_1,BP_TPCCharacter_C_1,100.0,119
0,3,13.3785,2,0,CountessBossAIController_1,1,3,1,-432.31,146.42,98.15,0.00,0.00,220.00,BP_TPCCharacter_C_1,BP_TPCCharacter_C_1,100.0,119
0,3,13.3952,2,0,CountessBossAIController_1,1,3,1,-434.41,148.56,98.15,0.00,0.00,220.00,BP_TPCCharacter_C_1,BP_TPCCharacter_C_1,100.0,120
0,3,13.4119,2,0,CountessBossAIController_1,1,3,1,-436.52,150.70,98.15,0.00,0.00,220.00,BP_TPCCharacter_C_1,BP_TPCCharacter_C_1,100.0,120
0,3,13.4285,2,0,CountessBossAIController_1,1,3,1,-436.52,150.70,98.15,0.00,0.00,220.00,BP_TPCCharacter_C_1,BP_TPCCharacter_C_1,100.0,120
0,3,13.4452,2,0,CountessBossAIController_1,1,3,1,-436.96,151.05,98.15,0.00,0.00,220.00,BP_TPCCharacter_C_1,BP_TPCCharacter_C_1,100.0,120
0,3,13.4619,2,0,CountessBossAIController_1,1,3,1,-437.86,151.76,98.15,0.00,0.00,220.00,BP_TPCCharacter_C_1,BP_TPCCharacter_C_1,100.0,120
0,3,13.4785,2,0,CountessBossAIController_1,1,3,1,-439.20,152.82,98.15,0.00,0.00,220.00,BP_TPCCharacter_C_1,BP_TPCCharacter_C_1,100.0,120
0,3,13.4952,2,0,CountessBossAIController_1,1,3,1,-440.98,154.23,98.15,0.00,0.00,220.00,BP_TPCCharacter_C_1,BP_TPCCharacter_C_1,100.0,120
0,3,13.5119,2,0,CountessBossAIController_1,1,3,1,-443.21,155.99,98.15,0.00,0.00,220.00,BP_TPCCharacter_C_1,BP_TPCCharacter_C_1,100.0,121
0,3,13.5285,2,0,CountessBossAIController_1,1,3,1,-445.56,157.85,98.15,0.00,0.00,220.00,BP_TPCCharacter_C_1,BP_TPCCharacter_C_1,100.0,121
0,3,13.5452,2,0,CountessBossAIController_1,1,3,1,-447.92,159.71,98.15,0.00,0.00,220.00,BP_TPCCharacter_C_1,BP_TPCCharacter_C_1,100.0,121
0,3,13.5619,2,0,CountessBossAIController_1,1,3,1,-450.27,161.58,98.15,0.00,0.00,220.00,BP_TPCCharacter_C_1,BP_TPCCharacter_C_1,100.0,121
0,3,13.5785,2,0,CountessBossAIController_1,1,3,1,-452.62,163.44,98.15,0.00,0.00,220.00,BP_TPCCharacter_C_1,BP_TPCCharacter_C_1,100.0,121
0,3,13.5952,2,0,CountessBossAIController_1,1,3,1,-454.98,165.30,98.15,0.00,0.00,220.00,BP_TPCCharacter_C_1,BP_TPCCharacter_C_1,100.0,121
0,3,13.6119,2,0,CountessBossAIController_1,1,3,1,-457.33,167.16,98.15,0.00,0.00,220.00,BP_TPCCharacter_C_1,BP_TPCCharacter_C_1,100.0,121
0,3,13.6285,2,0,CountessBossAIController_1,1,3,1,-459.68,169.02,98.15,0.00,0.00,220.00,BP_TPCCharacter_C_1,BP_TPCCharacter_C_1,100.0,122
0,3,13.6452,2,0,CountessBossAIController_1,1,3,1,-462.04,170.88,98.15,0.00,0.00,220.00,BP_TPCCharacter_C_1,BP_TPCCharacter_C_1,100.0,122
0,3,13.6619,2,0,CountessBossAIController_1,1,3,1,-464.39,172.74,98.15,0.00,0.00,220.00,BP_TPCCharacter_C_1,BP_TPCCharacter_C_1,100.0,122
0,3,13.6785,2,0,CountessBossAIController_1,1,3,1,-466.74,174.60,98.15,0.00,0.00,220.00,BP_TPCCharacter_C_1,BP_TPCCharacter_C_1,100.0,122
0,3,13.6952,2,0,CountessBossAIController_1,1,3,1,-469.09,176.46,98.15,0.00,0.00,220.00,BP_TPCCharacter_C_1,BP_TPCCharacter_C_1,100.0,122
0,3,13.7119,2,0,CountessBossAIController_1,1,3,1,-471.45,178.32,98.15,0.00,0.00,220.00,BP_TPCCharacter_C_1,BP_TPCCharacter_C_1,100.0,122
0,3,13.7285,2,0,CountessBossAIController_1,1,3,1,-473.80,180.19,98.15,0.00,0.00,220.00,BP_TPCCharacter_C_1,BP_TPCCharacter_C_1,100.0,122
0,3,13.7452,2,0,CountessBossAIController_1,1,3,1,-476.15,182.05,98.15,0.00,0.00,220.00,BP_TPCCharacter_C_1,BP_TPCCharacter_C_1,100.0,123
0,3,13.7619,2,0,CountessBossAIController_1,1,3,1,-478.51,183.91,98.15,0.00,0.00,220.00,BP_TPCCharacter_C_1,BP_TPCCharacter_C_1,100.0,123
0,3,13.7785,2,0,CountessBossAIController_1,1,3,1,-480.86,185.77,98.15,0.00,0.00,220.00,BP_TPCCharacter_C_1,BP_TPCCharacter_C_1,100.0,123
0,3,13.7952,2,0,CountessBossAIController_1,1,3,1,-483.21,187.63,98.15,0.00,0.00,220.00,BP_TPCCharacter_C_1,BP_TPCCharacter_C_1,100.0,123
0,3,13.8119,2,0,CountessBossAIController_1,1,3,1,-485.57,189.49,98.15,0.00,0.00,220.00,BP_TPCCharacter_C_1,BP_TPCCharacter_C_1,100.0,123
0,3,13.8285,2,0,CountessBossAIController_1,1,3,1,-487.92,191.35,98.15,0.00,0.00,220.00,BP_TPCCharacter_C_1,BP_TPCCharacter_C_1,100.0,123
0,3,13.8452,2,0,CountessBossAIController_1,1,3,1,-490.56,192.77,98.15,0.00,0.00,220.00,BP_TPCCharacter_C_1,BP_TPCCharacter_C_1,100.0,123
0,3,13.8619,2,0,CountessBossAIController_1,1,3,1,-493.20,194.20,98.15,0.00,0.00,220.00,BP_TPCCharacter_C_1,BP_TPCCharacter_C_1,100.0,124
0,3,13.8785,2,0,CountessBossAIController_1,1,3,1,-495.84,195.62,98.15,0.00,0.00,220.00,BP_TPCCharacter_C_1,BP_TPCCharacter_C_1,100.0,124
0,3,13.8952,2,0,CountessBossAIController_1,1,3,1,-498.48,197.04,98.15,0.00,0.00,220.00,BP_TPCCharacter_C_1,BP_TPCCharacter_C_1,100.0,124
0,3,13.9119,2,0,CountessBossAIController_1,1,3,1,-501.13,198.46,98.15,0.00,0.00,220.00,BP_TPCCharacter_C_1,BP_TPCCharacter_C_1,100.0,124
0,3,13.9285,2,0,CountessBossAIController_1,1,3,1,-503.77,199.89,98.15,0.00,0.00,220.00,BP_TPCCharacter_C_1,BP_TPCCharacter_C_1,100.0,124
0,3,13.9452,2,0,CountessBossAIController_1,1,3,1,-506.41,201.31,98.15,0.00,0.00,220.00,BP_TPCCharacter_C_1,BP_TPCCharacter_C_1,100.0,124
0,3,13.9619,2,0,CountessBossAIController_1,1,3,1,-509.05,202.73,98.15,0.00,0.00,220.00,BP_TPCCharacter_C_1,BP_TPCCharacter_C_1,100.0,124
0,3,13.9785,2,0,CountessBossAIController_1,1,3,1,-511.69,204.15,98.15,0.00,0.00,220.00,BP_TPCCharacter_C_1,BP_TPCCharacter_C_1,100.0,125
0,3,13.9952,2,0,CountessBossAIController_1,1,3,1,-514.33,205.57,98.15,0.00,0.00,220.00,BP_TPCCharacter_C_1,BP_TPCCharacter_C_1,100.0,125
0,3,14.0119,2,0,CountessBossAIController_1,1,3,1,-516.97,207.00,98.15,0.00,0.00,220.00,BP_TPCCharacter_C_1,BP_TPCCharacter_C_1,100.0,125
0,3,14.0285,2,0,CountessBossAIController_1,1,3,1,-519.62,208.42,98.15,0.00,0.00,220.00,BP_TPCCharacter_C_1,BP_TPCCharacter_C_1,100.0,125
0,3,14.0452,2,0,CountessBossAIController_1,1,3,1,-522.26,209.84,98.15,0.00,0.00,220.00,BP_TPCCharacter_C_1,BP_TPCCharacter_C_1,100.0,125
0,3,14.0619,2,0,CountessBossAIController_1,1,3,1,-524.90,211.26,98.15,0.00,0.00,220.00,BP_TPCCharacter_C_1,BP_TPCCharacter_C_1,100.0,125
0,3,14.0785,2,0,CountessBossAIController_1,1,3,1,-527.54,212.69,98.15,0.00,0.00,220.00,BP_TPCCharacter_C_1,BP_TPCCharacter_C_1,100.0,125
0,3,14.0952,2,0,CountessBossAIController_1,1,3,1,-530.18,214.11,98.15,0.00,0.00,220.00,BP_TPCCharacter_C_1,BP_TPCCharacter_C_1,100.0,126
0,3,14.1119,2,0,CountessBossAIController_1,1,3,1,-532.82,215.53,98.15,0.00,0.00,220.00,BP_TPCCharacter_C_1,BP_TPCCharacter_C_1,100.0,126
0,3,14.1285,2,0,CountessBossAIController_1,1,3,1,-535.47,216.95,98.15,0.00,0.00,220.00,BP_TPCCharacter_C_1,BP_TPCCharacter_C_1,100.0,126
0,3,14.1452,2,0,CountessBossAIController_1,1,3,1,-538.11,218.37,98.15,0.00,0.00,220.00,BP_TPCCharacter_C_1,BP_TPCCharacter_C_1,100.0,126
0,3,14.1619,2,0,CountessBossAIController_1,1,0,1,-540.75,219.80,98.15,0.00,0.00,220.00,BP_TPCCharacter_C_1,BP_TPCCharacter_C_1,100.0,126
0,3,14.1785,2,0,CountessBossAIController_1,1,0,1,-540.75,219.80,98.15,0.00,0.00,220.00,BP_TPCCharacter_C_1,BP_TPCCharacter_C_1,100.0,126
0,3,14.1952,2,0,CountessBossAIController_1,1,0,1,-540.75,219.80,98.15,0.00,0.00,220.00,BP_TPCCharacter_C_1,BP_TPCCharacter_C_1,100.0,126
0,3,14.2119,2,0,CountessBossAIController_1,1,3,1,-540.75,219.80,98.15,0.00,0.00,220.00,BP_TPCCharacter_C_1,BP_TPCCharacter_C_1,100.0,127
0,3,14.2285,2,0,CountessBossAIController_1,1,3,1,-541.29,219.95,98.15,0.00,0.00,220.00,BP_TPCCharacter_C_1,BP_TPCCharacter_C_1,100.0,127
0,3,14.2452,2,0,CountessBossAIController_1,1,3,1,-542.39,220.27,98.15,0.00,0.00,220.00,BP_TPCCharacter_C_1,BP_TPCCharacter_C_1,100.0,127
0,3,14.2619,2,0,CountessBossAIController_1,1,3,1,-544.03,220.74,98.15,0.00,0.00,220.00,BP_TPCCharacter_C_1,BP_TPCCharacter_C_1,100.0,127
0,3,14.2785,2,0,CountessBossAIController_1,1,3,1,-546.21,221.38,98.15,0.00,0.00,220.00,BP_TPCCharacter_C_1,BP_TPCCharacter_C_1,100.0,127
0,3,14.2952,2,0,CountessBossAIController_1,1,3,1,-548.95,222.17,98.15,0.00,0.00,220.00,BP_TPCCharacter_C_1,BP_TPCCharacter_C_1,100.0,127
0,3,14.3119,2,0,CountessBossAIController_1,1,3,1,-551.83,223.00,98.15,0.00,0.00,220.00,BP_TPCCharacter_C_1,BP_TPCCharacter_C_1,100.0,127
0,3,14.3285,2,0,CountessBossAIController_1,1,3,1,-554.71,223.83,98.15,0.00,0.00,220.00,BP_TPCCharacter_C_1,BP_TPCCharacter_C_1,100.0,128
0,3,14.3452,2,0,CountessBossAIController_1,1,3,1,-557.59,224.67,98.15,0.00,0.00,220.00,BP_TPCCharacter_C_1,BP_TPCCharacter_C_1,100.0,128
0,3,14.3619,2,0,CountessBossAIController_1,1,3,1,-560.47,225.50,98.15,0.00,0.00,220.00,BP_TPCCharacter_C_1,BP_TPCCharacter_C_1,100.0,128
0,3,14.3785,2,0,CountessBossAIController_1,1,3,1,-563.36,226.33,98.15,0.00,0.00,220.00,BP_TPCCharacter_C_1,BP_TPCCharacter_C_1,100.0,128
0,3,14.3952,2,0,CountessBossAIController_1,1,3,1,-566.24,227.17,98.15,0.00,0.00,220.00,BP_TPCCharacter_C_1,BP_TPCCharacter_C_1,100.0,128
0,3,14.4119,2,0,CountessBossAIController_1,1,3,1,-569.12,228.00,98.15,0.00,0.00,220.00,BP_TPCCharacter_C_1,BP_TPCCharacter_C_1,100.0,128
0,3,14.4285,2,0,CountessBossAIController_1,1,3,1,-572.00,228.83,98.15,0.00,0.00,220.00,BP_TPCCharacter_C_1,BP_TPCCharacter_C_1,100.0,128
0,3,14.4452,2,0,CountessBossAIController_1,1,3,1,-574.88,229.67,98.15,0.00,0.00,220.00,BP_TPCCharacter_C_1,BP_TPCCharacter_C_1,100.0,129
0,3,14.4619,2,0,CountessBossAIController_1,1,3,1,-577.77,230.50,98.15,0.00,0.00,220.00,BP_TPCCharacter_C_1,BP_TPCCharacter_C_1,100.0,129
0,3,14.4785,2,0,CountessBossAIController_1,1,3,1,-580.65,231.33,98.15,0.00,0.00,220.00,BP_TPCCharacter_C_1,BP_TPCCharacter_C_1,100.0,129
0,3,14.4952,2,0,CountessBossAIController_1,1,3,1,-583.53,232.17,98.15,0.00,0.00,220.00,BP_TPCCharacter_C_1,BP_TPCCharacter_C_1,100.0,129
0,3,14.5119,2,0,CountessBossAIController_1,1,3,1,-586.41,233.00,98.15,0.00,0.00,220.00,BP_TPCCharacter_C_1,BP_TPCCharacter_C_1,100.0,129
0,3,14.5285,2,0,CountessBossAIController_1,1,3,1,-589.29,233.83,98.15,0.00,0.00,220.00,BP_TPCCharacter_C_1,BP_TPCCharacter_C_1,100.0,129
0,3,14.5452,2,0,CountessBossAIController_1,1,3,1,-592.17,234.67,98.15,0.00,0.00,220.00,BP_TPCCharacter_C_1,BP_TPCCharacter_C_1,100.0,129
0,3,14.5619,2,0,CountessBossAIController_1,1,3,1,-595.06,235.50,98.15,0.00,0.00,220.00,BP_TPCCharacter_C_1,BP_TPCCharacter_C_1,100.0,130
0,3,14.5785,2,0,CountessBossAIController_1,1,3,1,-597.94,236.33,98.15,0.00,0.00,220.00,BP_TPCCharacter_C_1,BP_TPCCharacter_C_1,100.0,130
0,3,14.5952,2,0,CountessBossAIController_1,1,0,1,-600.82,237.17,98.15,0.00,0.00,220.00,BP_TPCCharacter_C_1,BP_TPCCharacter_C_1,100.0,130
0,3,14.6119,2,0,CountessBossAIController_1,1,3,1,-600.82,237.17,98.15,0.00,0.00,220.00,BP_TPCCharacter_C_1,BP_TPCCharacter_C_1,100.0,130
0,3,14.6285,2,0,CountessBossAIController_1,1,3,1,-601.39,237.19,98.15,0.00,0.00,220.00,BP_TPCCharacter_C_1,BP_TPCCharacter_C_1,100.0,130
0,3,14.6452,2,0,CountessBossAIController_1,1,3,1,-602.53,237.25,98.15,0.00,0.00,220.00,BP_TPCCharacter_C_1,BP_TPCCharacter_C_1,100.0,130
0,3,14.6619,2,0,CountessBossAIController_1,1,3,1,-604.23,237.33,98.15,0.00,0.00,220.00,BP_TPCCharacter_C_1,BP_TPCCharacter_C_1,100.0,130
0,3,14.6785,2,0,CountessBossAIController_1,1,3,1,-606.50,237.43,98.15,0.00,0.00,220.00,BP_TPCCharacter_C_1,BP_TPCCharacter_C_1,100.0,131
0,3,14.6952,2,0,CountessBossAIController_1,1,3,1,-609.34,237.57,98.15,0.00,0.00,220.00,BP_TPCCharacter_C_1,BP_TPCCharacter_C_1,100.0,131
0,3,14.7119,2,0,CountessBossAIController_1,1,3,1,-612.34,237.71,98.15,0.00,0.00,220.00,BP_TPCCharacter_C_1,BP_TPCCharacter_C_1,100.0,131
0,3,14.7285,2,0,CountessBossAIController_1,1,3,1,-615.34,237.85,98.15,0.00,0.00,220.00,BP_TPCCharacter_C_1,BP_TPCCharacter_C_1,100.0,131
0,3,14.7452,2,0,CountessBossAIController_1,1,3,1,-618.33,237.99,98.15,0.00,0.00,220.00,BP_TPCCharacter_C_1,BP_TPCCharacter_C_1,100.0,131
0,3,14.7619,2,0,CountessBossAIController_1,1,3,1,-621.33,238.13,98.15,0.00,0.00,220.00,BP_TPCCharacter_C_1,BP_TPCCharacter_C_1,100.0,131
0,3,14.7785,2,0,CountessBossAIController_1,1,3,1,-624.33,238.27,98.15,0.00,0.00,220.00,BP_TPCCharacter_C_1,BP_TPCCharacter_C_1,100.0,131
0,3,14.7952,2,0,CountessBossAIController_1,1,3,1,-627.32,238.42,98.15,0.00,0.00,220.00,BP_TPCCharacter_C_1,BP_TPCCharacter_C_1,100.0,132
0,3,14.8119,2,0,CountessBossAIController_1,1,3,1,-630.32,238.56,98.15,0.00,0.00,220.00,BP_TPCCharacter_C_1,BP_TPCCharacter_C_1,100.0,132
0,3,14.8285,2,0,CountessBossAIController_1,1,3,1,-633.32,238.70,98.15,0.00,0.00,220.00,BP_TPCCharacter_C_1,BP_TPCCharacter_C_1,100.0,132
0,3,14.8452,2,0,CountessBossAIController_1,1,3,1,-636.31,238.84,98.15,0.00,0.00,220.00,BP_TPCCharacter_C_1,BP_TPCCharacter_C_1,100.0,132
0,3,14.8619,2,0,CountessBossAIController_1,1,3,1,-639.31,238.98,98.15,0.00,0.00,220.00,BP_TPCCharacter_C_1,BP_TPCCharacter_C_1,100.0,132
0,3,14.8785,2,0,CountessBossAIController_1,1,3,1,-642.31,239.12,98.15,0.00,0.00,220.00,BP_TPCCharacter_C_1,BP_TPCCharacter_C_1,100.0,132
0,3,14.8952,2,0,CountessBossAIController_1,1,3,1,-645.30,239.26,98.15,0.00,0.00,220.00,BP_TPCCharacter_C_1,BP_TPCCharacter_C_1,100.0,132
0,3,14.9119,2,0,CountessBossAIController_1,1,3,1,-648.30,239.40,98.15,0.00,0.00,220.00,BP_TPCCharacter_C_1,BP_TPCCharacter_C_1,100.0,133
0,3,14.9285,2,0,CountessBossAIController_1,1,3,1,-651.30,239.55,98.15,0.00,0.00,220.00,BP_TPCCharacter_C_1,BP_TPCCharacter_C_1,100.0,133
0,3,14.9452,2,0,CountessBossAIController_1,1,3,1,-654.29,239.69,98.15,0.00,0.00,220.00,BP_TPCCharacter_C_1,BP_TPCCharacter_C_1,100.0,133
0,3,14.9619,2,0,CountessBossAIController_1,1,3,1,-657.29,239.83,98.15,0.00,0.00,220.00,BP_TPCCharacter_C_1,BP_TPCCharacter_C_1,100.0,133
0,3,14.9785,2,0,CountessBossAIController_1,1,3,1,-660.29,239.97,98.15,0.00,0.00,220.00,BP_TPCCharacter_C_1,BP_TPCCharacter_C_1,100.0,133
0,3,14.9952,2,0,CountessBossAIController_1,1,0,1,-663.28,240.11,98.15,0.00,0.00,220.00,BP_TPCCharacter_C_1,BP_TPCCharacter_C_1,100.0,133
0,3,15.0119,2,0,CountessBossAIController_1,1,3,1,-663.28,240.11,98.15,0.00,0.00,220.00,BP_TPCCharacter_C_1,BP_TPCCharacter_C_1,100.0,133
0,3,15.0285,2,0,CountessBossAIController_1,1,3,1,-663.84,240.00,98.15,0.00,0.00,220.00,BP_TPCCharacter_C_1,BP_TPCCharacter_C_1,100.0,134
0,3,15.0452,2,0,CountessBossAIController_1,1,3,1,-664.96,239.77,98.15,0.00,0.00,220.00,BP_TPCCharacter_C_1,BP_TPCCharacter_C_1,100.0,134
0,3,15.0619,2,0,CountessBossAIController_1,1,3,1,-666.63,239.43,98.15,0.00,0.00,220.00,BP_TPCCharacter_C_1,BP_TPCCharacter_C_1,100.0,134
0,3,15.0785,2,0,CountessBossAIController_1,1,3,1,-668.86,238.98,98.15,0.00,0.00,220.00,BP_TPCCharacter_C_1,BP_TPCCharacter_C_1,100.0,134
0,3,15.0952,2,0,CountessBossAIController_1,1,3,1,-671.65,238.41,98.15,0.00,0.00,220.00,BP_TPCCharacter_C_1,BP_TPCCharacter_C_1,100.0,134
0,3,15.1119,2,0,CountessBossAIController_1,1,3,1,-674.59,237.81,98.15,0.00,0.00,220.00,BP_TPCCharacter_C_1,BP_TPCCharacter_C_1,100.0,134
0,3,15.1285,2,0,CountessBossAIController_1,1,3,1,-677.53,237.22,98.15,0.00,0.00,220.00,BP_TPCCharacter_C_1,BP_TPCCharacter_C_1,100.0,134
0,3,15.1452,2,0,CountessBossAIController_1,1,3,1,-680.47,236.62,98.15,0.00,0.00,220.00,BP_TPCCharacter_C_1,BP_TPCCharacter_C_1,100.0,135
0,3,15.1619,2,0,CountessBossAIController_1,1,3,1,-683.41,236.02,98.15,0.00,0.00,220.00,BP_TPCCharacter_C_1,BP_TPCCharacter_C_1,100.0,135
0,3,15.1785,2,0,CountessBossAIController_1,1,3,1,-686.35,235.42,98.15,0.00,0.00,220.00,BP_TPCCharacter_C_1,BP_TPCCharacter_C_1,100.0,135
0,3,15.1952,2,0,CountessBossAIController_1,1,3,1,-689.29,234.83,98.15,0.00,0.00,220.00,BP_TPCCharacter_C_1,BP_TPCCharacter_C_1,100.0,135
0,3,15.2119,2,0,CountessBossAIController_1,1,3,1,-692.23,234.23,98.15,0.00,0.00,220.00,BP_TPCCharacter_C_1,BP_TPCCharacter_C_1,100.0,135
0,3,15.2285,2,0,CountessBossAIController_1,1,3,1,-695.17,233.63,98.15,0.00,0.00,220.00,BP_TPCCharacter_C_1,BP_TPCCharacter_C_1,100.0,135
0,3,15.2452,2,0,CountessBossAIController_1,1,3,1,-698.11,233.03,98.15,0.00,0.00,220.00,BP_TPCCharacter_C_1,BP_TPCCharacter_C_1,100.0,135
0,3,15.2619,2,0,CountessBossAIController_1,1,3,1,-701.05,232.44,98.15,0.00,0.00,220.00,BP_TPCCharacter_C_1,BP_TPCCharacter_C_1,100.0,136
0,3,15.2785,2,0,CountessBossAIController_1,1,3,1,-703.99,231.84,98.15,0.00,0.00,220.00,BP_TPCCharacter_C_1,BP_TPCCharacter_C_1,100.0,136
0,3,15.2952,2,0,CountessBossAIController_1,1,3,1,-706.93,231.24,98.15,0.00,0.00,220.00,BP_TPCCharacter_C_1,BP_TPCCharacter_C_1,100.0,136
0,3,15.3119,2,0,CountessBossAIController_1,1,3,1,-709.87,230.64,98.15,0.00,0.00,220.00,BP_TPCCharacter_C_1,BP_TPCCharacter_C_1,100.0,136
0,3,15.3285,2,0,CountessBossAIController_1,1,3,1,-712.81,230.05,98.15,0.00,0.00,220.00,BP_TPCCharacter_C_1,BP_TPCCharacter_C_1,100.0,136
0,3,15.3452,2,0,CountessBossAIController_1,1,3,1,-715.75,229.45,98.15,0.00,0.00,220.00,BP_TPCCharacter_C_1,BP_TPCCharacter_C_1,100.0,136
0,3,15.3619,2,0,CountessBossAIController_1,1,3,1,-718.69,228.85,98.15,0.00,0.00,220.00,BP_TPCCharacter_C_1,BP_TPCCharacter_C_1,100.0,136
0,3,15.3785,2,0,CountessBossAIController_1,1,3,1,-721.63,228.25,98.15,0.00,0.00,220.00,BP_TPCCharacter_C_1,BP_TPCCharacter_C_1,100.0,137
0,3,15.3952,2,0,CountessBossAIController_1,1,0,1,-724.57,227.66,98.15,0.00,0.00,220.00,BP_TPCCharacter_C_1,BP_TPCCharacter_C_1,100.0,137
0,3,15.4119,2,0,CountessBossAIController_1,1,3,1,-724.57,227.66,98.15,0.00,0.00,220.00,BP_TPCCharacter_C_1,BP_TPCCharacter_C_1,100.0,137
0,3,15.4285,2,0,CountessBossAIController_1,1,3,1,-725.08,227.41,98.15,0.00,0.00,220.00,BP_TPCCharacter_C_1,BP_TPCCharacter_C_1,100.0,137
0,3,15.4452,2,0,CountessBossAIController_1,1,3,1,-726.10,226.91,98.15,0.00,0.00,220.00,BP_TPCCharacter_C_1,BP_TPCCharacter_C_1,100.0,137
0,3,15.4619,2,0,CountessBossAIController_1,1,3,1,-727.63,226.16,98.15,0.00,0.00,220.00,BP_TPCCharacter_C_1,BP_TPCCharacter_C_1,100.0,137
0,3,15.4785,2,0,CountessBossAIController_1,1,3,1,-729.67,225.15,98.15,0.00,0.00,220.00,BP_TPCCharacter_C_1,BP_TPCCharacter_C_1,100.0,137
0,3,15.4952,2,0,CountessBossAIController_1,1,3,1,-732.23,223.90,98.15,0.00,0.00,220.00,BP_TPCCharacter_C_1,BP_TPCCharacter_C_1,100.0,138
0,3,15.5119,2,0,CountessBossAIController_1,1,3,1,-734.92,222.58,98.15,0.00,0.00,220.00,BP_TPCCharacter_C_1,BP_TPCCharacter_C_1,100.0,138
0,3,15.5285,2,0,CountessBossAIController_1,1,3,1,-737.62,221.27,98.15,0.00,0.00,220.00,BP_TPCCharacter_C_1,BP_TPCCharacter_C_1,100.0,138
0,3,15.5452,2,0,CountessBossAIController_1,1,3,1,-740.31,219.95,98.15,0.00,0.00,220.00,BP_TPCCharacter_C_1,BP_TPCCharacter_C_1,100.0,138
0,3,15.5619,2,0,CountessBossAIController_1,1,3,1,-743.01,218.63,98.15,0.00,0.00,220.00,BP_TPCCharacter_C_1,BP_TPCCharacter_C_1,100.0,138
0,3,15.5785,2,0,CountessBossAIController_1,1,3,1,-745.70,217.31,98.15,0.00,0.00,220.00,BP_TPCCharacter_C_1,BP_TPCCharacter_C_1,100.0,138
0,3,15.5952,2,0,CountessBossAIController_1,1,3,1,-748.40,215.99,98.15,0.00,0.00,220.00,BP_TPCCharacter_C_1,BP_TPCCharacter_C_1,100.0,138
0,3,15.6119,2,0,CountessBossAIController_1,1,3,1,-751.09,214.67,98.15,0.00,0.00,220.00,BP_TPCCharacter_C_1,BP_TPCCharacter_C_1,100.0,139
0,3,15.6285,2,0,CountessBossAIController_1,1,3,1,-753.78,213.35,98.15,0.00,0.00,220.00,BP_TPCCharacter_C_1,BP_TPCCharacter_C_1,100.0,139
0,3,15.6452,2,0,CountessBossAIController_1,1,3,1,-756.48,212.03,98.15,0.00,0.00,220.00,BP_TPCCharacter_C_1,BP_TPCCharacter_C_1,100.0,139
0,3,15.6619,2,0,CountessBossAIController_1,1,3,1,-759.17,210.71,98.15,0.00,0.00,220.00,BP_TPCCharacter_C_1,BP_TPCCharacter_C_1,100.0,139
0,3,15.6785,2,0,CountessBossAIController_1,1,3,1,-761.87,209.39,98.15,0.00,0.00,220.00,BP_TPCCharacter_C_1,BP_TPCCharacter_C_1,100.0,139
0,3,15.6952,2,0,CountessBossAIController_1,1,3,1,-764.56,208.07,98.15,0.00,0.00,220.00,BP_TPCCharacter_C_1,BP_TPCCharacter_C_1,100.0,139
0,3,15.7119,2,0,CountessBossAIController_1,1,3,1,-767.26,206.75,98.15,0.00,0.00,220.00,BP_TPCCharacter_C_1,BP_TPCCharacter_C_1,100.0,139
0,3,15.7285,2,0,CountessBossAIController_1,1,3,1,-769.95,205.43,98.15,0.00,0.00,220.00,BP_TPCCharacter_C_1,BP_TPCCharacter_C_1,100.0,140
0,3,15.7452,2,0,CountessBossAIController_1,1,3,1,-772.64,204.12,98.15,0.00,0.00,220.00,BP_TPCCharacter_C_1,BP_TPCCharacter_C_1,100.0,140
0,3,15.7619,2,0,CountessBossAIController_1,1,3,1,-775.34,202.80,98.15,0.00,0.00,220.00,BP_TPCCharacter_C_1,BP_TPCCharacter_C_1,100.0,140
0,3,15.7785,2,0,CountessBossAIController_1,1,3,1,-778.03,201.48,98.15,0.00,0.00,220.00,BP_TPCCharacter_C_1,BP_TPCCharacter_C_1,100.0,140
0,3,15.7952,2,0,CountessBossAIController_1,1,0,1,-780.73,200.16,98.15,0.00,0.00,220.00,BP_TPCCharacter_C_1,BP_TPCCharacter_C_1,100.0,140
0,3,15.8119,2,0,CountessBossAIController_1,1,3,1,-780.73,200.16,98.15,0.00,0.00,220.00,BP_TPCCharacter_C_1,BP_TPCCharacter_C_1,100.0,140
0,3,15.8285,2,0,CountessBossAIController_1,1,3,1,-781.16,199.79,98.15,0.00,0.00,220.00,BP_TPCCharacter_C_1,BP_TPCCharacter_C_1,100.0,140
0,3,15.8452,2,0,CountessBossAIController_1,1,3,1,-782.02,199.04,98.15,0.00,0.00,220.00,BP_TPCCharacter_C_1,BP_TPCCharacter_C_1,100.0,141
0,3,15.8619,2,0,CountessBossAIController_1,1,3,1,-783.31,197.92,98.15,0.00,0.00,220.00,BP_TPCCharacter_C_1,BP_TPCCharacter_C_1,100.0,141
0,3,15.8785,2,0,CountessBossAIController_1,1,3,1,-785.03,196.43,98.15,0.00,0.00,220.00,BP_TPCCharacter_C_1,BP_TPCCharacter_C_1,100.0,141
0,3,15.8952,2,0,CountessBossAIController_1,1,3,1,-787.18,194.57,98.15,0.00,0.00,220.00,BP_TPCCharacter_C_1,BP_TPCCharacter_C_1,100.0,141
0,3,15.9119,2,0,CountessBossAIController_1,1,3,1,-789.44,192.61,98.15,0.00,0.00,220.00,BP_TPCCharacter_C_1,BP_TPCCharacter_C_1,100.0,141
0,3,15.9285,2,0,CountessBossAIController_1,1,3,1,-791.71,190.64,98.15,0.00,0.00,220.00,BP_TPCCharacter_C_1,BP_TPCCharacter_C_1,100.0,141
0,3,15.9452,2,0,CountessBossAIController_1,1,3,1,-793.98,188.68,98.15,0.00,0.00,220.00,BP_TPCCharacter_C_1,BP_TPCCharacter_C_1,100.0,141
0,3,15.9619,2,0,CountessBossAIController_1,1,3,1,-796.25,186.71,98.15,0.00,0.00,220.00,BP_TPCCharacter_C_1,BP_TPCCharacter_C_1,100.0,142
0,3,15.9785,2,0,CountessBossAIController_1,1,3,1,-798.51,184.75,98.15,0.00,0.00,220.00,BP_TPCCharacter_C_1,BP_TPCCharacter_C_1,100.0,142
0,3,15.9952,2,0,CountessBossAIController_1,1,3,1,-800.78,182.78,98.15,0.00,0.00,220.00,BP_TPCCharacter_C_1,BP_TPCCharacter_C_1,100.0,142
0,3,16.0119,2,0,CountessBossAIController_1,1,3,1,-803.05,180.82,98.15,0.00,0.00,220.00,BP_TPCCharacter_C_1,BP_TPCCharacter_C_1,100.0,142
0,3,16.0285,2,0,CountessBossAIController_1,1,3,1,-805.32,178.85,98.15,0.00,0.00,220.00,BP_TPCCharacter_C_1,BP_TPCCharacter_C_1,100.0,142
0,3,16.0452,2,0,CountessBossAIController_1,1,3,1,-807.58,176.89,98.15,0.00,0.00,220.00,BP_TPCCharacter_C_1,BP_TPCCharacter_C_1,100.0,142
0,3,16.0619,2,0,CountessBossAIController_1,1,3,1,-809.85,174.93,98.15,0.00,0.00,220.00,BP_TPCCharacter_C_1,BP_TPCCharacter_C_1,100.0,142
0,3,16.0785,2,0,CountessBossAIController_1,1,3,1,-812.12,172.96,98.15,0.00,0.00,220.00,BP_TPCCharacter_C_1,BP_TPCCharacter_C_1,100.0,143
0,3,16.0952,2,0,CountessBossAIController_1,1,3,1,-814.39,171.00,98.15,0.00,0.00,220.00,BP_TPCCharacter_C_1,BP_TPCCharacter_C_1,100.0,143
0,3,16.1119,2,0,CountessBossAIController_1,1,3,1,-816.65,169.03,98.15,0.00,0.00,220.00,BP_TPCCharacter_C_1,BP_TPCCharacter_C_1,100.0,143
0,3,16.1285,2,0,CountessBossAIController_1,1,3,1,-818.92,167.07,98.15,0.00,0.00,220.00,BP_TPCCharacter_C_1,BP_TPCCharacter_C_1,100.0,143
0,3,16.1452,2,0,CountessBossAIController_1,1,3,1,-821.19,165.10,98.15,0.00,0.00,220.00,BP_TPCCharacter_C_1,BP_TPCCharacter_C_1,100.0,143
0,3,16.1619,2,0,CountessBossAIController_1,1,3,1,-823.46,163.14,98.15,0.00,0.00,220.00,BP_TPCCharacter_C_1,BP_TPCCharacter_C_1,100.0,143
0,3,16.1785,2,0,CountessBossAIController_1,1,3,1,-825.72,161.17,98.15,0.00,0.00,220.00,BP_TPCCharacter_C_1,BP_TPCCharacter_C_1,100.0,143
0,3,16.1952,2,0,CountessBossAIController_1,1,0,1,-827.99,159.21,98.15,0.00,0.00,220.00,BP_TPCCharacter_C_1,BP_TPCCharacter_C_1,100.0,144
0,3,16.2119,2,0,CountessBossAIController_1,1,3,1,-827.99,159.21,98.15,0.00,0.00,220.00,BP_TPCCharacter_C_1,BP_TPCCharacter_C_1,100.0,144
0,3,16.2285,2,0,CountessBossAIController_1,1,3,1,-828.31,158.74,98.15,0.00,0.00,220.00,BP_TPCCharacter_C_1,BP_TPCCharacter_C_1,100.0,144
0,3,16.2452,2,0,CountessBossAIController_1,1,3,1,-828.95,157.80,98.15,0.00,0.00,220.00,BP_TPCCharacter_C_1,BP_TPCCharacter_C_1,100.0,144
0,3,16.2619,2,0,CountessBossAIController_1,1,3,1,-829.91,156.39,98.15,0.00,0.00,220.00,BP_TPCCharacter_C_1,BP_TPCCharacter_C_1,100.0,144
0,3,16.2785,2,0,CountessBossAIController_1,1,3,1,-831.18,154.50,98.15,0.00,0.00,220.00,BP_TPCCharacter_C_1,BP_TPCCharacter_C_1,100.0,144
0,3,16.2952,2,0,CountessBossAIController_1,1,3,1,-832.78,152.15,98.15,0.00,0.00,220.00,BP_TPCCharacter_C_1,BP_TPCCharacter_C_1,100.0,144
0,3,16.3119,2,0,CountessBossAIController_1,1,3,1,-834.47,149.67,98.15,0.00,0.00,220.00,BP_TPCCharacter_C_1,BP_TPCCharacter_C_1,100.0,145
0,3,16.3285,2,0,CountessBossAIController_1,1,3,1,-836.15,147.18,98.15,0.00,0.00,220.00,BP_TPCCharacter_C_1,BP_TPCCharacter_C_1,100.0,145
0,3,16.3452,2,0,CountessBossAIController_1,1,3,1,-837.84,144.70,98.15,0.00,0.00,220.00,BP_TPCCharacter_C_1,BP_TPCCharacter_C_1,100.0,145
0,3,16.3619,2,0,CountessBossAIController_1,1,3,1,-839.52,142.22,98.15,0.00,0.00,220.00,BP_TPCCharacter_C_1,BP_TPCCharacter_C_1,100.0,145
0,3,16.3785,2,0,CountessBossAIController_1,1,3,1,-841.20,139.74,98.15,0.00,0.00,220.00,BP_TPCCharacter_C_1,BP_TPCCharacter_C_1,100.0,145
0,3,16.3952,2,0,CountessBossAIController_1,1,3,1,-842.89,137.26,98.15,0.00,0.00,220.00,BP_TPCCharacter_C_1,BP_TPCCharacter_C_1,100.0,145
1,1,16.4119,3,2,CountessBossAIController_1,1,0,1,-844.57,134.77,98.15,0.00,0.00,220.00,BP_TPCCharacter_C_1,BP_TPCCharacter_C_1,10000.0,145
1,1,16.4285,3,2,CountessBossAIController_1,1,0,1,-844.57,134.77,98.15,0.00,0.00,220.00,BP_TPCCharacter_C_1,BP_TPCCharacter_C_1,10000.0,146
1,1,16.4452,3,2,CountessBossAIController_1,1,0,1,-844.57,134.77,98.15,0.00,0.00,220.00,BP_TPCCharacter_C_1,BP_TPCCharacter_C_1,10000.0,146
1,1,16.4619,3,2,CountessBossAIController_1,1,0,1,-844.57,134.77,98.15,0.00,0.00,220.00,BP_TPCCharacter_C_1,BP_TPCCharacter_C_1,10000.0,147
1,1,16.4785,3,2,CountessBossAIController_1,1,0,1,-844.57,134.77,98.15,0.00,0.00,220.00,BP_TPCCharacter_C_1,BP_TPCCharacter_C_1,10000.0,147
1,1,16.4952,3,2,CountessBossAIController_1,1,0,1,-844.57,134.77,98.15,0.00,0.00,220.00,BP_TPCCharacter_C_1,BP_TPCCharacter_C_1,10000.0,147
1,1,16.5119,3,2,CountessBossAIController_1,1,0,1,-844.57,134.77,98.15,0.00,0.00,220.00,BP_TPCCharacter_C_1,BP_TPCCharacter_C_1,10000.0,147
1,1,16.5285,3,2,CountessBossAIController_1,1,0,1,-844.57,134.77,98.15,0.00,0.00,220.00,BP_TPCCharacter_C_1,BP_TPCCharacter_C_1,10000.0,147
1,1,16.5452,3,2,CountessBossAIController_1,1,0,1,-844.57,134.77,98.15,0.00,0.00,220.00,BP_TPCCharacter_C_1,BP_TPCCharacter_C_1,10000.0,147
1,1,16.5619,3,2,CountessBossAIController_1,1,0,1,-844.57,134.77,98.15,0.00,0.00,220.00,BP_TPCCharacter_C_1,BP_TPCCharacter_C_1,10000.0,147
1,1,16.5785,3,2,CountessBossAIController_1,1,0,1,-844.57,134.77,98.15,0.00,0.00,220.00,BP_TPCCharacter_C_1,BP_TPCCharacter_C_1,10000.0,148
1,1,16.5952,3,2,CountessBossAIController_1,1,0,1,-844.57,134.77,98.15,0.00,0.00,220.00,BP_TPCCharacter_C_1,BP_TPCCharacter_C_1,10000.0,148
1,1,16.6119,3,2,CountessBossAIController_1,1,0,1,-844.57,134.77,98.15,0.00,0.00,220.00,BP_TPCCharacter_C_1,BP_TPCCharacter_C_1,10000.0,148
1,1,16.6285,3,2,CountessBossAIController_1,1,0,1,-844.57,134.77,98.15,0.00,0.00,220.00,BP_TPCCharacter_C_1,BP_TPCCharacter_C_1,10000.0,148
1,1,16.6452,3,2,CountessBossAIController_1,1,0,1,-844.57,134.77,98.15,0.00,0.00,220.00,BP_TPCCharacter_C_1,BP_TPCCharacter_C_1,10000.0,148
1,1,16.6619,3,2,CountessBossAIController_1,1,0,1,-844.57,134.77,98.15,0.00,0.00,220.00,BP_TPCCharacter_C_1,BP_TPCCharacter_C_1,10000.0,148
1,1,16.6785,3,2,CountessBossAIController_1,1,0,1,-844.57,134.77,98.15,0.00,0.00,220.00,BP_TPCCharacter_C_1,BP_TPCCharacter_C_1,10000.0,148
1,1,16.6952,3,2,CountessBossAIController_1,1,0,1,-844.57,134.77,98.15,0.00,0.00,220.00,BP_TPCCharacter_C_1,BP_TPCCharacter_C_1,10000.0,149
1,1,16.7119,3,2,CountessBossAIController_1,1,0,1,-844.57,134.77,98.15,0.00,0.00,220.00,BP_TPCCharacter_C_1,BP_TPCCharacter_C_1,10000.0,149
1,1,16.7285,3,2,CountessBossAIController_1,1,0,1,-844.57,134.77,98.15,0.00,0.00,220.00,BP_TPCCharacter_C_1,BP_TPCCharacter_C_1,10000.0,149
1,1,16.7452,3,2,CountessBossAIController_1,1,0,1,-844.57,134.77,98.15,0.00,0.00,220.00,BP_TPCCharacter_C_1,BP_TPCCharacter_C_1,10000.0,149
1,1,16.7619,3,2,CountessBossAIController_1,1,0,1,-844.57,134.77,98.15,0.00,0.00,220.00,BP_TPCCharacter_C_1,BP_TPCCharacter_C_1,10000.0,149
1,1,16.7785,3,2,CountessBossAIController_1,1,0,1,-844.57,134.77,98.15,0.00,0.00,220.00,BP_TPCCharacter_C_1,BP_TPCCharacter_C_1,10000.0,149
1,1,16.7952,3,2,CountessBossAIController_1,1,0,1,-844.57,134.77,98.15,0.00,0.00,220.00,BP_TPCCharacter_C_1,BP_TPCCharacter_C_1,10000.0,149
1,1,16.8119,3,2,CountessBossAIController_1,1,0,1,-844.57,134.77,98.15,0.00,0.00,220.00,BP_TPCCharacter_C_1,BP_TPCCharacter_C_1,10000.0,150
1,1,16.8285,3,2,CountessBossAIController_1,1,0,1,-844.57,134.77,98.15,0.00,0.00,220.00,BP_TPCCharacter_C_1,BP_TPCCharacter_C_1,10000.0,150
1,1,16.8452,3,2,CountessBossAIController_1,1,0,1,-844.57,134.77,98.15,0.00,0.00,220.00,BP_TPCCharacter_C_1,BP_TPCCharacter_C_1,10000.0,150
1,1,16.8619,3,2,CountessBossAIController_1,1,0,1,-844.57,134.77,98.15,0.00,0.00,220.00,BP_TPCCharacter_C_1,BP_TPCCharacter_C_1,10000.0,150
1,1,16.8785,3,2,CountessBossAIController_1,1,0,1,-844.57,134.77,98.15,0.00,0.00,220.00,BP_TPCCharacter_C_1,BP_TPCCharacter_C_1,10000.0,150
1,1,16.8952,3,2,CountessBossAIController_1,1,0,1,-844.57,134.77,98.15,0.00,0.00,220.00,BP_TPCCharacter_C_1,BP_TPCCharacter_C_1,10000.0,150
1,1,16.9119,3,2,CountessBossAIController_1,1,0,1,-844.57,134.77,98.15,0.00,0.00,220.00,BP_TPCCharacter_C_1,BP_TPCCharacter_C_1,10000.0,150
1,1,16.9285,3,2,CountessBossAIController_1,1,0,1,-844.57,134.77,98.15,0.00,0.00,220.00,BP_TPCCharacter_C_1,BP_TPCCharacter_C_1,10000.0,151
1,1,16.9452,3,2,CountessBossAIController_1,1,0,1,-844.57,134.77,98.15,0.00,0.00,220.00,BP_TPCCharacter_C_1,BP_TPCCharacter_C_1,10000.0,151
1,1,16.9619,3,2,CountessBossAIController_1,1,0,1,-844.57,134.77,98.15,0.00,0.00,220.00,BP_TPCCharacter_C_1,BP_TPCCharacter_C_1,10000.0,151
1,1,16.9785,3,2,CountessBossAIController_1,1,0,1,-844.57,134.77,98.15,0.00,0.00,220.00,BP_TPCCharacter_C_1,BP_TPCCharacter_C_1,10000.0,151
1,1,16.9952,3,2,CountessBossAIController_1,1,0,1,-844.57,134.77,98.15,0.00,0.00,220.00,BP_TPCCharacter_C_1,BP_TPCCharacter_C_1,10000.0,151
1,1,17.0119,3,2,CountessBossAIController_1,1,0,1,-844.57,134.77,98.15,0.00,0.00,220.00,BP_TPCCharacter_C_1,BP_TPCCharacter_C_1,10000.0,151
1,1,17.0285,3,2,CountessBossAIController_1,1,0,1,-844.57,134.77,98.15,0.00,0.00,220.00,BP_TPCCharacter_C_1,BP_TPCCharacter_C_1,10000.0,151
1,1,17.0452,3,2,CountessBossAIController_1,1,0,1,-844.57,134.77,98.15,0.00,0.00,220.00,BP_TPCCharacter_C_1,BP_TPCCharacter_C_1,10000.0,152
1,1,17.0619,3,2,CountessBossAIController_1,1,0,1,-844.57,134.77,98.15,0.00,0.00,220.00,BP_TPCCharacter_C_1,BP_TPCCharacter_C_1,10000.0,152
1,2,17.0785,3,2,CountessBossAIController_1,1,0,1,-844.57,134.77,98.15,0.00,0.00,220.00,BP_TPCCharacter_C_1,BP_TPCCharacter_C_1,0.0,152
1,2,17.0952,3,2,CountessBossAIController_1,1,0,1,-844.57,134.77,98.15,0.00,0.00,220.00,BP_TPCCharacter_C_1,BP_TPCCharacter_C_1,0.0,152
1,2,17.1119,3,2,CountessBossAIController_1,1,0,1,-844.57,134.77,98.15,0.00,0.00,220.00,BP_TPCCharacter_C_1,BP_TPCCharacter_C_1,0.0,152
1,2,17.1285,3,2,CountessBossAIController_1,1,0,1,-844.57,134.77,98.15,0.00,0.00,220.00,BP_TPCCharacter_C_1,BP_TPCCharacter_C_1,0.0,152
1,2,17.1452,3,2,CountessBossAIController_1,1,0,1,-844.57,134.77,98.15,0.00,0.00,220.00,BP_TPCCharacter_C_1,BP_TPCCharacter_C_1,0.0,152
1,2,17.1619,6,0,CountessBossAIController_1,1,0,1,-844.57,134.77,98.15,0.00,0.00,220.00,None,BP_TPCCharacter_C_1,0.0,153
1,2,17.1785,6,0,CountessBossAIController_1,1,0,1,-844.57,134.77,98.15,0.00,0.00,220.00,None,BP_TPCCharacter_C_1,0.0,153
1,2,17.1952,6,0,CountessBossAIController_1,1,3,1,-844.57,134.77,98.15,0.00,0.00,220.00,None,BP_TPCCharacter_C_1,0.0,154
1,2,17.2119,6,0,CountessBossAIController_1,1,3,1,-844.57,134.77,98.15,0.00,0.00,220.00,None,BP_TPCCharacter_C_1,0.0,154
1,2,17.2285,6,0,CountessBossAIController_1,1,3,1,-844.57,134.77,98.15,0.00,0.00,220.00,None,BP_TPCCharacter_C_1,0.0,154
1,2,17.2452,6,0,CountessBossAIController_1,1,3,1,-844.57,134.77,98.15,0.00,0.00,220.00,None,BP_TPCCharacter_C_1,0.0,154
1,2,17.2619,6,0,CountessBossAIController_1,1,3,1,-844.57,134.77,98.15,0.00,0.00,220.00,None,BP_TPCCharacter_C_1,0.0,154
1,2,17.2785,6,0,CountessBossAIController_1,1,3,1,-844.57,134.77,98.15,0.00,0.00,220.00,None,BP_TPCCharacter_C_1,0.0,154
1,2,17.2952,6,0,CountessBossAIController_1,1,3,1,-844.57,134.77,98.15,0.00,0.00,220.00,None,BP_TPCCharacter_C_1,0.0,154
1,2,17.3119,6,0,CountessBossAIController_1,1,3,1,-844.57,134.77,98.15,0.00,0.00,220.00,None,BP_TPCCharacter_C_1,0.0,155
1,2,17.3285,6,0,CountessBossAIController_1,1,3,1,-844.57,134.77,98.15,0.00,0.00,220.00,None,BP_TPCCharacter_C_1,0.0,155
1,2,17.3452,6,0,CountessBossAIController_1,1,3,1,-844.57,134.77,98.15,0.00,0.00,220.00,None,BP_TPCCharacter_C_1,0.0,155
1,2,17.3619,6,0,CountessBossAIController_1,1,3,1,-844.57,134.77,98.15,0.00,0.00,220.00,None,BP_TPCCharacter_C_1,0.0,155
1,2,17.3785,6,0,CountessBossAIController_1,1,3,1,-844.57,134.77,98.15,0.00,0.00,220.00,None,BP_TPCCharacter_C_1,0.0,155
1,2,17.3952,6,0,CountessBossAIController_1,1,3,1,-844.57,134.77,98.15,0.00,0.00,220.00,None,BP_TPCCharacter_C_1,0.0,155
1,2,17.4119,6,0,CountessBossAIController_1,1,3,1,-844.57,134.77,98.15,0.00,0.00,220.00,None,BP_TPCCharacter_C_1,0.0,155
1,2,17.4285,6,0,CountessBossAIController_1,1,3,1,-844.57,134.77,98.15,0.00,0.00,220.00,None,BP_TPCCharacter_C_1,0.0,156
1,2,17.4452,6,0,CountessBossAIController_1,1,3,1,-844.57,134.77,98.15,0.00,0.00,220.00,None,BP_TPCCharacter_C_1,0.0,156
1,2,17.4619,6,0,CountessBossAIController_1,1,3,1,-844.57,134.77,98.15,0.00,0.00,220.00,None,BP_TPCCharacter_C_1,0.0,156
1,2,17.4785,6,0,CountessBossAIController_1,1,3,1,-844.57,134.77,98.15,0.00,0.00,220.00,None,BP_TPCCharacter_C_1,0.0,156
1,2,17.4952,6,0,CountessBossAIController_1,1,3,1,-844.57,134.77,98.15,0.00,0.00,220.00,None,BP_TPCCharacter_C_1,0.0,156
1,2,17.5119,6,0,CountessBossAIController_1,1,3,1,-844.57,134.77,98.15,0.00,0.00,220.00,None,BP_TPCCharacter_C_1,0.0,156
1,2,17.5285,6,0,CountessBossAIController_1,1,3,1,-844.57,134.77,98.15,0.00,0.00,220.00,None,BP_TPCCharacter_C_1,0.0,156
1,2,17.5452,6,0,CountessBossAIController_1,1,3,1,-844.57,134.77,98.15,0.00,0.00,220.00,None,BP_TPCCharacter_C_1,0.0,157
1,2,17.5619,6,0,CountessBossAIController_1,1,3,1,-844.57,134.77,98.15,0.00,0.00,220.00,None,BP_TPCCharacter_C_1,0.0,157
1,2,17.5785,6,0,CountessBossAIController_1,1,3,1,-844.57,134.77,98.15,0.00,0.00,220.00,None,BP_TPCCharacter_C_1,0.0,157
1,2,17.5952,6,0,CountessBossAIController_1,1,3,1,-844.57,134.77,98.15,0.00,0.00,220.00,None,BP_TPCCharacter_C_1,0.0,157
1,2,17.6119,6,0,CountessBossAIController_1,1,3,1,-844.57,134.77,98.15,0.00,0.00,220.00,None,BP_TPCCharacter_C_1,0.0,157
1,2,17.6285,6,0,CountessBossAIController_1,1,3,1,-844.57,134.77,98.15,0.00,0.00,220.00,None,BP_TPCCharacter_C_1,0.0,157
1,2,17.6452,6,0,CountessBossAIController_1,1,3,1,-844.57,134.77,98.15,0.00,0.00,220.00,None,BP_TPCCharacter_C_1,0.0,157
1,2,17.6619,6,0,CountessBossAIController_1,1,3,1,-844.57,134.77,98.15,0.00,0.00,220.00,None,BP_TPCCharacter_C_1,0.0,158
1,2,17.6785,6,0,CountessBossAIController_1,1,3,1,-844.57,134.77,98.15,0.00,0.00,220.00,None,BP_TPCCharacter_C_1,0.0,158
1,2,17.6952,6,0,CountessBossAIController_1,1,3,1,-844.57,134.77,98.15,0.00,0.00,220.00,None,BP_TPCCharacter_C_1,0.0,158
1,2,17.7119,6,0,CountessBossAIController_1,1,3,1,-844.57,134.77,98.15,0.00,0.00,220.00,None,BP_TPCCharacter_C_1,0.0,158
1,2,17.7285,6,0,CountessBossAIController_1,1,3,1,-844.57,134.77,98.15,0.00,0.00,220.00,None,BP_TPCCharacter_C_1,0.0,158
1,2,17.7452,6,0,CountessBossAIController_1,1,3,1,-844.57,134.77,98.15,0.00,0.00,220.00,None,BP_TPCCharacter_C_1,0.0,158
1,2,17.7619,6,0,CountessBossAIController_1,1,3,1,-844.57,134.77,98.15,0.00,0.00,220.00,None,BP_TPCCharacter_C_1,0.0,158
1,2,17.7785,6,0,CountessBossAIController_1,1,3,1,-844.57,134.77,98.15,0.00,0.00,220.00,None,BP_TPCCharacter_C_1,0.0,159
1,2,17.7952,6,0,CountessBossAIController_1,1,3,1,-844.57,134.77,98.15,0.00,0.00,220.00,None,BP_TPCCharacter_C_1,0.0,159
1,2,17.8119,6,0,CountessBossAIController_1,1,3,1,-844.57,134.77,98.15,0.00,0.00,220.00,None,BP_TPCCharacter_C_1,0.0,159
1,2,17.8285,6,0,CountessBossAIController_1,1,3,1,-844.57,134.77,98.15,0.00,0.00,220.00,None,BP_TPCCharacter_C_1,0.0,159
1,2,17.8452,6,0,CountessBossAIController_1,1,3,1,-844.57,134.77,98.15,0.00,0.00,220.00,None,BP_TPCCharacter_C_1,0.0,159
1,2,17.8619,6,0,CountessBossAIController_1,1,3,1,-844.01,134.68,98.15,0.00,0.00,220.00,None,BP_TPCCharacter_C_1,0.0,159
1,2,17.8785,6,0,CountessBossAIController_1,1,3,1,-842.89,134.50,98.15,0.00,0.00,220.00,None,BP_TPCCharacter_C_1,0.0,159
1,2,17.8952,6,0,CountessBossAIController_1,1,3,1,-841.20,134.24,98.15,0.00,0.00,220.00,None,BP_TPCCharacter_C_1,0.0,160
1,2,17.9119,6,0,CountessBossAIController_1,1,3,1,-838.96,133.88,98.15,0.00,0.00,220.00,None,BP_TPCCharacter_C_1,0.0,160
1,2,17.9285,6,0,CountessBossAIController_1,1,3,1,-836.15,133.43,98.15,0.00,0.00,220.00,None,BP_TPCCharacter_C_1,0.0,160
1,2,17.9452,6,0,CountessBossAIController_1,1,3,1,-832.78,132.89,98.15,0.00,0.00,220.00,None,BP_TPCCharacter_C_1,0.0,160
1,2,17.9619,6,0,CountessBossAIController_1,1,3,1,-828.84,132.26,98.15,0.00,0.00,220.00,None,BP_TPCCharacter_C_1,0.0,160
1,2,17.9785,6,0,CountessBossAIController_1,1,3,1,-824.35,131.55,98.15,0.00,0.00,220.00,None,BP_TPCCharacter_C_1,0.0,160
1,2,17.9952,6,0,CountessBossAIController_1,1,3,1,-819.29,130.74,98.15,0.00,0.00,220.00,None,BP_TPCCharacter_C_1,0.0,160
1,2,18.0119,6,0,CountessBossAIController_1,1,3,1,-813.68,129.84,98.15,0.00,0.00,220.00,None,BP_TPCCharacter_C_1,0.0,161
1,2,18.0285,6,0,CountessBossAIController_1,1,3,1,-807.50,128.86,98.15,0.00,0.00,220.00,None,BP_TPCCharacter_C_1,0.0,161
1,2,18.0452,6,0,CountessBossAIController_1,1,3,1,-800.91,127.81,98.15,0.00,0.00,220.00,None,BP_TPCCharacter_C_1,0.0,161
1,2,18.0619,6,0,CountessBossAIController_1,1,3,1,-794.33,126.76,98.15,0.00,0.00,220.00,None,BP_TPCCharacter_C_1,0.0,161
1,2,18.0785,6,0,CountessBossAIController_1,1,3,1,-787.75,125.70,98.15,0.00,0.00,220.00,None,BP_TPCCharacter_C_1,0.0,161
1,2,18.0952,6,0,CountessBossAIController_1,1,3,1,-781.16,124.65,98.15,0.00,0.00,220.00,None,BP_TPCCharacter_C_1,0.0,161
1,2,18.1119,6,0,CountessBossAIController_1,1,3,1,-774.58,123.60,98.15,0.00,0.00,220.00,None,BP_TPCCharacter_C_1,0.0,161
1,2,18.1285,6,0,CountessBossAIController_1,1,3,1,-768.00,122.55,98.15,0.00,0.00,220.00,None,BP_TPCCharacter_C_1,0.0,162
1,2,18.1452,6,0,CountessBossAIController_1,1,3,1,-761.41,121.50,98.15,0.00,0.00,220.00,None,BP_TPCCharacter_C_1,0.0,162
1,2,18.1619,6,0,CountessBossAIController_1,1,3,1,-754.83,120.45,98.15,0.00,0.00,220.00,None,BP_TPCCharacter_C_1,0.0,162
1,2,18.1785,6,0,CountessBossAIController_1,1,3,1,-748.25,119.40,98.15,0.00,0.00,220.00,None,BP_TPCCharacter_C_1,0.0,162
1,2,18.1952,6,0,CountessBossAIController_1,1,3,1,-741.66,118.35,98.15,0.00,0.00,220.00,None,BP_TPCCharacter_C_1,0.0,162
1,2,18.2119,6,0,CountessBossAIController_1,1,3,1,-735.08,117.30,98.15,0.00,0.00,220.00,None,BP_TPCCharacter_C_1,0.0,162
1,2,18.2285,6,0,CountessBossAIController_1,1,3,1,-728.50,116.25,98.15,0.00,0.00,220.00,None,BP_TPCCharacter_C_1,0.0,162
1,2,18.2452,6,0,CountessBossAIController_1,1,3,1,-721.91,115.20,98.15,0.00,0.00,220.00,None,BP_TPCCharacter_C_1,0.0,163
1,2,18.2619,6,0,CountessBossAIController_1,1,3,1,-715.33,114.15,98.15,0.00,0.00,220.00,None,BP_TPCCharacter_C_1,0.0,163
1,2,18.2785,6,0,CountessBossAIController_1,1,3,1,-708.75,113.10,98.15,0.00,0.00,220.00,None,BP_TPCCharacter_C_1,0.0,163
1,2,18.2952,6,0,CountessBossAIController_1,1,3,1,-702.16,112.05,98.15,0.00,0.00,220.00,None,BP_TPCCharacter_C_1,0.0,163
1,2,18.3119,6,0,CountessBossAIController_1,1,3,1,-695.58,111.00,98.15,0.00,0.00,220.00,None,BP_TPCCharacter_C_1,0.0,163
1,2,18.3285,6,0,CountessBossAIController_1,1,3,1,-689.00,109.95,98.15,0.00,0.00,220.00,None,BP_TPCCharacter_C_1,0.0,163
1,2,18.3452,6,0,CountessBossAIController_1,1,3,1,-682.41,108.90,98.15,0.00,0.00,220.00,None,BP_TPCCharacter_C_1,0.0,163
1,2,18.3619,6,0,CountessBossAIController_1,1,3,1,-675.83,107.85,98.15,0.00,0.00,220.00,None,BP_TPCCharacter_C_1,0.0,164
1,2,18.3785,6,0,CountessBossAIController_1,1,3,1,-669.25,106.79,98.15,0.00,0.00,220.00,None,BP_TPCCharacter_C_1,0.0,164
1,2,18.3952,6,0,CountessBossAIController_1,1,3,1,-662.66,105.74,98.15,0.00,0.00,220.00,None,BP_TPCCharacter_C_1,0.0,164
1,2,18.4119,6,0,CountessBossAIController_1,1,3,1,-656.08,104.69,98.15,0.00,0.00,220.00,None,BP_TPCCharacter_C_1,0.0,164
1,2,18.4285,6,0,CountessBossAIController_1,1,3,1,-649.50,103.64,98.15,0.00,0.00,220.00,None,BP_TPCCharacter_C_1,0.0,164
1,2,18.4452,6,0,CountessBossAIController_1,1,3,1,-642.91,102.59,98.15,0.00,0.00,220.00,None,BP_TPCCharacter_C_1,0.0,164
1,2,18.4619,6,0,CountessBossAIController_1,1,3,1,-636.33,101.54,98.15,0.00,0.00,220.00,None,BP_TPCCharacter_C_1,0.0,164
1,2,18.4785,6,0,CountessBossAIController_1,1,3,1,-629.75,100.49,98.15,0.00,0.00,220.00,None,BP_TPCCharacter_C_1,0.0,165
1,2,18.4952,6,0,CountessBossAIController_1,1,3,1,-623.16,99.44,98.15,0.00,0.00,220.00,None,BP_TPCCharacter_C_1,0.0,165
1,2,18.5119,6,0,CountessBossAIController_1,1,3,1,-616.58,98.39,98.15,0.00,0.00,220.00,None,BP_TPCCharacter_C_1,0.0,165
1,2,18.5285,6,0,CountessBossAIController_1,1,3,1,-610.00,97.34,98.15,0.00,0.00,220.00,None,BP_TPCCharacter_C_1,0.0,165
1,2,18.5452,6,0,CountessBossAIController_1,1,3,1,-603.41,96.29,98.15,0.00,0.00,220.00,None,BP_TPCCharacter_C_1,0.0,165
1,2,18.5619,6,0,CountessBossAIController_1,1,3,1,-596.83,95.24,98.15,0.00,0.00,220.00,None,BP_TPCCharacter_C_1,0.0,165
1,2,18.5785,6,0,CountessBossAIController_1,1,3,1,-590.25,94.19,98.15,0.00,0.00,220.00,None,BP_TPCCharacter_C_1,0.0,165
1,2,18.5952,6,0,CountessBossAIController_1,1,3,1,-583.66,93.14,98.15,0.00,0.00,220.00,None,BP_TPCCharacter_C_1,0.0,166
1,2,18.6119,6,0,CountessBossAIController_1,1,3,1,-577.08,92.09,98.15,0.00,0.00,220.00,None,BP_TPCCharacter_C_1,0.0,166
1,2,18.6285,6,0,CountessBossAIController_1,1,3,1,-570.49,91.04,98.15,0.00,0.00,220.00,None,BP_TPCCharacter_C_1,0.0,166
1,2,18.6452,6,0,CountessBossAIController_1,1,3,1,-563.91,89.99,98.15,0.00,0.00,220.00,None,BP_TPCCharacter_C_1,0.0,166
1,2,18.6619,6,0,CountessBossAIController_1,1,3,1,-557.33,88.94,98.15,0.00,0.00,220.00,None,BP_TPCCharacter_C_1,0.0,166
1,2,18.6785,6,0,CountessBossAIController_1,1,3,1,-550.74,87.89,98.15,0.00,0.00,220.00,None,BP_TPCCharacter_C_1,0.0,166
1,2,18.6952,6,0,CountessBossAIController_1,1,3,1,-544.16,86.83,98.15,0.00,0.00,220.00,None,BP_TPCCharacter_C_1,0.0,166
1,2,18.7119,6,0,CountessBossAIController_1,1,3,1,-537.58,85.78,98.15,0.00,0.00,220.00,None,BP_TPCCharacter_C_1,0.0,167
1,2,18.7285,6,0,CountessBossAIController_1,1,3,1,-530.99,84.73,98.15,0.00,0.00,220.00,None,BP_TPCCharacter_C_1,0.0,167
1,2,18.7452,6,0,CountessBossAIController_1,1,3,1,-524.41,83.68,98.15,0.00,0.00,220.00,None,BP_TPCCharacter_C_1,0.0,167
1,2,18.7619,6,0,CountessBossAIController_1,1,3,1,-517.83,82.63,98.15,0.00,0.00,220.00,None,BP_TPCCharacter_C_1,0.0,167
1,2,18.7785,6,0,CountessBossAIController_1,1,3,1,-511.24,81.58,98.15,0.00,0.00,220.00,None,BP_TPCCharacter_C_1,0.0,167
1,2,18.7952,6,0,CountessBossAIController_1,1,3,1,-504.66,80.53,98.15,0.00,0.00,220.00,None,BP_TPCCharacter_C_1,0.0,167
1,2,18.8119,6,0,CountessBossAIController_1,1,3,1,-498.08,79.48,98.15,0.00,0.00,220.00,None,BP_TPCCharacter_C_1,0.0,167
1,2,18.8285,6,0,CountessBossAIController_1,1,3,1,-491.49,78.43,98.15,0.00,0.00,220.00,None,BP_TPCCharacter_C_1,0.0,168
1,2,18.8452,6,0,CountessBossAIController_1,1,3,1,-484.91,77.38,98.15,0.00,0.00,220.00,None,BP_TPCCharacter_C_1,0.0,168
1,2,18.8619,6,0,CountessBossAIController_1,1,3,1,-478.33,76.33,98.15,0.00,0.00,220.00,None,BP_TPCCharacter_C_1,0.0,168
1,2,18.8785,6,0,CountessBossAIController_1,1,3,1,-471.74,75.28,98.15,0.00,0.00,220.00,None,BP_TPCCharacter_C_1,0.0,168
1,2,18.8952,6,0,CountessBossAIController_1,1,3,1,-465.16,74.23,98.15,0.00,0.00,220.00,None,BP_TPCCharacter_C_1,0.0,168
1,2,18.9119,6,0,CountessBossAIController_1,1,3,1,-458.58,73.18,98.15,0.00,0.00,220.00,None,BP_TPCCharacter_C_1,0.0,168
1,2,18.9285,6,0,CountessBossAIController_1,1,3,1,-451.99,72.13,98.15,0.00,0.00,220.00,None,BP_TPCCharacter_C_1,0.0,168
1,2,18.9452,6,0,CountessBossAIController_1,1,3,1,-445.41,71.08,98.15,0.00,0.00,220.00,None,BP_TPCCharacter_C_1,0.0,169
1,2,18.9619,6,0,CountessBossAIController_1,1,3,1,-438.83,70.03,98.15,0.00,0.00,220.00,None,BP_TPCCharacter_C_1,0.0,169
1,2,18.9785,6,0,CountessBossAIController_1,1,3,1,-432.24,68.98,98.15,0.00,0.00,220.00,None,BP_TPCCharacter_C_1,0.0,169
1,2,18.9952,6,0,CountessBossAIController_1,1,3,1,-425.66,67.92,98.15,0.00,0.00,220.00,None,BP_TPCCharacter_C_1,0.0,169
1,2,19.0119,6,0,CountessBossAIController_1,1,3,1,-419.08,66.87,98.15,0.00,0.00,220.00,None,BP_TPCCharacter_C_1,0.0,169
1,2,19.0285,6,0,CountessBossAIController_1,1,3,1,-412.49,65.82,98.15,0.00,0.00,220.00,None,BP_TPCCharacter_C_1,0.0,169
1,2,19.0452,6,0,CountessBossAIController_1,1,3,1,-405.91,64.77,98.15,0.00,0.00,220.00,None,BP_TPCCharacter_C_1,0.0,169
1,2,19.0619,6,0,CountessBossAIController_1,1,3,1,-399.33,63.72,98.15,0.00,0.00,220.00,None,BP_TPCCharacter_C_1,0.0,170
1,2,19.0785,6,0,CountessBossAIController_1,1,3,1,-392.74,62.67,98.15,0.00,0.00,220.00,None,BP_TPCCharacter_C_1,0.0,170
1,2,19.0952,6,0,CountessBossAIController_1,1,3,1,-386.16,61.62,98.15,0.00,0.00,220.00,None,BP_TPCCharacter_C_1,0.0,170
1,2,19.1119,6,0,CountessBossAIController_1,1,3,1,-379.58,60.57,98.15,0.00,0.00,220.00,None,BP_TPCCharacter_C_1,0.0,170
1,2,19.1285,6,0,CountessBossAIController_1,1,3,1,-372.99,59.52,98.15,0.00,0.00,220.00,None,BP_TPCCharacter_C_1,0.0,170
1,2,19.1452,6,0,CountessBossAIController_1,1,3,1,-366.41,58.47,98.15,0.00,0.00,220.00,None,BP_TPCCharacter_C_1,0.0,170
1,2,19.1619,6,0,CountessBossAIController_1,1,3,1,-359.83,57.42,98.15,0.00,0.00,220.00,None,BP_TPCCharacter_C_1,0.0,170
1,2,19.1785,6,0,CountessBossAIController_1,1,3,1,-353.24,56.37,98.15,0.00,0.00,220.00,None,BP_TPCCharacter_C_1,0.0,171
1,2,19.1952,6,0,CountessBossAIController_1,1,3,1,-346.66,55.32,98.15,0.00,0.00,220.00,None,BP_TPCCharacter_C_1,0.0,171
1,2,19.2119,6,0,CountessBossAIController_1,1,3,1,-340.08,54.27,98.15,0.00,0.00,220.00,None,BP_TPCCharacter_C_1,0.0,171
1,2,19.2285,6,0,CountessBossAIController_1,1,3,1,-333.49,53.22,98.15,0.00,0.00,220.00,None,BP_TPCCharacter_C_1,0.0,171
1,2,19.2452,6,0,CountessBossAIController_1,1,3,1,-326.91,52.17,98.15,0.00,0.00,220.00,None,BP_TPCCharacter_C_1,0.0,171
1,2,19.2619,6,0,CountessBossAIController_1,1,3,1,-320.33,51.12,98.15,0.00,0.00,220.00,None,BP_TPCCharacter_C_1,0.0,171
1,2,19.2785,6,0,CountessBossAIController_1,1,3,1,-313.74,50.07,98.15,0.00,0.00,220.00,None,BP_TPCCharacter_C_1,0.0,171
1,2,19.2952,6,0,CountessBossAIController_1,1,3,1,-307.16,49.02,98.15,0.00,0.00,220.00,None,BP_TPCCharacter_C_1,0.0,172
1,2,19.3119,6,0,CountessBossAIController_1,1,3,1,-300.58,47.96,98.15,0.00,0.00,220.00,None,BP_TPCCharacter_C_1,0.0,172
1,2,19.3285,6,0,CountessBossAIController_1,1,3,1,-293.99,46.91,98.15,0.00,0.00,220.00,None,BP_TPCCharacter_C_1,0.0,172
1,2,19.3452,6,0,CountessBossAIController_1,1,3,1,-287.41,45.86,98.15,0.00,0.00,220.00,None,BP_TPCCharacter_C_1,0.0,172
1,2,19.3619,6,0,CountessBossAIController_1,1,3,1,-280.83,44.81,98.15,0.00,0.00,220.00,None,BP_TPCCharacter_C_1,0.0,172
1,2,19.3785,6,0,CountessBossAIController_1,1,3,1,-274.24,43.76,98.15,0.00,0.00,220.00,None,BP_TPCCharacter_C_1,0.0,172
1,2,19.3952,6,0,CountessBossAIController_1,1,3,1,-267.66,42.71,98.15,0.00,0.00,220.00,None,BP_TPCCharacter_C_1,0.0,172
1,2,19.4119,6,0,CountessBossAIController_1,1,3,1,-261.08,41.66,98.15,0.00,0.00,220.00,None,BP_TPCCharacter_C_1,0.0,173
1,2,19.4285,6,0,CountessBossAIController_1,1,3,1,-254.49,40.61,98.15,0.00,0.00,220.00,None,BP_TPCCharacter_C_1,0.0,173
1,2,19.4452,6,0,CountessBossAIController_1,1,3,1,-247.91,39.56,98.15,0.00,0.00,220.00,None,BP_TPCCharacter_C_1,0.0,173
1,2,19.4619,6,0,CountessBossAIController_1,1,3,1,-241.33,38.51,98.15,0.00,0.00,220.00,None,BP_TPCCharacter_C_1,0.0,173
1,2,19.4785,6,0,CountessBossAIController_1,1,3,1,-234.74,37.46,98.15,0.00,0.00,220.00,None,BP_TPCCharacter_C_1,0.0,173
1,2,19.4952,6,0,CountessBossAIController_1,1,3,1,-228.16,36.41,98.15,0.00,0.00,220.00,None,BP_TPCCharacter_C_1,0.0,173
1,2,19.5119,6,0,CountessBossAIController_1,1,3,1,-221.58,35.36,98.15,0.00,0.00,220.00,None,BP_TPCCharacter_C_1,0.0,173
1,2,19.5285,6,0,CountessBossAIController_1,1,3,1,-214.99,34.31,98.15,0.00,0.00,220.00,None,BP_TPCCharacter_C_1,0.0,174
1,2,19.5452,6,0,CountessBossAIController_1,1,3,1,-208.41,33.26,98.15,0.00,0.00,220.00,None,BP_TPCCharacter_C_1,0.0,174
1,2,19.5619,6,0,CountessBossAIController_1,1,3,1,-201.83,32.21,98.15,0.00,0.00,220.00,None,BP_TPCCharacter_C_1,0.0,174
1,2,19.5785,6,0,CountessBossAIController_1,1,3,1,-195.24,31.16,98.15,0.00,0.00,220.00,None,BP_TPCCharacter_C_1,0.0,174
1,2,19.5952,6,0,CountessBossAIController_1,1,3,1,-188.66,30.11,98.15,0.00,0.00,220.00,None,BP_TPCCharacter_C_1,0.0,174
1,2,19.6119,6,0,CountessBossAIController_1,1,3,1,-182.08,29.05,98.15,0.00,0.00,220.00,None,BP_TPCCharacter_C_1,0.0,174
1,2,19.6285,6,0,CountessBossAIController_1,1,3,1,-175.49,28.00,98.15,0.00,0.00,220.00,None,BP_TPCCharacter_C_1,0.0,174
1,2,19.6452,6,0,CountessBossAIController_1,1,3,1,-168.91,26.95,98.15,0.00,0.00,220.00,None,BP_TPCCharacter_C_1,0.0,175
1,2,19.6619,6,0,CountessBossAIController_1,1,3,1,-162.33,25.90,98.15,0.00,0.00,220.00,None,BP_TPCCharacter_C_1,0.0,175
1,2,19.6785,6,0,CountessBossAIController_1,1,3,1,-155.74,24.85,98.15,0.00,0.00,220.00,None,BP_TPCCharacter_C_1,0.0,175
1,2,19.6952,6,0,CountessBossAIController_1,1,3,1,-149.16,23.80,98.15,0.00,0.00,220.00,None,BP_TPCCharacter_C_1,0.0,175
1,2,19.7119,6,0,CountessBossAIController_1,1,3,1,-142.58,22.75,98.15,0.00,0.00,220.00,None,BP_TPCCharacter_C_1,0.0,175
1,2,19.7285,6,0,CountessBossAIController_1,1,3,1,-135.99,21.70,98.15,0.00,0.00,220.00,None,BP_TPCCharacter_C_1,0.0,175
1,2,19.7452,6,0,CountessBossAIController_1,1,3,1,-129.41,20.65,98.15,0.00,0.00,220.00,None,BP_TPCCharacter_C_1,0.0,175
1,2,19.7619,6,0,CountessBossAIController_1,1,3,1,-122.83,19.60,98.15,0.00,0.00,220.00,None,BP_TPCCharacter_C_1,0.0,176
1,2,19.7785,6,0,CountessBossAIController_1,1,3,1,-116.24,18.55,98.15,0.00,0.00,220.00,None,BP_TPCCharacter_C_1,0.0,176
1,2,19.7952,6,0,CountessBossAIController_1,1,3,1,-109.66,17.50,98.15,0.00,0.00,220.00,None,BP_TPCCharacter_C_1,0.0,176
1,2,19.8119,6,0,CountessBossAIController_1,1,3,1,-103.08,16.45,98.15,0.00,0.00,220.00,None,BP_TPCCharacter_C_1,0.0,176
1,2,19.8285,6,0,CountessBossAIController_1,1,3,1,-96.49,15.40,98.15,0.00,0.00,220.00,None,BP_TPCCharacter_C_1,0.0,176
1,2,19.8452,6,0,CountessBossAIController_1,1,3,1,-89.91,14.35,98.15,0.00,0.00,220.00,None,BP_TPCCharacter_C_1,0.0,176
1,2,19.8619,6,0,CountessBossAIController_1,1,3,1,-83.33,13.30,98.15,0.00,0.00,220.00,None,BP_TPCCharacter_C_1,0.0,176
1,2,19.8785,0,0,CountessBossAIController_1,1,0,1,-76.74,12.25,98.15,0.00,0.00,220.00,None,BP_TPCCharacter_C_1,0.0,177
1,2,19.8952,0,0,CountessBossAIController_1,1,0,1,-76.74,12.25,98.15,0.00,0.00,220.00,None,BP_TPCCharacter_C_1,0.0,177
1,2,19.9119,0,0,CountessBossAIController_1,1,0,1,-76.74,12.25,98.15,0.00,0.00,220.00,None,BP_TPCCharacter_C_1,0.0,178
1,2,19.9285,0,0,CountessBossAIController_1,1,0,1,-76.74,12.25,98.15,0.00,0.00,220.00,None,BP_TPCCharacter_C_1,0.0,178
1,2,19.9452,0,0,CountessBossAIController_1,1,0,1,-76.74,12.25,98.15,0.00,0.00,220.00,None,BP_TPCCharacter_C_1,0.0,178
1,2,19.9619,0,0,CountessBossAIController_1,1,0,1,-76.74,12.25,98.15,0.00,0.00,220.00,None,BP_TPCCharacter_C_1,0.0,178
1,2,19.9785,0,0,CountessBossAIController_1,1,0,1,-76.74,12.25,98.15,0.00,0.00,220.00,None,BP_TPCCharacter_C_1,0.0,178
1,2,19.9952,0,0,CountessBossAIController_1,1,0,1,-76.74,12.25,98.15,0.00,0.00,220.00,None,BP_TPCCharacter_C_1,0.0,178
1,2,20.0119,0,0,CountessBossAIController_1,1,0,1,-76.74,12.25,98.15,0.00,0.00,220.00,None,BP_TPCCharacter_C_1,0.0,178
1,2,20.0285,0,0,CountessBossAIController_1,1,0,1,-76.74,12.25,98.15,0.00,0.00,220.00,None,BP_TPCCharacter_C_1,0.0,179
1,2,20.0452,0,0,CountessBossAIController_1,1,0,1,-76.74,12.25,98.15,0.00,0.00,220.00,None,BP_TPCCharacter_C_1,0.0,179
1,2,20.0619,0,0,CountessBossAIController_1,1,0,1,-76.74,12.25,98.15,0.00,0.00,220.00,None,BP_TPCCharacter_C_1,0.0,179
1,2,20.0785,0,0,CountessBossAIController_1,1,0,1,-76.74,12.25,98.15,0.00,0.00,220.00,None,BP_TPCCharacter_C_1,0.0,179
1,2,20.0952,0,0,CountessBossAIController_1,1,0,1,-76.74,12.25,98.15,0.00,0.00,220.00,None,BP_TPCCharacter_C_1,0.0,179
1,2,20.1119,0,0,CountessBossAIController_1,1,0,1,-76.74,12.25,98.15,0.00,0.00,220.00,None,BP_TPCCharacter_C_1,0.0,179
1,2,20.1285,0,0,CountessBossAIController_1,1,0,1,-76.74,12.25,98.15,0.00,0.00,220.00,None,BP_TPCCharacter_C_1,0.0,179
1,2,20.1452,0,0,CountessBossAIController_1,1,0,1,-76.74,12.25,98.15,0.00,0.00,220.00,None,BP_TPCCharacter_C_1,0.0,180
1,2,20.1619,0,0,CountessBossAIController_1,1,0,1,-76.74,12.25,98.15,0.00,0.00,220.00,None,BP_TPCCharacter_C_1,0.0,180
1,2,20.1785,0,0,CountessBossAIController_1,1,0,1,-76.74,12.25,98.15,0.00,0.00,220.00,None,BP_TPCCharacter_C_1,0.0,180
1,2,20.1952,0,0,CountessBossAIController_1,1,0,1,-76.74,12.25,98.15,0.00,0.00,220.00,None,BP_TPCCharacter_C_1,0.0,180
1,2,20.2119,0,0,CountessBossAIController_1,1,0,1,-76.74,12.25,98.15,0.00,0.00,220.00,None,BP_TPCCharacter_C_1,0.0,180
1,2,20.2285,0,0,CountessBossAIController_1,1,0,1,-76.74,12.25,98.15,0.00,0.00,220.00,None,BP_TPCCharacter_C_1,0.0,180
1,2,20.2452,0,0,CountessBossAIController_1,1,0,1,-76.74,12.25,98.15,0.00,0.00,220.00,None,BP_TPCCharacter_C_1,0.0,180
1,2,20.2619,0,0,CountessBossAIController_1,1,0,1,-76.74,12.25,98.15,0.00,0.00,220.00,None,BP_TPCCharacter_C_1,0.0,181
1,2,20.2785,0,0,CountessBossAIController_1,1,0,1,-76.74,12.25,98.15,0.00,0.00,220.00,None,BP_TPCCharacter_C_1,0.0,181
1,2,20.2952,0,0,CountessBossAIController_1,1,0,1,-76.74,12.25,98.15,0.00,0.00,220.00,None,BP_TPCCharacter_C_1,0.0,181
1,2,20.3119,0,0,CountessBossAIController_1,1,0,1,-76.74,12.25,98.15,0.00,0.00,220.00,None,BP_TPCCharacter_C_1,0.0,181
1,2,20.3285,0,0,CountessBossAIController_1,1,0,1,-76.74,12.25,98.15,0.00,0.00,220.00,None,BP_TPCCharacter_C_1,0.0,181
1,2,20.3452,0,0,CountessBossAIController_1,1,0,1,-76.74,12.25,98.15,0.00,0.00,220.00,None,BP_TPCCharacter_C_1,0.0,181
1,2,20.3619,0,0,CountessBossAIController_1,1,0,1,-76.74,12.25,98.15,0.00,0.00,220.00,None,BP_TPCCharacter_C_1,0.0,181
1,2,20.3785,0,0,CountessBossAIController_1,1,0,1,-76.74,12.25,98.15,0.00,0.00,220.00,None,BP_TPCCharacter_C_1,0.0,182
1,2,20.3952,0,0,CountessBossAIController_1,1,0,1,-76.74,12.25,98.15,0.00,0.00,220.00,None,BP_TPCCharacter_C_1,0.0,182
1,2,20.4119,0,0,CountessBossAIController_1,1,0,1,-76.74,12.25,98.15,0.00,0.00,220.00,None,BP_TPCCharacter_C_1,0.0,182
1,2,20.4285,0,0,CountessBossAIController_1,1,0,1,-76.74,12.25,98.15,0.00,0.00,220.00,None,BP_TPCCharacter_C_1,0.0,182
1,2,20.4452,0,0,CountessBossAIController_1,1,0,1,-76.74,12.25,98.15,0.00,0.00,220.00,None,BP_TPCCharacter_C_1,0.0,182
1,2,20.4619,0,0,CountessBossAIController_1,1,0,1,-76.74,12.25,98.15,0.00,0.00,220.00,None,BP_TPCCharacter_C_1,0.0,182
1,2,20.4785,0,0,CountessBossAIController_1,1,0,1,-76.74,12.25,98.15,0.00,0.00,220.00,None,BP_TPCCharacter_C_1,0.0,182
1,2,20.4952,0,0,CountessBossAIController_1,1,0,1,-76.74,12.25,98.15,0.00,0.00,220.00,None,BP_TPCCharacter_C_1,0.0,183
1,2,20.5119,0,0,CountessBossAIController_1,1,0,1,-76.74,12.25,98.15,0.00,0.00,220.00,None,BP_TPCCharacter_C_1,0.0,183
1,2,20.5285,0,0,CountessBossAIController_1,1,0,1,-76.74,12.25,98.15,0.00,0.00,220.00,None,BP_TPCCharacter_C_1,0.0,183
1,2,20.5452,0,0,CountessBossAIController_1,1,0,1,-76.74,12.25,98.15,0.00,0.00,220.00,None,BP_TPCCharacter_C_1,0.0,183
1,2,20.5619,0,0,CountessBossAIController_1,1,0,1,-76.74,12.25,98.15,0.00,0.00,220.00,None,BP_TPCCharacter_C_1,0.0,183
1,2,20.5785,0,0,CountessBossAIController_1,1,0,1,-76.74,12.25,98.15,0.00,0.00,220.00,None,BP_TPCCharacter_C_1,0.0,183
1,2,20.5952,0,0,CountessBossAIController_1,1,0,1,-76.74,12.25,98.15,0.00,0.00,220.00,None,BP_TPCCharacter_C_1,0.0,183
1,2,20.6119,0,0,CountessBossAIController_1,1,0,1,-76.74,12.25,98.15,0.00,0.00,220.00,None,BP_TPCCharacter_C_1,0.0,184
1,2,20.6285,0,0,CountessBossAIController_1,1,0,1,-76.74,12.25,98.15,0.00,0.00,220.00,None,BP_TPCCharacter_C_1,0.0,184
1,2,20.6452,0,0,CountessBossAIController_1,1,0,1,-76.74,12.25,98.15,0.00,0.00,220.00,None,BP_TPCCharacter_C_1,0.0,184
1,2,20.6619,0,0,CountessBossAIController_1,1,0,1,-76.74,12.25,98.15,0.00,0.00,220.00,None,BP_TPCCharacter_C_1,0.0,184
1,2,20.6785,0,0,CountessBossAIController_1,1,0,1,-76.74,12.25,98.15,0.00,0.00,220.00,None,BP_TPCCharacter_C_1,0.0,184
1,2,20.6952,0,0,CountessBossAIController_1,1,0,1,-76.74,12.25,98.15,0.00,0.00,220.00,None,BP_TPCCharacter_C_1,0.0,184
1,2,20.7119,0,0,CountessBossAIController_1,1,0,1,-76.74,12.25,98.15,0.00,0.00,220.00,None,BP_TPCCharacter_C_1,0.0,184
1,2,20.7285,0,0,CountessBossAIController_1,1,0,1,-76.74,12.25,98.15,0.00,0.00,220.00,None,BP_TPCCharacter_C_1,0.0,185
1,2,20.7452,0,0,CountessBossAIController_1,1,0,1,-76.74,12.25,98.15,0.00,0.00,220.00,None,BP_TPCCharacter_C_1,0.0,185
1,2,20.7619,0,0,CountessBossAIController_1,1,0,1,-76.74,12.25,98.15,0.00,0.00,220.00,None,BP_TPCCharacter_C_1,0.0,185
1,2,20.7785,0,0,CountessBossAIController_1,1,0,1,-76.74,12.25,98.15,0.00,0.00,220.00,None,BP_TPCCharacter_C_1,0.0,185
1,2,20.7952,0,0,CountessBossAIController_1,1,0,1,-76.74,12.25,98.15,0.00,0.00,220.00,None,BP_TPCCharacter_C_1,0.0,185
1,2,20.8119,0,0,CountessBossAIController_1,1,0,1,-76.74,12.25,98.15,0.00,0.00,220.00,None,BP_TPCCharacter_C_1,0.0,185
1,2,20.8285,0,0,CountessBossAIController_1,1,0,1,-76.74,12.25,98.15,0.00,0.00,220.00,None,BP_TPCCharacter_C_1,0.0,185
1,2,20.8452,0,0,CountessBossAIController_1,1,0,1,-76.74,12.25,98.15,0.00,0.00,220.00,None,BP_TPCCharacter_C_1,0.0,186
1,2,20.8619,0,0,CountessBossAIController_1,1,0,1,-76.74,12.25,98.15,0.00,0.00,220.00,None,BP_TPCCharacter_C_1,0.0,186
1,2,20.8785,0,0,CountessBossAIController_1,1,0,1,-76.74,12.25,98.15,0.00,0.00,220.00,None,BP_TPCCharacter_C_1,0.0,186
1,2,20.8952,0,0,CountessBossAIController_1,1,0,1,-76.74,12.25,98.15,0.00,0.00,220.00,None,BP_TPCCharacter_C_1,0.0,186
1,2,20.9119,0,0,CountessBossAIController_1,1,0,1,-76.74,12.25,98.15,0.00,0.00,220.00,None,BP_TPCCharacter_C_1,0.0,186
1,2,20.9285,0,0,CountessBossAIController_1,1,0,1,-76.74,12.25,98.15,0.00,0.00,220.00,None,BP_TPCCharacter_C_1,0.0,186
1,2,20.9452,0,0,CountessBossAIController_1,1,0,1,-76.74,12.25,98.15,0.00,0.00,220.00,None,BP_TPCCharacter_C_1,0.0,186
1,2,20.9619,0,0,CountessBossAIController_1,1,0,1,-76.74,12.25,98.15,0.00,0.00,220.00,None,BP_TPCCharacter_C_1,0.0,187
1,2,20.9785,0,0,CountessBossAIController_1,1,0,1,-76.74,12.25,98.15,0.00,0.00,220.00,None,BP_TPCCharacter_C_1,0.0,187
1,2,20.9952,0,0,CountessBossAIController_1,1,0,1,-76.74,12.25,98.15,0.00,0.00,220.00,None,BP_TPCCharacter_C_1,0.0,187
1,2,21.0119,0,0,CountessBossAIController_1,1,0,1,-76.74,12.25,98.15,0.00,0.00,220.00,None,BP_TPCCharacter_C_1,0.0,187
1,2,21.0285,0,0,CountessBossAIController_1,1,0,1,-76.74,12.25,98.15,0.00,0.00,220.00,None,BP_TPCCharacter_C_1,0.0,187
1,2,21.0452,0,0,CountessBossAIController_1,1,0,1,-76.74,12.25,98.15,0.00,0.00,220.00,None,BP_TPCCharacter_C_1,0.0,187
1,2,21.0619,0,0,CountessBossAIController_1,1,0,1,-76.74,12.25,98.15,0.00,0.00,220.00,None,BP_TPCCharacter_C_1,0.0,187
1,2,21.0785,0,0,CountessBossAIController_1,1,0,1,-76.74,12.25,98.15,0.00,0.00,220.00,None,BP_TPCCharacter_C_1,0.0,188
1,2,21.0952,0,0,CountessBossAIController_1,1,0,1,-76.74,12.25,98.15,0.00,0.00,220.00,None,BP_TPCCharacter_C_1,0.0,188
1,2,21.1119,0,0,CountessBossAIController_1,1,0,1,-76.74,12.25,98.15,0.00,0.00,220.00,None,BP_TPCCharacter_C_1,0.0,188
1,2,21.1285,0,0,CountessBossAIController_1,1,0,1,-76.74,12.25,98.15,0.00,0.00,220.00,None,BP_TPCCharacter_C_1,0.0,188
1,2,21.1452,0,0,CountessBossAIController_1,1,0,1,-76.74,12.25,98.15,0.00,0.00,220.00,None,BP_TPCCharacter_C_1,0.0,188
1,2,21.1619,0,0,CountessBossAIController_1,1,0,1,-76.74,12.25,98.15,0.00,0.00,220.00,None,BP_TPCCharacter_C_1,0.0,188
1,2,21.1785,0,0,CountessBossAIController_1,1,0,1,-76.74,12.25,98.15,0.00,0.00,220.00,None,BP_TPCCharacter_C_1,0.0,188
1,2,21.1952,0,0,CountessBossAIController_1,1,0,1,-76.74,12.25,98.15,0.00,0.00,220.00,None,BP_TPCCharacter_C_1,0.0,189
1,2,21.2119,0,0,CountessBossAIController_1,1,0,1,-76.74,12.25,98.15,0.00,0.00,220.00,None,BP_TPCCharacter_C_1,0.0,189
1,2,21.2285,0,0,CountessBossAIController_1,1,0,1,-76.74,12.25,98.15,0.00,0.00,220.00,None,BP_TPCCharacter_C_1,0.0,189
1,2,21.2452,0,0,CountessBossAIController_1,1,0,1,-76.74,12.25,98.15,0.00,0.00,220.00,None,BP_TPCCharacter_C_1,0.0,189
1,2,21.2619,0,0,CountessBossAIController_1,1,0,1,-76.74,12.25,98.15,0.00,0.00,220.00,None,BP_TPCCharacter_C_1,0.0,189
1,2,21.2785,0,0,CountessBossAIController_1,1,0,1,-76.74,12.25,98.15,0.00,0.00,220.00,None,BP_TPCCharacter_C_1,0.0,189
1,2,21.2952,0,0,CountessBossAIController_1,1,0,1,-76.74,12.25,98.15,0.00,0.00,220.00,None,BP_TPCCharacter_C_1,0.0,189
1,2,21.3119,0,0,CountessBossAIController_1,1,0,1,-76.74,12.25,98.15,0.00,0.00,220.00,None,BP_TPCCharacter_C_1,0.0,190
1,2,21.3285,0,0,CountessBossAIController_1,1,0,1,-76.74,12.25,98.15,0.00,0.00,220.00,None,BP_TPCCharacter_C_1,0.0,190
1,2,21.3452,0,0,CountessBossAIController_1,1,0,1,-76.74,12.25,98.15,0.00,0.00,220.00,None,BP_TPCCharacter_C_1,0.0,190
1,2,21.3619,0,0,CountessBossAIController_1,1,0,1,-76.74,12.25,98.15,0.00,0.00,220.00,None,BP_TPCCharacter_C_1,0.0,190
1,2,21.3785,0,0,CountessBossAIController_1,1,0,1,-76.74,12.25,98.15,0.00,0.00,220.00,None,BP_TPCCharacter_C_1,0.0,190
1,2,21.3952,0,0,CountessBossAIController_1,1,0,1,-76.74,12.25,98.15,0.00,0.00,220.00,None,BP_TPCCharacter_C_1,0.0,190
1,2,21.4119,0,0,CountessBossAIController_1,1,0,1,-76.74,12.25,98.15,0.00,0.00,220.00,None,BP_TPCCharacter_C_1,0.0,190
1,2,21.4285,0,0,CountessBossAIController_1,1,0,1,-76.74,12.25,98.15,0.00,0.00,220.00,None,BP_TPCCharacter_C_1,0.0,191
1,2,21.4452,0,0,CountessBossAIController_1,1,0,1,-76.74,12.25,98.15,0.00,0.00,220.00,None,BP_TPCCharacter_C_1,0.0,191
1,2,21.4619,0,0,CountessBossAIController_1,1,0,1,-76.74,12.25,98.15,0.00,0.00,220.00,None,BP_TPCCharacter_C_1,0.0,191
1,2,21.4785,0,0,CountessBossAIController_1,1,0,1,-76.74,12.25,98.15,0.00,0.00,220.00,None,BP_TPCCharacter_C_1,0.0,191
1,2,21.4952,0,0,CountessBossAIController_1,1,0,1,-76.74,12.25,98.15,0.00,0.00,220.00,None,BP_TPCCharacter_C_1,0.0,191
1,2,21.5119,0,0,CountessBossAIController_1,1,0,1,-76.74,12.25,98.15,0.00,0.00,220.00,None,BP_TPCCharacter_C_1,0.0,191
1,2,21.5285,0,0,CountessBossAIController_1,1,0,1,-76.74,12.25,98.15,0.00,0.00,220.00,None,BP_TPCCharacter_C_1,0.0,191
1,2,21.5452,0,0,CountessBossAIController_1,1,0,1,-76.74,12.25,98.15,0.00,0.00,220.00,None,BP_TPCCharacter_C_1,0.0,192
1,2,21.5619,0,0,CountessBossAIController_1,1,0,1,-76.74,12.25,98.15,0.00,0.00,220.00,None,BP_TPCCharacter_C_1,0.0,192
1,2,21.5785,0,0,CountessBossAIController_1,1,0,1,-76.74,12.25,98.15,0.00,0.00,220.00,None,BP_TPCCharacter_C_1,0.0,192
1,2,21.5952,0,0,CountessBossAIController_1,1,0,1,-76.74,12.25,98.15,0.00,0.00,220.00,None,BP_TPCCharacter_C_1,0.0,192
1,2,21.6119,0,0,CountessBossAIController_1,1,0,1,-76.74,12.25,98.15,0.00,0.00,220.00,None,BP_TPCCharacter_C_1,0.0,192
1,2,21.6285,0,0,CountessBossAIController_1,1,0,1,-76.74,12.25,98.15,0.00,0.00,220.00,None,BP_TPCCharacter_C_1,0.0,192
1,2,21.6452,0,0,CountessBossAIController_1,1,0,1,-76.74,12.25,98.15,0.00,0.00,220.00,None,BP_TPCCharacter_C_1,0.0,192
1,2,21.6619,0,0,CountessBossAIController_1,1,0,1,-76.74,12.25,98.15,0.00,0.00,220.00,None,BP_TPCCharacter_C_1,0.0,193
1,2,21.6785,0,0,CountessBossAIController_1,1,0,1,-76.74,12.25,98.15,0.00,0.00,220.00,None,BP_TPCCharacter_C_1,0.0,193
1,2,21.6952,0,0,CountessBossAIController_1,1,0,1,-76.74,12.25,98.15,0.00,0.00,220.00,None,BP_TPCCharacter_C_1,0.0,193
1,2,21.7119,0,0,CountessBossAIController_1,1,0,1,-76.74,12.25,98.15,0.00,0.00,220.00,None,BP_TPCCharacter_C_1,0.0,193
1,2,21.7285,0,0,CountessBossAIController_1,1,0,1,-76.74,12.25,98.15,0.00,0.00,220.00,None,BP_TPCCharacter_C_1,0.0,193
1,2,21.7452,0,0,CountessBossAIController_1,1,0,1,-76.74,12.25,98.15,0.00,0.00,220.00,None,BP_TPCCharacter_C_1,0.0,193
1,2,21.7619,0,0,CountessBossAIController_1,1,0,1,-76.74,12.25,98.15,0.00,0.00,220.00,None,BP_TPCCharacter_C_1,0.0,193
1,2,21.7785,0,0,CountessBossAIController_1,1,0,1,-76.74,12.25,98.15,0.00,0.00,220.00,None,BP_TPCCharacter_C_1,0.0,194
1,2,21.7952,0,0,CountessBossAIController_1,1,0,1,-76.74,12.25,98.15,0.00,0.00,220.00,None,BP_TPCCharacter_C_1,0.0,194
1,2,21.8119,0,0,CountessBossAIController_1,1,0,1,-76.74,12.25,98.15,0.00,0.00,220.00,None,BP_TPCCharacter_C_1,0.0,194
1,2,21.8285,0,0,CountessBossAIController_1,1,0,1,-76.74,12.25,98.15,0.00,0.00,220.00,None,BP_TPCCharacter_C_1,0.0,194
1,2,21.8452,0,0,CountessBossAIController_1,1,0,1,-76.74,12.25,98.15,0.00,0.00,220.00,None,BP_TPCCharacter_C_1,0.0,194
1,2,21.8619,0,0,CountessBossAIController_1,1,0,1,-76.74,12.25,98.15,0.00,0.00,220.00,None,BP_TPCCharacter_C_1,0.0,194
1,2,21.8785,0,0,CountessBossAIController_1,1,0,1,-76.74,12.25,98.15,0.00,0.00,220.00,None,BP_TPCCharacter_C_1,0.0,194
1,2,21.8952,0,0,CountessBossAIController_1,1,0,1,-76.74,12.25,98.15,0.00,0.00,220.00,None,BP_TPCCharacter_C_1,0.0,195
1,2,21.9119,0,0,CountessBossAIController_1,1,0,1,-76.74,12.25,98.15,0.00,0.00,220.00,None,BP_TPCCharacter_C_1,0.0,195
1,2,21.9285,0,0,CountessBossAIController_1,1,0,1,-76.74,12.25,98.15,0.00,0.00,220.00,None,BP_TPCCharacter_C_1,0.0,195
1,2,21.9452,0,0,CountessBossAIController_1,1,0,1,-76.74,12.25,98.15,0.00,0.00,220.00,None,BP_TPCCharacter_C_1,0.0,195
1,2,21.9619,0,0,CountessBossAIController_1,1,0,1,-76.74,12.25,98.15,0.00,0.00,220.00,None,BP_TPCCharacter_C_1,0.0,195
1,2,21.9785,0,0,CountessBossAIController_1,1,0,1,-76.74,12.25,98.15,0.00,0.00,220.00,None,BP_TPCCharacter_C_1,0.0,195
1,2,21.9952,0,0,CountessBossAIController_1,1,0,1,-76.74,12.25,98.15,0.00,0.00,220.00,None,BP_TPCCharacter_C_1,0.0,195
1,2,22.0119,0,0,CountessBossAIController_1,1,0,1,-76.74,12.25,98.15,0.00,0.00,220.00,None,BP_TPCCharacter_C_1,0.0,196
1,2,22.0285,0,0,CountessBossAIController_1,1,0,1,-76.74,12.25,98.15,0.00,0.00,220.00,None,BP_TPCCharacter_C_1,0.0,196
1,2,22.0452,0,0,CountessBossAIController_1,1,0,1,-76.74,12.25,98.15,0.00,0.00,220.00,None,BP_TPCCharacter_C_1,0.0,196
1,2,22.0619,0,0,CountessBossAIController_1,1,0,1,-76.74,12.25,98.15,0.00,0.00,220.00,None,BP_TPCCharacter_C_1,0.0,196
1,2,22.0785,0,0,CountessBossAIController_1,1,0,1,-76.74,12.25,98.15,0.00,0.00,220.00,None,BP_TPCCharacter_C_1,0.0,196
1,2,22.0952,0,0,CountessBossAIController_1,1,0,1,-76.74,12.25,98.15,0.00,0.00,220.00,None,BP_TPCCharacter_C_1,0.0,196
1,2,22.1119,0,0,CountessBossAIController_1,1,0,1,-76.74,12.25,98.15,0.00,0.00,220.00,None,BP_TPCCharacter_C_1,0.0,196
1,2,22.1285,0,0,CountessBossAIController_1,1,0,1,-76.74,12.25,98.15,0.00,0.00,220.00,None,BP_TPCCharacter_C_1,0.0,197
1,2,22.1452,0,0,CountessBossAIController_1,1,0,1,-76.74,12.25,98.15,0.00,0.00,220.00,None,BP_TPCCharacter_C_1,0.0,197
1,2,22.1619,0,0,CountessBossAIController_1,1,0,1,-76.74,12.25,98.15,0.00,0.00,220.00,None,BP_TPCCharacter_C_1,0.0,197
1,2,22.1785,0,0,CountessBossAIController_1,1,0,1,-76.74,12.25,98.15,0.00,0.00,220.00,None,BP_TPCCharacter_C_1,0.0,197
1,2,22.1952,0,0,CountessBossAIController_1,1,0,1,-76.74,12.25,98.15,0.00,0.00,220.00,None,BP_TPCCharacter_C_1,0.0,197
1,3,22.2119,0,0,CountessBossAIController_1,1,0,1,-76.74,12.25,98.15,0.00,0.00,220.00,None,BP_TPCCharacter_C_2,100.0,197
1,3,22.2285,0,0,CountessBossAIController_1,1,0,1,-76.74,12.25,98.15,0.00,0.00,220.00,None,BP_TPCCharacter_C_2,100.0,197
1,3,22.2452,1,0,CountessBossAIController_1,1,0,1,-76.74,12.25,98.15,0.00,0.00,220.00,BP_TPCCharacter_C_2,BP_TPCCharacter_C_2,100.0,198
1,3,22.2619,1,0,CountessBossAIController_1,1,0,1,-76.74,12.25,98.15,0.00,0.00,220.00,BP_TPCCharacter_C_2,BP_TPCCharacter_C_2,100.0,198
1,3,22.2785,1,0,CountessBossAIController_1,1,0,1,-76.74,12.25,98.15,0.00,0.00,220.00,BP_TPCCharacter_C_2,BP_TPCCharacter_C_2,100.0,199
1,3,22.2952,1,0,CountessBossAIController_1,1,0,1,-76.74,12.25,98.15,0.00,0.00,220.00,BP_TPCCharacter_C_2,BP_TPCCharacter_C_2,100.0,199
1,3,22.3119,1,0,CountessBossAIController_1,1,0,1,-76.74,12.25,98.15,0.00,0.00,220.00,BP_TPCCharacter_C_2,BP_TPCCharacter_C_2,100.0,199
1,3,22.3285,1,0,CountessBossAIController_1,1,0,1,-76.74,12.25,98.15,0.00,0.00,220.00,BP_TPCCharacter_C_2,BP_TPCCharacter_C_2,100.0,199
1,3,22.3452,1,0,CountessBossAIController_1,1,0,1,-76.74,12.25,98.15,0.00,0.00,220.00,BP_TPCCharacter_C_2,BP_TPCCharacter_C_2,100.0,199
1,3,22.3619,1,0,CountessBossAIController_1,1,0,1,-76.74,12.25,98.15,0.00,0.00,220.00,BP_TPCCharacter_C_2,BP_TPCCharacter_C_2,100.0,199
1,3,22.3785,1,0,CountessBossAIController_1,1,0,1,-76.74,12.25,98.15,0.00,0.00,220.00,BP_TPCCharacter_C_2,BP_TPCCharacter_C_2,100.0,199
1,3,22.3952,1,0,CountessBossAIController_1,1,0,1,-76.74,12.25,98.15,0.00,0.00,220.00,BP_TPCCharacter_C_2,BP_TPCCharacter_C_2,100.0,200
1,3,22.4119,1,0,CountessBossAIController_1,1,0,1,-76.74,12.25,98.15,0.00,0.00,220.00,BP_TPCCharacter_C_2,BP_TPCCharacter_C_2,100.0,200
1,3,22.4285,1,0,CountessBossAIController_1,1,0,1,-76.74,12.25,98.15,0.00,0.00,220.00,BP_TPCCharacter_C_2,BP_TPCCharacter_C_2,100.0,200
1,3,22.4452,1,0,CountessBossAIController_1,1,0,1,-76.74,12.25,98.15,0.00,0.00,220.00,BP_TPCCharacter_C_2,BP_TPCCharacter_C_2,100.0,200
1,3,22.4619,1,0,CountessBossAIController_1,1,0,1,-76.74,12.25,98.15,0.00,0.00,220.00,BP_TPCCharacter_C_2,BP_TPCCharacter_C_2,100.0,200
1,3,22.4785,1,0,CountessBossAIController_1,1,0,1,-76.74,12.25,98.15,0.00,0.00,220.00,BP_TPCCharacter_C_2,BP_TPCCharacter_C_2,100.0,200
1,3,22.4952,1,0,CountessBossAIController_1,1,0,1,-76.74,12.25,98.15,0.00,0.00,220.00,BP_TPCCharacter_C_2,BP_TPCCharacter_C_2,100.0,200
1,3,22.5119,1,0,CountessBossAIController_1,1,0,1,-76.74,12.25,98.15,0.00,0.00,220.00,BP_TPCCharacter_C_2,BP_TPCCharacter_C_2,100.0,201
1,3,22.5285,1,0,CountessBossAIController_1,1,0,1,-76.74,12.25,98.15,0.00,0.00,220.00,BP_TPCCharacter_C_2,BP_TPCCharacter_C_2,100.0,201
1,3,22.5452,1,0,CountessBossAIController_1,1,0,1,-76.74,12.25,98.15,0.00,0.00,220.00,BP_TPCCharacter_C_2,BP_TPCCharacter_C_2,100.0,201
1,3,22.5619,1,0,CountessBossAIController_1,1,0,1,-76.74,12.25,98.15,0.00,0.00,220.00,BP_TPCCharacter_C_2,BP_TPCCharacter_C_2,100.0,201
1,3,22.5785,1,0,CountessBossAIController_1,1,0,1,-76.74,12.25,98.15,0.00,0.00,220.00,BP_TPCCharacter_C_2,BP_TPCCharacter_C_2,100.0,201
1,3,22.5952,1,0,CountessBossAIController_1,1,0,1,-76.74,12.25,98.15,0.00,0.00,220.00,BP_TPCCharacter_C_2,BP_TPCCharacter_C_2,100.0,201
1,3,22.6119,1,0,CountessBossAIController_1,1,0,1,-76.74,12.25,98.15,0.00,0.00,220.00,BP_TPCCharacter_C_2,BP_TPCCharacter_C_2,100.0,201
1,3,22.6285,1,0,CountessBossAIController_1,1,0,1,-76.74,12.25,98.15,0.00,0.00,220.00,BP_TPCCharacter_C_2,BP_TPCCharacter_C_2,100.0,202
1,3,22.6452,1,0,CountessBossAIController_1,1,0,1,-76.74,12.25,98.15,0.00,0.00,220.00,BP_TPCCharacter_C_2,BP_TPCCharacter_C_2,100.0,202
1,3,22.6619,1,0,CountessBossAIController_1,1,0,1,-76.74,12.25,98.15,0.00,0.00,220.00,BP_TPCCharacter_C_2,BP_TPCCharacter_C_2,100.0,202
1,3,22.6785,1,0,CountessBossAIController_1,1,0,1,-76.74,12.25,98.15,0.00,0.00,220.00,BP_TPCCharacter_C_2,BP_TPCCharacter_C_2,100.0,202
1,3,22.6952,1,0,CountessBossAIController_1,1,0,1,-76.74,12.25,98.15,0.00,0.00,220.00,BP_TPCCharacter_C_2,BP_TPCCharacter_C_2,100.0,202
1,3,22.7119,1,0,CountessBossAIController_1,1,0,1,-76.74,12.25,98.15,0.00,0.00,220.00,BP_TPCCharacter_C_2,BP_TPCCharacter_C_2,100.0,202
1,3,22.7285,1,0,CountessBossAIController_1,1,0,1,-76.74,12.25,98.15,0.00,0.00,220.00,BP_TPCCharacter_C_2,BP_TPCCharacter_C_2,100.0,202
1,3,22.7452,1,0,CountessBossAIController_1,1,0,1,-76.74,12.25,98.15,0.00,0.00,220.00,BP_TPCCharacter_C_2,BP_TPCCharacter_C_2,100.0,203
1,3,22.7619,1,0,CountessBossAIController_1,1,0,1,-76.74,12.25,98.15,0.00,0.00,220.00,BP_TPCCharacter_C_2,BP_TPCCharacter_C_2,100.0,203
1,3,22.7785,1,0,CountessBossAIController_1,1,0,1,-76.74,12.25,98.15,0.00,0.00,220.00,BP_TPCCharacter_C_2,BP_TPCCharacter_C_2,100.0,203
1,3,22.7952,1,0,CountessBossAIController_1,1,0,1,-76.74,12.25,98.15,0.00,0.00,220.00,BP_TPCCharacter_C_2,BP_TPCCharacter_C_2,100.0,203
1,3,22.8119,1,0,CountessBossAIController_1,1,0,1,-76.74,12.25,98.15,0.00,0.00,220.00,BP_TPCCharacter_C_2,BP_TPCCharacter_C_2,100.0,203
1,3,22.8285,1,0,CountessBossAIController_1,1,0,1,-76.74,12.25,98.15,0.00,0.00,220.00,BP_TPCCharacter_C_2,BP_TPCCharacter_C_2,100.0,203
1,3,22.8452,1,0,CountessBossAIController_1,1,0,1,-76.74,12.25,98.15,0.00,0.00,220.00,BP_TPCCharacter_C_2,BP_TPCCharacter_C_2,100.0,203
1,3,22.8619,1,0,CountessBossAIController_1,1,0,1,-76.74,12.25,98.15,0.00,0.00,220.00,BP_TPCCharacter_C_2,BP_TPCCharacter_C_2,100.0,204
1,3,22.8785,1,0,CountessBossAIController_1,1,0,1,-76.74,12.25,98.15,0.00,0.00,220.00,BP_TPCCharacter_C_2,BP_TPCCharacter_C_2,100.0,204
1,3,22.8952,1,0,CountessBossAIController_1,1,0,1,-76.74,12.25,98.15,0.00,0.00,220.00,BP_TPCCharacter_C_2,BP_TPCCharacter_C_2,100.0,204
1,3,22.9119,1,0,CountessBossAIController_1,1,0,1,-76.74,12.25,98.15,0.00,0.00,220.00,BP_TPCCharacter_C_2,BP_TPCCharacter_C_2,100.0,204
1,3,22.9285,1,0,CountessBossAIController_1,1,0,1,-76.74,12.25,98.15,0.00,0.00,220.00,BP_TPCCharacter_C_2,BP_TPCCharacter_C_2,100.0,204
1,3,22.9452,1,0,CountessBossAIController_1,1,0,1,-76.74,12.25,98.15,0.00,0.00,220.00,BP_TPCCharacter_C_2,BP_TPCCharacter_C_2,100.0,204
1,3,22.9619,1,0,CountessBossAIController_1,1,0,1,-76.74,12.25,98.15,0.00,0.00,220.00,BP_TPCCharacter_C_2,BP_TPCCharacter_C_2,100.0,204
1,3,22.9785,1,0,CountessBossAIController_1,1,0,1,-76.74,12.25,98.15,0.00,0.00,220.00,BP_TPCCharacter_C_2,BP_TPCCharacter_C_2,100.0,205
1,3,22.9952,2,0,CountessBossAIController_1,1,0,1,-76.74,12.25,98.15,0.00,0.00,220.00,BP_TPCCharacter_C_2,BP_TPCCharacter_C_2,100.0,205
1,3,23.0119,2,0,CountessBossAIController_1,1,0,1,-76.74,12.25,98.15,0.00,0.00,220.00,BP_TPCCharacter_C_2,BP_TPCCharacter_C_2,100.0,205
1,3,23.0285,2,0,CountessBossAIController_1,1,0,1,-76.74,12.25,98.15,0.00,0.00,220.00,BP_TPCCharacter_C_2,BP_TPCCharacter_C_2,100.0,205
1,3,23.0452,2,0,CountessBossAIController_1,1,0,1,-76.74,12.25,98.15,0.00,0.00,220.00,BP_TPCCharacter_C_2,BP_TPCCharacter_C_2,100.0,206
1,3,23.0619,2,0,CountessBossAIController_1,1,0,1,-76.74,12.25,98.15,0.00,0.00,220.00,BP_TPCCharacter_C_2,BP_TPCCharacter_C_2,100.0,206
1,3,23.0785,2,0,CountessBossAIController_1,1,0,1,-76.74,12.25,98.15,0.00,0.00,220.00,BP_TPCCharacter_C_2,BP_TPCCharacter_C_2,100.0,206
1,3,23.0952,2,0,CountessBossAIController_1,1,0,1,-76.74,12.25,98.15,0.00,0.00,220.00,BP_TPCCharacter_C_2,BP_TPCCharacter_C_2,100.0,206
1,3,23.1119,2,0,CountessBossAIController_1,1,0,1,-76.74,12.25,98.15,0.00,0.00,220.00,BP_TPCCharacter_C_2,BP_TPCCharacter_C_2,100.0,206
1,3,23.1285,2,0,CountessBossAIController_1,1,0,1,-76.74,12.25,98.15,0.00,0.00,220.00,BP_TPCCharacter_C_2,BP_TPCCharacter_C_2,100.0,206
1,3,23.1452,2,0,CountessBossAIController_1,1,0,1,-76.74,12.25,98.15,0.00,0.00,220.00,BP_TPCCharacter_C_2,BP_TPCCharacter_C_2,100.0,206
1,3,23.1619,2,0,CountessBossAIController_1,1,3,1,-76.74,12.25,98.15,0.00,0.00,220.00,BP_TPCCharacter_C_2,BP_TPCCharacter_C_2,100.0,207
1,3,23.1785,2,0,CountessBossAIController_1,1,3,1,-77.31,12.23,98.15,0.00,0.00,220.00,BP_TPCCharacter_C_2,BP_TPCCharacter_C_2,100.0,207
1,3,23.1952,2,0,CountessBossAIController_1,1,3,1,-78.45,12.21,98.15,0.00,0.00,220.00,BP_TPCCharacter_C_2,BP_TPCCharacter_C_2,100.0,207
1,3,23.2119,2,0,CountessBossAIController_1,1,3,1,-80.15,12.17,98.15,0.00,0.00,220.00,BP_TPCCharacter_C_2,BP_TPCCharacter_C_2,100.0,207
1,3,23.2285,2,0,CountessBossAIController_1,1,3,1,-82.43,12.12,98.15,0.00,0.00,220.00,BP_TPCCharacter_C_2,BP_TPCCharacter_C_2,100.0,207
1,3,23.2452,2,0,CountessBossAIController_1,1,3,1,-85.27,12.06,98.15,0.00,0.00,220.00,BP_TPCCharacter_C_2,BP_TPCCharacter_C_2,100.0,207
1,3,23.2619,2,0,CountessBossAIController_1,1,3,1,-88.69,11.99,98.15,0.00,0.00,220.00,BP_TPCCharacter_C_2,BP_TPCCharacter_C_2,100.0,207
1,3,23.2785,2,0,CountessBossAIController_1,1,3,1,-92.67,11.91,98.15,0.00,0.00,220.00,BP_TPCCharacter_C_2,BP_TPCCharacter_C_2,100.0,208
1,3,23.2952,2,0,CountessBossAIController_1,1,3,1,-97.22,11.81,98.15,0.00,0.00,220.00,BP_TPCCharacter_C_2,BP_TPCCharacter_C_2,100.0,208
1,3,23.3119,2,0,CountessBossAIController_1,1,3,1,-102.34,11.70,98.15,0.00,0.00,220.00,BP_TPCCharacter_C_2,BP_TPCCharacter_C_2,100.0,208
1,3,23.3285,2,0,CountessBossAIController_1,1,3,1,-108.02,11.58,98.15,0.00,0.00,220.00,BP_TPCCharacter_C_2,BP_TPCCharacter_C_2,100.0,208
1,3,23.3452,2,0,CountessBossAIController_1,1,3,1,-114.28,11.44,98.15,0.00,0.00,220.00,BP_TPCCharacter_C_2,BP_TPCCharacter_C_2,100.0,208
1,3,23.3619,2,0,CountessBossAIController_1,1,3,1,-120.95,11.30,98.15,0.00,0.00,220.00,BP_TPCCharacter_C_2,BP_TPCCharacter_C_2,100.0,208
1,3,23.3785,2,0,CountessBossAIController_1,1,3,1,-127.61,11.16,98.15,0.00,0.00,220.00,BP_TPCCharacter_C_2,BP_TPCCharacter_C_2,100.0,208
1,3,23.3952,2,0,CountessBossAIController_1,1,3,1,-134.28,11.02,98.15,0.00,0.00,220.00,BP_TPCCharacter_C_2,BP_TPCCharacter_C_2,100.0,209
1,3,23.4119,2,0,CountessBossAIController_1,1,3,1,-140.94,10.87,98.15,0.00,0.00,220.00,BP_TPCCharacter_C_2,BP_TPCCharacter_C_2,100.0,209
1,3,23.4285,2,0,CountessBossAIController_1,1,3,1,-147.61,10.73,98.15,0.00,0.00,220.00,BP_TPCCharacter_C_2,BP_TPCCharacter_C_2,100.0,209
1,3,23.4452,2,0,CountessBossAIController_1,1,3,1,-154.27,10.59,98.15,0.00,0.00,220.00,BP_TPCCharacter_C_2,BP_TPCCharacter_C_2,100.0,209
1,3,23.4619,2,0,CountessBossAIController_1,1,3,1,-160.94,10.45,98.15,0.00,0.00,220.00,BP_TPCCharacter_C_2,BP_TPCCharacter_C_2,100.0,209
1,3,23.4785,2,0,CountessBossAIController_1,1,3,1,-167.60,10.31,98.15,0.00,0.00,220.00,BP_TPCCharacter_C_2,BP_TPCCharacter_C_2,100.0,209
1,3,23.4952,2,0,CountessBossAIController_1,1,3,1,-174.27,10.16,98.15,0.00,0.00,220.00,BP_TPCCharacter_C_2,BP_TPCCharacter_C_2,100.0,209
1,3,23.5119,2,0,CountessBossAIController_1,1,3,1,-180.93,10.02,98.15,0.00,0.00,220.00,BP_TPCCharacter_C_2,BP_TPCCharacter_C_2,100.0,210
1,3,23.5285,2,0,CountessBossAIController_1,1,3,1,-187.60,9.88,98.15,0.00,0.00,220.00,BP_TPCCharacter_C_2,BP_TPCCharacter_C_2,100.0,210
1,3,23.5452,2,0,CountessBossAIController_1,1,3,1,-194.26,9.74,98.15,0.00,0.00,220.00,BP_TPCCharacter_C_2,BP_TPCCharacter_C_2,100.0,210
1,3,23.5619,2,0,CountessBossAIController_1,1,3,1,-200.93,9.59,98.15,0.00,0.00,220.00,BP_TPCCharacter_C_2,BP_TPCCharacter_C_2,100.0,210
1,3,23.5785,2,0,CountessBossAIController_1,1,3,1,-207.59,9.45,98.15,0.00,0.00,220.00,BP_TPCCharacter_C_2,BP_TPCCharacter_C_2,100.0,210
1,3,23.5952,2,0,CountessBossAIController_1,1,3,1,-214.26,9.31,98.15,0.00,0.00,220.00,BP_TPCCharacter_C_2,BP_TPCCharacter_C_2,100.0,210
1,3,23.6119,2,0,CountessBossAIController_1,1,3,1,-220.92,9.17,98.15,0.00,0.00,220.00,BP_TPCCharacter_C_2,BP_TPCCharacter_C_2,100.0,210
1,3,23.6285,2,0,CountessBossAIController_1,1,3,1,-227.59,9.02,98.15,0.00,0.00,220.00,BP_TPCCharacter_C_2,BP_TPCCharacter_C_2,100.0,211
1,3,23.6452,2,0,CountessBossAIController_1,1,3,1,-234.25,8.88,98.15,0.00,0.00,220.00,BP_TPCCharacter_C_2,BP_TPCCharacter_C_2,100.0,211
1,3,23.6619,2,0,CountessBossAIController_1,1,3,1,-240.92,8.74,98.15,0.00,0.00,220.00,BP_TPCCharacter_C_2,BP_TPCCharacter_C_2,100.0,211
1,3,23.6785,2,0,CountessBossAIController_1,1,3,1,-247.58,8.60,98.15,0.00,0.00,220.00,BP_TPCCharacter_C_2,BP_TPCCharacter_C_2,100.0,211
1,3,23.6952,2,0,CountessBossAIController_1,1,3,1,-254.25,8.45,98.15,0.00,0.00,220.00,BP_TPCCharacter_C_2,BP_TPCCharacter_C_2,100.0,211
1,3,23.7119,2,0,CountessBossAIController_1,1,3,1,-260.91,8.31,98.15,0.00,0.00,220.00,BP_TPCCharacter_C_2,BP_TPCCharacter_C_2,100.0,211
1,3,23.7285,2,0,CountessBossAIController_1,1,3,1,-267.58,8.17,98.15,0.00,0.00,220.00,BP_TPCCharacter_C_2,BP_TPCCharacter_C_2,100.0,211
1,3,23.7452,2,0,CountessBossAIController_1,1,3,1,-274.24,8.03,98.15,0.00,0.00,220.00,BP_TPCCharacter_C_2,BP_TPCCharacter_C_2,100.0,212
1,3,23.7619,2,0,CountessBossAIController_1,1,3,1,-280.91,7.88,98.15,0.00,0.00,220.00,BP_TPCCharacter_C_2,BP_TPCCharacter_C_2,100.0,212
1,3,23.7785,2,0,CountessBossAIController_1,1,3,1,-287.57,7.74,98.15,0.00,0.00,220.00,BP_TPCCharacter_C_2,BP_TPCCharacter_C_2,100.0,212
1,3,23.7952,2,0,CountessBossAIController_1,1,3,1,-294.24,7.60,98.15,0.00,0.00,220.00,BP_TPCCharacter_C_2,BP_TPCCharacter_C_2,100.0,212
1,3,23.8119,2,0,CountessBossAIController_1,1,3,1,-300.90,7.46,98.15,0.00,0.00,220.00,BP_TPCCharacter_C_2,BP_TPCCharacter_C_2,100.0,212
1,3,23.8285,2,0,CountessBossAIController_1,1,3,1,-307.57,7.32,98.15,0.00,0.00,220.00,BP_TPCCharacter_C_2,BP_TPCCharacter_C_2,100.0,212
1,3,23.8452,2,0,CountessBossAIController_1,1,3,1,-314.23,7.17,98.15,0.00,0.00,220.00,BP_TPCCharacter_C_2,BP_TPCCharacter_C_2,100.0,212
1,3,23.8619,2,0,CountessBossAIController_1,1,3,1,-320.90,7.03,98.15,0.00,0.00,220.00,BP_TPCCharacter_C_2,BP_TPCCharacter_C_2,100.0,213
1,3,23.8785,2,0,CountessBossAIController_1,1,3,1,-327.56,6.89,98.15,0.00,0.00,220.00,BP_TPCCharacter_C_2,BP_TPCCharacter_C_2,100.0,213
1,3,23.8952,2,0,CountessBossAIController_1,1,3,1,-334.23,6.75,98.15,0.00,0.00,220.00,BP_TPCCharacter_C_2,BP_TPCCharacter_C_2,100.0,213
1,3,23.9119,2,0,CountessBossAIController_1,1,3,1,-340.90,6.60,98.15,0.00,0.00,220.00,BP_TPCCharacter_C_2,BP_TPCCharacter_C_2,100.0,213
1,3,23.9285,2,0,CountessBossAIController_1,1,3,1,-347.56,6.46,98.15,0.00,0.00,220.00,BP_TPCCharacter_C_2,BP_TPCCharacter_C_2,100.0,213
1,3,23.9452,2,0,CountessBossAIController_1,1,3,1,-354.23,6.32,98.15,0.00,0.00,220.00,BP_TPCCharacter_C_2,BP_TPCCharacter_C_2,100.0,213
1,3,23.9619,2,0,CountessBossAIController_1,1,3,1,-360.89,6.18,98.15,0.00,0.00,220.00,BP_TPCCharacter_C_2,BP_TPCCharacter_C_2,100.0,213
1,3,23.9785,2,0,CountessBossAIController_1,1,3,1,-363.89,6.11,98.15,0.00,0.00,220.00,BP_TPCCharacter_C_2,BP_TPCCharacter_C_2,100.0,214
1,3,23.9952,2,0,CountessBossAIController_1,1,3,1,-366.37,6.90,98.15,0.00,0.00,220.00,BP_TPCCharacter_C_2,BP_TPCCharacter_C_2,100.0,214
1,3,24.0119,2,0,CountessBossAIController_1,1,3,1,-368.39,8.39,98.15,0.00,0.00,220.00,BP_TPCCharacter_C_2,BP_TPCCharacter_C_2,100.0,214
1,3,24.0285,2,0,CountessBossAIController_1,1,3,1,-370.01,10.48,98.15,0.00,0.00,220.00,BP_TPCCharacter_C_2,BP_TPCCharacter_C_2,100.0,214
1,3,24.0452,2,0,CountessBossAIController_1,1,3,1,-371.32,13.13,98.15,0.00,0.00,220.00,BP_TPCCharacter_C_2,BP_TPCCharacter_C_2,100.0,214
1,3,24.0619,2,0,CountessBossAIController_1,1,3,1,-372.59,15.84,98.15,0.00,0.00,220.00,BP_TPCCharacter_C_2,BP_TPCCharacter_C_2,100.0,214
1,3,24.0785,2,0,CountessBossAIController_1,1,3,1,-373.87,18.56,98.15,0.00,0.00,220.00,BP_TPCCharacter_C_2,BP_TPCCharacter_C_2,100.0,214
1,3,24.0952,2,0,CountessBossAIController_1,1,3,1,-375.14,21.27,98.15,0.00,0.00,220.00,BP_TPCCharacter_C_2,BP_TPCCharacter_C_2,100.0,215
1,3,24.1119,2,0,CountessBossAIController_1,1,3,1,-376.42,23.99,98.15,0.00,0.00,220.00,BP_TPCCharacter_C_2,BP_TPCCharacter_C_2,100.0,215
1,3,24.1285,2,0,CountessBossAIController_1,1,3,1,-377.69,26.71,98.15,0.00,0.00,220.00,BP_TPCCharacter_C_2,BP_TPCCharacter_C_2,100.0,215
1,3,24.1452,2,0,CountessBossAIController_1,1,3,1,-378.97,29.42,98.15,0.00,0.00,220.00,BP_TPCCharacter_C_2,BP_TPCCharacter_C_2,100.0,215
1,3,24.1619,2,0,CountessBossAIController_1,1,3,1,-380.24,32.14,98.15,0.00,0.00,220.00,BP_TPCCharacter_C_2,BP_TPCCharacter_C_2,100.0,215
1,3,24.1785,2,0,CountessBossAIController_1,1,3,1,-381.51,34.85,98.15,0.00,0.00,220.00,BP_TPCCharacter_C_2,BP_TPCCharacter_C_2,100.0,215
1,3,24.1952,2,0,CountessBossAIController_1,1,3,1,-382.79,37.57,98.15,0.00,0.00,220.00,BP_TPCCharacter_C_2,BP_TPCCharacter_C_2,100.0,215
1,3,24.2119,2,0,CountessBossAIController_1,1,3,1,-384.06,40.29,98.15,0.00,0.00,220.00,BP_TPCCharacter_C_2,BP_TPCCharacter_C_2,100.0,216
1,3,24.2285,2,0,CountessBossAIController_1,1,3,1,-385.34,43.00,98.15,0.00,0.00,220.00,BP_TPCCharacter_C_2,BP_TPCCharacter_C_2,100.0,216
1,3,24.2452,2,0,CountessBossAIController_1,1,3,1,-386.61,45.72,98.15,0.00,0.00,220.00,BP_TPCCharacter_C_2,BP_TPCCharacter_C_2,100.0,216
1,3,24.2619,2,0,CountessBossAIController_1,1,3,1,-387.89,48.43,98.15,0.00,0.00,220.00,BP_TPCCharacter_C_2,BP_TPCCharacter_C_2,100.0,216
1,3,24.2785,2,0,CountessBossAIController_1,1,3,1,-389.16,51.15,98.15,0.00,0.00,220.00,BP_TPCCharacter_C_2,BP_TPCCharacter_C_2,100.0,216
1,3,24.2952,2,0,CountessBossAIController_1,1,3,1,-390.43,53.86,98.15,0.00,0.00,220.00,BP_TPCCharacter_C_2,BP_TPCCharacter_C_2,100.0,216
1,3,24.3119,2,0,CountessBossAIController_1,1,3,1,-391.71,56.58,98.15,0.00,0.00,220.00,BP_TPCCharacter_C_2,BP_TPCCharacter_C_2,100.0,216
1,3,24.3285,2,0,CountessBossAIController_1,1,3,1,-392.98,59.30,98.15,0.00,0.00,220.00,BP_TPCCharacter_C_2,BP_TPCCharacter_C_2,100.0,217
1,3,24.3452,2,0,CountessBossAIController_1,1,3,1,-394.26,62.01,98.15,0.00,0.00,220.00,BP_TPCCharacter_C_2,BP_TPCCharacter_C_2,100.0,217
1,3,24.3619,2,0,CountessBossAIController_1,1,3,1,-395.53,64.73,98.15,0.00,0.00,220.00,BP_TPCCharacter_C_2,BP_TPCCharacter_C_2,100.0,217
1,3,24.3785,2,0,CountessBossAIController_1,1,3,1,-396.81,67.44,98.15,0.00,0.00,220.00,BP_TPCCharacter_C_2,BP_TPCCharacter_C_2,100.0,217
1,3,24.3952,2,0,CountessBossAIController_1,1,3,1,-398.37,70.01,98.15,0.00,0.00,220.00,BP_TPCCharacter_C_2,BP_TPCCharacter_C_2,100.0,217
1,3,24.4119,2,0,CountessBossAIController_1,1,3,1,-399.92,72.57,98.15,0.00,0.00,220.00,BP_TPCCharacter_C_2,BP_TPCCharacter_C_2,100.0,217
1,3,24.4285,2,0,CountessBossAIController_1,1,3,1,-401.48,75.13,98.15,0.00,0.00,220.00,BP_TPCCharacter_C_2,BP_TPCCharacter_C_2,100.0,217
1,3,24.4452,2,0,CountessBossAIController_1,1,3,1,-403.04,77.70,98.15,0.00,0.00,220.00,BP_TPCCharacter_C_2,BP_TPCCharacter_C_2,100.0,218
1,3,24.4619,2,0,CountessBossAIController_1,1,3,1,-404.60,80.26,98.15,0.00,0.00,220.00,BP_TPCCharacter_C_2,BP_TPCCharacter_C_2,100.0,218
1,3,24.4785,2,0,CountessBossAIController_1,1,3,1,-406.16,82.82,98.15,0.00,0.00,220.00,BP_TPCCharacter_C_2,BP_TPCCharacter_C_2,100.0,218
1,3,24.4952,2,0,CountessBossAIController_1,1,3,1,-407.72,85.39,98.15,0.00,0.00,220.00,BP_TPCCharacter_C_2,BP_TPCCharacter_C_2,100.0,218
1,3,24.5119,2,0,CountessBossAIController_1,1,3,1,-409.28,87.95,98.15,0.00,0.00,220.00,BP_TPCCharacter_C_2,BP_TPCCharacter_C_2,100.0,218
1,3,24.5285,2,0,CountessBossAIController_1,1,3,1,-410.84,90.51,98.15,0.00,0.00,220.00,BP_TPCCharacter_C_2,BP_TPCCharacter_C_2,100.0,218
1,3,24.5452,2,0,CountessBossAIController_1,1,3,1,-412.40,93.07,98.15,0.00,0.00,220.00,BP_TPCCharacter_C_2,BP_TPCCharacter_C_2,100.0,218
1,3,24.5619,2,0,CountessBossAIController_1,1,3,1,-413.96,95.64,98.15,0.00,0.00,220.00,BP_TPCCharacter_C_2,BP_TPCCharacter_C_2,100.0,219
1,3,24.5785,2,0,CountessBossAIController_1,1,3,1,-415.52,98.20,98.15,0.00,0.00,220.00,BP_TPCCharacter_C_2,BP_TPCCharacter_C_2,100.0,219
1,3,24.5952,2,0,CountessBossAIController_1,1,3,1,-417.07,100.76,98.15,0.00,0.00,220.00,BP_TPCCharacter_C_2,BP_TPCCharacter_C_2,100.0,219
1,3,24.6119,2,0,CountessBossAIController_1,1,3,1,-418.63,103.33,98.15,0.00,0.00,220.00,BP_TPCCharacter_C_2,BP_TPCCharacter_C_2,100.0,219
1,3,24.6285,2,0,CountessBossAIController_1,1,3,1,-420.19,105.89,98.15,0.00,0.00,220.00,BP_TPCCharacter_C_2,BP_TPCCharacter_C_2,100.0,219
1,3,24.6452,2,0,CountessBossAIController_1,1,3,1,-421.75,108.45,98.15,0.00,0.00,220.00,BP_TPCCharacter_C_2,BP_TPCCharacter_C_2,100.0,219
1,3,24.6619,2,0,CountessBossAIController_1,1,3,1,-423.31,111.02,98.15,0.00,0.00,220.00,BP_TPCCharacter_C_2,BP_TPCCharacter_C_2,100.0,219
1,3,24.6785,2,0,CountessBossAIController_1,1,3,1,-424.87,113.58,98.15,0.00,0.00,220.00,BP_TPCCharacter_C_2,BP_TPCCharacter_C_2,100.0,220
1,3,24.6952,2,0,CountessBossAIController_1,1,3,1,-426.43,116.14,98.15,0.00,0.00,220.00,BP_TPCCharacter_C_2,BP_TPCCharacter_C_2,100.0,220
1,3,24.7119,2,0,CountessBossAIController_1,1,3,1,-427.99,118.71,98.15,0.00,0.00,220.00,BP_TPCCharacter_C_2,BP_TPCCharacter_C_2,100.0,220
1,3,24.7285,2,0,CountessBossAIController_1,1,0,1,-429.55,121.27,98.15,0.00,0.00,220.00,BP_TPCCharacter_C_2,BP_TPCCharacter_C_2,100.0,220
1,3,24.7452,2,0,CountessBossAIController_1,1,0,1,-429.55,121.27,98.15,0.00,0.00,220.00,BP_TPCCharacter_C_2,BP_TPCCharacter_C_2,100.0,220
1,3,24.7619,2,0,CountessBossAIController_1,1,3,1,-429.55,121.27,98.15,0.00,0.00,220.00,BP_TPCCharacter_C_2,BP_TPCCharacter_C_2,100.0,220
1,3,24.7785,2,0,CountessBossAIController_1,1,3,1,-429.92,121.69,98.15,0.00,0.00,220.00,BP_TPCCharacter_C_2,BP_TPCCharacter_C_2,100.0,220
1,3,24.7952,2,0,CountessBossAIController_1,1,3,1,-430.68,122.55,98.15,0.00,0.00,220.00,BP_TPCCharacter_C_2,BP_TPCCharacter_C_2,100.0,221
1,3,24.8119,2,0,CountessBossAIController_1,1,3,1,-431.81,123.82,98.15,0.00,0.00,220.00,BP_TPCCharacter_C_2,BP_TPCCharacter_C_2,100.0,221
1,3,24.8285,2,0,CountessBossAIController_1,1,3,1,-433.32,125.53,98.15,0.00,0.00,220.00,BP_TPCCharacter_C_2,BP_TPCCharacter_C_2,100.0,221
1,3,24.8452,2,0,CountessBossAIController_1,1,3,1,-435.21,127.66,98.15,0.00,0.00,220.00,BP_TPCCharacter_C_2,BP_TPCCharacter_C_2,100.0,221
1,3,24.8619,2,0,CountessBossAIController_1,1,3,1,-437.19,129.90,98.15,0.00,0.00,220.00,BP_TPCCharacter_C_2,BP_TPCCharacter_C_2,100.0,221
1,3,24.8785,2,0,CountessBossAIController_1,1,3,1,-439.18,132.15,98.15,0.00,0.00,220.00,BP_TPCCharacter_C_2,BP_TPCCharacter_C_2,100.0,221
1,3,24.8952,2,0,CountessBossAIController_1,1,3,1,-441.17,134.39,98.15,0.00,0.00,220.00,BP_TPCCharacter_C_2,BP_TPCCharacter_C_2,100.0,221
1,3,24.9119,2,0,CountessBossAIController_1,1,3,1,-443.16,136.64,98.15,0.00,0.00,220.00,BP_TPCCharacter_C_2,BP_TPCCharacter_C_2,100.0,222
1,3,24.9285,2,0,CountessBossAIController_1,1,3,1,-445.15,138.88,98.15,0.00,0.00,220.00,BP_TPCCharacter_C_2,BP_TPCCharacter_C_2,100.0,222
1,3,24.9452,2,0,CountessBossAIController_1,1,3,1,-447.14,141.13,98.15,0.00,0.00,220.00,BP_TPCCharacter_C_2,BP_TPCCharacter_C_2,100.0,222
1,3,24.9619,2,0,CountessBossAIController_1,1,3,1,-449.13,143.38,98.15,0.00,0.00,220.00,BP_TPCCharacter_C_2,BP_TPCCharacter_C_2,100.0,222
1,3,24.9785,2,0,CountessBossAIController_1,1,3,1,-451.12,145.62,98.15,0.00,0.00,220.00,BP_TPCCharacter_C_2,BP_TPCCharacter_C_2,100.0,222
1,3,24.9952,2,0,CountessBossAIController_1,1,3,1,-453.11,147.87,98.15,0.00,0.00,220.00,BP_TPCCharacter_C_2,BP_TPCCharacter_C_2,100.0,222
1,3,25.0119,2,0,CountessBossAIController_1,1,3,1,-455.10,150.11,98.15,0.00,0.00,220.00,BP_TPCCharacter_C_2,BP_TPCCharacter_C_2,100.0,222
1,3,25.0285,2,0,CountessBossAIController_1,1,3,1,-457.09,152.36,98.15,0.00,0.00,220.00,BP_TPCCharacter_C_2,BP_TPCCharacter_C_2,100.0,223
1,3,25.0452,2,0,CountessBossAIController_1,1,3,1,-459.08,154.60,98.15,0.00,0.00,220.00,BP_TPCCharacter_C_2,BP_TPCCharacter_C_2,100.0,223
1,3,25.0619,2,0,CountessBossAIController_1,1,3,1,-461.07,156.85,98.15,0.00,0.00,220.00,BP_TPCCharacter_C_2,BP_TPCCharacter_C_2,100.0,223
1,3,25.0785,2,0,CountessBossAIController_1,1,3,1,-463.06,159.09,98.15,0.00,0.00,220.00,BP_TPCCharacter_C_2,BP_TPCCharacter_C_2,100.0,223
1,3,25.0952,2,0,CountessBossAIController_1,1,3,1,-465.04,161.34,98.15,0.00,0.00,220.00,BP_TPCCharacter_C_2,BP_TPCCharacter_C_2,100.0,223
1,3,25.1119,2,0,CountessBossAIController_1,1,3,1,-467.03,163.59,98.15,0.00,0.00,220.00,BP_TPCCharacter_C_2,BP_TPCCharacter_C_2,100.0,223
1,3,25.1285,2,0,CountessBossAIController_1,1,3,1,-469.02,165.83,98.15,0.00,0.00,220.00,BP_TPCCharacter_C_2,BP_TPCCharacter_C_2,100.0,223
1,3,25.1452,2,0,CountessBossAIController_1,1,0,1,-471.01,168.08,98.15,0.00,0.00,220.00,BP_TPCCharacter_C_2,BP_TPCCharacter_C_2,100.0,224
1,3,25.1619,2,0,CountessBossAIController_1,1,3,1,-471.01,168.08,98.15,0.00,0.00,220.00,BP_TPCCharacter_C_2,BP_TPCCharacter_C_2,100.0,224
1,3,25.1785,2,0,CountessBossAIController_1,1,3,1,-471.47,168.42,98.15,0.00,0.00,220.00,BP_TPCCharacter_C_2,BP_TPCCharacter_C_2,100.0,224
1,3,25.1952,2,0,CountessBossAIController_1,1,3,1,-472.38,169.09,98.15,0.00,0.00,220.00,BP_TPCCharacter_C_2,BP_TPCCharacter_C_2,100.0,224
1,3,25.2119,2,0,CountessBossAIController_1,1,3,1,-473.76,170.11,98.15,0.00,0.00,220.00,BP_TPCCharacter_C_2,BP_TPCCharacter_C_2,100.0,224
1,3,25.2285,2,0,CountessBossAIController_1,1,3,1,-475.59,171.46,98.15,0.00,0.00,220.00,BP_TPCCharacter_C_2,BP_TPCCharacter_C_2,100.0,224
1,3,25.2452,2,0,CountessBossAIController_1,1,3,1,-477.88,173.15,98.15,0.00,0.00,220.00,BP_TPCCharacter_C_2,BP_TPCCharacter_C_2,100.0,224
1,3,25.2619,2,0,CountessBossAIController_1,1,3,1,-480.29,174.93,98.15,0.00,0.00,220.00,BP_TPCCharacter_C_2,BP_TPCCharacter_C_2,100.0,225
1,3,25.2785,2,0,CountessBossAIController_1,1,3,1,-482.70,176.71,98.15,0.00,0.00,220.00,BP_TPCCharacter_C_2,BP_TPCCharacter_C_2,100.0,225
1,3,25.2952,2,0,CountessBossAIController_1,1,3,1,-485.11,178.50,98.15,0.00,0.00,220.00,BP_TPCCharacter_C_2,BP_TPCCharacter_C_2,100.0,225
1,3,25.3119,2,0,CountessBossAIController_1,1,3,1,-487.53,180.28,98.15,0.00,0.00,220.00,BP_TPCCharacter_C_2,BP_TPCCharacter_C_2,100.0,225
1,3,25.3285,2,0,CountessBossAIController_1,1,3,1,-489.94,182.06,98.15,0.00,0.00,220.00,BP_TPCCharacter_C_2,BP_TPCCharacter_C_2,100.0,225
1,3,25.3452,2,0,CountessBossAIController_1,1,3,1,-492.35,183.85,98.15,0.00,0.00,220.00,BP_TPCCharacter_C_2,BP_TPCCharacter_C_2,100.0,225
1,3,25.3619,2,0,CountessBossAIController_1,1,3,1,-494.76,185.63,98.15,0.00,0.00,220.00,BP_TPCCharacter_C_2,BP_TPCCharacter_C_2,100.0,225
1,3,25.3785,2,0,CountessBossAIController_1,1,3,1,-497.18,187.41,98.15,0.00,0.00,220.00,BP_TPCCharacter_C_2,BP_TPCCharacter_C_2,100.0,226
1,3,25.3952,2,0,CountessBossAIController_1,1,3,1,-499.59,189.20,98.15,0.00,0.00,220.00,BP_TPCCharacter_C_2,BP_TPCCharacter_C_2,100.0,226
1,3,25.4119,2,0,CountessBossAIController_1,1,3,1,-502.00,190.98,98.15,0.00,0.00,220.00,BP_TPCCharacter_C_2,BP_TPCCharacter_C_2,100.0,226
1,3,25.4285,2,0,CountessBossAIController_1,1,3,1,-504.41,192.76,98.15,0.00,0.00,220.00,BP_TPCCharacter_C_2,BP_TPCCharacter_C_2,100.0,226
1,3,25.4452,2,0,CountessBossAIController_1,1,3,1,-506.83,194.54,98.15,0.00,0.00,220.00,BP_TPCCharacter_C_2,BP_TPCCharacter_C_2,100.0,226
1,3,25.4619,2,0,CountessBossAIController_1,1,3,1,-509.24,196.33,98.15,0.00,0.00,220.00,BP_TPCCharacter_C_2,BP_TPCCharacter_C_2,100.0,226
1,3,25.4785,2,0,CountessBossAIController_1,1,3,1,-511.65,198.11,98.15,0.00,0.00,220.00,BP_TPCCharacter_C_2,BP_TPCCharacter_C_2,100.0,226
1,3,25.4952,2,0,CountessBossAIController_1,1,3,1,-514.07,199.89,98.15,0.00,0.00,220.00,BP_TPCCharacter_C_2,BP_TPCCharacter_C_2,100.0,227
1,3,25.5119,2,0,CountessBossAIController_1,1,3,1,-516.48,201.68,98.15,0.00,0.00,220.00,BP_TPCCharacter_C_2,BP_TPCCharacter_C_2,100.0,227
1,3,25.5285,2,0,CountessBossAIController_1,1,3,1,-518.89,203.46,98.15,0.00,0.00,220.00,BP_TPCCharacter_C_2,BP_TPCCharacter_C_2,100.0,227
1,3,25.5452,2,0,CountessBossAIController_1,1,0,1,-521.30,205.24,98.15,0.00,0.00,220.00,BP_TPCCharacter_C_2,BP_TPCCharacter_C_2,100.0,227
1,3,25.5619,2,0,CountessBossAIController_1,1,3,1,-521.30,205.24,98.15,0.00,0.00,220.00,BP_TPCCharacter_C_2,BP_TPCCharacter_C_2,100.0,227
1,3,25.5785,2,0,CountessBossAIController_1,1,3,1,-521.83,205.47,98.15,0.00,0.00,220.00,BP_TPCCharacter_C_2,BP_TPCCharacter_C_2,100.0,227
1,3,25.5952,2,0,CountessBossAIController_1,1,3,1,-522.87,205.91,98.15,0.00,0.00,220.00,BP_TPCCharacter_C_2,BP_TPCCharacter_C_2,100.0,227
1,3,25.6119,2,0,CountessBossAIController_1,1,3,1,-524.44,206.58,98.15,0.00,0.00,220.00,BP_TPCCharacter_C_2,BP_TPCCharacter_C_2,100.0,228
1,3,25.6285,2,0,CountessBossAIController_1,1,3,1,-526.54,207.47,98.15,0.00,0.00,220.00,BP_TPCCharacter_C_2,BP_TPCCharacter_C_2,100.0,228
1,3,25.6452,2,0,CountessBossAIController_1,1,3,1,-529.15,208.58,98.15,0.00,0.00,220.00,BP_TPCCharacter_C_2,BP_TPCCharacter_C_2,100.0,228
1,3,25.6619,2,0,CountessBossAIController_1,1,3,1,-531.92,209.76,98.15,0.00,0.00,220.00,BP_TPCCharacter_C_2,BP_TPCCharacter_C_2,100.0,228
1,3,25.6785,2,0,CountessBossAIController_1,1,3,1,-534.68,210.93,98.15,0.00,0.00,220.00,BP_TPCCharacter_C_2,BP_TPCCharacter_C_2,100.0,228
1,3,25.6952,2,0,CountessBossAIController_1,1,3,1,-537.44,212.11,98.15,0.00,0.00,220.00,BP_TPCCharacter_C_2,BP_TPCCharacter_C_2,100.0,228
1,3,25.7119,2,0,CountessBossAIController_1,1,3,1,-540.20,213.28,98.15,0.00,0.00,220.00,BP_TPCCharacter_C_2,BP_TPCCharacter_C_2,100.0,228
1,3,25.7285,2,0,CountessBossAIController_1,1,3,1,-542.96,214.46,98.15,0.00,0.00,220.00,BP_TPCCharacter_C_2,BP_TPCCharacter_C_2,100.0,229
1,3,25.7452,2,0,CountessBossAIController_1,1,3,1,-545.72,215.63,98.15,0.00,0.00,220.00,BP_TPCCharacter_C_2,BP_TPCCharacter_C_2,100.0,229
1,3,25.7619,2,0,CountessBossAIController_1,1,3,1,-548.48,216.81,98.15,0.00,0.00,220.00,BP_TPCCharacter_C_2,BP_TPCCharacter_C_2,100.0,229
1,3,25.7785,2,0,CountessBossAIController_1,1,3,1,-551.24,217.98,98.15,0.00,0.00,220.00,BP_TPCCharacter_C_2,BP_TPCCharacter_C_2,100.0,229
1,3,25.7952,2,0,CountessBossAIController_1,1,3,1,-554.00,219.16,98.15,0.00,0.00,220.00,BP_TPCCharacter_C_2,BP_TPCCharacter_C_2,100.0,229
1,3,25.8119,2,0,CountessBossAIController_1,1,3,1,-556.76,220.33,98.15,0.00,0.00,220.00,BP_TPCCharacter_C_2,BP_TPCCharacter_C_2,100.0,229
1,3,25.8285,2,0,CountessBossAIController_1,1,3,1,-559.52,221.51,98.15,0.00,0.00,220.00,BP_TPCCharacter_C_2,BP_TPCCharacter_C_2,100.0,229
1,3,25.8452,2,0,CountessBossAIController_1,1,3,1,-562.28,222.68,98.15,0.00,0.00,220.00,BP_TPCCharacter_C_2,BP_TPCCharacter_C_2,100.0,230
1,3,25.8619,2,0,CountessBossAIController_1,1,3,1,-565.04,223.86,98.15,0.00,0.00,220.00,BP_TPCCharacter_C_2,BP_TPCCharacter_C_2,100.0,230
1,3,25.8785,2,0,CountessBossAIController_1,1,3,1,-567.80,225.03,98.15,0.00,0.00,220.00,BP_TPCCharacter_C_2,BP_TPCCharacter_C_2,100.0,230
1,3,25.8952,2,0,CountessBossAIController_1,1,3,1,-570.56,226.21,98.15,0.00,0.00,220.00,BP_TPCCharacter_C_2,BP_TPCCharacter_C_2,100.0,230
1,3,25.9119,2,0,CountessBossAIController_1,1,3,1,-573.32,227.38,98.15,0.00,0.00,220.00,BP_TPCCharacter_C_2,BP_TPCCharacter_C_2,100.0,230
1,3,25.9285,2,0,CountessBossAIController_1,1,3,1,-576.08,228.56,98.15,0.00,0.00,220.00,BP_TPCCharacter_C_2,BP_TPCCharacter_C_2,100.0,230
1,3,25.9452,2,0,CountessBossAIController_1,1,0,1,-578.84,229.73,98.15,0.00,0.00,220.00,BP_TPCCharacter_C_2,BP_TPCCharacter_C_2,100.0,230
1,3,25.9619,2,0,CountessBossAIController_1,1,3,1,-578.84,229.73,98.15,0.00,0.00,220.00,BP_TPCCharacter_C_2,BP_TPCCharacter_C_2,100.0,231
1,3,25.9785,2,0,CountessBossAIController_1,1,3,1,-579.40,229.82,98.15,0.00,0.00,220.00,BP_TPCCharacter_C_2,BP_TPCCharacter_C_2,100.0,231
1,3,25.9952,2,0,CountessBossAIController_1,1,3,1,-580.53,230.00,98.15,0.00,0.00,220.00,BP_TPCCharacter_C_2,BP_TPCCharacter_C_2,100.0,231
1,3,26.0119,2,0,CountessBossAIController_1,1,3,1,-582.21,230.26,98.15,0.00,0.00,220.00,BP_TPCCharacter_C_2,BP_TPCCharacter_C_2,100.0,231
1,3,26.0285,2,0,CountessBossAIController_1,1,3,1,-584.46,230.61,98.15,0.00,0.00,220.00,BP_TPCCharacter_C_2,BP_TPCCharacter_C_2,100.0,231
1,3,26.0452,2,0,CountessBossAIController_1,1,3,1,-587.27,231.05,98.15,0.00,0.00,220.00,BP_TPCCharacter_C_2,BP_TPCCharacter_C_2,100.0,231
1,3,26.0619,2,0,CountessBossAIController_1,1,3,1,-590.24,231.51,98.15,0.00,0.00,220.00,BP_TPCCharacter_C_2,BP_TPCCharacter_C_2,100.0,231
1,3,26.0785,2,0,CountessBossAIController_1,1,3,1,-593.20,231.98,98.15,0.00,0.00,220.00,BP_TPCCharacter_C_2,BP_TPCCharacter_C_2,100.0,232
1,3,26.0952,2,0,CountessBossAIController_1,1,3,1,-596.16,232.44,98.15,0.00,0.00,220.00,BP_TPCCharacter_C_2,BP_TPCCharacter_C_2,100.0,232
1,3,26.1119,2,0,CountessBossAIController_1,1,3,1,-599.13,232.90,98.15,0.00,0.00,220.00,BP_TPCCharacter_C_2,BP_TPCCharacter_C_2,100.0,232
1,3,26.1285,2,0,CountessBossAIController_1,1,3,1,-602.09,233.37,98.15,0.00,0.00,220.00,BP_TPCCharacter_C_2,BP_TPCCharacter_C_2,100.0,232
1,3,26.1452,2,0,CountessBossAIController_1,1,3,1,-605.06,233.83,98.15,0.00,0.00,220.00,BP_TPCCharacter_C_2,BP_TPCCharacter_C_2,100.0,232
1,3,26.1619,2,0,CountessBossAIController_1,1,3,1,-608.02,234.29,98.15,0.00,0.00,220.00,BP_TPCCharacter_C_2,BP_TPCCharacter_C_2,100.0,232
1,3,26.1785,2,0,CountessBossAIController_1,1,3,1,-610.98,234.76,98.15,0.00,0.00,220.00,BP_TPCCharacter_C_2,BP_TPCCharacter_C_2,100.0,232
1,3,26.1952,2,0,CountessBossAIController_1,1,3,1,-613.95,235.22,98.15,0.00,0.00,220.00,BP_TPCCharacter_C_2,BP_TPCCharacter_C_2,100.0,233
1,3,26.2119,2,0,CountessBossAIController_1,1,3,1,-616.91,235.68,98.15,0.00,0.00,220.00,BP_TPCCharacter_C_2,BP_TPCCharacter_C_2,100.0,233
1,3,26.2285,2,0,CountessBossAIController_1,1,3,1,-619.88,236.14,98.15,0.00,0.00,220.00,BP_TPCCharacter_C_2,BP_TPCCharacter_C_2,100.0,233
1,3,26.2452,2,0,CountessBossAIController_1,1,3,1,-622.84,236.61,98.15,0.00,0.00,220.00,BP_TPCCharacter_C_2,BP_TPCCharacter_C_2,100.0,233
1,3,26.2619,2,0,CountessBossAIController_1,1,3,1,-625.80,237.07,98.15,0.00,0.00,220.00,BP_TPCCharacter_C_2,BP_TPCCharacter_C_2,100.0,233
1,3,26.2785,2,0,CountessBossAIController_1,1,3,1,-628.77,237.53,98.15,0.00,0.00,220.00,BP_TPCCharacter_C_2,BP_TPCCharacter_C_2,100.0,233
1,3,26.2952,2,0,CountessBossAIController_1,1,3,1,-631.73,238.00,98.15,0.00,0.00,220.00,BP_TPCCharacter_C_2,BP_TPCCharacter_C_2,100.0,233
1,3,26.3119,2,0,CountessBossAIController_1,1,3,1,-634.70,238.46,98.15,0.00,0.00,220.00,BP_TPCCharacter_C_2,BP_TPCCharacter_C_2,100.0,234
1,3,26.3285,2,0,CountessBossAIController_1,1,3,1,-637.66,238.92,98.15,0.00,0.00,220.00,BP_TPCCharacter_C_2,BP_TPCCharacter_C_2,100.0,234
1,3,26.3452,2,0,CountessBossAIController_1,1,0,1,-640.62,239.39,98.15,0.00,0.00,220.00,BP_TPCCharacter_C_2,BP_TPCCharacter_C_2,100.0,234
1,3,26.3619,2,0,CountessBossAIController_1,1,3,1,-640.62,239.39,98.15,0.00,0.00,220.00,BP_TPCCharacter_C_2,BP_TPCCharacter_C_2,100.0,234
1,3,26.3785,2,0,CountessBossAIController_1,1,3,1,-641.19,239.33,98.15,0.00,0.00,220.00,BP_TPCCharacter_C_2,BP_TPCCharacter_C_2,100.0,234
1,3,26.3952,2,0,CountessBossAIController_1,1,3,1,-642.32,239.22,98.15,0.00,0.00,220.00,BP_TPCCharacter_C_2,BP_TPCCharacter_C_2,100.0,234
1,3,26.4119,2,0,CountessBossAIController_1,1,3,1,-644.02,239.05,98.15,0.00,0.00,220.00,BP_TPCCharacter_C_2,BP_TPCCharacter_C_2,100.0,234
1,3,26.4285,2,0,CountessBossAIController_1,1,3,1,-646.29,238.82,98.15,0.00,0.00,220.00,BP_TPCCharacter_C_2,BP_TPCCharacter_C_2,100.0,235
1,3,26.4452,2,0,CountessBossAIController_1,1,3,1,-649.12,238.54,98.15,0.00,0.00,220.00,BP_TPCCharacter_C_2,BP_TPCCharacter_C_2,100.0,235
1,3,26.4619,2,0,CountessBossAIController_1,1,3,1,-652.10,238.24,98.15,0.00,0.00,220.00,BP_TPCCharacter_C_2,BP_TPCCharacter_C_2,100.0,235
1,3,26.4785,2,0,CountessBossAIController_1,1,3,1,-655.09,237.94,98.15,0.00,0.00,220.00,BP_TPCCharacter_C_2,BP_TPCCharacter_C_2,100.0,235
1,3,26.4952,2,0,CountessBossAIController_1,1,3,1,-658.07,237.64,98.15,0.00,0.00,220.00,BP_TPCCharacter_C_2,BP_TPCCharacter_C_2,100.0,235
1,3,26.5119,2,0,CountessBossAIController_1,1,3,1,-661.06,237.34,98.15,0.00,0.00,220.00,BP_TPCCharacter_C_2,BP_TPCCharacter_C_2,100.0,235
1,3,26.5285,2,0,CountessBossAIController_1,1,3,1,-664.04,237.04,98.15,0.00,0.00,220.00,BP_TPCCharacter_C_2,BP_TPCCharacter_C_2,100.0,235
1,3,26.5452,2,0,CountessBossAIController_1,1,3,1,-667.03,236.74,98.15,0.00,0.00,220.00,BP_TPCCharacter_C_2,BP_TPCCharacter_C_2,100.0,236
1,3,26.5619,2,0,CountessBossAIController_1,1,3,1,-670.01,236.44,98.15,0.00,0.00,220.00,BP_TPCCharacter_C_2,BP_TPCCharacter_C_2,100.0,236
1,3,26.5785,2,0,CountessBossAIController_1,1,3,1,-673.00,236.15,98.15,0.00,0.00,220.00,BP_TPCCharacter_C_2,BP_TPCCharacter_C_2,100.0,236
1,3,26.5952,2,0,CountessBossAIController_1,1,3,1,-675.98,235.85,98.15,0.00,0.00,220.00,BP_TPCCharacter_C_2,BP_TPCCharacter_C_2,100.0,236
1,3,26.6119,2,0,CountessBossAIController_1,1,3,1,-678.97,235.55,98.15,0.00,0.00,220.00,BP_TPCCharacter_C_2,BP_TPCCharacter_C_2,100.0,236
1,3,26.6285,2,0,CountessBossAIController_1,1,3,1,-681.95,235.25,98.15,0.00,0.00,220.00,BP_TPCCharacter_C_2,BP_TPCCharacter_C_2,100.0,236
1,3,26.6452,2,0,CountessBossAIController_1,1,3,1,-684.94,234.95,98.15,0.00,0.00,220.00,BP_TPCCharacter_C_2,BP_TPCCharacter_C_2,100.0,236
1,3,26.6619,2,0,CountessBossAIController_1,1,3,1,-687.92,234.65,98.15,0.00,0.00,220.00,BP_TPCCharacter_C_2,BP_TPCCharacter_C_2,100.0,237
1,3,26.6785,2,0,CountessBossAIController_1,1,3,1,-690.91,234.35,98.15,0.00,0.00,220.00,BP_TPCCharacter_C_2,BP_TPCCharacter_C_2,100.0,237
1,3,26.6952,2,0,CountessBossAIController_1,1,3,1,-693.89,234.06,98.15,0.00,0.00,220.00,BP_TPCCharacter_C_2,BP_TPCCharacter_C_2,100.0,237
1,3,26.7119,2,0,CountessBossAIController_1,1,3,1,-696.88,233.76,98.15,0.00,0.00,220.00,BP_TPCCharacter_C_2,BP_TPCCharacter_C_2,100.0,237
1,3,26.7285,2,0,CountessBossAIController_1,1,3,1,-699.86,233.46,98.15,0.00,0.00,220.00,BP_TPCCharacter_C_2,BP_TPCCharacter_C_2,100.0,237
1,3,26.7452,2,0,CountessBossAIController_1,1,0,1,-702.85,233.16,98.15,0.00,0.00,220.00,BP_TPCCharacter_C_2,BP_TPCCharacter_C_2,100.0,237
1,3,26.7619,2,0,CountessBossAIController_1,1,3,1,-702.85,233.16,98.15,0.00,0.00,220.00,BP_TPCCharacter_C_2,BP_TPCCharacter_C_2,100.0,237
1,3,26.7785,2,0,CountessBossAIController_1,1,3,1,-703.38,232.96,98.15,0.00,0.00,220.00,BP_TPCCharacter_C_2,BP_TPCCharacter_C_2,100.0,238
1,3,26.7952,2,0,CountessBossAIController_1,1,3,1,-704.45,232.56,98.15,0.00,0.00,220.00,BP_TPCCharacter_C_2,BP_TPCCharacter_C_2,100.0,238
1,3,26.8119,2,0,CountessBossAIController_1,1,3,1,-706.04,231.96,98.15,0.00,0.00,220.00,BP_TPCCharacter_C_2,BP_TPCCharacter_C_2,100.0,238
1,3,26.8285,2,0,CountessBossAIController_1,1,3,1,-708.18,231.16,98.15,0.00,0.00,220.00,BP_TPCCharacter_C_2,BP_TPCCharacter_C_2,100.0,238
1,3,26.8452,2,0,CountessBossAIController_1,1,3,1,-710.84,230.17,98.15,0.00,0.00,220.00,BP_TPCCharacter_C_2,BP_TPCCharacter_C_2,100.0,238
1,3,26.8619,2,0,CountessBossAIController_1,1,3,1,-713.65,229.11,98.15,0.00,0.00,220.00,BP_TPCCharacter_C_2,BP_TPCCharacter_C_2,100.0,238
1,3,26.8785,2,0,CountessBossAIController_1,1,3,1,-716.46,228.06,98.15,0.00,0.00,220.00,BP_TPCCharacter_C_2,BP_TPCCharacter_C_2,100.0,238
1,3,26.8952,2,0,CountessBossAIController_1,1,3,1,-719.27,227.01,98.15,0.00,0.00,220.00,BP_TPCCharacter_C_2,BP_TPCCharacter_C_2,100.0,239
1,3,26.9119,2,0,CountessBossAIController_1,1,3,1,-722.08,225.96,98.15,0.00,0.00,220.00,BP_TPCCharacter_C_2,BP_TPCCharacter_C_2,100.0,239
1,3,26.9285,2,0,CountessBossAIController_1,1,3,1,-724.89,224.91,98.15,0.00,0.00,220.00,BP_TPCCharacter_C_2,BP_TPCCharacter_C_2,100.0,239
1,3,26.9452,2,0,CountessBossAIController_1,1,3,1,-727.70,223.85,98.15,0.00,0.00,220.00,BP_TPCCharacter_C_2,BP_TPCCharacter_C_2,100.0,239
1,3,26.9619,2,0,CountessBossAIController_1,1,3,1,-730.51,222.80,98.15,0.00,0.00,220.00,BP_TPCCharacter_C_2,BP_TPCCharacter_C_2,100.0,239
1,3,26.9785,2,0,CountessBossAIController_1,1,3,1,-733.31,221.75,98.15,0.00,0.00,220.00,BP_TPCCharacter_C_2,BP_TPCCharacter_C_2,100.0,239
1,3,26.9952,2,0,CountessBossAIController_1,1,3,1,-736.12,220.70,98.15,0.00,0.00,220.00,BP_TPCCharacter_C_2,BP_TPCCharacter_C_2,100.0,239
1,3,27.0119,2,0,CountessBossAIController_1,1,3,1,-738.93,219.65,98.15,0.00,0.00,220.00,BP_TPCCharacter_C_2,BP_TPCCharacter_C_2,100.0,240
1,3,27.0285,2,0,CountessBossAIController_1,1,3,1,-741.74,218.59,98.15,0.00,0.00,220.00,BP_TPCCharacter_C_2,BP_TPCCharacter_C_2,100.0,240
1,3,27.0452,2,0,CountessBossAIController_1,1,3,1,-744.55,217.54,98.15,0.00,0.00,220.00,BP_TPCCharacter_C_2,BP_TPCCharacter_C_2,100.0,240
1,3,27.0619,2,0,CountessBossAIController_1,1,3,1,-747.36,216.49,98.15,0.00,0.00,220.00,BP_TPCCharacter_C_2,BP_TPCCharacter_C_2,100.0,240
1,3,27.0785,2,0,CountessBossAIController_1,1,3,1,-750.17,215.44,98.15,0.00,0.00,220.00,BP_TPCCharacter_C_2,BP_TPCCharacter_C_2,100.0,240
1,3,27.0952,2,0,CountessBossAIController_1,1,3,1,-752.98,214.39,98.15,0.00,0.00,220.00,BP_TPCCharacter_C_2,BP_TPCCharacter_C_2,100.0,240
1,3,27.1119,2,0,CountessBossAIController_1,1,3,1,-755.79,213.33,98.15,0.00,0.00,220.00,BP_TPCCharacter_C_2,BP_TPCCharacter_C_2,100.0,240
1,3,27.1285,2,0,CountessBossAIController_1,1,3,1,-758.60,212.28,98.15,0.00,0.00,220.00,BP_TPCCharacter_C_2,BP_TPCCharacter_C_2,100.0,241
1,3,27.1452,2,0,CountessBossAIController_1,1,0,1,-761.41,211.23,98.15,0.00,0.00,220.00,BP_TPCCharacter_C_2,BP_TPCCharacter_C_2,100.0,241
1,3,27.1619,2,0,CountessBossAIController_1,1,3,1,-761.41,211.23,98.15,0.00,0.00,220.00,BP_TPCCharacter_C_2,BP_TPCCharacter_C_2,100.0,241
1,3,27.1785,2,0,CountessBossAIController_1,1,3,1,-761.87,210.90,98.15,0.00,0.00,220.00,BP_TPCCharacter_C_2,BP_TPCCharacter_C_2,100.0,241
1,3,27.1952,2,0,CountessBossAIController_1,1,3,1,-762.80,210.24,98.15,0.00,0.00,220.00,BP_TPCCharacter_C_2,BP_TPCCharacter_C_2,100.0,241
1,3,27.2119,2,0,CountessBossAIController_1,1,3,1,-764.19,209.25,98.15,0.00,0.00,220.00,BP_TPCCharacter_C_2,BP_TPCCharacter_C_2,100.0,241
1,3,27.2285,2,0,CountessBossAIController_1,1,3,1,-766.04,207.93,98.15,0.00,0.00,220.00,BP_TPCCharacter_C_2,BP_TPCCharacter_C_2,100.0,241
1,3,27.2452,2,0,CountessBossAIController_1,1,3,1,-768.36,206.28,98.15,0.00,0.00,220.00,BP_TPCCharacter_C_2,BP_TPCCharacter_C_2,100.0,242
1,3,27.2619,2,0,CountessBossAIController_1,1,3,1,-770.80,204.54,98.15,0.00,0.00,220.00,BP_TPCCharacter_C_2,BP_TPCCharacter_C_2,100.0,242
1,3,27.2785,2,0,CountessBossAIController_1,1,3,1,-773.25,202.80,98.15,0.00,0.00,220.00,BP_TPCCharacter_C_2,BP_TPCCharacter_C_2,100.0,242
1,3,27.2952,2,0,CountessBossAIController_1,1,3,1,-775.69,201.06,98.15,0.00,0.00,220.00,BP_TPCCharacter_C_2,BP_TPCCharacter_C_2,100.0,242
1,3,27.3119,2,0,CountessBossAIController_1,1,3,1,-778.13,199.32,98.15,0.00,0.00,220.00,BP_TPCCharacter_C_2,BP_TPCCharacter_C_2,100.0,242
1,3,27.3285,2,0,CountessBossAIController_1,1,3,1,-780.58,197.58,98.15,0.00,0.00,220.00,BP_TPCCharacter_C_2,BP_TPCCharacter_C_2,100.0,242
1,3,27.3452,2,0,CountessBossAIController_1,1,3,1,-783.02,195.84,98.15,0.00,0.00,220.00,BP_TPCCharacter_C_2,BP_TPCCharacter_C_2,100.0,242
1,3,27.3619,2,0,CountessBossAIController_1,1,3,1,-785.46,194.10,98.15,0.00,0.00,220.00,BP_TPCCharacter_C_2,BP_TPCCharacter_C_2,100.0,243
1,3,27.3785,2,0,CountessBossAIController_1,1,3,1,-787.91,192.36,98.15,0.00,0.00,220.00,BP_TPCCharacter_C_2,BP_TPCCharacter_C_2,100.0,243
1,3,27.3952,2,0,CountessBossAIController_1,1,3,1,-790.35,190.62,98.15,0.00,0.00,220.00,BP_TPCCharacter_C_2,BP_TPCCharacter_C_2,100.0,243
1,3,27.4119,2,0,CountessBossAIController_1,1,3,1,-792.80,188.87,98.15,0.00,0.00,220.00,BP_TPCCharacter_C_2,BP_TPCCharacter_C_2,100.0,243
1,3,27.4285,2,0,CountessBossAIController_1,1,3,1,-795.24,187.13,98.15,0.00,0.00,220.00,BP_TPCCharacter_C_2,BP_TPCCharacter_C_2,100.0,243
1,3,27.4452,2,0,CountessBossAIController_1,1,3,1,-797.68,185.39,98.15,0.00,0.00,220.00,BP_TPCCharacter_C_2,BP_TPCCharacter_C_2,100.0,243
1,3,27.4619,2,0,CountessBossAIController_1,1,3,1,-800.13,183.65,98.15,0.00,0.00,220.00,BP_TPCCharacter_C_2,BP_TPCCharacter_C_2,100.0,243
1,3,27.4785,2,0,CountessBossAIController_1,1,3,1,-802.57,181.91,98.15,0.00,0.00,220.00,BP_TPCCharacter_C_2,BP_TPCCharacter_C_2,100.0,244
1,3,27.4952,2,0,CountessBossAIController_1,1,3,1,-805.01,180.17,98.15,0.00,0.00,220.00,BP_TPCCharacter_C_2,BP_TPCCharacter_C_2,100.0,244
1,3,27.5119,2,0,CountessBossAIController_1,1,3,1,-807.46,178.43,98.15,0.00,0.00,220.00,BP_TPCCharacter_C_2,BP_TPCCharacter_C_2,100.0,244
1,3,27.5285,2,0,CountessBossAIController_1,1,3,1,-809.90,176.69,98.15,0.00,0.00,220.00,BP_TPCCharacter_C_2,BP_TPCCharacter_C_2,100.0,244
1,3,27.5452,2,0,CountessBossAIController_1,1,0,1,-812.34,174.95,98.15,0.00,0.00,220.00,BP_TPCCharacter_C_2,BP_TPCCharacter_C_2,100.0,244
1,3,27.5619,2,0,CountessBossAIController_1,1,3,1,-812.34,174.95,98.15,0.00,0.00,220.00,BP_TPCCharacter_C_2,BP_TPCCharacter_C_2,100.0,244
1,3,27.5785,2,0,CountessBossAIController_1,1,3,1,-812.71,174.51,98.15,0.00,0.00,220.00,BP_TPCCharacter_C_2,BP_TPCCharacter_C_2,100.0,244
1,3,27.5952,2,0,CountessBossAIController_1,1,3,1,-813.43,173.64,98.15,0.00,0.00,220.00,BP_TPCCharacter_C_2,BP_TPCCharacter_C_2,100.0,245
1,3,27.6119,2,0,CountessBossAIController_1,1,3,1,-814.52,172.32,98.15,0.00,0.00,220.00,BP_TPCCharacter_C_2,BP_TPCCharacter_C_2,100.0,245
1,3,27.6285,2,0,CountessBossAIController_1,1,3,1,-815.97,170.56,98.15,0.00,0.00,220.00,BP_TPCCharacter_C_2,BP_TPCCharacter_C_2,100.0,245
1,3,27.6452,2,0,CountessBossAIController_1,1,3,1,-817.78,168.37,98.15,0.00,0.00,220.00,BP_TPCCharacter_C_2,BP_TPCCharacter_C_2,100.0,245
1,3,27.6619,2,0,CountessBossAIController_1,1,3,1,-819.69,166.06,98.15,0.00,0.00,220.00,BP_TPCCharacter_C_2,BP_TPCCharacter_C_2,100.0,245
1,3,27.6785,2,0,CountessBossAIController_1,1,3,1,-821.60,163.74,98.15,0.00,0.00,220.00,BP_TPCCharacter_C_2,BP_TPCCharacter_C_2,100.0,245
1,3,27.6952,2,0,CountessBossAIController_1,1,3,1,-823.51,161.43,98.15,0.00,0.00,220.00,BP_TPCCharacter_C_2,BP_TPCCharacter_C_2,100.0,245
1,3,27.7119,2,0,CountessBossAIController_1,1,3,1,-825.42,159.12,98.15,0.00,0.00,220.00,BP_TPCCharacter_C_2,BP_TPCCharacter_C_2,100.0,246
1,3,27.7285,2,0,CountessBossAIController_1,1,3,1,-827.33,156.80,98.15,0.00,0.00,220.00,BP_TPCCharacter_C_2,BP_TPCCharacter_C_2,100.0,246
1,3,27.7452,2,0,CountessBossAIController_1,1,3,1,-829.24,154.49,98.15,0.00,0.00,220.00,BP_TPCCharacter_C_2,BP_TPCCharacter_C_2,100.0,246
1,3,27.7619,2,0,CountessBossAIController_1,1,3,1,-831.15,152.18,98.15,0.00,0.00,220.00,BP_TPCCharacter_C_2,BP_TPCCharacter_C_2,100.0,246
1,3,27.7785,2,0,CountessBossAIController_1,1,3,1,-833.06,149.86,98.15,0.00,0.00,220.00,BP_TPCCharacter_C_2,BP_TPCCharacter_C_2,100.0,246
1,3,27.7952,2,0,CountessBossAIController_1,1,3,1,-834.97,147.55,98.15,0.00,0.00,220.00,BP_TPCCharacter_C_2,BP_TPCCharacter_C_2,100.0,246
1,3,27.8119,2,0,CountessBossAIController_1,1,3,1,-836.88,145.24,98.15,0.00,0.00,220.00,BP_TPCCharacter_C_2,BP_TPCCharacter_C_2,100.0,246
1,3,27.8285,2,0,CountessBossAIController_1,1,3,1,-838.79,142.92,98.15,0.00,0.00,220.00,BP_TPCCharacter_C_2,BP_TPCCharacter_C_2,100.0,247
1,3,27.8452,2,0,CountessBossAIController_1,1,3,1,-840.70,140.61,98.15,0.00,0.00,220.00,BP_TPCCharacter_C_2,BP_TPCCharacter_C_2,100.0,247
1,3,27.8619,2,0,CountessBossAIController_1,1,3,1,-842.61,138.30,98.15,0.00,0.00,220.00,BP_TPCCharacter_C_2,BP_TPCCharacter_C_2,100.0,247
1,3,27.8785,2,0,CountessBossAIController_1,1,3,1,-844.52,135.98,98.15,0.00,0.00,220.00,BP_TPCCharacter_C_2,BP_TPCCharacter_C_2,100.0,247
1,3,27.8952,2,0,CountessBossAIController_1,1,3,1,-846.43,133.67,98.15,0.00,0.00,220.00,BP_TPCCharacter_C_2,BP_TPCCharacter_C_2,100.0,247
1,3,27.9119,2,0,CountessBossAIController_1,1,3,1,-848.34,131.36,98.15,0.00,0.00,220.00,BP_TPCCharacter_C_2,BP_TPCCharacter_C_2,100.0,247
1,3,27.9285,2,0,CountessBossAIController_1,1,3,1,-850.25,129.04,98.15,0.00,0.00,220.00,BP_TPCCharacter_C_2,BP_TPCCharacter_C_2,100.0,247
1,3,27.9452,2,0,CountessBossAIController_1,1,0,1,-852.16,126.73,98.15,0.00,0.00,220.00,BP_TPCCharacter_C_2,BP_TPCCharacter_C_2,100.0,248
1,3,27.9619,2,0,CountessBossAIController_1,1,3,1,-852.16,126.73,98.15,0.00,0.00,220.00,BP_TPCCharacter_C_2,BP_TPCCharacter_C_2,100.0,248
1,3,27.9785,2,0,CountessBossAIController_1,1,3,1,-852.39,126.21,98.15,0.00,0.00,220.00,BP_TPCCharacter_C_2,BP_TPCCharacter_C_2,100.0,248
1,3,27.9952,2,0,CountessBossAIController_1,1,3,1,-852.87,125.18,98.15,0.00,0.00,220.00,BP_TPCCharacter_C_2,BP_TPCCharacter_C_2,100.0,248
1,3,28.0119,2,0,CountessBossAIController_1,1,3,1,-853.57,123.62,98.15,0.00,0.00,220.00,BP_TPCCharacter_C_2,BP_TPCCharacter_C_2,100.0,248
1,3,28.0285,2,0,CountessBossAIController_1,1,3,1,-854.52,121.55,98.15,0.00,0.00,220.00,BP_TPCCharacter_C_2,BP_TPCCharacter_C_2,100.0,248
1,3,28.0452,2,0,CountessBossAIController_1,1,3,1,-855.70,118.97,98.15,0.00,0.00,220.00,BP_TPCCharacter_C_2,BP_TPCCharacter_C_2,100.0,248
1,3,28.0619,2,0,CountessBossAIController_1,1,3,1,-856.94,116.24,98.15,0.00,0.00,220.00,BP_TPCCharacter_C_2,BP_TPCCharacter_C_2,100.0,249
1,3,28.0785,2,0,CountessBossAIController_1,1,3,1,-858.19,113.51,98.15,0.00,0.00,220.00,BP_TPCCharacter_C_2,BP_TPCCharacter_C_2,100.0,249
1,3,28.0952,2,0,CountessBossAIController_1,1,3,1,-859.43,110.78,98.15,0.00,0.00,220.00,BP_TPCCharacter_C_2,BP_TPCCharacter_C_2,100.0,249
1,3,28.1119,2,0,CountessBossAIController_1,1,3,1,-860.68,108.05,98.15,0.00,0.00,220.00,BP_TPCCharacter_C_2,BP_TPCCharacter_C_2,100.0,249
1,3,28.1285,2,0,CountessBossAIController_1,1,3,1,-861.92,105.32,98.15,0.00,0.00,220.00,BP_TPCCharacter_C_2,BP_TPCCharacter_C_2,100.0,249
1,3,28.1452,2,0,CountessBossAIController_1,1,3,1,-863.17,102.59,98.15,0.00,0.00,220.00,BP_TPCCharacter_C_2,BP_TPCCharacter_C_2,100.0,249
1,3,28.1619,2,0,CountessBossAIController_1,1,3,1,-864.41,99.86,98.15,0.00,0.00,220.00,BP_TPCCharacter_C_2,BP_TPCCharacter_C_2,100.0,249
1,3,28.1785,2,0,CountessBossAIController_1,1,3,1,-865.66,97.13,98.15,0.00,0.00,220.00,BP_TPCCharacter_C_2,BP_TPCCharacter_C_2,100.0,250
1,3,28.1952,2,0,CountessBossAIController_1,1,3,1,-866.90,94.40,98.15,0.00,0.00,220.00,BP_TPCCharacter_C_2,BP_TPCCharacter_C_2,100.0,250
2,1,28.2119,3,3,CountessBossAIController_1,1,0,1,-868.15,91.67,98.15,0.00,0.00,220.00,BP_TPCCharacter_C_2,BP_TPCCharacter_C_2,10000.0,250
2,1,28.2285,3,3,CountessBossAIController_1,1,0,1,-868.15,91.67,98.15,0.00,0.00,220.00,BP_TPCCharacter_C_2,BP_TPCCharacter_C_2,10000.0,250
2,1,28.2452,3,3,CountessBossAIController_1,1,0,1,-868.15,91.67,98.15,0.00,0.00,220.00,BP_TPCCharacter_C_2,BP_TPCCharacter_C_2,10000.0,250
2,1,28.2619,3,3,CountessBossAIController_1,1,0,1,-868.15,91.67,98.15,0.00,0.00,220.00,BP_TPCCharacter_C_2,BP_TPCCharacter_C_2,10000.0,251
2,1,28.2785,3,3,CountessBossAIController_1,1,0,1,-868.15,91.67,98.15,0.00,0.00,220.00,BP_TPCCharacter_C_2,BP_TPCCharacter_C_2,10000.0,251
2,1,28.2952,3,3,CountessBossAIController_1,1,0,1,-868.15,91.67,98.15,0.00,0.00,220.00,BP_TPCCharacter_C_2,BP_TPCCharacter_C_2,10000.0,251
2,1,28.3119,3,3,CountessBossAIController_1,1,0,1,-868.15,91.67,98.15,0.00,0.00,220.00,BP_TPCCharacter_C_2,BP_TPCCharacter_C_2,10000.0,251
2,1,28.3285,3,3,CountessBossAIController_1,1,0,1,-868.15,91.67,98.15,0.00,0.00,220.00,BP_TPCCharacter_C_2,BP_TPCCharacter_C_2,10000.0,251
2,1,28.3452,3,3,CountessBossAIController_1,1,0,1,-868.15,91.67,98.15,0.00,0.00,220.00,BP_TPCCharacter_C_2,BP_TPCCharacter_C_2,10000.0,251
2,1,28.3619,3,3,CountessBossAIController_1,1,0,1,-868.15,91.67,98.15,0.00,0.00,220.00,BP_TPCCharacter_C_2,BP_TPCCharacter_C_2,10000.0,251
2,1,28.3785,3,3,CountessBossAIController_1,1,0,1,-868.15,91.67,98.15,0.00,0.00,220.00,BP_TPCCharacter_C_2,BP_TPCCharacter_C_2,10000.0,252
2,1,28.3952,3,3,CountessBossAIController_1,1,0,1,-868.15,91.67,98.15,0.00,0.00,220.00,BP_TPCCharacter_C_2,BP_TPCCharacter_C_2,10000.0,252
2,1,28.4119,3,3,CountessBossAIController_1,1,0,1,-868.15,91.67,98.15,0.00,0.00,220.00,BP_TPCCharacter_C_2,BP_TPCCharacter_C_2,10000.0,252
2,1,28.4285,3,3,CountessBossAIController_1,1,0,1,-868.15,91.67,98.15,0.00,0.00,220.00,BP_TPCCharacter_C_2,BP_TPCCharacter_C_2,10000.0,252
2,1,28.4452,3,3,CountessBossAIController_1,1,0,1,-868.15,91.67,98.15,0.00,0.00,220.00,BP_TPCCharacter_C_2,BP_TPCCharacter_C_2,10000.0,252
2,1,28.4619,3,3,CountessBossAIController_1,1,0,1,-868.15,91.67,98.15,0.00,0.00,220.00,BP_TPCCharacter_C_2,BP_TPCCharacter_C_2,10000.0,252
2,1,28.4785,3,3,CountessBossAIController_1,1,0,1,-868.15,91.67,98.15,0.00,0.00,220.00,BP_TPCCharacter_C_2,BP_TPCCharacter_C_2,10000.0,252
2,1,28.4952,3,3,CountessBossAIController_1,1,0,1,-868.15,91.67,98.15,0.00,0.00,220.00,BP_TPCCharacter_C_2,BP_TPCCharacter_C_2,10000.0,253
2,1,28.5119,3,3,CountessBossAIController_1,1,0,1,-868.15,91.67,98.15,0.00,0.00,220.00,BP_TPCCharacter_C_2,BP_TPCCharacter_C_2,10000.0,253
2,1,28.5285,3,3,CountessBossAIController_1,1,0,1,-868.15,91.67,98.15,0.00,0.00,220.00,BP_TPCCharacter_C_2,BP_TPCCharacter_C_2,10000.0,253
2,1,28.5452,3,3,CountessBossAIController_1,1,0,1,-868.15,91.67,98.15,0.00,0.00,220.00,BP_TPCCharacter_C_2,BP_TPCCharacter_C_2,10000.0,253
2,1,28.5619,3,3,CountessBossAIController_1,1,0,1,-868.15,91.67,98.15,0.00,0.00,220.00,BP_TPCCharacter_C_2,BP_TPCCharacter_C_2,10000.0,253
2,1,28.5785,3,3,CountessBossAIController_1,1,0,1,-868.15,91.67,98.15,0.00,0.00,220.00,BP_TPCCharacter_C_2,BP_TPCCharacter_C_2,10000.0,253
2,1,28.5952,3,3,CountessBossAIController_1,1,0,1,-868.15,91.67,98.15,0.00,0.00,220.00,BP_TPCCharacter_C_2,BP_TPCCharacter_C_2,10000.0,253
2,1,28.6119,3,3,CountessBossAIController_1,1,0,1,-868.15,91.67,98.15,0.00,0.00,220.00,BP_TPCCharacter_C_2,BP_TPCCharacter_C_2,10000.0,254
2,1,28.6285,3,3,CountessBossAIController_1,1,0,1,-868.15,91.67,98.15,0.00,0.00,220.00,BP_TPCCharacter_C_2,BP_TPCCharacter_C_2,10000.0,254
2,1,28.6452,3,3,CountessBossAIController_1,1,0,1,-868.15,91.67,98.15,0.00,0.00,220.00,BP_TPCCharacter_C_2,BP_TPCCharacter_C_2,10000.0,254
2,1,28.6619,3,3,CountessBossAIController_1,1,0,1,-868.15,91.67,98.15,0.00,0.00,220.00,BP_TPCCharacter_C_2,BP_TPCCharacter_C_2,10000.0,254
2,1,28.6785,3,3,CountessBossAIController_1,1,0,1,-868.15,91.67,98.15,0.00,0.00,220.00,BP_TPCCharacter_C_2,BP_TPCCharacter_C_2,10000.0,254
2,1,28.6952,3,3,CountessBossAIController_1,1,0,1,-868.15,91.67,98.15,0.00,0.00,220.00,BP_TPCCharacter_C_2,BP_TPCCharacter_C_2,10000.0,254
2,1,28.7119,3,3,CountessBossAIController_1,1,0,1,-868.15,91.67,98.15,0.00,0.00,220.00,BP_TPCCharacter_C_2,BP_TPCCharacter_C_2,10000.0,254
2,1,28.7285,3,3,CountessBossAIController_1,1,0,1,-868.15,91.67,98.15,0.00,0.00,220.00,BP_TPCCharacter_C_2,BP_TPCCharacter_C_2,10000.0,255
2,1,28.7452,3,3,CountessBossAIController_1,1,0,1,-868.15,91.67,98.15,0.00,0.00,220.00,BP_TPCCharacter_C_2,BP_TPCCharacter_C_2,10000.0,255
2,1,28.7619,3,3,CountessBossAIController_1,1,0,1,-868.15,91.67,98.15,0.00,0.00,220.00,BP_TPCCharacter_C_2,BP_TPCCharacter_C_2,10000.0,255
2,1,28.7785,3,3,CountessBossAIController_1,1,0,1,-868.15,91.67,98.15,0.00,0.00,220.00,BP_TPCCharacter_C_2,BP_TPCCharacter_C_2,10000.0,255
2,1,28.7952,3,3,CountessBossAIController_1,1,0,1,-868.15,91.67,98.15,0.00,0.00,220.00,BP_TPCCharacter_C_2,BP_TPCCharacter_C_2,10000.0,255
2,1,28.8119,3,3,CountessBossAIController_1,1,0,1,-868.15,91.67,98.15,0.00,0.00,220.00,BP_TPCCharacter_C_2,BP_TPCCharacter_C_2,10000.0,255
2,1,28.8285,3,3,CountessBossAIController_1,1,0,1,-868.15,91.67,98.15,0.00,0.00,220.00,BP_TPCCharacter_C_2,BP_TPCCharacter_C_2,10000.0,255
2,1,28.8452,3,3,CountessBossAIController_1,1,0,1,-868.15,91.67,98.15,0.00,0.00,220.00,BP_TPCCharacter_C_2,BP_TPCCharacter_C_2,10000.0,256
2,1,28.8619,3,3,CountessBossAIController_1,1,0,1,-868.15,91.67,98.15,0.00,0.00,220.00,BP_TPCCharacter_C_2,BP_TPCCharacter_C_2,10000.0,256
2,1,28.8785,3,3,CountessBossAIController_1,1,0,1,-868.15,91.67,98.15,0.00,0.00,220.00,BP_TPCCharacter_C_2,BP_TPCCharacter_C_2,10000.0,256
2,1,28.8952,3,3,CountessBossAIController_1,1,0,1,-868.15,91.67,98.15,0.00,0.00,220.00,BP_TPCCharacter_C_2,BP_TPCCharacter_C_2,10000.0,256
2,1,28.9119,3,3,CountessBossAIController_1,1,0,1,-868.15,91.67,98.15,0.00,0.00,220.00,BP_TPCCharacter_C_2,BP_TPCCharacter_C_2,10000.0,256
2,1,28.9285,3,3,CountessBossAIController_1,1,0,1,-868.15,91.67,98.15,0.00,0.00,220.00,BP_TPCCharacter_C_2,BP_TPCCharacter_C_2,10000.0,256
2,1,28.9452,3,3,CountessBossAIController_1,1,0,1,-868.15,91.67,98.15,0.00,0.00,220.00,BP_TPCCharacter_C_2,BP_TPCCharacter_C_2,10000.0,256
2,1,28.9619,3,3,CountessBossAIController_1,1,0,1,-868.15,91.67,98.15,0.00,0.00,220.00,BP_TPCCharacter_C_2,BP_TPCCharacter_C_2,9978.0,257
2,1,28.9785,3,3,CountessBossAIController_1,1,0,1,-868.15,91.67,98.15,0.00,0.00,220.00,BP_TPCCharacter_C_2,BP_TPCCharacter_C_2,9978.0,257
2,1,28.9952,3,3,CountessBossAIController_1,1,0,1,-868.15,91.67,98.15,0.00,0.00,220.00,BP_TPCCharacter_C_2,BP_TPCCharacter_C_2,9978.0,257
2,1,29.0119,3,3,CountessBossAIController_1,1,0,1,-868.15,91.67,98.15,0.00,0.00,220.00,BP_TPCCharacter_C_2,BP_TPCCharacter_C_2,9978.0,257
2,1,29.0285,3,3,CountessBossAIController_1,1,0,1,-868.15,91.67,98.15,0.00,0.00,220.00,BP_TPCCharacter_C_2,BP_TPCCharacter_C_2,9978.0,257
2,1,29.0452,3,3,CountessBossAIController_1,1,0,1,-868.15,91.67,98.15,0.00,0.00,220.00,BP_TPCCharacter_C_2,BP_TPCCharacter_C_2,9978.0,257
2,1,29.0619,3,3,CountessBossAIController_1,1,0,1,-868.15,91.67,98.15,0.00,0.00,220.00,BP_TPCCharacter_C_2,BP_TPCCharacter_C_2,9978.0,257
2,1,29.0785,3,3,CountessBossAIController_1,1,0,1,-868.15,91.67,98.15,0.00,0.00,220.00,BP_TPCCharacter_C_2,BP_TPCCharacter_C_2,9978.0,258
2,1,29.0952,3,3,CountessBossAIController_1,1,0,1,-868.15,91.67,98.15,0.00,0.00,220.00,BP_TPCCharacter_C_2,BP_TPCCharacter_C_2,9978.0,258
2,1,29.1119,3,3,CountessBossAIController_1,1,0,1,-868.15,91.67,98.15,0.00,0.00,220.00,BP_TPCCharacter_C_2,BP_TPCCharacter_C_2,9978.0,258
2,1,29.1285,3,3,CountessBossAIController_1,1,0,1,-868.15,91.67,98.15,0.00,0.00,220.00,BP_TPCCharacter_C_2,BP_TPCCharacter_C_2,9978.0,258
2,1,29.1452,3,3,CountessBossAIController_1,1,0,1,-868.15,91.67,98.15,0.00,0.00,220.00,BP_TPCCharacter_C_2,BP_TPCCharacter_C_2,9978.0,258
2,1,29.1619,3,3,CountessBossAIController_1,1,0,1,-868.15,91.67,98.15,0.00,0.00,220.00,BP_TPCCharacter_C_2,BP_TPCCharacter_C_2,9978.0,258
2,1,29.1785,3,3,CountessBossAIController_1,1,0,1,-868.15,91.67,98.15,0.00,0.00,220.00,BP_TPCCharacter_C_2,BP_TPCCharacter_C_2,9978.0,258
2,1,29.1952,3,3,CountessBossAIController_1,1,0,1,-868.15,91.67,98.15,0.00,0.00,220.00,BP_TPCCharacter_C_2,BP_TPCCharacter_C_2,9978.0,259
2,1,29.2119,3,3,CountessBossAIController_1,1,0,1,-868.15,91.67,98.15,0.00,0.00,220.00,BP_TPCCharacter_C_2,BP_TPCCharacter_C_2,9978.0,259
2,1,29.2285,3,3,CountessBossAIController_1,1,0,1,-868.15,91.67,98.15,0.00,0.00,220.00,BP_TPCCharacter_C_2,BP_TPCCharacter_C_2,9978.0,259
2,1,29.2452,3,3,CountessBossAIController_1,1,0,1,-868.15,91.67,98.15,0.00,0.00,220.00,BP_TPCCharacter_C_2,BP_TPCCharacter_C_2,9978.0,259
2,1,29.2619,3,3,CountessBossAIController_1,1,0,1,-868.15,91.67,98.15,0.00,0.00,220.00,BP_TPCCharacter_C_2,BP_TPCCharacter_C_2,9978.0,259
2,1,29.2785,3,3,CountessBossAIController_1,1,0,1,-868.15,91.67,98.15,0.00,0.00,220.00,BP_TPCCharacter_C_2,BP_TPCCharacter_C_2,9978.0,259
2,1,29.2952,3,3,CountessBossAIController_1,1,0,1,-868.15,91.67,98.15,0.00,0.00,220.00,BP_TPCCharacter_C_2,BP_TPCCharacter_C_2,9978.0,259
2,1,29.3119,3,3,CountessBossAIController_1,1,0,1,-868.15,91.67,98.15,0.00,0.00,220.00,BP_TPCCharacter_C_2,BP_TPCCharacter_C_2,9978.0,260
2,1,29.3285,3,3,CountessBossAIController_1,1,0,1,-868.15,91.67,98.15,0.00,0.00,220.00,BP_TPCCharacter_C_2,BP_TPCCharacter_C_2,9978.0,260
2,1,29.3452,3,3,CountessBossAIController_1,1,0,1,-868.15,91.67,98.15,0.00,0.00,220.00,BP_TPCCharacter_C_2,BP_TPCCharacter_C_2,9978.0,260
2,1,29.3619,3,3,CountessBossAIController_1,1,0,1,-868.15,91.67,98.15,0.00,0.00,220.00,BP_TPCCharacter_C_2,BP_TPCCharacter_C_2,9978.0,260
2,1,29.3785,3,3,CountessBossAIController_1,1,0,1,-868.15,91.67,98.15,0.00,0.00,220.00,BP_TPCCharacter_C_2,BP_TPCCharacter_C_2,9978.0,260
2,1,29.3952,3,3,CountessBossAIController_1,1,0,1,-868.15,91.67,98.15,0.00,0.00,220.00,BP_TPCCharacter_C_2,BP_TPCCharacter_C_2,9978.0,260
2,1,29.4119,3,3,CountessBossAIController_1,1,0,1,-868.15,91.67,98.15,0.00,0.00,220.00,BP_TPCCharacter_C_2,BP_TPCCharacter_C_2,9978.0,260
2,2,29.4285,6,0,CountessBossAIController_1,1,0,1,-868.15,91.67,98.15,0.00,0.00,220.00,None,BP_TPCCharacter_C_2,0.0,261
2,2,29.4452,6,0,CountessBossAIController_1,1,0,1,-868.15,91.67,98.15,0.00,0.00,220.00,None,BP_TPCCharacter_C_2,0.0,261
2,2,29.4619,6,0,CountessBossAIController_1,1,3,1,-868.15,91.67,98.15,0.00,0.00,220.00,None,BP_TPCCharacter_C_2,0.0,262
2,2,29.4785,6,0,CountessBossAIController_1,1,3,1,-867.58,91.61,98.15,0.00,0.00,220.00,None,BP_TPCCharacter_C_2,0.0,262
2,2,29.4952,6,0,CountessBossAIController_1,1,3,1,-866.45,91.49,98.15,0.00,0.00,220.00,None,BP_TPCCharacter_C_2,0.0,262
2,2,29.5119,6,0,CountessBossAIController_1,1,3,1,-864.75,91.31,98.15,0.00,0.00,220.00,None,BP_TPCCharacter_C_2,0.0,262
2,2,29.5285,6,0,CountessBossAIController_1,1,3,1,-862.49,91.07,98.15,0.00,0.00,220.00,None,BP_TPCCharacter_C_2,0.0,262
2,2,29.5452,6,0,CountessBossAIController_1,1,3,1,-859.66,90.77,98.15,0.00,0.00,220.00,None,BP_TPCCharacter_C_2,0.0,262
2,2,29.5619,6,0,CountessBossAIController_1,1,3,1,-856.27,90.42,98.15,0.00,0.00,220.00,None,BP_TPCCharacter_C_2,0.0,262
2,2,29.5785,6,0,CountessBossAIController_1,1,3,1,-852.31,90.00,98.15,0.00,0.00,220.00,None,BP_TPCCharacter_C_2,0.0,263
2,2,29.5952,6,0,CountessBossAIController_1,1,3,1,-847.78,89.52,98.15,0.00,0.00,220.00,None,BP_TPCCharacter_C_2,0.0,263
2,2,29.6119,6,0,CountessBossAIController_1,1,3,1,-842.69,88.98,98.15,0.00,0.00,220.00,None,BP_TPCCharacter_C_2,0.0,263
2,2,29.6285,6,0,CountessBossAIController_1,1,3,1,-837.03,88.39,98.15,0.00,0.00,220.00,None,BP_TPCCharacter_C_2,0.0,263
2,2,29.6452,6,0,CountessBossAIController_1,1,3,1,-830.81,87.73,98.15,0.00,0.00,220.00,None,BP_TPCCharacter_C_2,0.0,263
2,2,29.6619,6,0,CountessBossAIController_1,1,3,1,-824.18,87.03,98.15,0.00,0.00,220.00,None,BP_TPCCharacter_C_2,0.0,263
2,2,29.6785,6,0,CountessBossAIController_1,1,3,1,-817.55,86.33,98.15,0.00,0.00,220.00,None,BP_TPCCharacter_C_2,0.0,263
2,2,29.6952,6,0,CountessBossAIController_1,1,3,1,-810.92,85.63,98.15,0.00,0.00,220.00,None,BP_TPCCharacter_C_2,0.0,264
2,2,29.7119,6,0,CountessBossAIController_1,1,3,1,-804.29,84.93,98.15,0.00,0.00,220.00,None,BP_TPCCharacter_C_2,0.0,264
2,2,29.7285,6,0,CountessBossAIController_1,1,3,1,-797.66,84.23,98.15,0.00,0.00,220.00,None,BP_TPCCharacter_C_2,0.0,264
2,2,29.7452,6,0,CountessBossAIController_1,1,3,1,-791.03,83.53,98.15,0.00,0.00,220.00,None,BP_TPCCharacter_C_2,0.0,264
2,2,29.7619,6,0,CountessBossAIController_1,1,3,1,-784.40,82.83,98.15,0.00,0.00,220.00,None,BP_TPCCharacter_C_2,0.0,264
2,2,29.7785,6,0,CountessBossAIController_1,1,3,1,-777.77,82.13,98.15,0.00,0.00,220.00,None,BP_TPCCharacter_C_2,0.0,264
2,2,29.7952,6,0,CountessBossAIController_1,1,3,1,-771.14,81.43,98.15,0.00,0.00,220.00,None,BP_TPCCharacter_C_2,0.0,264
2,2,29.8119,6,0,CountessBossAIController_1,1,3,1,-764.51,80.73,98.15,0.00,0.00,220.00,None,BP_TPCCharacter_C_2,0.0,265
2,2,29.8285,6,0,CountessBossAIController_1,1,3,1,-757.88,80.03,98.15,0.00,0.00,220.00,None,BP_TPCCharacter_C_2,0.0,265
2,2,29.8452,6,0,CountessBossAIController_1,1,3,1,-751.25,79.33,98.15,0.00,0.00,220.00,None,BP_TPCCharacter_C_2,0.0,265
2,2,29.8619,6,0,CountessBossAIController_1,1,3,1,-744.62,78.63,98.15,0.00,0.00,220.00,None,BP_TPCCharacter_C_2,0.0,265
2,2,29.8785,6,0,CountessBossAIController_1,1,3,1,-737.99,77.93,98.15,0.00,0.00,220.00,None,BP_TPCCharacter_C_2,0.0,265
2,2,29.8952,6,0,CountessBossAIController_1,1,3,1,-731.36,77.23,98.15,0.00,0.00,220.00,None,BP_TPCCharacter_C_2,0.0,265
2,2,29.9119,6,0,CountessBossAIController_1,1,3,1,-724.73,76.53,98.15,0.00,0.00,220.00,None,BP_TPCCharacter_C_2,0.0,265
2,2,29.9285,6,0,CountessBossAIController_1,1,3,1,-718.10,75.83,98.15,0.00,0.00,220.00,None,BP_TPCCharacter_C_2,0.0,266
2,2,29.9452,6,0,CountessBossAIController_1,1,3,1,-711.47,75.13,98.15,0.00,0.00,220.00,None,BP_TPCCharacter_C_2,0.0,266
2,2,29.9619,6,0,CountessBossAIController_1,1,3,1,-704.84,74.43,98.15,0.00,0.00,220.00,None,BP_TPCCharacter_C_2,0.0,266
2,2,29.9785,6,0,CountessBossAIController_1,1,3,1,-698.21,73.73,98.15,0.00,0.00,220.00,None,BP_TPCCharacter_C_2,0.0,266
2,2,29.9952,6,0,CountessBossAIController_1,1,3,1,-691.58,73.03,98.15,0.00,0.00,220.00,None,BP_TPCCharacter_C_2,0.0,266
2,2,30.0119,6,0,CountessBossAIController_1,1,3,1,-684.95,72.33,98.15,0.00,0.00,220.00,None,BP_TPCCharacter_C_2,0.0,266
2,2,30.0285,6,0,CountessBossAIController_1,1,3,1,-678.32,71.63,98.15,0.00,0.00,220.00,None,BP_TPCCharacter_C_2,0.0,266
2,2,30.0452,6,0,CountessBossAIController_1,1,3,1,-671.69,70.93,98.15,0.00,0.00,220.00,None,BP_TPCCharacter_C_2,0.0,267
2,2,30.0619,6,0,CountessBossAIController_1,1,3,1,-665.06,70.23,98.15,0.00,0.00,220.00,None,BP_TPCCharacter_C_2,0.0,267
2,2,30.0785,6,0,CountessBossAIController_1,1,3,1,-658.43,69.53,98.15,0.00,0.00,220.00,None,BP_TPCCharacter_C_2,0.0,267
2,2,30.0952,6,0,CountessBossAIController_1,1,3,1,-651.80,68.83,98.15,0.00,0.00,220.00,None,BP_TPCCharacter_C_2,0.0,267
2,2,30.1119,6,0,CountessBossAIController_1,1,3,1,-645.17,68.13,98.15,0.00,0.00,220.00,None,BP_TPCCharacter_C_2,0.0,267
2,2,30.1285,6,0,CountessBossAIController_1,1,3,1,-638.54,67.43,98.15,0.00,0.00,220.00,None,BP_TPCCharacter_C_2,0.0,267
2,2,30.1452,6,0,CountessBossAIController_1,1,3,1,-631.91,66.73,98.15,0.00,0.00,220.00,None,BP_TPCCharacter_C_2,0.0,267
2,2,30.1619,6,0,CountessBossAIController_1,1,3,1,-625.28,66.03,98.15,0.00,0.00,220.00,None,BP_TPCCharacter_C_2,0.0,268
2,2,30.1785,6,0,CountessBossAIController_1,1,3,1,-618.65,65.33,98.15,0.00,0.00,220.00,None,BP_TPCCharacter_C_2,0.0,268
2,2,30.1952,6,0,CountessBossAIController_1,1,3,1,-612.02,64.63,98.15,0.00,0.00,220.00,None,BP_TPCCharacter_C_2,0.0,268
2,2,30.2119,6,0,CountessBossAIController_1,1,3,1,-605.39,63.93,98.15,0.00,0.00,220.00,None,BP_TPCCharacter_C_2,0.0,268
2,2,30.2285,6,0,CountessBossAIController_1,1,3,1,-598.76,63.23,98.15,0.00,0.00,220.00,None,BP_TPCCharacter_C_2,0.0,268
2,2,30.2452,6,0,CountessBossAIController_1,1,3,1,-592.14,62.53,98.15,0.00,0.00,220.00,None,BP_TPCCharacter_C_2,0.0,268
2,2,30.2619,6,0,CountessBossAIController_1,1,3,1,-585.51,61.83,98.15,0.00,0.00,220.00,None,BP_TPCCharacter_C_2,0.0,268
2,2,30.2785,6,0,CountessBossAIController_1,1,3,1,-578.88,61.13,98.15,0.00,0.00,220.00,None,BP_TPCCharacter_C_2,0.0,269
2,2,30.2952,6,0,CountessBossAIController_1,1,3,1,-572.25,60.43,98.15,0.00,0.00,220.00,None,BP_TPCCharacter_C_2,0.0,269
2,2,30.3119,6,0,CountessBossAIController_1,1,3,1,-565.62,59.73,98.15,0.00,0.00,220.00,None,BP_TPCCharacter_C_2,0.0,269
2,2,30.3285,6,0,CountessBossAIController_1,1,3,1,-558.99,59.03,98.15,0.00,0.00,220.00,None,BP_TPCCharacter_C_2,0.0,269
2,2,30.3452,6,0,CountessBossAIController_1,1,3,1,-552.36,58.33,98.15,0.00,0.00,220.00,None,BP_TPCCharacter_C_2,0.0,269
2,2,30.3619,6,0,CountessBossAIController_1,1,3,1,-545.73,57.63,98.15,0.00,0.00,220.00,None,BP_TPCCharacter_C_2,0.0,269
2,2,30.3785,6,0,CountessBossAIController_1,1,3,1,-539.10,56.93,98.15,0.00,0.00,220.00,None,BP_TPCCharacter_C_2,0.0,269
2,2,30.3952,6,0,CountessBossAIController_1,1,3,1,-532.47,56.23,98.15,0.00,0.00,220.00,None,BP_TPCCharacter_C_2,0.0,270
2,2,30.4119,6,0,CountessBossAIController_1,1,3,1,-525.84,55.53,98.15,0.00,0.00,220.00,None,BP_TPCCharacter_C_2,0.0,270
2,2,30.4285,6,0,CountessBossAIController_1,1,3,1,-519.21,54.83,98.15,0.00,0.00,220.00,None,BP_TPCCharacter_C_2,0.0,270
2,2,30.4452,6,0,CountessBossAIController_1,1,3,1,-512.58,54.12,98.15,0.00,0.00,220.00,None,BP_TPCCharacter_C_2,0.0,270
2,2,30.4619,6,0,CountessBossAIController_1,1,3,1,-505.95,53.42,98.15,0.00,0.00,220.00,None,BP_TPCCharacter_C_2,0.0,270
2,2,30.4785,6,0,CountessBossAIController_1,1,3,1,-499.32,52.72,98.15,0.00,0.00,220.00,None,BP_TPCCharacter_C_2,0.0,270
2,2,30.4952,6,0,CountessBossAIController_1,1,3,1,-492.69,52.02,98.15,0.00,0.00,220.00,None,BP_TPCCharacter_C_2,0.0,270
2,2,30.5119,6,0,CountessBossAIController_1,1,3,1,-486.06,51.32,98.15,0.00,0.00,220.00,None,BP_TPCCharacter_C_2,0.0,271
2,2,30.5285,6,0,CountessBossAIController_1,1,3,1,-479.43,50.62,98.15,0.00,0.00,220.00,None,BP_TPCCharacter_C_2,0.0,271
2,2,30.5452,6,0,CountessBossAIController_1,1,3,1,-472.80,49.92,98.15,0.00,0.00,220.00,None,BP_TPCCharacter_C_2,0.0,271
2,2,30.5619,6,0,CountessBossAIController_1,1,3,1,-466.17,49.22,98.15,0.00,0.00,220.00,None,BP_TPCCharacter_C_2,0.0,271
2,2,30.5785,6,0,CountessBossAIController_1,1,3,1,-459.54,48.52,98.15,0.00,0.00,220.00,None,BP_TPCCharacter_C_2,0.0,271
2,2,30.5952,6,0,CountessBossAIController_1,1,3,1,-452.91,47.82,98.15,0.00,0.00,220.00,None,BP_TPCCharacter_C_2,0.0,271
2,2,30.6119,6,0,CountessBossAIController_1,1,3,1,-446.28,47.12,98.15,0.00,0.00,220.00,None,BP_TPCCharacter_C_2,0.0,271
2,2,30.6285,6,0,CountessBossAIController_1,1,3,1,-439.65,46.42,98.15,0.00,0.00,220.00,None,BP_TPCCharacter_C_2,0.0,272
2,2,30.6452,6,0,CountessBossAIController_1,1,3,1,-433.02,45.72,98.15,0.00,0.00,220.00,None,BP_TPCCharacter_C_2,0.0,272
2,2,30.6619,6,0,CountessBossAIController_1,1,3,1,-426.39,45.02,98.15,0.00,0.00,220.00,None,BP_TPCCharacter_C_2,0.0,272
2,2,30.6785,6,0,CountessBossAIController_1,1,3,1,-419.76,44.32,98.15,0.00,0.00,220.00,None,BP_TPCCharacter_C_2,0.0,272
2,2,30.6952,6,0,CountessBossAIController_1,1,3,1,-413.13,43.62,98.15,0.00,0.00,220.00,None,BP_TPCCharacter_C_2,0.0,272
2,2,30.7119,6,0,CountessBossAIController_1,1,3,1,-406.50,42.92,98.15,0.00,0.00,220.00,None,BP_TPCCharacter_C_2,0.0,272
2,2,30.7285,6,0,CountessBossAIController_1,1,3,1,-399.87,42.22,98.15,0.00,0.00,220.00,None,BP_TPCCharacter_C_2,0.0,272
2,2,30.7452,6,0,CountessBossAIController_1,1,3,1,-393.24,41.52,98.15,0.00,0.00,220.00,None,BP_TPCCharacter_C_2,0.0,273
2,2,30.7619,6,0,CountessBossAIController_1,1,3,1,-386.61,40.82,98.15,0.00,0.00,220.00,None,BP_TPCCharacter_C_2,0.0,273
2,2,30.7785,6,0,CountessBossAIController_1,1,3,1,-379.98,40.12,98.15,0.00,0.00,220.00,None,BP_TPCCharacter_C_2,0.0,273
2,2,30.7952,6,0,CountessBossAIController_1,1,3,1,-373.35,39.42,98.15,0.00,0.00,220.00,None,BP_TPCCharacter_C_2,0.0,273
2,2,30.8119,6,0,CountessBossAIController_1,1,3,1,-366.72,38.72,98.15,0.00,0.00,220.00,None,BP_TPCCharacter_C_2,0.0,273
2,2,30.8285,6,0,CountessBossAIController_1,1,3,1,-360.09,38.02,98.15,0.00,0.00,220.00,None,BP_TPCCharacter_C_2,0.0,273
2,2,30.8452,6,0,CountessBossAIController_1,1,3,1,-353.46,37.32,98.15,0.00,0.00,220.00,None,BP_TPCCharacter_C_2,0.0,273
2,2,30.8619,6,0,CountessBossAIController_1,1,3,1,-346.83,36.62,98.15,0.00,0.00,220.00,None,BP_TPCCharacter_C_2,0.0,274
2,2,30.8785,6,0,CountessBossAIController_1,1,3,1,-340.20,35.92,98.15,0.00,0.00,220.00,None,BP_TPCCharacter_C_2,0.0,274
2,2,30.8952,6,0,CountessBossAIController_1,1,3,1,-333.57,35.22,98.15,0.00,0.00,220.00,None,BP_TPCCharacter_C_2,0.0,274
2,2,30.9119,6,0,CountessBossAIController_1,1,3,1,-326.94,34.52,98.15,0.00,0.00,220.00,None,BP_TPCCharacter_C_2,0.0,274
2,2,30.9285,6,0,CountessBossAIController_1,1,3,1,-320.31,33.82,98.15,0.00,0.00,220.00,None,BP_TPCCharacter_C_2,0.0,274
2,2,30.9452,6,0,CountessBossAIController_1,1,3,1,-313.68,33.12,98.15,0.00,0.00,220.00,None,BP_TPCCharacter_C_2,0.0,274
2,2,30.9619,6,0,CountessBossAIController_1,1,3,1,-307.05,32.42,98.15,0.00,0.00,220.00,None,BP_TPCCharacter_C_2,0.0,274
2,2,30.9785,6,0,CountessBossAIController_1,1,3,1,-300.42,31.72,98.15,0.00,0.00,220.00,None,BP_TPCCharacter_C_2,0.0,275
2,2,30.9952,6,0,CountessBossAIController_1,1,3,1,-293.79,31.02,98.15,0.00,0.00,220.00,None,BP_TPCCharacter_C_2,0.0,275
2,2,31.0119,6,0,CountessBossAIController_1,1,3,1,-287.16,30.32,98.15,0.00,0.00,220.00,None,BP_TPCCharacter_C_2,0.0,275
2,2,31.0285,6,0,CountessBossAIController_1,1,3,1,-280.53,29.62,98.15,0.00,0.00,220.00,None,BP_TPCCharacter_C_2,0.0,275
2,2,31.0452,6,0,CountessBossAIController_1,1,3,1,-273.90,28.92,98.15,0.00,0.00,220.00,None,BP_TPCCharacter_C_2,0.0,275
2,2,31.0619,6,0,CountessBossAIController_1,1,3,1,-267.27,28.22,98.15,0.00,0.00,220.00,None,BP_TPCCharacter_C_2,0.0,275
2,2,31.0785,6,0,CountessBossAIController_1,1,3,1,-260.64,27.52,98.15,0.00,0.00,220.00,None,BP_TPCCharacter_C_2,0.0,275
2,2,31.0952,6,0,CountessBossAIController_1,1,3,1,-254.01,26.82,98.15,0.00,0.00,220.00,None,BP_TPCCharacter_C_2,0.0,276
2,2,31.1119,6,0,CountessBossAIController_1,1,3,1,-247.39,26.12,98.15,0.00,0.00,220.00,None,BP_TPCCharacter_C_2,0.0,276
2,2,31.1285,6,0,CountessBossAIController_1,1,3,1,-240.76,25.42,98.15,0.00,0.00,220.00,None,BP_TPCCharacter_C_2,0.0,276
2,2,31.1452,6,0,CountessBossAIController_1,1,3,1,-234.13,24.72,98.15,0.00,0.00,220.00,None,BP_TPCCharacter_C_2,0.0,276
2,2,31.1619,6,0,CountessBossAIController_1,1,3,1,-227.50,24.02,98.15,0.00,0.00,220.00,None,BP_TPCCharacter_C_2,0.0,276
2,2,31.1785,6,0,CountessBossAIController_1,1,3,1,-220.87,23.32,98.15,0.00,0.00,220.00,None,BP_TPCCharacter_C_2,0.0,276
2,2,31.1952,6,0,CountessBossAIController_1,1,3,1,-214.24,22.62,98.15,0.00,0.00,220.00,None,BP_TPCCharacter_C_2,0.0,276
2,2,31.2119,6,0,CountessBossAIController_1,1,3,1,-207.61,21.92,98.15,0.00,0.00,220.00,None,BP_TPCCharacter_C_2,0.0,277
2,2,31.2285,6,0,CountessBossAIController_1,1,3,1,-200.98,21.22,98.15,0.00,0.00,220.00,None,BP_TPCCharacter_C_2,0.0,277
2,2,31.2452,6,0,CountessBossAIController_1,1,3,1,-194.35,20.52,98.15,0.00,0.00,220.00,None,BP_TPCCharacter_C_2,0.0,277
2,2,31.2619,6,0,CountessBossAIController_1,1,3,1,-187.72,19.82,98.15,0.00,0.00,220.00,None,BP_TPCCharacter_C_2,0.0,277
2,2,31.2785,6,0,CountessBossAIController_1,1,3,1,-181.09,19.12,98.15,0.00,0.00,220.00,None,BP_TPCCharacter_C_2,0.0,277
2,2,31.2952,6,0,CountessBossAIController_1,1,3,1,-174.46,18.42,98.15,0.00,0.00,220.00,None,BP_TPCCharacter_C_2,0.0,277
2,2,31.3119,6,0,CountessBossAIController_1,1,3,1,-167.83,17.72,98.15,0.00,0.00,220.00,None,BP_TPCCharacter_C_2,0.0,277
2,2,31.3285,6,0,CountessBossAIController_1,1,3,1,-161.20,17.02,98.15,0.00,0.00,220.00,None,BP_TPCCharacter_C_2,0.0,278
2,2,31.3452,6,0,CountessBossAIController_1,1,3,1,-154.57,16.32,98.15,0.00,0.00,220.00,None,BP_TPCCharacter_C_2,0.0,278
2,2,31.3619,6,0,CountessBossAIController_1,1,3,1,-147.94,15.62,98.15,0.00,0.00,220.00,None,BP_TPCCharacter_C_2,0.0,278
2,2,31.3785,6,0,CountessBossAIController_1,1,3,1,-141.31,14.92,98.15,0.00,0.00,220.00,None,BP_TPCCharacter_C_2,0.0,278
2,2,31.3952,6,0,CountessBossAIController_1,1,3,1,-134.68,14.22,98.15,0.00,0.00,220.00,None,BP_TPCCharacter_C_2,0.0,278
2,2,31.4119,6,0,CountessBossAIController_1,1,3,1,-128.05,13.52,98.15,0.00,0.00,220.00,None,BP_TPCCharacter_C_2,0.0,278
2,2,31.4285,6,0,CountessBossAIController_1,1,3,1,-121.42,12.82,98.15,0.00,0.00,220.00,None,BP_TPCCharacter_C_2,0.0,278
2,2,31.4452,6,0,CountessBossAIController_1,1,3,1,-114.79,12.12,98.15,0.00,0.00,220.00,None,BP_TPCCharacter_C_2,0.0,279
2,2,31.4619,6,0,CountessBossAIController_1,1,3,1,-108.16,11.42,98.15,0.00,0.00,220.00,None,BP_TPCCharacter_C_2,0.0,279
2,2,31.4785,6,0,CountessBossAIController_1,1,3,1,-101.53,10.72,98.15,0.00,0.00,220.00,None,BP_TPCCharacter_C_2,0.0,279
2,2,31.4952,6,0,CountessBossAIController_1,1,3,1,-94.90,10.02,98.15,0.00,0.00,220.00,None,BP_TPCCharacter_C_2,0.0,279
2,2,31.5119,6,0,CountessBossAIController_1,1,3,1,-88.27,9.32,98.15,0.00,0.00,220.00,None,BP_TPCCharacter_C_2,0.0,279
2,2,31.5285,6,0,CountessBossAIController_1,1,3,1,-81.64,8.62,98.15,0.00,0.00,220.00,None,BP_TPCCharacter_C_2,0.0,279
2,2,31.5452,6,0,CountessBossAIController_1,1,3,1,-75.01,7.92,98.15,0.00,0.00,220.00,None,BP_TPCCharacter_C_2,0.0,279
2,2,31.5619,0,0,CountessBossAIController_1,1,0,1,-68.38,7.22,98.15,0.00,0.00,220.00,None,BP_TPCCharacter_C_2,0.0,280
2,2,31.5785,0,0,CountessBossAIController_1,1,0,1,-68.38,7.22,98.15,0.00,0.00,220.00,None,BP_TPCCharacter_C_2,0.0,280
2,2,31.5952,0,0,CountessBossAIController_1,1,0,1,-68.38,7.22,98.15,0.00,0.00,220.00,None,BP_TPCCharacter_C_2,0.0,281
2,2,31.6119,0,0,CountessBossAIController_1,1,0,1,-68.38,7.22,98.15,0.00,0.00,220.00,None,BP_TPCCharacter_C_2,0.0,281
2,2,31.6285,0,0,CountessBossAIController_1,1,0,1,-68.38,7.22,98.15,0.00,0.00,220.00,None,BP_TPCCharacter_C_2,0.0,281
2,2,31.6452,0,0,CountessBossAIController_1,1,0,1,-68.38,7.22,98.15,0.00,0.00,220.00,None,BP_TPCCharacter_C_2,0.0,281
2,2,31.6619,0,0,CountessBossAIController_1,1,0,1,-68.38,7.22,98.15,0.00,0.00,220.00,None,BP_TPCCharacter_C_2,0.0,281
2,2,31.6785,0,0,CountessBossAIController_1,1,0,1,-68.38,7.22,98.15,0.00,0.00,220.00,None,BP_TPCCharacter_C_2,0.0,281
2,2,31.6952,0,0,CountessBossAIController_1,1,0,1,-68.38,7.22,98.15,0.00,0.00,220.00,None,BP_TPCCharacter_C_2,0.0,281
2,2,31.7119,0,0,CountessBossAIController_1,1,0,1,-68.38,7.22,98.15,0.00,0.00,220.00,None,BP_TPCCharacter_C_2,0.0,282
2,2,31.7285,0,0,CountessBossAIController_1,1,0,1,-68.38,7.22,98.15,0.00,0.00,220.00,None,BP_TPCCharacter_C_2,0.0,282
2,2,31.7452,0,0,CountessBossAIController_1,1,0,1,-68.38,7.22,98.15,0.00,0.00,220.00,None,BP_TPCCharacter_C_2,0.0,282
2,2,31.7619,0,0,CountessBossAIController_1,1,0,1,-68.38,7.22,98.15,0.00,0.00,220.00,None,BP_TPCCharacter_C_2,0.0,282
2,2,31.7785,0,0,CountessBossAIController_1,1,0,1,-68.38,7.22,98.15,0.00,0.00,220.00,None,BP_TPCCharacter_C_2,0.0,282
2,2,31.7952,0,0,CountessBossAIController_1,1,0,1,-68.38,7.22,98.15,0.00,0.00,220.00,None,BP_TPCCharacter_C_2,0.0,282
2,2,31.8119,0,0,CountessBossAIController_1,1,0,1,-68.38,7.22,98.15,0.00,0.00,220.00,None,BP_TPCCharacter_C_2,0.0,282
2,2,31.8285,0,0,CountessBossAIController_1,1,0,1,-68.38,7.22,98.15,0.00,0.00,220.00,None,BP_TPCCharacter_C_2,0.0,283
2,2,31.8452,0,0,CountessBossAIController_1,1,0,1,-68.38,7.22,98.15,0.00,0.00,220.00,None,BP_TPCCharacter_C_2,0.0,283
2,2,31.8619,0,0,CountessBossAIController_1,1,0,1,-68.38,7.22,98.15,0.00,0.00,220.00,None,BP_TPCCharacter_C_2,0.0,283
2,2,31.8785,0,0,CountessBossAIController_1,1,0,1,-68.38,7.22,98.15,0.00,0.00,220.00,None,BP_TPCCharacter_C_2,0.0,283
2,2,31.8952,0,0,CountessBossAIController_1,1,0,1,-68.38,7.22,98.15,0.00,0.00,220.00,None,BP_TPCCharacter_C_2,0.0,283
2,2,31.9119,0,0,CountessBossAIController_1,1,0,1,-68.38,7.22,98.15,0.00,0.00,220.00,None,BP_TPCCharacter_C_2,0.0,283
2,2,31.9285,0,0,CountessBossAIController_1,1,0,1,-68.38,7.22,98.15,0.00,0.00,220.00,None,BP_TPCCharacter_C_2,0.0,283
2,2,31.9452,0,0,CountessBossAIController_1,1,0,1,-68.38,7.22,98.15,0.00,0.00,220.00,None,BP_TPCCharacter_C_2,0.0,284
2,2,31.9619,0,0,CountessBossAIController_1,1,0,1,-68.38,7.22,98.15,0.00,0.00,220.00,None,BP_TPCCharacter_C_2,0.0,284
2,2,31.9785,0,0,CountessBossAIController_1,1,0,1,-68.38,7.22,98.15,0.00,0.00,220.00,None,BP_TPCCharacter_C_2,0.0,284
2,2,31.9952,0,0,CountessBossAIController_1,1,0,1,-68.38,7.22,98.15,0.00,0.00,220.00,None,BP_TPCCharacter_C_2,0.0,284
2,2,32.0119,0,0,CountessBossAIController_1,1,0,1,-68.38,7.22,98.15,0.00,0.00,220.00,None,BP_TPCCharacter_C_2,0.0,284
2,2,32.0285,0,0,CountessBossAIController_1,1,0,1,-68.38,7.22,98.15,0.00,0.00,220.00,None,BP_TPCCharacter_C_2,0.0,284
2,2,32.0452,0,0,CountessBossAIController_1,1,0,1,-68.38,7.22,98.15,0.00,0.00,220.00,None,BP_TPCCharacter_C_2,0.0,284
2,2,32.0619,0,0,CountessBossAIController_1,1,0,1,-68.38,7.22,98.15,0.00,0.00,220.00,None,BP_TPCCharacter_C_2,0.0,285
2,2,32.0785,0,0,CountessBossAIController_1,1,0,1,-68.38,7.22,98.15,0.00,0.00,220.00,None,BP_TPCCharacter_C_2,0.0,285
2,2,32.0952,0,0,CountessBossAIController_1,1,0,1,-68.38,7.22,98.15,0.00,0.00,220.00,None,BP_TPCCharacter_C_2,0.0,285
2,2,32.1119,0,0,CountessBossAIController_1,1,0,1,-68.38,7.22,98.15,0.00,0.00,220.00,None,BP_TPCCharacter_C_2,0.0,285
2,2,32.1285,0,0,CountessBossAIController_1,1,0,1,-68.38,7.22,98.15,0.00,0.00,220.00,None,BP_TPCCharacter_C_2,0.0,285
2,2,32.1452,0,0,CountessBossAIController_1,1,0,1,-68.38,7.22,98.15,0.00,0.00,220.00,None,BP_TPCCharacter_C_2,0.0,285
2,2,32.1619,0,0,CountessBossAIController_1,1,0,1,-68.38,7.22,98.15,0.00,0.00,220.00,None,BP_TPCCharacter_C_2,0.0,285
2,2,32.1785,0,0,CountessBossAIController_1,1,0,1,-68.38,7.22,98.15,0.00,0.00,220.00,None,BP_TPCCharacter_C_2,0.0,286
2,2,32.1952,0,0,CountessBossAIController_1,1,0,1,-68.38,7.22,98.15,0.00,0.00,220.00,None,BP_TPCCharacter_C_2,0.0,286
2,2,32.2119,0,0,CountessBossAIController_1,1,0,1,-68.38,7.22,98.15,0.00,0.00,220.00,None,BP_TPCCharacter_C_2,0.0,286
2,2,32.2285,0,0,CountessBossAIController_1,1,0,1,-68.38,7.22,98.15,0.00,0.00,220.00,None,BP_TPCCharacter_C_2,0.0,286
2,2,32.2452,0,0,CountessBossAIController_1,1,0,1,-68.38,7.22,98.15,0.00,0.00,220.00,None,BP_TPCCharacter_C_2,0.0,286
2,2,32.2619,0,0,CountessBossAIController_1,1,0,1,-68.38,7.22,98.15,0.00,0.00,220.00,None,BP_TPCCharacter_C_2,0.0,286
2,2,32.2785,0,0,CountessBossAIController_1,1,0,1,-68.38,7.22,98.15,0.00,0.00,220.00,None,BP_TPCCharacter_C_2,0.0,286
2,2,32.2952,0,0,CountessBossAIController_1,1,0,1,-68.38,7.22,98.15,0.00,0.00,220.00,None,BP_TPCCharacter_C_2,0.0,287
2,2,32.3119,0,0,CountessBossAIController_1,1,0,1,-68.38,7.22,98.15,0.00,0.00,220.00,None,BP_TPCCharacter_C_2,0.0,287
2,2,32.3285,0,0,CountessBossAIController_1,1,0,1,-68.38,7.22,98.15,0.00,0.00,220.00,None,BP_TPCCharacter_C_2,0.0,287
2,2,32.3452,0,0,CountessBossAIController_1,1,0,1,-68.38,7.22,98.15,0.00,0.00,220.00,None,BP_TPCCharacter_C_2,0.0,287
2,2,32.3619,0,0,CountessBossAIController_1,1,0,1,-68.38,7.22,98.15,0.00,0.00,220.00,None,BP_TPCCharacter_C_2,0.0,287
2,2,32.3785,0,0,CountessBossAIController_1,1,0,1,-68.38,7.22,98.15,0.00,0.00,220.00,None,BP_TPCCharacter_C_2,0.0,287
2,2,32.3952,0,0,CountessBossAIController_1,1,0,1,-68.38,7.22,98.15,0.00,0.00,220.00,None,BP_TPCCharacter_C_2,0.0,287
2,2,32.4119,0,0,CountessBossAIController_1,1,0,1,-68.38,7.22,98.15,0.00,0.00,220.00,None,BP_TPCCharacter_C_2,0.0,288
2,2,32.4285,0,0,CountessBossAIController_1,1,0,1,-68.38,7.22,98.15,0.00,0.00,220.00,None,BP_TPCCharacter_C_2,0.0,288
2,2,32.4452,0,0,CountessBossAIController_1,1,0,1,-68.38,7.22,98.15,0.00,0.00,220.00,None,BP_TPCCharacter_C_2,0.0,288
2,2,32.4619,0,0,CountessBossAIController_1,1,0,1,-68.38,7.22,98.15,0.00,0.00,220.00,None,BP_TPCCharacter_C_2,0.0,288
2,2,32.4785,0,0,CountessBossAIController_1,1,0,1,-68.38,7.22,98.15,0.00,0.00,220.00,None,BP_TPCCharacter_C_2,0.0,288
2,2,32.4952,0,0,CountessBossAIController_1,1,0,1,-68.38,7.22,98.15,0.00,0.00,220.00,None,BP_TPCCharacter_C_2,0.0,288
2,2,32.5119,0,0,CountessBossAIController_1,1,0,1,-68.38,7.22,98.15,0.00,0.00,220.00,None,BP_TPCCharacter_C_2,0.0,288
2,2,32.5285,0,0,CountessBossAIController_1,1,0,1,-68.38,7.22,98.15,0.00,0.00,220.00,None,BP_TPCCharacter_C_2,0.0,289
2,2,32.5452,0,0,CountessBossAIController_1,1,0,1,-68.38,7.22,98.15,0.00,0.00,220.00,None,BP_TPCCharacter_C_2,0.0,289
2,2,32.5619,0,0,CountessBossAIController_1,1,0,1,-68.38,7.22,98.15,0.00,0.00,220.00,None,BP_TPCCharacter_C_2,0.0,289
2,2,32.5785,0,0,CountessBossAIController_1,1,0,1,-68.38,7.22,98.15,0.00,0.00,220.00,None,BP_TPCCharacter_C_2,0.0,289
2,2,32.5952,0,0,CountessBossAIController_1,1,0,1,-68.38,7.22,98.15,0.00,0.00,220.00,None,BP_TPCCharacter_C_2,0.0,289
2,2,32.6119,0,0,CountessBossAIController_1,1,0,1,-68.38,7.22,98.15,0.00,0.00,220.00,None,BP_TPCCharacter_C_2,0.0,289
2,2,32.6285,0,0,CountessBossAIController_1,1,0,1,-68.38,7.22,98.15,0.00,0.00,220.00,None,BP_TPCCharacter_C_2,0.0,289
2,2,32.6452,0,0,CountessBossAIController_1,1,0,1,-68.38,7.22,98.15,0.00,0.00,220.00,None,BP_TPCCharacter_C_2,0.0,290
2,2,32.6619,0,0,CountessBossAIController_1,1,0,1,-68.38,7.22,98.15,0.00,0.00,220.00,None,BP_TPCCharacter_C_2,0.0,290
2,2,32.6785,0,0,CountessBossAIController_1,1,0,1,-68.38,7.22,98.15,0.00,0.00,220.00,None,BP_TPCCharacter_C_2,0.0,290
2,2,32.6952,0,0,CountessBossAIController_1,1,0,1,-68.38,7.22,98.15,0.00,0.00,220.00,None,BP_TPCCharacter_C_2,0.0,290
2,2,32.7119,0,0,CountessBossAIController_1,1,0,1,-68.38,7.22,98.15,0.00,0.00,220.00,None,BP_TPCCharacter_C_2,0.0,290
2,2,32.7285,0,0,CountessBossAIController_1,1,0,1,-68.38,7.22,98.15,0.00,0.00,220.00,None,BP_TPCCharacter_C_2,0.0,290
2,2,32.7452,0,0,CountessBossAIController_1,1,0,1,-68.38,7.22,98.15,0.00,0.00,220.00,None,BP_TPCCharacter_C_2,0.0,290
2,2,32.7619,0,0,CountessBossAIController_1,1,0,1,-68.38,7.22,98.15,0.00,0.00,220.00,None,BP_TPCCharacter_C_2,0.0,291
2,2,32.7785,0,0,CountessBossAIController_1,1,0,1,-68.38,7.22,98.15,0.00,0.00,220.00,None,BP_TPCCharacter_C_2,0.0,291
2,2,32.7952,0,0,CountessBossAIController_1,1,0,1,-68.38,7.22,98.15,0.00,0.00,220.00,None,BP_TPCCharacter_C_2,0.0,291
2,2,32.8119,0,0,CountessBossAIController_1,1,0,1,-68.38,7.22,98.15,0.00,0.00,220.00,None,BP_TPCCharacter_C_2,0.0,291
2,2,32.8285,0,0,CountessBossAIController_1,1,0,1,-68.38,7.22,98.15,0.00,0.00,220.00,None,BP_TPCCharacter_C_2,0.0,291
2,2,32.8452,0,0,CountessBossAIController_1,1,0,1,-68.38,7.22,98.15,0.00,0.00,220.00,None,BP_TPCCharacter_C_2,0.0,291
2,2,32.8619,0,0,CountessBossAIController_1,1,0,1,-68.38,7.22,98.15,0.00,0.00,220.00,None,BP_TPCCharacter_C_2,0.0,291
2,2,32.8785,0,0,CountessBossAIController_1,1,0,1,-68.38,7.22,98.15,0.00,0.00,220.00,None,BP_TPCCharacter_C_2,0.0,292
2,2,32.8952,0,0,CountessBossAIController_1,1,0,1,-68.38,7.22,98.15,0.00,0.00,220.00,None,BP_TPCCharacter_C_2,0.0,292
2,2,32.9119,0,0,CountessBossAIController_1,1,0,1,-68.38,7.22,98.15,0.00,0.00,220.00,None,BP_TPCCharacter_C_2,0.0,292
2,2,32.9285,0,0,CountessBossAIController_1,1,0,1,-68.38,7.22,98.15,0.00,0.00,220.00,None,BP_TPCCharacter_C_2,0.0,292
2,2,32.9452,0,0,CountessBossAIController_1,1,0,1,-68.38,7.22,98.15,0.00,0.00,220.00,None,BP_TPCCharacter_C_2,0.0,292
2,2,32.9619,0,0,CountessBossAIController_1,1,0,1,-68.38,7.22,98.15,0.00,0.00,220.00,None,BP_TPCCharacter_C_2,0.0,292
2,2,32.9785,0,0,CountessBossAIController_1,1,0,1,-68.38,7.22,98.15,0.00,0.00,220.00,None,BP_TPCCharacter_C_2,0.0,292
2,2,32.9952,0,0,CountessBossAIController_1,1,0,1,-68.38,7.22,98.15,0.00,0.00,220.00,None,BP_TPCCharacter_C_2,0.0,293
2,2,33.0119,0,0,CountessBossAIController_1,1,0,1,-68.38,7.22,98.15,0.00,0.00,220.00,None,BP_TPCCharacter_C_2,0.0,293
2,2,33.0285,0,0,CountessBossAIController_1,1,0,1,-68.38,7.22,98.15,0.00,0.00,220.00,None,BP_TPCCharacter_C_2,0.0,293
2,2,33.0452,0,0,CountessBossAIController_1,1,0,1,-68.38,7.22,98.15,0.00,0.00,220.00,None,BP_TPCCharacter_C_2,0.0,293
2,2,33.0619,0,0,CountessBossAIController_1,1,0,1,-68.38,7.22,98.15,0.00,0.00,220.00,None,BP_TPCCharacter_C_2,0.0,293
2,2,33.0785,0,0,CountessBossAIController_1,1,0,1,-68.38,7.22,98.15,0.00,0.00,220.00,None,BP_TPCCharacter_C_2,0.0,293
2,2,33.0952,0,0,CountessBossAIController_1,1,0,1,-68.38,7.22,98.15,0.00,0.00,220.00,None,BP_TPCCharacter_C_2,0.0,293
2,2,33.1119,0,0,CountessBossAIController_1,1,0,1,-68.38,7.22,98.15,0.00,0.00,220.00,None,BP_TPCCharacter_C_2,0.0,294
2,2,33.1285,0,0,CountessBossAIController_1,1,0,1,-68.38,7.22,98.15,0.00,0.00,220.00,None,BP_TPCCharacter_C_2,0.0,294
2,2,33.1452,0,0,CountessBossAIController_1,1,0,1,-68.38,7.22,98.15,0.00,0.00,220.00,None,BP_TPCCharacter_C_2,0.0,294
2,2,33.1619,0,0,CountessBossAIController_1,1,0,1,-68.38,7.22,98.15,0.00,0.00,220.00,None,BP_TPCCharacter_C_2,0.0,294
2,2,33.1785,0,0,CountessBossAIController_1,1,0,1,-68.38,7.22,98.15,0.00,0.00,220.00,None,BP_TPCCharacter_C_2,0.0,294
2,2,33.1952,0,0,CountessBossAIController_1,1,0,1,-68.38,7.22,98.15,0.00,0.00,220.00,None,BP_TPCCharacter_C_2,0.0,294
2,2,33.2119,0,0,CountessBossAIController_1,1,0,1,-68.38,7.22,98.15,0.00,0.00,220.00,None,BP_TPCCharacter_C_2,0.0,294
2,2,33.2285,0,0,CountessBossAIController_1,1,0,1,-68.38,7.22,98.15,0.00,0.00,220.00,None,BP_TPCCharacter_C_2,0.0,295
2,2,33.2452,0,0,CountessBossAIController_1,1,0,1,-68.38,7.22,98.15,0.00,0.00,220.00,None,BP_TPCCharacter_C_2,0.0,295
2,2,33.2619,0,0,CountessBossAIController_1,1,0,1,-68.38,7.22,98.15,0.00,0.00,220.00,None,BP_TPCCharacter_C_2,0.0,295
2,2,33.2785,0,0,CountessBossAIController_1,1,0,1,-68.38,7.22,98.15,0.00,0.00,220.00,None,BP_TPCCharacter_C_2,0.0,295
2,2,33.2952,0,0,CountessBossAIController_1,1,0,1,-68.38,7.22,98.15,0.00,0.00,220.00,None,BP_TPCCharacter_C_2,0.0,295
2,2,33.3119,0,0,CountessBossAIController_1,1,0,1,-68.38,7.22,98.15,0.00,0.00,220.00,None,BP_TPCCharacter_C_2,0.0,295
2,2,33.3285,0,0,CountessBossAIController_1,1,0,1,-68.38,7.22,98.15,0.00,0.00,220.00,None,BP_TPCCharacter_C_2,0.0,295
2,2,33.3452,0,0,CountessBossAIController_1,1,0,1,-68.38,7.22,98.15,0.00,0.00,220.00,None,BP_TPCCharacter_C_2,0.0,296
2,2,33.3619,0,0,CountessBossAIController_1,1,0,1,-68.38,7.22,98.15,0.00,0.00,220.00,None,BP_TPCCharacter_C_2,0.0,296
2,2,33.3785,0,0,CountessBossAIController_1,1,0,1,-68.38,7.22,98.15,0.00,0.00,220.00,None,BP_TPCCharacter_C_2,0.0,296
2,2,33.3952,0,0,CountessBossAIController_1,1,0,1,-68.38,7.22,98.15,0.00,0.00,220.00,None,BP_TPCCharacter_C_2,0.0,296
2,2,33.4119,0,0,CountessBossAIController_1,1,0,1,-68.38,7.22,98.15,0.00,0.00,220.00,None,BP_TPCCharacter_C_2,0.0,296
2,2,33.4285,0,0,CountessBossAIController_1,1,0,1,-68.38,7.22,98.15,0.00,0.00,220.00,None,BP_TPCCharacter_C_2,0.0,296
2,2,33.4452,0,0,CountessBossAIController_1,1,0,1,-68.38,7.22,98.15,0.00,0.00,220.00,None,BP_TPCCharacter_C_2,0.0,296
2,2,33.4619,0,0,CountessBossAIController_1,1,0,1,-68.38,7.22,98.15,0.00,0.00,220.00,None,BP_TPCCharacter_C_2,0.0,297
2,2,33.4785,0,0,CountessBossAIController_1,1,0,1,-68.38,7.22,98.15,0.00,0.00,220.00,None,BP_TPCCharacter_C_2,0.0,297
2,2,33.4952,0,0,CountessBossAIController_1,1,0,1,-68.38,7.22,98.15,0.00,0.00,220.00,None,BP_TPCCharacter_C_2,0.0,297
2,2,33.5119,0,0,CountessBossAIController_1,1,0,1,-68.38,7.22,98.15,0.00,0.00,220.00,None,BP_TPCCharacter_C_2,0.0,297
2,2,33.5285,0,0,CountessBossAIController_1,1,0,1,-68.38,7.22,98.15,0.00,0.00,220.00,None,BP_TPCCharacter_C_2,0.0,297
2,2,33.5452,0,0,CountessBossAIController_1,1,0,1,-68.38,7.22,98.15,0.00,0.00,220.00,None,BP_TPCCharacter_C_2,0.0,297
2,2,33.5619,0,0,CountessBossAIController_1,1,0,1,-68.38,7.22,98.15,0.00,0.00,220.00,None,BP_TPCCharacter_C_2,0.0,297
2,2,33.5785,0,0,CountessBossAIController_1,1,0,1,-68.38,7.22,98.15,0.00,0.00,220.00,None,BP_TPCCharacter_C_2,0.0,298
2,2,33.5952,0,0,CountessBossAIController_1,1,0,1,-68.38,7.22,98.15,0.00,0.00,220.00,None,BP_TPCCharacter_C_2,0.0,298
2,2,33.6119,0,0,CountessBossAIController_1,1,0,1,-68.38,7.22,98.15,0.00,0.00,220.00,None,BP_TPCCharacter_C_2,0.0,298
2,2,33.6285,0,0,CountessBossAIController_1,1,0,1,-68.38,7.22,98.15,0.00,0.00,220.00,None,BP_TPCCharacter_C_2,0.0,298
2,2,33.6452,0,0,CountessBossAIController_1,1,0,1,-68.38,7.22,98.15,0.00,0.00,220.00,None,BP_TPCCharacter_C_2,0.0,298
2,2,33.6619,0,0,CountessBossAIController_1,1,0,1,-68.38,7.22,98.15,0.00,0.00,220.00,None,BP_TPCCharacter_C_2,0.0,298
2,2,33.6785,0,0,CountessBossAIController_1,1,0,1,-68.38,7.22,98.15,0.00,0.00,220.00,None,BP_TPCCharacter_C_2,0.0,298
2,2,33.6952,0,0,CountessBossAIController_1,1,0,1,-68.38,7.22,98.15,0.00,0.00,220.00,None,BP_TPCCharacter_C_2,0.0,299
2,2,33.7119,0,0,CountessBossAIController_1,1,0,1,-68.38,7.22,98.15,0.00,0.00,220.00,None,BP_TPCCharacter_C_2,0.0,299
2,2,33.7285,0,0,CountessBossAIController_1,1,0,1,-68.38,7.22,98.15,0.00,0.00,220.00,None,BP_TPCCharacter_C_2,0.0,299
2,2,33.7452,0,0,CountessBossAIController_1,1,0,1,-68.38,7.22,98.15,0.00,0.00,220.00,None,BP_TPCCharacter_C_2,0.0,299
2,2,33.7619,0,0,CountessBossAIController_1,1,0,1,-68.38,7.22,98.15,0.00,0.00,220.00,None,BP_TPCCharacter_C_2,0.0,299
2,2,33.7785,0,0,CountessBossAIController_1,1,0,1,-68.38,7.22,98.15,0.00,0.00,220.00,None,BP_TPCCharacter_C_2,0.0,299
2,2,33.7952,0,0,CountessBossAIController_1,1,0,1,-68.38,7.22,98.15,0.00,0.00,220.00,None,BP_TPCCharacter_C_2,0.0,299
2,2,33.8119,0,0,CountessBossAIController_1,1,0,1,-68.38,7.22,98.15,0.00,0.00,220.00,None,BP_TPCCharacter_C_2,0.0,300
2,2,33.8285,0,0,CountessBossAIController_1,1,0,1,-68.38,7.22,98.15,0.00,0.00,220.00,None,BP_TPCCharacter_C_2,0.0,300
2,2,33.8452,0,0,CountessBossAIController_1,1,0,1,-68.38,7.22,98.15,0.00,0.00,220.00,None,BP_TPCCharacter_C_2,0.0,300
2,2,33.8619,0,0,CountessBossAIController_1,1,0,1,-68.38,7.22,98.15,0.00,0.00,220.00,None,BP_TPCCharacter_C_2,0.0,300
2,2,33.8785,0,0,CountessBossAIController_1,1,0,1,-68.38,7.22,98.15,0.00,0.00,220.00,None,BP_TPCCharacter_C_2,0.0,300
2,2,33.8952,0,0,CountessBossAIController_1,1,0,1,-68.38,7.22,98.15,0.00,0.00,220.00,None,BP_TPCCharacter_C_2,0.0,300
2,2,33.9119,0,0,CountessBossAIController_1,1,0,1,-68.38,7.22,98.15,0.00,0.00,220.00,None,BP_TPCCharacter_C_2,0.0,300
2,2,33.9285,0,0,CountessBossAIController_1,1,0,1,-68.38,7.22,98.15,0.00,0.00,220.00,None,BP_TPCCharacter_C_2,0.0,301
2,2,33.9452,0,0,CountessBossAIController_1,1,0,1,-68.38,7.22,98.15,0.00,0.00,220.00,None,BP_TPCCharacter_C_2,0.0,301
2,2,33.9619,0,0,CountessBossAIController_1,1,0,1,-68.38,7.22,98.15,0.00,0.00,220.00,None,BP_TPCCharacter_C_2,0.0,301
2,2,33.9785,0,0,CountessBossAIController_1,1,0,1,-68.38,7.22,98.15,0.00,0.00,220.00,None,BP_TPCCharacter_C_2,0.0,301
2,2,33.9952,0,0,CountessBossAIController_1,1,0,1,-68.38,7.22,98.15,0.00,0.00,220.00,None,BP_TPCCharacter_C_2,0.0,301
2,2,34.0119,0,0,CountessBossAIController_1,1,0,1,-68.38,7.22,98.15,0.00,0.00,220.00,None,BP_TPCCharacter_C_2,0.0,301
2,2,34.0285,0,0,CountessBossAIController_1,1,0,1,-68.38,7.22,98.15,0.00,0.00,220.00,None,BP_TPCCharacter_C_2,0.0,301
2,2,34.0452,0,0,CountessBossAIController_1,1,0,1,-68.38,7.22,98.15,0.00,0.00,220.00,None,BP_TPCCharacter_C_2,0.0,302
2,2,34.0619,0,0,CountessBossAIController_1,1,0,1,-68.38,7.22,98.15,0.00,0.00,220.00,None,BP_TPCCharacter_C_2,0.0,302
2,2,34.0785,0,0,CountessBossAIController_1,1,0,1,-68.38,7.22,98.15,0.00,0.00,220.00,None,BP_TPCCharacter_C_2,0.0,302
2,2,34.0952,0,0,CountessBossAIController_1,1,0,1,-68.38,7.22,98.15,0.00,0.00,220.00,None,BP_TPCCharacter_C_2,0.0,302
2,2,34.1119,0,0,CountessBossAIController_1,1,0,1,-68.38,7.22,98.15,0.00,0.00,220.00,None,BP_TPCCharacter_C_2,0.0,302
2,2,34.1285,0,0,CountessBossAIController_1,1,0,1,-68.38,7.22,98.15,0.00,0.00,220.00,None,BP_TPCCharacter_C_2,0.0,302
2,2,34.1452,0,0,CountessBossAIController_1,1,0,1,-68.38,7.22,98.15,0.00,0.00,220.00,None,BP_TPCCharacter_C_2,0.0,302
2,2,34.1619,0,0,CountessBossAIController_1,1,0,1,-68.38,7.22,98.15,0.00,0.00,220.00,None,BP_TPCCharacter_C_2,0.0,303
2,2,34.1785,0,0,CountessBossAIController_1,1,0,1,-68.38,7.22,98.15,0.00,0.00,220.00,None,BP_TPCCharacter_C_2,0.0,303
2,2,34.1952,0,0,CountessBossAIController_1,1,0,1,-68.38,7.22,98.15,0.00,0.00,220.00,None,BP_TPCCharacter_C_2,0.0,303
2,2,34.2119,0,0,CountessBossAIController_1,1,0,1,-68.38,7.22,98.15,0.00,0.00,220.00,None,BP_TPCCharacter_C_2,0.0,303
2,2,34.2285,0,0,CountessBossAIController_1,1,0,1,-68.38,7.22,98.15,0.00,0.00,220.00,None,BP_TPCCharacter_C_2,0.0,303
2,2,34.2452,0,0,CountessBossAIController_1,1,0,1,-68.38,7.22,98.15,0.00,0.00,220.00,None,BP_TPCCharacter_C_2,0.0,303
2,2,34.2619,0,0,CountessBossAIController_1,1,0,1,-68.38,7.22,98.15,0.00,0.00,220.00,None,BP_TPCCharacter_C_2,0.0,303
2,2,34.2785,0,0,CountessBossAIController_1,1,0,1,-68.38,7.22,98.15,0.00,0.00,220.00,None,BP_TPCCharacter_C_2,0.0,304
2,2,34.2952,0,0,CountessBossAIController_1,1,0,1,-68.38,7.22,98.15,0.00,0.00,220.00,None,BP_TPCCharacter_C_2,0.0,304
2,2,34.3119,0,0,CountessBossAIController_1,1,0,1,-68.38,7.22,98.15,0.00,0.00,220.00,None,BP_TPCCharacter_C_2,0.0,304
2,2,34.3285,0,0,CountessBossAIController_1,1,0,1,-68.38,7.22,98.15,0.00,0.00,220.00,None,BP_TPCCharacter_C_2,0.0,304
2,2,34.3452,0,0,CountessBossAIController_1,1,0,1,-68.38,7.22,98.15,0.00,0.00,220.00,None,BP_TPCCharacter_C_2,0.0,304
2,2,34.3619,0,0,CountessBossAIController_1,1,0,1,-68.38,7.22,98.15,0.00,0.00,220.00,None,BP_TPCCharacter_C_2,0.0,304
2,2,34.3785,0,0,CountessBossAIController_1,1,0,1,-68.38,7.22,98.15,0.00,0.00,220.00,None,BP_TPCCharacter_C_2,0.0,304
2,2,34.3952,0,0,CountessBossAIController_1,1,0,1,-68.38,7.22,98.15,0.00,0.00,220.00,None,BP_TPCCharacter_C_2,0.0,305
2,2,34.4119,0,0,CountessBossAIController_1,1,0,1,-68.38,7.22,98.15,0.00,0.00,220.00,None,BP_TPCCharacter_C_2,0.0,305
2,2,34.4285,0,0,CountessBossAIController_1,1,0,1,-68.38,7.22,98.15,0.00,0.00,220.00,None,BP_TPCCharacter_C_2,0.0,305
2,2,34.4452,0,0,CountessBossAIController_1,1,0,1,-68.38,7.22,98.15,0.00,0.00,220.00,None,BP_TPCCharacter_C_2,0.0,305
2,2,34.4619,0,0,CountessBossAIController_1,1,0,1,-68.38,7.22,98.15,0.00,0.00,220.00,None,BP_TPCCharacter_C_2,0.0,305
2,2,34.4785,0,0,CountessBossAIController_1,1,0,1,-68.38,7.22,98.15,0.00,0.00,220.00,None,BP_TPCCharacter_C_2,0.0,305
2,2,34.4952,0,0,CountessBossAIController_1,1,0,1,-68.38,7.22,98.15,0.00,0.00,220.00,None,BP_TPCCharacter_C_2,0.0,305
2,2,34.5119,0,0,CountessBossAIController_1,1,0,1,-68.38,7.22,98.15,0.00,0.00,220.00,None,BP_TPCCharacter_C_2,0.0,306
2,2,34.5285,0,0,CountessBossAIController_1,1,0,1,-68.38,7.22,98.15,0.00,0.00,220.00,None,BP_TPCCharacter_C_2,0.0,306
2,2,34.5452,0,0,CountessBossAIController_1,1,0,1,-68.38,7.22,98.15,0.00,0.00,220.00,None,BP_TPCCharacter_C_2,0.0,306
2,3,34.5619,0,0,CountessBossAIController_1,1,0,1,-68.38,7.22,98.15,0.00,0.00,220.00,None,BP_TPCCharacter_C_3,100.0,306
2,3,34.5785,0,0,CountessBossAIController_1,1,0,1,-68.38,7.22,98.15,0.00,0.00,220.00,None,BP_TPCCharacter_C_3,100.0,306
2,3,34.5952,0,0,CountessBossAIController_1,1,0,1,-68.38,7.22,98.15,0.00,0.00,220.00,None,BP_TPCCharacter_C_3,100.0,306
2,3,34.6119,0,0,CountessBossAIController_1,1,0,1,-68.38,7.22,98.15,0.00,0.00,220.00,None,BP_TPCCharacter_C_3,100.0,306
2,3,34.6285,1,0,CountessBossAIController_1,1,0,1,-68.38,7.22,98.15,0.00,0.00,220.00,BP_TPCCharacter_C_3,BP_TPCCharacter_C_3,100.0,307
2,3,34.6452,1,0,CountessBossAIController_1,1,0,1,-68.38,7.22,98.15,0.00,0.00,220.00,BP_TPCCharacter_C_3,BP_TPCCharacter_C_3,100.0,307
2,3,34.6619,1,0,CountessBossAIController_1,1,0,1,-68.38,7.22,98.15,0.00,0.00,220.00,BP_TPCCharacter_C_3,BP_TPCCharacter_C_3,100.0,308
2,3,34.6785,1,0,CountessBossAIController_1,1,0,1,-68.38,7.22,98.15,0.00,0.00,220.00,BP_TPCCharacter_C_3,BP_TPCCharacter_C_3,100.0,308
2,3,34.6952,1,0,CountessBossAIController_1,1,0,1,-68.38,7.22,98.15,0.00,0.00,220.00,BP_TPCCharacter_C_3,BP_TPCCharacter_C_3,100.0,308
2,3,34.7119,1,0,CountessBossAIController_1,1,0,1,-68.38,7.22,98.15,0.00,0.00,220.00,BP_TPCCharacter_C_3,BP_TPCCharacter_C_3,100.0,308
2,3,34.7285,1,0,CountessBossAIController_1,1,0,1,-68.38,7.22,98.15,0.00,0.00,220.00,BP_TPCCharacter_C_3,BP_TPCCharacter_C_3,100.0,308
2,3,34.7452,1,0,CountessBossAIController_1,1,0,1,-68.38,7.22,98.15,0.00,0.00,220.00,BP_TPCCharacter_C_3,BP_TPCCharacter_C_3,100.0,308
2,3,34.7619,1,0,CountessBossAIController_1,1,0,1,-68.38,7.22,98.15,0.00,0.00,220.00,BP_TPCCharacter_C_3,BP_TPCCharacter_C_3,100.0,308
2,3,34.7785,1,0,CountessBossAIController_1,1,0,1,-68.38,7.22,98.15,0.00,0.00,220.00,BP_TPCCharacter_C_3,BP_TPCCharacter_C_3,100.0,309
2,3,34.7952,1,0,CountessBossAIController_1,1,0,1,-68.38,7.22,98.15,0.00,0.00,220.00,BP_TPCCharacter_C_3,BP_TPCCharacter_C_3,100.0,309
2,3,34.8119,1,0,CountessBossAIController_1,1,0,1,-68.38,7.22,98.15,0.00,0.00,220.00,BP_TPCCharacter_C_3,BP_TPCCharacter_C_3,100.0,309
2,3,34.8285,1,0,CountessBossAIController_1,1,0,1,-68.38,7.22,98.15,0.00,0.00,220.00,BP_TPCCharacter_C_3,BP_TPCCharacter_C_3,100.0,309
2,3,34.8452,1,0,CountessBossAIController_1,1,0,1,-68.38,7.22,98.15,0.00,0.00,220.00,BP_TPCCharacter_C_3,BP_TPCCharacter_C_3,100.0,309
2,3,34.8619,1,0,CountessBossAIController_1,1,0,1,-68.38,7.22,98.15,0.00,0.00,220.00,BP_TPCCharacter_C_3,BP_TPCCharacter_C_3,100.0,309
2,3,34.8785,1,0,CountessBossAIController_1,1,0,1,-68.38,7.22,98.15,0.00,0.00,220.00,BP_TPCCharacter_C_3,BP_TPCCharacter_C_3,100.0,309
2,3,34.8952,1,0,CountessBossAIController_1,1,0,1,-68.38,7.22,98.15,0.00,0.00,220.00,BP_TPCCharacter_C_3,BP_TPCCharacter_C_3,100.0,310
2,3,34.9119,1,0,CountessBossAIController_1,1,0,1,-68.38,7.22,98.15,0.00,0.00,220.00,BP_TPCCharacter_C_3,BP_TPCCharacter_C_3,100.0,310
2,3,34.9285,1,0,CountessBossAIController_1,1,0,1,-68.38,7.22,98.15,0.00,0.00,220.00,BP_TPCCharacter_C_3,BP_TPCCharacter_C_3,100.0,310
2,3,34.9452,1,0,CountessBossAIController_1,1,0,1,-68.38,7.22,98.15,0.00,0.00,220.00,BP_TPCCharacter_C_3,BP_TPCCharacter_C_3,100.0,310
2,3,34.9619,1,0,CountessBossAIController_1,1,0,1,-68.38,7.22,98.15,0.00,0.00,220.00,BP_TPCCharacter_C_3,BP_TPCCharacter_C_3,100.0,310
2,3,34.9785,1,0,CountessBossAIController_1,1,0,1,-68.38,7.22,98.15,0.00,0.00,220.00,BP_TPCCharacter_C_3,BP_TPCCharacter_C_3,100.0,310
2,3,34.9952,1,0,CountessBossAIController_1,1,0,1,-68.38,7.22,98.15,0.00,0.00,220.00,BP_TPCCharacter_C_3,BP_TPCCharacter_C_3,100.0,310
2,3,35.0119,1,0,CountessBossAIController_1,1,0,1,-68.38,7.22,98.15,0.00,0.00,220.00,BP_TPCCharacter_C_3,BP_TPCCharacter_C_3,100.0,311
2,3,35.0285,1,0,CountessBossAIController_1,1,0,1,-68.38,7.22,98.15,0.00,0.00,220.00,BP_TPCCharacter_C_3,BP_TPCCharacter_C_3,100.0,311
2,3,35.0452,1,0,CountessBossAIController_1,1,0,1,-68.38,7.22,98.15,0.00,0.00,220.00,BP_TPCCharacter_C_3,BP_TPCCharacter_C_3,100.0,311
2,3,35.0619,1,0,CountessBossAIController_1,1,0,1,-68.38,7.22,98.15,0.00,0.00,220.00,BP_TPCCharacter_C_3,BP_TPCCharacter_C_3,100.0,311
2,3,35.0785,1,0,CountessBossAIController_1,1,0,1,-68.38,7.22,98.15,0.00,0.00,220.00,BP_TPCCharacter_C_3,BP_TPCCharacter_C_3,100.0,311
2,3,35.0952,1,0,CountessBossAIController_1,1,0,1,-68.38,7.22,98.15,0.00,0.00,220.00,BP_TPCCharacter_C_3,BP_TPCCharacter_C_3,100.0,311
2,3,35.1119,1,0,CountessBossAIController_1,1,0,1,-68.38,7.22,98.15,0.00,0.00,220.00,BP_TPCCharacter_C_3,BP_TPCCharacter_C_3,100.0,311
2,3,35.1285,1,0,CountessBossAIController_1,1,0,1,-68.38,7.22,98.15,0.00,0.00,220.00,BP_TPCCharacter_C_3,BP_TPCCharacter_C_3,100.0,312
2,3,35.1452,1,0,CountessBossAIController_1,1,0,1,-68.38,7.22,98.15,0.00,0.00,220.00,BP_TPCCharacter_C_3,BP_TPCCharacter_C_3,100.0,312
2,3,35.1619,1,0,CountessBossAIController_1,1,0,1,-68.38,7.22,98.15,0.00,0.00,220.00,BP_TPCCharacter_C_3,BP_TPCCharacter_C_3,100.0,312
2,3,35.1785,1,0,CountessBossAIController_1,1,0,1,-68.38,7.22,98.15,0.00,0.00,220.00,BP_TPCCharacter_C_3,BP_TPCCharacter_C_3,100.0,312
2,3,35.1952,1,0,CountessBossAIController_1,1,0,1,-68.38,7.22,98.15,0.00,0.00,220.00,BP_TPCCharacter_C_3,BP_TPCCharacter_C_3,100.0,312
2,3,35.2119,1,0,CountessBossAIController_1,1,0,1,-68.38,7.22,98.15,0.00,0.00,220.00,BP_TPCCharacter_C_3,BP_TPCCharacter_C_3,100.0,312
2,3,35.2285,1,0,CountessBossAIController_1,1,0,1,-68.38,7.22,98.15,0.00,0.00,220.00,BP_TPCCharacter_C_3,BP_TPCCharacter_C_3,100.0,312
2,3,35.2452,1,0,CountessBossAIController_1,1,0,1,-68.38,7.22,98.15,0.00,0.00,220.00,BP_TPCCharacter_C_3,BP_TPCCharacter_C_3,100.0,313
2,3,35.2619,1,0,CountessBossAIController_1,1,0,1,-68.38,7.22,98.15,0.00,0.00,220.00,BP_TPCCharacter_C_3,BP_TPCCharacter_C_3,100.0,313
2,3,35.2785,1,0,CountessBossAIController_1,1,0,1,-68.38,7.22,98.15,0.00,0.00,220.00,BP_TPCCharacter_C_3,BP_TPCCharacter_C_3,100.0,313
2,3,35.2952,1,0,CountessBossAIController_1,1,0,1,-68.38,7.22,98.15,0.00,0.00,220.00,BP_TPCCharacter_C_3,BP_TPCCharacter_C_3,100.0,313
2,3,35.3119,1,0,CountessBossAIController_1,1,0,1,-68.38,7.22,98.15,0.00,0.00,220.00,BP_TPCCharacter_C_3,BP_TPCCharacter_C_3,100.0,313
2,3,35.3285,1,0,CountessBossAIController_1,1,0,1,-68.38,7.22,98.15,0.00,0.00,220.00,BP_TPCCharacter_C_3,BP_TPCCharacter_C_3,100.0,313
2,3,35.3452,1,0,CountessBossAIController_1,1,0,1,-68.38,7.22,98.15,0.00,0.00,220.00,BP_TPCCharacter_C_3,BP_TPCCharacter_C_3,100.0,313
2,3,35.3619,1,0,CountessBossAIController_1,1,0,1,-68.38,7.22,98.15,0.00,0.00,220.00,BP_TPCCharacter_C_3,BP_TPCCharacter_C_3,100.0,314
2,3,35.3785,2,0,CountessBossAIController_1,1,0,1,-68.38,7.22,98.15,0.00,0.00,220.00,BP_TPCCharacter_C_3,BP_TPCCharacter_C_3,100.0,314
2,3,35.3952,2,0,CountessBossAIController_1,1,0,1,-68.38,7.22,98.15,0.00,0.00,220.00,BP_TPCCharacter_C_3,BP_TPCCharacter_C_3,100.0,314
2,3,35.4119,2,0,CountessBossAIController_1,1,0,1,-68.38,7.22,98.15,0.00,0.00,220.00,BP_TPCCharacter_C_3,BP_TPCCharacter_C_3,100.0,314
2,3,35.4285,2,0,CountessBossAIController_1,1,0,1,-68.38,7.22,98.15,0.00,0.00,220.00,BP_TPCCharacter_C_3,BP_TPCCharacter_C_3,100.0,315
2,3,35.4452,2,0,CountessBossAIController_1,1,0,1,-68.38,7.22,98.15,0.00,0.00,220.00,BP_TPCCharacter_C_3,BP_TPCCharacter_C_3,100.0,315
2,3,35.4619,2,0,CountessBossAIController_1,1,0,1,-68.38,7.22,98.15,0.00,0.00,220.00,BP_TPCCharacter_C_3,BP_TPCCharacter_C_3,100.0,315
2,3,35.4785,2,0,CountessBossAIController_1,1,0,1,-68.38,7.22,98.15,0.00,0.00,220.00,BP_TPCCharacter_C_3,BP_TPCCharacter_C_3,100.0,315
2,3,35.4952,2,0,CountessBossAIController_1,1,0,1,-68.38,7.22,98.15,0.00,0.00,220.00,BP_TPCCharacter_C_3,BP_TPCCharacter_C_3,100.0,315
2,3,35.5119,2,0,CountessBossAIController_1,1,0,1,-68.38,7.22,98.15,0.00,0.00,220.00,BP_TPCCharacter_C_3,BP_TPCCharacter_C_3,100.0,315
2,3,35.5285,2,0,CountessBossAIController_1,1,0,1,-68.38,7.22,98.15,0.00,0.00,220.00,BP_TPCCharacter_C_3,BP_TPCCharacter_C_3,100.0,315
2,3,35.5452,2,0,CountessBossAIController_1,1,3,1,-68.38,7.22,98.15,0.00,0.00,220.00,BP_TPCCharacter_C_3,BP_TPCCharacter_C_3,100.0,316
2,3,35.5619,2,0,CountessBossAIController_1,1,3,1,-68.95,7.21,98.15,0.00,0.00,220.00,BP_TPCCharacter_C_3,BP_TPCCharacter_C_3,100.0,316
2,3,35.5785,2,0,CountessBossAIController_1,1,3,1,-70.09,7.20,98.15,0.00,0.00,220.00,BP_TPCCharacter_C_3,BP_TPCCharacter_C_3,100.0,316
2,3,35.5952,2,0,CountessBossAIController_1,1,3,1,-71.79,7.18,98.15,0.00,0.00,220.00,BP_TPCCharacter_C_3,BP_TPCCharacter_C_3,100.0,316
2,3,35.6119,2,0,CountessBossAIController_1,1,3,1,-74.07,7.15,98.15,0.00,0.00,220.00,BP_TPCCharacter_C_3,BP_TPCCharacter_C_3,100.0,316
2,3,35.6285,2,0,CountessBossAIController_1,1,3,1,-76.91,7.11,98.15,0.00,0.00,220.00,BP_TPCCharacter_C_3,BP_TPCCharacter_C_3,100.0,316
2,3,35.6452,2,0,CountessBossAIController_1,1,3,1,-80.33,7.07,98.15,0.00,0.00,220.00,BP_TPCCharacter_C_3,BP_TPCCharacter_C_3,100.0,316
2,3,35.6619,2,0,CountessBossAIController_1,1,3,1,-84.31,7.02,98.15,0.00,0.00,220.00,BP_TPCCharacter_C_3,BP_TPCCharacter_C_3,100.0,317
2,3,35.6785,2,0,CountessBossAIController_1,1,3,1,-88.86,6.97,98.15,0.00,0.00,220.00,BP_TPCCharacter_C_3,BP_TPCCharacter_C_3,100.0,317
2,3,35.6952,2,0,CountessBossAIController_1,1,3,1,-93.98,6.90,98.15,0.00,0.00,220.00,BP_TPCCharacter_C_3,BP_TPCCharacter_C_3,100.0,317
2,3,35.7119,2,0,CountessBossAIController_1,1,3,1,-99.67,6.83,98.15,0.00,0.00,220.00,BP_TPCCharacter_C_3,BP_TPCCharacter_C_3,100.0,317
2,3,35.7285,2,0,CountessBossAIController_1,1,3,1,-105.92,6.75,98.15,0.00,0.00,220.00,BP_TPCCharacter_C_3,BP_TPCCharacter_C_3,100.0,317
2,3,35.7452,2,0,CountessBossAIController_1,1,3,1,-112.59,6.67,98.15,0.00,0.00,220.00,BP_TPCCharacter_C_3,BP_TPCCharacter_C_3,100.0,317
2,3,35.7619,2,0,CountessBossAIController_1,1,3,1,-119.26,6.59,98.15,0.00,0.00,220.00,BP_TPCCharacter_C_3,BP_TPCCharacter_C_3,100.0,317
2,3,35.7785,2,0,CountessBossAIController_1,1,3,1,-125.92,6.51,98.15,0.00,0.00,220.00,BP_TPCCharacter_C_3,BP_TPCCharacter_C_3,100.0,318
2,3,35.7952,2,0,CountessBossAIController_1,1,3,1,-132.59,6.42,98.15,0.00,0.00,220.00,BP_TPCCharacter_C_3,BP_TPCCharacter_C_3,100.0,318
2,3,35.8119,2,0,CountessBossAIController_1,1,3,1,-139.25,6.34,98.15,0.00,0.00,220.00,BP_TPCCharacter_C_3,BP_TPCCharacter_C_3,100.0,318
2,3,35.8285,2,0,CountessBossAIController_1,1,3,1,-145.92,6.26,98.15,0.00,0.00,220.00,BP_TPCCharacter_C_3,BP_TPCCharacter_C_3,100.0,318
2,3,35.8452,2,0,CountessBossAIController_1,1,3,1,-152.59,6.18,98.15,0.00,0.00,220.00,BP_TPCCharacter_C_3,BP_TPCCharacter_C_3,100.0,318
2,3,35.8619,2,0,CountessBossAIController_1,1,3,1,-159.25,6.09,98.15,0.00,0.00,220.00,BP_TPCCharacter_C_3,BP_TPCCharacter_C_3,100.0,318
2,3,35.8785,2,0,CountessBossAIController_1,1,3,1,-165.92,6.01,98.15,0.00,0.00,220.00,BP_TPCCharacter_C_3,BP_TPCCharacter_C_3,100.0,318
2,3,35.8952,2,0,CountessBossAIController_1,1,3,1,-172.59,5.93,98.15,0.00,0.00,220.00,BP_TPCCharacter_C_3,BP_TPCCharacter_C_3,100.0,319
2,3,35.9119,2,0,CountessBossAIController_1,1,3,1,-179.25,5.84,98.15,0.00,0.00,220.00,BP_TPCCharacter_C_3,BP_TPCCharacter_C_3,100.0,319
2,3,35.9285,2,0,CountessBossAIController_1,1,3,1,-185.92,5.76,98.15,0.00,0.00,220.00,BP_TPCCharacter_C_3,BP_TPCCharacter_C_3,100.0,319
2,3,35.9452,2,0,CountessBossAIController_1,1,3,1,-192.58,5.68,98.15,0.00,0.00,220.00,BP_TPCCharacter_C_3,BP_TPCCharacter_C_3,100.0,319
2,3,35.9619,2,0,CountessBossAIController_1,1,3,1,-199.25,5.60,98.15,0.00,0.00,220.00,BP_TPCCharacter_C_3,BP_TPCCharacter_C_3,100.0,319
2,3,35.9785,2,0,CountessBossAIController_1,1,3,1,-205.92,5.51,98.15,0.00,0.00,220.00,BP_TPCCharacter_C_3,BP_TPCCharacter_C_3,100.0,319
2,3,35.9952,2,0,CountessBossAIController_1,1,3,1,-212.58,5.43,98.15,0.00,0.00,220.00,BP_TPCCharacter_C_3,BP_TPCCharacter_C_3,100.0,319
2,3,36.0119,2,0,CountessBossAIController_1,1,3,1,-219.25,5.35,98.15,0.00,0.00,220.00,BP_TPCCharacter_C_3,BP_TPCCharacter_C_3,100.0,320
2,3,36.0285,2,0,CountessBossAIController_1,1,3,1,-225.91,5.26,98.15,0.00,0.00,220.00,BP_TPCCharacter_C_3,BP_TPCCharacter_C_3,100.0,320
2,3,36.0452,2,0,CountessBossAIController_1,1,3,1,-232.58,5.18,98.15,0.00,0.00,220.00,BP_TPCCharacter_C_3,BP_TPCCharacter_C_3,100.0,320
2,3,36.0619,2,0,CountessBossAIController_1,1,3,1,-239.25,5.10,98.15,0.00,0.00,220.00,BP_TPCCharacter_C_3,BP_TPCCharacter_C_3,100.0,320
2,3,36.0785,2,0,CountessBossAIController_1,1,3,1,-245.91,5.02,98.15,0.00,0.00,220.00,BP_TPCCharacter_C_3,BP_TPCCharacter_C_3,100.0,320
2,3,36.0952,2,0,CountessBossAIController_1,1,3,1,-252.58,4.93,98.15,0.00,0.00,220.00,BP_TPCCharacter_C_3,BP_TPCCharacter_C_3,100.0,320
2,3,36.1119,2,0,CountessBossAIController_1,1,3,1,-259.25,4.85,98.15,0.00,0.00,220.00,BP_TPCCharacter_C_3,BP_TPCCharacter_C_3,100.0,320
2,3,36.1285,2,0,CountessBossAIController_1,1,3,1,-265.91,4.77,98.15,0.00,0.00,220.00,BP_TPCCharacter_C_3,BP_TPCCharacter_C_3,100.0,321
2,3,36.1452,2,0,CountessBossAIController_1,1,3,1,-272.58,4.69,98.15,0.00,0.00,220.00,BP_TPCCharacter_C_3,BP_TPCCharacter_C_3,100.0,321
2,3,36.1619,2,0,CountessBossAIController_1,1,3,1,-279.24,4.60,98.15,0.00,0.00,220.00,BP_TPCCharacter_C_3,BP_TPCCharacter_C_3,100.0,321
2,3,36.1785,2,0,CountessBossAIController_1,1,3,1,-285.91,4.52,98.15,0.00,0.00,220.00,BP_TPCCharacter_C_3,BP_TPCCharacter_C_3,100.0,321
2,3,36.1952,2,0,CountessBossAIController_1,1,3,1,-292.58,4.44,98.15,0.00,0.00,220.00,BP_TPCCharacter_C_3,BP_TPCCharacter_C_3,100.0,321
2,3,36.2119,2,0,CountessBossAIController_1,1,3,1,-299.24,4.35,98.15,0.00,0.00,220.00,BP_TPCCharacter_C_3,BP_TPCCharacter_C_3,100.0,321
2,3,36.2285,2,0,CountessBossAIController_1,1,3,1,-305.91,4.27,98.15,0.00,0.00,220.00,BP_TPCCharacter_C_3,BP_TPCCharacter_C_3,100.0,321
2,3,36.2452,2,0,CountessBossAIController_1,1,3,1,-312.57,4.19,98.15,0.00,0.00,220.00,BP_TPCCharacter_C_3,BP_TPCCharacter_C_3,100.0,322
2,3,36.2619,2,0,CountessBossAIController_1,1,3,1,-319.24,4.11,98.15,0.00,0.00,220.00,BP_TPCCharacter_C_3,BP_TPCCharacter_C_3,100.0,322
2,3,36.2785,2,0,CountessBossAIController_1,1,3,1,-325.91,4.02,98.15,0.00,0.00,220.00,BP_TPCCharacter_C_3,BP_TPCCharacter_C_3,100.0,322
2,3,36.2952,2,0,CountessBossAIController_1,1,3,1,-332.57,3.94,98.15,0.00,0.00,220.00,BP_TPCCharacter_C_3,BP_TPCCharacter_C_3,100.0,322
2,3,36.3119,2,0,CountessBossAIController_1,1,3,1,-339.24,3.86,98.15,0.00,0.00,220.00,BP_TPCCharacter_C_3,BP_TPCCharacter_C_3,100.0,322
2,3,36.3285,2,0,CountessBossAIController_1,1,3,1,-345.91,3.78,98.15,0.00,0.00,220.00,BP_TPCCharacter_C_3,BP_TPCCharacter_C_3,100.0,322
2,3,36.3452,2,0,CountessBossAIController_1,1,3,1,-352.57,3.69,98.15,0.00,0.00,220.00,BP_TPCCharacter_C_3,BP_TPCCharacter_C_3,100.0,322
2,3,36.3619,2,0,CountessBossAIController_1,1,3,1,-355.57,3.66,98.15,0.00,0.00,220.00,BP_TPCCharacter_C_3,BP_TPCCharacter_C_3,100.0,323
2,3,36.3785,2,0,CountessBossAIController_1,1,3,1,-358.08,4.46,98.15,0.00,0.00,220.00,BP_TPCCharacter_C_3,BP_TPCCharacter_C_3,100.0,323
2,3,36.3952,2,0,CountessBossAIController_1,1,3,1,-360.13,5.97,98.15,0.00,0.00,220.00,BP_TPCCharacter_C_3,BP_TPCCharacter_C_3,100.0,323
2,3,36.4119,2,0,CountessBossAIController_1,1,3,1,-361.81,8.08,98.15,0.00,0.00,220.00,BP_TPCCharacter_C_3,BP_TPCCharacter_C_3,100.0,323
2,3,36.4285,2,0,CountessBossAIController_1,1,3,1,-363.19,10.75,98.15,0.00,0.00,220.00,BP_TPCCharacter_C_3,BP_TPCCharacter_C_3,100.0,323
2,3,36.4452,2,0,CountessBossAIController_1,1,3,1,-364.58,13.41,98.15,0.00,0.00,220.00,BP_TPCCharacter_C_3,BP_TPCCharacter_C_3,100.0,323
2,3,36.4619,2,0,CountessBossAIController_1,1,3,1,-365.96,16.07,98.15,0.00,0.00,220.00,BP_TPCCharacter_C_3,BP_TPCCharacter_C_3,100.0,323
2,3,36.4785,2,0,CountessBossAIController_1,1,3,1,-367.34,18.73,98.15,0.00,0.00,220.00,BP_TPCCharacter_C_3,BP_TPCCharacter_C_3,100.0,324
2,3,36.4952,2,0,CountessBossAIController_1,1,3,1,-368.72,21.39,98.15,0.00,0.00,220.00,BP_TPCCharacter_C_3,BP_TPCCharacter_C_3,100.0,324
2,3,36.5119,2,0,CountessBossAIController_1,1,3,1,-370.11,24.06,98.15,0.00,0.00,220.00,BP_TPCCharacter_C_3,BP_TPCCharacter_C_3,100.0,324
2,3,36.5285,2,0,CountessBossAIController_1,1,3,1,-371.49,26.72,98.15,0.00,0.00,220.00,BP_TPCCharacter_C_3,BP_TPCCharacter_C_3,100.0,324
2,3,36.5452,2,0,CountessBossAIController_1,1,3,1,-372.87,29.38,98.15,0.00,0.00,220.00,BP_TPCCharacter_C_3,BP_TPCCharacter_C_3,100.0,324
2,3,36.5619,2,0,CountessBossAIController_1,1,3,1,-374.26,32.04,98.15,0.00,0.00,220.00,BP_TPCCharacter_C_3,BP_TPCCharacter_C_3,100.0,324
2,3,36.5785,2,0,CountessBossAIController_1,1,3,1,-375.64,34.70,98.15,0.00,0.00,220.00,BP_TPCCharacter_C_3,BP_TPCCharacter_C_3,100.0,324
2,3,36.5952,2,0,CountessBossAIController_1,1,3,1,-377.02,37.37,98.15,0.00,0.00,220.00,BP_TPCCharacter_C_3,BP_TPCCharacter_C_3,100.0,325
2,3,36.6119,2,0,CountessBossAIController_1,1,3,1,-378.41,40.03,98.15,0.00,0.00,220.00,BP_TPCCharacter_C_3,BP_TPCCharacter_C_3,100.0,325
2,3,36.6285,2,0,CountessBossAIController_1,1,3,1,-379.79,42.69,98.15,0.00,0.00,220.00,BP_TPCCharacter_C_3,BP_TPCCharacter_C_3,100.0,325
2,3,36.6452,2,0,CountessBossAIController_1,1,3,1,-381.17,45.35,98.15,0.00,0.00,220.00,BP_TPCCharacter_C_3,BP_TPCCharacter_C_3,100.0,325
2,3,36.6619,2,0,CountessBossAIController_1,1,3,1,-382.55,48.02,98.15,0.00,0.00,220.00,BP_TPCCharacter_C_3,BP_TPCCharacter_C_3,100.0,325
2,3,36.6785,2,0,CountessBossAIController_1,1,3,1,-383.94,50.68,98.15,0.00,0.00,220.00,BP_TPCCharacter_C_3,BP_TPCCharacter_C_3,100.0,325
2,3,36.6952,2,0,CountessBossAIController_1,1,3,1,-385.32,53.34,98.15,0.00,0.00,220.00,BP_TPCCharacter_C_3,BP_TPCCharacter_C_3,100.0,325
2,3,36.7119,2,0,CountessBossAIController_1,1,3,1,-386.70,56.00,98.15,0.00,0.00,220.00,BP_TPCCharacter_C_3,BP_TPCCharacter_C_3,100.0,326
2,3,36.7285,2,0,CountessBossAIController_1,1,3,1,-388.09,58.66,98.15,0.00,0.00,220.00,BP_TPCCharacter_C_3,BP_TPCCharacter_C_3,100.0,326
2,3,36.7452,2,0,CountessBossAIController_1,1,3,1,-389.47,61.33,98.15,0.00,0.00,220.00,BP_TPCCharacter_C_3,BP_TPCCharacter_C_3,100.0,326
2,3,36.7619,2,0,CountessBossAIController_1,1,3,1,-390.85,63.99,98.15,0.00,0.00,220.00,BP_TPCCharacter_C_3,BP_TPCCharacter_C_3,100.0,326
2,3,36.7785,2,0,CountessBossAIController_1,1,3,1,-392.45,66.53,98.15,0.00,0.00,220.00,BP_TPCCharacter_C_3,BP_TPCCharacter_C_3,100.0,326
2,3,36.7952,2,0,CountessBossAIController_1,1,3,1,-394.04,69.07,98.15,0.00,0.00,220.00,BP_TPCCharacter_C_3,BP_TPCCharacter_C_3,100.0,326
2,3,36.8119,2,0,CountessBossAIController_1,1,3,1,-395.64,71.61,98.15,0.00,0.00,220.00,BP_TPCCharacter_C_3,BP_TPCCharacter_C_3,100.0,326
2,3,36.8285,2,0,CountessBossAIController_1,1,3,1,-397.24,74.15,98.15,0.00,0.00,220.00,BP_TPCCharacter_C_3,BP_TPCCharacter_C_3,100.0,327
2,3,36.8452,2,0,CountessBossAIController_1,1,3,1,-398.83,76.69,98.15,0.00,0.00,220.00,BP_TPCCharacter_C_3,BP_TPCCharacter_C_3,100.0,327
2,3,36.8619,2,0,CountessBossAIController_1,1,3,1,-400.43,79.23,98.15,0.00,0.00,220.00,BP_TPCCharacter_C_3,BP_TPCCharacter_C_3,100.0,327
2,3,36.8785,2,0,CountessBossAIController_1,1,3,1,-402.02,81.77,98.15,0.00,0.00,220.00,BP_TPCCharacter_C_3,BP_TPCCharacter_C_3,100.0,327
2,3,36.8952,2,0,CountessBossAIController_1,1,3,1,-403.62,84.31,98.15,0.00,0.00,220.00,BP_TPCCharacter_C_3,BP_TPCCharacter_C_3,100.0,327
2,3,36.9119,2,0,CountessBossAIController_1,1,3,1,-405.22,86.85,98.15,0.00,0.00,220.00,BP_TPCCharacter_C_3,BP_TPCCharacter_C_3,100.0,327
2,3,36.9285,2,0,CountessBossAIController_1,1,3,1,-406.81,89.39,98.15,0.00,0.00,220.00,BP_TPCCharacter_C_3,BP_TPCCharacter_C_3,100.0,327
2,3,36.9452,2,0,CountessBossAIController_1,1,3,1,-408.41,91.93,98.15,0.00,0.00,220.00,BP_TPCCharacter_C_3,BP_TPCCharacter_C_3,100.0,328
2,3,36.9619,2,0,CountessBossAIController_1,1,3,1,-410.00,94.47,98.15,0.00,0.00,220.00,BP_TPCCharacter_C_3,BP_TPCCharacter_C_3,100.0,328
2,3,36.9785,2,0,CountessBossAIController_1,1,3,1,-411.60,97.01,98.15,0.00,0.00,220.00,BP_TPCCharacter_C_3,BP_TPCCharacter_C_3,100.0,328
2,3,36.9952,2,0,CountessBossAIController_1,1,3,1,-413.19,99.55,98.15,0.00,0.00,220.00,BP_TPCCharacter_C_3,BP_TPCCharacter_C_3,100.0,328
2,3,37.0119,2,0,CountessBossAIController_1,1,3,1,-414.79,102.09,98.15,0.00,0.00,220.00,BP_TPCCharacter_C_3,BP_TPCCharacter_C_3,100.0,328
2,3,37.0285,2,0,CountessBossAIController_1,1,3,1,-416.39,104.63,98.15,0.00,0.00,220.00,BP_TPCCharacter_C_3,BP_TPCCharacter_C_3,100.0,328
2,3,37.0452,2,0,CountessBossAIController_1,1,3,1,-417.98,107.17,98.15,0.00,0.00,220.00,BP_TPCCharacter_C_3,BP_TPCCharacter_C_3,100.0,328
2,3,37.0619,2,0,CountessBossAIController_1,1,3,1,-419.58,109.71,98.15,0.00,0.00,220.00,BP_TPCCharacter_C_3,BP_TPCCharacter_C_3,100.0,329
2,3,37.0785,2,0,CountessBossAIController_1,1,3,1,-421.17,112.26,98.15,0.00,0.00,220.00,BP_TPCCharacter_C_3,BP_TPCCharacter_C_3,100.0,329
2,3,37.0952,2,0,CountessBossAIController_1,1,3,1,-422.77,114.80,98.15,0.00,0.00,220.00,BP_TPCCharacter_C_3,BP_TPCCharacter_C_3,100.0,329
2,3,37.1119,2,0,CountessBossAIController_1,1,3,1,-424.37,117.34,98.15,0.00,0.00,220.00,BP_TPCCharacter_C_3,BP_TPCCharacter_C_3,100.0,329
2,3,37.1285,2,0,CountessBossAIController_1,1,0,1,-425.96,119.88,98.15,0.00,0.00,220.00,BP_TPCCharacter_C_3,BP_TPCCharacter_C_3,100.0,329
2,3,37.1452,2,0,CountessBossAIController_1,1,3,1,-425.96,119.88,98.15,0.00,0.00,220.00,BP_TPCCharacter_C_3,BP_TPCCharacter_C_3,100.0,329
2,3,37.1619,2,0,CountessBossAIController_1,1,3,1,-426.34,120.30,98.15,0.00,0.00,220.00,BP_TPCCharacter_C_3,BP_TPCCharacter_C_3,100.0,329
2,3,37.1785,2,0,CountessBossAIController_1,1,3,1,-427.10,121.15,98.15,0.00,0.00,220.00,BP_TPCCharacter_C_3,BP_TPCCharacter_C_3,100.0,330
2,3,37.1952,2,0,CountessBossAIController_1,1,3,1,-428.24,122.42,98.15,0.00,0.00,220.00,BP_TPCCharacter_C_3,BP_TPCCharacter_C_3,100.0,330
2,3,37.2119,2,0,CountessBossAIController_1,1,3,1,-429.76,124.11,98.15,0.00,0.00,220.00,BP_TPCCharacter_C_3,BP_TPCCharacter_C_3,100.0,330
2,3,37.2285,2,0,CountessBossAIController_1,1,3,1,-431.65,126.23,98.15,0.00,0.00,220.00,BP_TPCCharacter_C_3,BP_TPCCharacter_C_3,100.0,330
2,3,37.2452,2,0,CountessBossAIController_1,1,3,1,-433.65,128.47,98.15,0.00,0.00,220.00,BP_TPCCharacter_C_3,BP_TPCCharacter_C_3,100.0,330
2,3,37.2619,2,0,CountessBossAIController_1,1,3,1,-435.66,130.70,98.15,0.00,0.00,220.00,BP_TPCCharacter_C_3,BP_TPCCharacter_C_3,100.0,330
2,3,37.2785,2,0,CountessBossAIController_1,1,3,1,-437.66,132.94,98.15,0.00,0.00,220.00,BP_TPCCharacter_C_3,BP_TPCCharacter_C_3,100.0,330
2,3,37.2952,2,0,CountessBossAIController_1,1,3,1,-439.66,135.17,98.15,0.00,0.00,220.00,BP_TPCCharacter_C_3,BP_TPCCharacter_C_3,100.0,331
2,3,37.3119,2,0,CountessBossAIController_1,1,3,1,-441.66,137.41,98.15,0.00,0.00,220.00,BP_TPCCharacter_C_3,BP_TPCCharacter_C_3,100.0,331
2,3,37.3285,2,0,CountessBossAIController_1,1,3,1,-443.66,139.64,98.15,0.00,0.00,220.00,BP_TPCCharacter_C_3,BP_TPCCharacter_C_3,100.0,331
2,3,37.3452,2,0,CountessBossAIController_1,1,3,1,-445.66,141.88,98.15,0.00,0.00,220.00,BP_TPCCharacter_C_3,BP_TPCCharacter_C_3,100.0,331
2,3,37.3619,2,0,CountessBossAIController_1,1,3,1,-447.66,144.12,98.15,0.00,0.00,220.00,BP_TPCCharacter_C_3,BP_TPCCharacter_C_3,100.0,331
2,3,37.3785,2,0,CountessBossAIController_1,1,3,1,-449.66,146.35,98.15,0.00,0.00,220.00,BP_TPCCharacter_C_3,BP_TPCCharacter_C_3,100.0,331
2,3,37.3952,2,0,CountessBossAIController_1,1,3,1,-451.66,148.59,98.15,0.00,0.00,220.00,BP_TPCCharacter_C_3,BP_TPCCharacter_C_3,100.0,331
2,3,37.4119,2,0,CountessBossAIController_1,1,3,1,-453.66,150.82,98.15,0.00,0.00,220.00,BP_TPCCharacter_C_3,BP_TPCCharacter_C_3,100.0,332
2,3,37.4285,2,0,CountessBossAIController_1,1,3,1,-455.67,153.06,98.15,0.00,0.00,220.00,BP_TPCCharacter_C_3,BP_TPCCharacter_C_3,100.0,332
2,3,37.4452,2,0,CountessBossAIController_1,1,3,1,-457.67,155.29,98.15,0.00,0.00,220.00,BP_TPCCharacter_C_3,BP_TPCCharacter_C_3,100.0,332
2,3,37.4619,2,0,CountessBossAIController_1,1,3,1,-459.67,157.53,98.15,0.00,0.00,220.00,BP_TPCCharacter_C_3,BP_TPCCharacter_C_3,100.0,332
2,3,37.4785,2,0,CountessBossAIController_1,1,3,1,-461.67,159.76,98.15,0.00,0.00,220.00,BP_TPCCharacter_C_3,BP_TPCCharacter_C_3,100.0,332
2,3,37.4952,2,0,CountessBossAIController_1,1,3,1,-463.67,162.00,98.15,0.00,0.00,220.00,BP_TPCCharacter_C_3,BP_TPCCharacter_C_3,100.0,332
2,3,37.5119,2,0,CountessBossAIController_1,1,3,1,-465.67,164.23,98.15,0.00,0.00,220.00,BP_TPCCharacter_C_3,BP_TPCCharacter_C_3,100.0,332
2,3,37.5285,2,0,CountessBossAIController_1,1,3,1,-467.67,166.47,98.15,0.00,0.00,220.00,BP_TPCCharacter_C_3,BP_TPCCharacter_C_3,100.0,333
2,3,37.5452,2,0,CountessBossAIController_1,1,3,1,-469.67,168.70,98.15,0.00,0.00,220.00,BP_TPCCharacter_C_3,BP_TPCCharacter_C_3,100.0,333
2,3,37.5619,2,0,CountessBossAIController_1,1,3,1,-469.67,168.70,98.15,0.00,0.00,220.00,BP_TPCCharacter_C_3,BP_TPCCharacter_C_3,100.0,333
2,3,37.5785,2,0,CountessBossAIController_1,1,3,1,-470.13,169.04,98.15,0.00,0.00,220.00,BP_TPCCharacter_C_3,BP_TPCCharacter_C_3,100.0,333
2,3,37.5952,2,0,CountessBossAIController_1,1,3,1,-471.05,169.71,98.15,0.00,0.00,220.00,BP_TPCCharacter_C_3,BP_TPCCharacter_C_3,100.0,333
2,3,37.6119,2,0,CountessBossAIController_1,1,3,1,-472.43,170.71,98.15,0.00,0.00,220.00,BP_TPCCharacter_C_3,BP_TPCCharacter_C_3,100.0,333
2,3,37.6285,2,0,CountessBossAIController_1,1,3,1,-474.27,172.05,98.15,0.00,0.00,220.00,BP_TPCCharacter_C_3,BP_TPCCharacter_C_3,100.0,333
2,3,37.6452,2,0,CountessBossAIController_1,1,3,1,-476.58,173.72,98.15,0.00,0.00,220.00,BP_TPCCharacter_C_3,BP_TPCCharacter_C_3,100.0,334
2,3,37.6619,2,0,CountessBossAIController_1,1,3,1,-479.00,175.48,98.15,0.00,0.00,220.00,BP_TPCCharacter_C_3,BP_TPCCharacter_C_3,100.0,334
2,3,37.6785,2,0,CountessBossAIController_1,1,3,1,-481.43,177.25,98.15,0.00,0.00,220.00,BP_TPCCharacter_C_3,BP_TPCCharacter_C_3,100.0,334
2,3,37.6952,2,0,CountessBossAIController_1,1,3,1,-483.85,179.01,98.15,0.00,0.00,220.00,BP_TPCCharacter_C_3,BP_TPCCharacter_C_3,100.0,334
2,3,37.7119,2,0,CountessBossAIController_1,1,3,1,-486.28,180.78,98.15,0.00,0.00,220.00,BP_TPCCharacter_C_3,BP_TPCCharacter_C_3,100.0,334
2,3,37.7285,2,0,CountessBossAIController_1,1,3,1,-488.71,182.54,98.15,0.00,0.00,220.00,BP_TPCCharacter_C_3,BP_TPCCharacter_C_3,100.0,334
2,3,37.7452,2,0,CountessBossAIController_1,1,3,1,-491.13,184.30,98.15,0.00,0.00,220.00,BP_TPCCharacter_C_3,BP_TPCCharacter_C_3,100.0,334
2,3,37.7619,2,0,CountessBossAIController_1,1,3,1,-493.56,186.07,98.15,0.00,0.00,220.00,BP_TPCCharacter_C_3,BP_TPCCharacter_C_3,100.0,335
2,3,37.7785,2,0,CountessBossAIController_1,1,3,1,-495.99,187.83,98.15,0.00,0.00,220.00,BP_TPCCharacter_C_3,BP_TPCCharacter_C_3,100.0,335
2,3,37.7952,2,0,CountessBossAIController_1,1,3,1,-498.41,189.60,98.15,0.00,0.00,220.00,BP_TPCCharacter_C_3,BP_TPCCharacter_C_3,100.0,335
2,3,37.8119,2,0,CountessBossAIController_1,1,3,1,-500.84,191.36,98.15,0.00,0.00,220.00,BP_TPCCharacter_C_3,BP_TPCCharacter_C_3,100.0,335
2,3,37.8285,2,0,CountessBossAIController_1,1,3,1,-503.27,193.12,98.15,0.00,0.00,220.00,BP_TPCCharacter_C_3,BP_TPCCharacter_C_3,100.0,335
2,3,37.8452,2,0,CountessBossAIController_1,1,3,1,-505.69,194.89,98.15,0.00,0.00,220.00,BP_TPCCharacter_C_3,BP_TPCCharacter_C_3,100.0,335
2,3,37.8619,2,0,CountessBossAIController_1,1,3,1,-508.12,196.65,98.15,0.00,0.00,220.00,BP_TPCCharacter_C_3,BP_TPCCharacter_C_3,100.0,335
2,3,37.8785,2,0,CountessBossAIController_1,1,3,1,-510.55,198.42,98.15,0.00,0.00,220.00,BP_TPCCharacter_C_3,BP_TPCCharacter_C_3,100.0,336
2,3,37.8952,2,0,CountessBossAIController_1,1,3,1,-512.97,200.18,98.15,0.00,0.00,220.00,BP_TPCCharacter_C_3,BP_TPCCharacter_C_3,100.0,336
2,3,37.9119,2,0,CountessBossAIController_1,1,3,1,-515.40,201.94,98.15,0.00,0.00,220.00,BP_TPCCharacter_C_3,BP_TPCCharacter_C_3,100.0,336
2,3,37.9285,2,0,CountessBossAIController_1,1,3,1,-517.83,203.71,98.15,0.00,0.00,220.00,BP_TPCCharacter_C_3,BP_TPCCharacter_C_3,100.0,336
2,3,37.9452,2,0,CountessBossAIController_1,1,3,1,-520.25,205.47,98.15,0.00,0.00,220.00,BP_TPCCharacter_C_3,BP_TPCCharacter_C_3,100.0,336
2,3,37.9619,2,0,CountessBossAIController_1,1,3,1,-520.25,205.47,98.15,0.00,0.00,220.00,BP_TPCCharacter_C_3,BP_TPCCharacter_C_3,100.0,336
2,3,37.9785,2,0,CountessBossAIController_1,1,3,1,-520.78,205.69,98.15,0.00,0.00,220.00,BP_TPCCharacter_C_3,BP_TPCCharacter_C_3,100.0,336
2,3,37.9952,2,0,CountessBossAIController_1,1,3,1,-521.82,206.14,98.15,0.00,0.00,220.00,BP_TPCCharacter_C_3,BP_TPCCharacter_C_3,100.0,337
2,3,38.0119,2,0,CountessBossAIController_1,1,3,1,-523.40,206.80,98.15,0.00,0.00,220.00,BP_TPCCharacter_C_3,BP_TPCCharacter_C_3,100.0,337
2,3,38.0285,2,0,CountessBossAIController_1,1,3,1,-525.49,207.69,98.15,0.00,0.00,220.00,BP_TPCCharacter_C_3,BP_TPCCharacter_C_3,100.0,337
2,3,38.0452,2,0,CountessBossAIController_1,1,3,1,-528.11,208.80,98.15,0.00,0.00,220.00,BP_TPCCharacter_C_3,BP_TPCCharacter_C_3,100.0,337
2,3,38.0619,2,0,CountessBossAIController_1,1,3,1,-530.87,209.97,98.15,0.00,0.00,220.00,BP_TPCCharacter_C_3,BP_TPCCharacter_C_3,100.0,337
2,3,38.0785,2,0,CountessBossAIController_1,1,3,1,-533.64,211.14,98.15,0.00,0.00,220.00,BP_TPCCharacter_C_3,BP_TPCCharacter_C_3,100.0,337
2,3,38.0952,2,0,CountessBossAIController_1,1,3,1,-536.40,212.31,98.15,0.00,0.00,220.00,BP_TPCCharacter_C_3,BP_TPCCharacter_C_3,100.0,337
2,3,38.1119,2,0,CountessBossAIController_1,1,3,1,-539.16,213.47,98.15,0.00,0.00,220.00,BP_TPCCharacter_C_3,BP_TPCCharacter_C_3,100.0,338
2,3,38.1285,2,0,CountessBossAIController_1,1,3,1,-541.93,214.64,98.15,0.00,0.00,220.00,BP_TPCCharacter_C_3,BP_TPCCharacter_C_3,100.0,338
2,3,38.1452,2,0,CountessBossAIController_1,1,3,1,-544.69,215.81,98.15,0.00,0.00,220.00,BP_TPCCharacter_C_3,BP_TPCCharacter_C_3,100.0,338
2,3,38.1619,2,0,CountessBossAIController_1,1,3,1,-547.45,216.98,98.15,0.00,0.00,220.00,BP_TPCCharacter_C_3,BP_TPCCharacter_C_3,100.0,338
2,3,38.1785,2,0,CountessBossAIController_1,1,3,1,-550.21,218.15,98.15,0.00,0.00,220.00,BP_TPCCharacter_C_3,BP_TPCCharacter_C_3,100.0,338
2,3,38.1952,2,0,CountessBossAIController_1,1,3,1,-552.98,219.32,98.15,0.00,0.00,220.00,BP_TPCCharacter_C_3,BP_TPCCharacter_C_3,100.0,338
2,3,38.2119,2,0,CountessBossAIController_1,1,3,1,-555.74,220.49,98.15,0.00,0.00,220.00,BP_TPCCharacter_C_3,BP_TPCCharacter_C_3,100.0,338
2,3,38.2285,2,0,CountessBossAIController_1,1,3,1,-558.50,221.66,98.15,0.00,0.00,220.00,BP_TPCCharacter_C_3,BP_TPCCharacter_C_3,100.0,339
2,3,38.2452,2,0,CountessBossAIController_1,1,3,1,-561.26,222.83,98.15,0.00,0.00,220.00,BP_TPCCharacter_C_3,BP_TPCCharacter_C_3,100.0,339
2,3,38.2619,2,0,CountessBossAIController_1,1,3,1,-564.03,224.00,98.15,0.00,0.00,220.00,BP_TPCCharacter_C_3,BP_TPCCharacter_C_3,100.0,339
2,3,38.2785,2,0,CountessBossAIController_1,1,3,1,-566.79,225.17,98.15,0.00,0.00,220.00,BP_TPCCharacter_C_3,BP_TPCCharacter_C_3,100.0,339
2,3,38.2952,2,0,CountessBossAIController_1,1,3,1,-569.55,226.34,98.15,0.00,0.00,220.00,BP_TPCCharacter_C_3,BP_TPCCharacter_C_3,100.0,339
2,3,38.3119,2,0,CountessBossAIController_1,1,3,1,-572.32,227.51,98.15,0.00,0.00,220.00,BP_TPCCharacter_C_3,BP_TPCCharacter_C_3,100.0,339
2,3,38.3285,2,0,CountessBossAIController_1,1,3,1,-575.08,228.67,98.15,0.00,0.00,220.00,BP_TPCCharacter_C_3,BP_TPCCharacter_C_3,100.0,339
2,3,38.3452,2,0,CountessBossAIController_1,1,3,1,-577.84,229.84,98.15,0.00,0.00,220.00,BP_TPCCharacter_C_3,BP_TPCCharacter_C_3,100.0,340
2,3,38.3619,2,0,CountessBossAIController_1,1,3,1,-577.84,229.84,98.15,0.00,0.00,220.00,BP_TPCCharacter_C_3,BP_TPCCharacter_C_3,100.0,340
2,3,38.3785,2,0,CountessBossAIController_1,1,3,1,-578.40,229.93,98.15,0.00,0.00,220.00,BP_TPCCharacter_C_3,BP_TPCCharacter_C_3,100.0,340
2,3,38.3952,2,0,CountessBossAIController_1,1,3,1,-579.53,230.11,98.15,0.00,0.00,220.00,BP_TPCCharacter_C_3,BP_TPCCharacter_C_3,100.0,340
2,3,38.4119,2,0,CountessBossAIController_1,1,3,1,-581.21,230.37,98.15,0.00,0.00,220.00,BP_TPCCharacter_C_3,BP_TPCCharacter_C_3,100.0,340
2,3,38.4285,2,0,CountessBossAIController_1,1,3,1,-583.46,230.73,98.15,0.00,0.00,220.00,BP_TPCCharacter_C_3,BP_TPCCharacter_C_3,100.0,340
2,3,38.4452,2,0,CountessBossAIController_1,1,3,1,-586.27,231.17,98.15,0.00,0.00,220.00,BP_TPCCharacter_C_3,BP_TPCCharacter_C_3,100.0,340
2,3,38.4619,2,0,CountessBossAIController_1,1,3,1,-589.24,231.64,98.15,0.00,0.00,220.00,BP_TPCCharacter_C_3,BP_TPCCharacter_C_3,100.0,341
2,3,38.4785,2,0,CountessBossAIController_1,1,3,1,-592.20,232.10,98.15,0.00,0.00,220.00,BP_TPCCharacter_C_3,BP_TPCCharacter_C_3,100.0,341
2,3,38.4952,2,0,CountessBossAIController_1,1,3,1,-595.16,232.57,98.15,0.00,0.00,220.00,BP_TPCCharacter_C_3,BP_TPCCharacter_C_3,100.0,341
2,3,38.5119,2,0,CountessBossAIController_1,1,3,1,-598.13,233.03,98.15,0.00,0.00,220.00,BP_TPCCharacter_C_3,BP_TPCCharacter_C_3,100.0,341
2,3,38.5285,2,0,CountessBossAIController_1,1,3,1,-601.09,233.50,98.15,0.00,0.00,220.00,BP_TPCCharacter_C_3,BP_TPCCharacter_C_3,100.0,341
2,3,38.5452,2,0,CountessBossAIController_1,1,3,1,-604.05,233.97,98.15,0.00,0.00,220.00,BP_TPCCharacter_C_3,BP_TPCCharacter_C_3,100.0,341
2,3,38.5619,2,0,CountessBossAIController_1,1,3,1,-607.02,234.43,98.15,0.00,0.00,220.00,BP_TPCCharacter_C_3,BP_TPCCharacter_C_3,100.0,341
2,3,38.5785,2,0,CountessBossAIController_1,1,3,1,-609.98,234.90,98.15,0.00,0.00,220.00,BP_TPCCharacter_C_3,BP_TPCCharacter_C_3,100.0,342
2,3,38.5952,2,0,CountessBossAIController_1,1,3,1,-612.94,235.36,98.15,0.00,0.00,220.00,BP_TPCCharacter_C_3,BP_TPCCharacter_C_3,100.0,342
2,3,38.6119,2,0,CountessBossAIController_1,1,3,1,-615.91,235.83,98.15,0.00,0.00,220.00,BP_TPCCharacter_C_3,BP_TPCCharacter_C_3,100.0,342
2,3,38.6285,2,0,CountessBossAIController_1,1,3,1,-618.87,236.30,98.15,0.00,0.00,220.00,BP_TPCCharacter_C_3,BP_TPCCharacter_C_3,100.0,342
2,3,38.6452,2,0,CountessBossAIController_1,1,3,1,-621.83,236.76,98.15,0.00,0.00,220.00,BP_TPCCharacter_C_3,BP_TPCCharacter_C_3,100.0,342
2,3,38.6619,2,0,CountessBossAIController_1,1,3,1,-624.80,237.23,98.15,0.00,0.00,220.00,BP_TPCCharacter_C_3,BP_TPCCharacter_C_3,100.0,342
2,3,38.6785,2,0,CountessBossAIController_1,1,3,1,-627.76,237.69,98.15,0.00,0.00,220.00,BP_TPCCharacter_C_3,BP_TPCCharacter_C_3,100.0,342
2,3,38.6952,2,0,CountessBossAIController_1,1,3,1,-630.73,238.16,98.15,0.00,0.00,220.00,BP_TPCCharacter_C_3,BP_TPCCharacter_C_3,100.0,343
2,3,38.7119,2,0,CountessBossAIController_1,1,3,1,-633.69,238.63,98.15,0.00,0.00,220.00,BP_TPCCharacter_C_3,BP_TPCCharacter_C_3,100.0,343
2,3,38.7285,2,0,CountessBossAIController_1,1,3,1,-636.65,239.09,98.15,0.00,0.00,220.00,BP_TPCCharacter_C_3,BP_TPCCharacter_C_3,100.0,343
2,3,38.7452,2,0,CountessBossAIController_1,1,3,1,-639.62,239.56,98.15,0.00,0.00,220.00,BP_TPCCharacter_C_3,BP_TPCCharacter_C_3,100.0,343
2,3,38.7619,2,0,CountessBossAIController_1,1,3,1,-639.62,239.56,98.15,0.00,0.00,220.00,BP_TPCCharacter_C_3,BP_TPCCharacter_C_3,100.0,343
2,3,38.7785,2,0,CountessBossAIController_1,1,3,1,-640.18,239.50,98.15,0.00,0.00,220.00,BP_TPCCharacter_C_3,BP_TPCCharacter_C_3,100.0,343
2,3,38.7952,2,0,CountessBossAIController_1,1,3,1,-641.31,239.39,98.15,0.00,0.00,220.00,BP_TPCCharacter_C_3,BP_TPCCharacter_C_3,100.0,343
2,3,38.8119,2,0,CountessBossAIController_1,1,3,1,-643.01,239.23,98.15,0.00,0.00,220.00,BP_TPCCharacter_C_3,BP_TPCCharacter_C_3,100.0,344
2,3,38.8285,2,0,CountessBossAIController_1,1,3,1,-645.28,239.01,98.15,0.00,0.00,220.00,BP_TPCCharacter_C_3,BP_TPCCharacter_C_3,100.0,344
2,3,38.8452,2,0,CountessBossAIController_1,1,3,1,-648.11,238.73,98.15,0.00,0.00,220.00,BP_TPCCharacter_C_3,BP_TPCCharacter_C_3,100.0,344
2,3,38.8619,2,0,CountessBossAIController_1,1,3,1,-651.09,238.44,98.15,0.00,0.00,220.00,BP_TPCCharacter_C_3,BP_TPCCharacter_C_3,100.0,344
2,3,38.8785,2,0,CountessBossAIController_1,1,3,1,-654.08,238.15,98.15,0.00,0.00,220.00,BP_TPCCharacter_C_3,BP_TPCCharacter_C_3,100.0,344
2,3,38.8952,2,0,CountessBossAIController_1,1,3,1,-657.07,237.86,98.15,0.00,0.00,220.00,BP_TPCCharacter_C_3,BP_TPCCharacter_C_3,100.0,344
2,3,38.9119,2,0,CountessBossAIController_1,1,3,1,-660.05,237.57,98.15,0.00,0.00,220.00,BP_TPCCharacter_C_3,BP_TPCCharacter_C_3,100.0,344
2,3,38.9285,2,0,CountessBossAIController_1,1,3,1,-663.04,237.28,98.15,0.00,0.00,220.00,BP_TPCCharacter_C_3,BP_TPCCharacter_C_3,100.0,345
2,3,38.9452,2,0,CountessBossAIController_1,1,3,1,-666.02,236.99,98.15,0.00,0.00,220.00,BP_TPCCharacter_C_3,BP_TPCCharacter_C_3,100.0,345
2,3,38.9619,2,0,CountessBossAIController_1,1,3,1,-669.01,236.70,98.15,0.00,0.00,220.00,BP_TPCCharacter_C_3,BP_TPCCharacter_C_3,100.0,345
2,3,38.9785,2,0,CountessBossAIController_1,1,3,1,-672.00,236.41,98.15,0.00,0.00,220.00,BP_TPCCharacter_C_3,BP_TPCCharacter_C_3,100.0,345
2,3,38.9952,2,0,CountessBossAIController_1,1,3,1,-674.98,236.11,98.15,0.00,0.00,220.00,BP_TPCCharacter_C_3,BP_TPCCharacter_C_3,100.0,345
2,3,39.0119,2,0,CountessBossAIController_1,1,3,1,-677.97,235.82,98.15,0.00,0.00,220.00,BP_TPCCharacter_C_3,BP_TPCCharacter_C_3,100.0,345
2,3,39.0285,2,0,CountessBossAIController_1,1,3,1,-680.95,235.53,98.15,0.00,0.00,220.00,BP_TPCCharacter_C_3,BP_TPCCharacter_C_3,100.0,345
2,3,39.0452,2,0,CountessBossAIController_1,1,3,1,-683.94,235.24,98.15,0.00,0.00,220.00,BP_TPCCharacter_C_3,BP_TPCCharacter_C_3,100.0,346
2,3,39.0619,2,0,CountessBossAIController_1,1,3,1,-686.93,234.95,98.15,0.00,0.00,220.00,BP_TPCCharacter_C_3,BP_TPCCharacter_C_3,100.0,346
2,3,39.0785,2,0,CountessBossAIController_1,1,3,1,-689.91,234.66,98.15,0.00,0.00,220.00,BP_TPCCharacter_C_3,BP_TPCCharacter_C_3,100.0,346
2,3,39.0952,2,0,CountessBossAIController_1,1,3,1,-692.90,234.37,98.15,0.00,0.00,220.00,BP_TPCCharacter_C_3,BP_TPCCharacter_C_3,100.0,346
2,3,39.1119,2,0,CountessBossAIController_1,1,3,1,-695.88,234.08,98.15,0.00,0.00,220.00,BP_TPCCharacter_C_3,BP_TPCCharacter_C_3,100.0,346
2,3,39.1285,2,0,CountessBossAIController_1,1,3,1,-698.87,233.79,98.15,0.00,0.00,220.00,BP_TPCCharacter_C_3,BP_TPCCharacter_C_3,100.0,346
2,3,39.1452,2,0,CountessBossAIController_1,1,3,1,-701.85,233.50,98.15,0.00,0.00,220.00,BP_TPCCharacter_C_3,BP_TPCCharacter_C_3,100.0,346
2,3,39.1619,2,0,CountessBossAIController_1,1,3,1,-701.85,233.50,98.15,0.00,0.00,220.00,BP_TPCCharacter_C_3,BP_TPCCharacter_C_3,100.0,347
2,3,39.1785,2,0,CountessBossAIController_1,1,3,1,-702.39,233.30,98.15,0.00,0.00,220.00,BP_TPCCharacter_C_3,BP_TPCCharacter_C_3,100.0,347
2,3,39.1952,2,0,CountessBossAIController_1,1,3,1,-703.46,232.91,98.15,0.00,0.00,220.00,BP_TPCCharacter_C_3,BP_TPCCharacter_C_3,100.0,347
2,3,39.2119,2,0,CountessBossAIController_1,1,3,1,-705.06,232.31,98.15,0.00,0.00,220.00,BP_TPCCharacter_C_3,BP_TPCCharacter_C_3,100.0,347
2,3,39.2285,2,0,CountessBossAIController_1,1,3,1,-707.19,231.52,98.15,0.00,0.00,220.00,BP_TPCCharacter_C_3,BP_TPCCharacter_C_3,100.0,347
2,3,39.2452,2,0,CountessBossAIController_1,1,3,1,-709.86,230.53,98.15,0.00,0.00,220.00,BP_TPCCharacter_C_3,BP_TPCCharacter_C_3,100.0,347
2,3,39.2619,2,0,CountessBossAIController_1,1,3,1,-712.67,229.49,98.15,0.00,0.00,220.00,BP_TPCCharacter_C_3,BP_TPCCharacter_C_3,100.0,347
2,3,39.2785,2,0,CountessBossAIController_1,1,3,1,-715.48,228.45,98.15,0.00,0.00,220.00,BP_TPCCharacter_C_3,BP_TPCCharacter_C_3,100.0,348
2,3,39.2952,2,0,CountessBossAIController_1,1,3,1,-718.30,227.41,98.15,0.00,0.00,220.00,BP_TPCCharacter_C_3,BP_TPCCharacter_C_3,100.0,348
2,3,39.3119,2,0,CountessBossAIController_1,1,3,1,-721.11,226.37,98.15,0.00,0.00,220.00,BP_TPCCharacter_C_3,BP_TPCCharacter_C_3,100.0,348
2,3,39.3285,2,0,CountessBossAIController_1,1,3,1,-723.92,225.32,98.15,0.00,0.00,220.00,BP_TPCCharacter_C_3,BP_TPCCharacter_C_3,100.0,348
2,3,39.3452,2,0,CountessBossAIController_1,1,3,1,-726.74,224.28,98.15,0.00,0.00,220.00,BP_TPCCharacter_C_3,BP_TPCCharacter_C_3,100.0,348
2,3,39.3619,2,0,CountessBossAIController_1,1,3,1,-729.55,223.24,98.15,0.00,0.00,220.00,BP_TPCCharacter_C_3,BP_TPCCharacter_C_3,100.0,348
2,3,39.3785,2,0,CountessBossAIController_1,1,3,1,-732.36,222.20,98.15,0.00,0.00,220.00,BP_TPCCharacter_C_3,BP_TPCCharacter_C_3,100.0,348
2,3,39.3952,2,0,CountessBossAIController_1,1,3,1,-735.18,221.16,98.15,0.00,0.00,220.00,BP_TPCCharacter_C_3,BP_TPCCharacter_C_3,100.0,349
2,3,39.4119,2,0,CountessBossAIController_1,1,3,1,-737.99,220.11,98.15,0.00,0.00,220.00,BP_TPCCharacter_C_3,BP_TPCCharacter_C_3,100.0,349
2,3,39.4285,2,0,CountessBossAIController_1,1,3,1,-740.80,219.07,98.15,0.00,0.00,220.00,BP_TPCCharacter_C_3,BP_TPCCharacter_C_3,100.0,349
2,3,39.4452,2,0,CountessBossAIController_1,1,3,1,-743.62,218.03,98.15,0.00,0.00,220.00,BP_TPCCharacter_C_3,BP_TPCCharacter_C_3,100.0,349
2,3,39.4619,2,0,CountessBossAIController_1,1,3,1,-746.43,216.99,98.15,0.00,0.00,220.00,BP_TPCCharacter_C_3,BP_TPCCharacter_C_3,100.0,349
2,3,39.4785,2,0,CountessBossAIController_1,1,3,1,-749.24,215.95,98.15,0.00,0.00,220.00,BP_TPCCharacter_C_3,BP_TPCCharacter_C_3,100.0,349
2,3,39.4952,2,0,CountessBossAIController_1,1,3,1,-752.06,214.90,98.15,0.00,0.00,220.00,BP_TPCCharacter_C_3,BP_TPCCharacter_C_3,100.0,349
2,3,39.5119,2,0,CountessBossAIController_1,1,3,1,-754.87,213.86,98.15,0.00,0.00,220.00,BP_TPCCharacter_C_3,BP_TPCCharacter_C_3,100.0,350
2,3,39.5285,2,0,CountessBossAIController_1,1,3,1,-757.68,212.82,98.15,0.00,0.00,220.00,BP_TPCCharacter_C_3,BP_TPCCharacter_C_3,100.0,350
2,3,39.5452,2,0,CountessBossAIController_1,1,3,1,-760.49,211.78,98.15,0.00,0.00,220.00,BP_TPCCharacter_C_3,BP_TPCCharacter_C_3,100.0,350
2,3,39.5619,2,0,CountessBossAIController_1,1,3,1,-760.49,211.78,98.15,0.00,0.00,220.00,BP_TPCCharacter_C_3,BP_TPCCharacter_C_3,100.0,350
2,3,39.5785,2,0,CountessBossAIController_1,1,3,1,-760.96,211.45,98.15,0.00,0.00,220.00,BP_TPCCharacter_C_3,BP_TPCCharacter_C_3,100.0,350
2,3,39.5952,2,0,CountessBossAIController_1,1,3,1,-761.89,210.79,98.15,0.00,0.00,220.00,BP_TPCCharacter_C_3,BP_TPCCharacter_C_3,100.0,350
2,3,39.6119,2,0,CountessBossAIController_1,1,3,1,-763.28,209.81,98.15,0.00,0.00,220.00,BP_TPCCharacter_C_3,BP_TPCCharacter_C_3,100.0,350
2,3,39.6285,2,0,CountessBossAIController_1,1,3,1,-765.14,208.50,98.15,0.00,0.00,220.00,BP_TPCCharacter_C_3,BP_TPCCharacter_C_3,100.0,351
2,3,39.6452,2,0,CountessBossAIController_1,1,3,1,-767.47,206.86,98.15,0.00,0.00,220.00,BP_TPCCharacter_C_3,BP_TPCCharacter_C_3,100.0,351
2,3,39.6619,2,0,CountessBossAIController_1,1,3,1,-769.92,205.12,98.15,0.00,0.00,220.00,BP_TPCCharacter_C_3,BP_TPCCharacter_C_3,100.0,351
2,3,39.6785,2,0,CountessBossAIController_1,1,3,1,-772.37,203.39,98.15,0.00,0.00,220.00,BP_TPCCharacter_C_3,BP_TPCCharacter_C_3,100.0,351
2,3,39.6952,2,0,CountessBossAIController_1,1,3,1,-774.82,201.66,98.15,0.00,0.00,220.00,BP_TPCCharacter_C_3,BP_TPCCharacter_C_3,100.0,351
2,3,39.7119,2,0,CountessBossAIController_1,1,3,1,-777.27,199.93,98.15,0.00,0.00,220.00,BP_TPCCharacter_C_3,BP_TPCCharacter_C_3,100.0,351
2,3,39.7285,2,0,CountessBossAIController_1,1,3,1,-779.72,198.20,98.15,0.00,0.00,220.00,BP_TPCCharacter_C_3,BP_TPCCharacter_C_3,100.0,351
2,3,39.7452,2,0,CountessBossAIController_1,1,3,1,-782.17,196.47,98.15,0.00,0.00,220.00,BP_TPCCharacter_C_3,BP_TPCCharacter_C_3,100.0,352
2,3,39.7619,2,0,CountessBossAIController_1,1,3,1,-784.62,194.74,98.15,0.00,0.00,220.00,BP_TPCCharacter_C_3,BP_TPCCharacter_C_3,100.0,352
2,3,39.7785,2,0,CountessBossAIController_1,1,3,1,-787.07,193.01,98.15,0.00,0.00,220.00,BP_TPCCharacter_C_3,BP_TPCCharacter_C_3,100.0,352
2,3,39.7952,2,0,CountessBossAIController_1,1,3,1,-789.52,191.28,98.15,0.00,0.00,220.00,BP_TPCCharacter_C_3,BP_TPCCharacter_C_3,100.0,352
2,3,39.8119,2,0,CountessBossAIController_1,1,3,1,-791.97,189.55,98.15,0.00,0.00,220.00,BP_TPCCharacter_C_3,BP_TPCCharacter_C_3,100.0,352
2,3,39.8285,2,0,CountessBossAIController_1,1,3,1,-794.42,187.82,98.15,0.00,0.00,220.00,BP_TPCCharacter_C_3,BP_TPCCharacter_C_3,100.0,352
2,3,39.8452,2,0,CountessBossAIController_1,1,3,1,-796.87,186.09,98.15,0.00,0.00,220.00,BP_TPCCharacter_C_3,BP_TPCCharacter_C_3,100.0,352
2,3,39.8619,2,0,CountessBossAIController_1,1,3,1,-799.32,184.36,98.15,0.00,0.00,220.00,BP_TPCCharacter_C_3,BP_TPCCharacter_C_3,100.0,353
2,3,39.8785,2,0,CountessBossAIController_1,1,3,1,-801.77,182.63,98.15,0.00,0.00,220.00,BP_TPCCharacter_C_3,BP_TPCCharacter_C_3,100.0,353
2,3,39.8952,2,0,CountessBossAIController_1,1,3,1,-804.22,180.90,98.15,0.00,0.00,220.00,BP_TPCCharacter_C_3,BP_TPCCharacter_C_3,100.0,353
2,3,39.9119,2,0,CountessBossAIController_1,1,3,1,-806.67,179.17,98.15,0.00,0.00,220.00,BP_TPCCharacter_C_3,BP_TPCCharacter_C_3,100.0,353
2,3,39.9285,2,0,CountessBossAIController_1,1,3,1,-809.12,177.44,98.15,0.00,0.00,220.00,BP_TPCCharacter_C_3,BP_TPCCharacter_C_3,100.0,353
2,3,39.9452,2,0,CountessBossAIController_1,1,3,1,-811.57,175.71,98.15,0.00,0.00,220.00,BP_TPCCharacter_C_3,BP_TPCCharacter_C_3,100.0,353
2,3,39.9619,2,0,CountessBossAIController_1,1,3,1,-811.57,175.71,98.15,0.00,0.00,220.00,BP_TPCCharacter_C_3,BP_TPCCharacter_C_3,100.0,353
2,3,39.9785,2,0,CountessBossAIController_1,1,3,1,-811.94,175.27,98.15,0.00,0.00,220.00,BP_TPCCharacter_C_3,BP_TPCCharacter_C_3,100.0,354
2,3,39.9952,2,0,CountessBossAIController_1,1,3,1,-812.67,174.39,98.15,0.00,0.00,220.00,BP_TPCCharacter_C_3,BP_TPCCharacter_C_3,100.0,354
2,3,40.0119,2,0,CountessBossAIController_1,1,3,1,-813.76,173.08,98.15,0.00,0.00,220.00,BP_TPCCharacter_C_3,BP_TPCCharacter_C_3,100.0,354
2,3,40.0285,2,0,CountessBossAIController_1,1,3,1,-815.22,171.33,98.15,0.00,0.00,220.00,BP_TPCCharacter_C_3,BP_TPCCharacter_C_3,100.0,354
2,3,40.0452,2,0,CountessBossAIController_1,1,3,1,-817.04,169.15,98.15,0.00,0.00,220.00,BP_TPCCharacter_C_3,BP_TPCCharacter_C_3,100.0,354
2,3,40.0619,2,0,CountessBossAIController_1,1,3,1,-818.96,166.84,98.15,0.00,0.00,220.00,BP_TPCCharacter_C_3,BP_TPCCharacter_C_3,100.0,354
2,3,40.0785,2,0,CountessBossAIController_1,1,3,1,-820.88,164.54,98.15,0.00,0.00,220.00,BP_TPCCharacter_C_3,BP_TPCCharacter_C_3,100.0,354
2,3,40.0952,2,0,CountessBossAIController_1,1,3,1,-822.80,162.23,98.15,0.00,0.00,220.00,BP_TPCCharacter_C_3,BP_TPCCharacter_C_3,100.0,355
2,3,40.1119,2,0,CountessBossAIController_1,1,3,1,-824.72,159.93,98.15,0.00,0.00,220.00,BP_TPCCharacter_C_3,BP_TPCCharacter_C_3,100.0,355
2,3,40.1285,2,0,CountessBossAIController_1,1,3,1,-826.64,157.62,98.15,0.00,0.00,220.00,BP_TPCCharacter_C_3,BP_TPCCharacter_C_3,100.0,355
2,3,40.1452,2,0,CountessBossAIController_1,1,3,1,-828.56,155.32,98.15,0.00,0.00,220.00,BP_TPCCharacter_C_3,BP_TPCCharacter_C_3,100.0,355
2,3,40.1619,2,0,CountessBossAIController_1,1,3,1,-830.48,153.01,98.15,0.00,0.00,220.00,BP_TPCCharacter_C_3,BP_TPCCharacter_C_3,100.0,355
2,3,40.1785,2,0,CountessBossAIController_1,1,3,1,-832.40,150.71,98.15,0.00,0.00,220.00,BP_TPCCharacter_C_3,BP_TPCCharacter_C_3,100.0,355
2,3,40.1952,2,0,CountessBossAIController_1,1,3,1,-834.32,148.40,98.15,0.00,0.00,220.00,BP_TPCCharacter_C_3,BP_TPCCharacter_C_3,100.0,355
2,3,40.2119,2,0,CountessBossAIController_1,1,3,1,-836.24,146.10,98.15,0.00,0.00,220.00,BP_TPCCharacter_C_3,BP_TPCCharacter_C_3,100.0,356
2,3,40.2285,2,0,CountessBossAIController_1,1,3,1,-838.16,143.79,98.15,0.00,0.00,220.00,BP_TPCCharacter_C_3,BP_TPCCharacter_C_3,100.0,356
2,3,40.2452,2,0,CountessBossAIController_1,1,3,1,-840.08,141.49,98.15,0.00,0.00,220.00,BP_TPCCharacter_C_3,BP_TPCCharacter_C_3,100.0,356
2,3,40.2619,2,0,CountessBossAIController_1,1,3,1,-842.00,139.18,98.15,0.00,0.00,220.00,BP_TPCCharacter_C_3,BP_TPCCharacter_C_3,100.0,356
2,3,40.2785,2,0,CountessBossAIController_1,1,3,1,-843.92,136.88,98.15,0.00,0.00,220.00,BP_TPCCharacter_C_3,BP_TPCCharacter_C_3,100.0,356
2,3,40.2952,2,0,CountessBossAIController_1,1,3,1,-845.83,134.57,98.15,0.00,0.00,220.00,BP_TPCCharacter_C_3,BP_TPCCharacter_C_3,100.0,356
2,3,40.3119,2,0,CountessBossAIController_1,1,3,1,-847.75,132.27,98.15,0.00,0.00,220.00,BP_TPCCharacter_C_3,BP_TPCCharacter_C_3,100.0,356
2,3,40.3285,2,0,CountessBossAIController_1,1,3,1,-849.67,129.96,98.15,0.00,0.00,220.00,BP_TPCCharacter_C_3,BP_TPCCharacter_C_3,100.0,357
2,3,40.3452,2,0,CountessBossAIController_1,1,3,1,-851.59,127.65,98.15,0.00,0.00,220.00,BP_TPCCharacter_C_3,BP_TPCCharacter_C_3,100.0,357
2,3,40.3619,2,0,CountessBossAIController_1,1,3,1,-851.59,127.65,98.15,0.00,0.00,220.00,BP_TPCCharacter_C_3,BP_TPCCharacter_C_3,100.0,357
2,3,40.3785,2,0,CountessBossAIController_1,1,3,1,-851.83,127.14,98.15,0.00,0.00,220.00,BP_TPCCharacter_C_3,BP_TPCCharacter_C_3,100.0,357
2,3,40.3952,2,0,CountessBossAIController_1,1,3,1,-852.31,126.11,98.15,0.00,0.00,220.00,BP_TPCCharacter_C_3,BP_TPCCharacter_C_3,100.0,357
2,3,40.4119,2,0,CountessBossAIController_1,1,3,1,-853.02,124.56,98.15,0.00,0.00,220.00,BP_TPCCharacter_C_3,BP_TPCCharacter_C_3,100.0,357
2,3,40.4285,2,0,CountessBossAIController_1,1,3,1,-853.98,122.49,98.15,0.00,0.00,220.00,BP_TPCCharacter_C_3,BP_TPCCharacter_C_3,100.0,357
2,3,40.4452,2,0,CountessBossAIController_1,1,3,1,-855.17,119.91,98.15,0.00,0.00,220.00,BP_TPCCharacter_C_3,BP_TPCCharacter_C_3,100.0,358
2,3,40.4619,2,0,CountessBossAIController_1,1,3,1,-856.43,117.18,98.15,0.00,0.00,220.00,BP_TPCCharacter_C_3,BP_TPCCharacter_C_3,100.0,358
2,3,40.4785,2,0,CountessBossAIController_1,1,3,1,-857.68,114.46,98.15,0.00,0.00,220.00,BP_TPCCharacter_C_3,BP_TPCCharacter_C_3,100.0,358
2,3,40.4952,2,0,CountessBossAIController_1,1,3,1,-858.94,111.73,98.15,0.00,0.00,220.00,BP_TPCCharacter_C_3,BP_TPCCharacter_C_3,100.0,358
2,3,40.5119,2,0,CountessBossAIController_1,1,3,1,-860.20,109.01,98.15,0.00,0.00,220.00,BP_TPCCharacter_C_3,BP_TPCCharacter_C_3,100.0,358
2,3,40.5285,2,0,CountessBossAIController_1,1,3,1,-861.45,106.29,98.15,0.00,0.00,220.00,BP_TPCCharacter_C_3,BP_TPCCharacter_C_3,100.0,358
2,3,40.5452,2,0,CountessBossAIController_1,1,3,1,-862.71,103.56,98.15,0.00,0.00,220.00,BP_TPCCharacter_C_3,BP_TPCCharacter_C_3,100.0,358
