fps,case,time,step,state,speed,x,y,z,sprint,dodge,input_paused,left_foot_x,left_foot_z,right_foot_x,right_foot_z
30,0,0.0000,0,Ground,0.00,0.00,-900.00,98.00,0,0,0,29.11,16.89,-36.75,17.24
30,0,0.0333,0,Ground,68.27,2.28,-900.00,90.15,0,0,0,31.38,9.02,-34.49,9.38
30,0,0.0667,0,Ground,136.53,6.83,-900.00,90.15,0,0,0,35.94,8.34,-29.53,9.10
30,0,0.1000,0,Ground,204.80,13.65,-900.00,90.15,0,0,0,44.37,6.57,-22.51,8.73
30,0,0.1333,1,Ground,318.62,3.03,-900.00,90.15,0,1,0,35.57,5.66,-34.42,10.03
30,0,0.1667,1,Ground,132.02,7.43,-900.00,90.15,0,1,0,10.49,12.16,-3.54,4.62
30,0,0.2000,1,Ground,1320.97,51.47,-900.00,90.15,0,1,0,57.76,19.44,20.81,5.63
30,0,0.2333,1,Ground,1748.00,109.73,-900.00,90.15,0,1,0,76.61,19.86,98.47,12.61
30,0,0.2667,1,Ground,1406.35,156.61,-900.00,90.15,0,1,0,92.82,28.50,150.96,27.90
30,0,0.3000,1,Ground,1260.68,198.63,-900.00,90.15,0,1,0,125.49,30.27,188.09,37.81
30,0,0.3333,1,Ground,1154.62,237.12,-900.00,90.15,0,1,0,157.60,35.03,224.87,39.80
30,0,0.3667,1,Ground,993.55,270.24,-900.00,90.15,0,1,0,190.94,34.83,257.22,35.36
30,0,0.4000,1,Ground,810.77,297.27,-900.00,90.15,0,1,0,223.02,34.67,300.69,30.02
30,0,0.4333,1,Ground,686.67,320.15,-900.00,90.15,0,1,0,257.40,35.54,339.69,23.03
30,0,0.4667,1,Ground,626.83,341.05,-900.00,90.15,0,1,0,294.69,38.31,379.67,16.39
30,0,0.5000,1,Ground,631.98,362.11,-900.00,90.15,0,1,0,332.42,42.12,422.32,12.63
30,0,0.5333,1,Ground,702.99,385.55,-900.00,90.15,0,1,0,366.58,44.62,444.81,10.34
30,0,0.5667,1,Ground,761.67,410.94,-900.00,90.15,0,1,0,392.76,43.36,444.82,10.19
30,0,0.6000,1,Ground,670.42,433.28,-900.00,90.15,0,1,0,410.09,39.32,446.94,10.47
30,0,0.6333,1,Ground,523.72,450.74,-900.00,90.15,0,1,0,424.00,32.23,449.56,12.55
30,0,0.6667,1,Ground,441.27,465.45,-900.00,90.15,0,1,0,443.28,22.48,452.92,15.10
30,0,0.7000,1,Ground,378.78,478.08,-900.00,90.15,0,1,0,472.89,12.99,458.84,17.47
30,0,0.7333,1,Ground,205.38,484.92,-900.00,90.15,0,1,0,505.71,8.03,460.10,17.53
30,0,0.7667,1,Ground,79.81,487.58,-900.00,90.15,0,1,0,520.57,9.06,457.69,17.14
30,0,0.8000,1,Ground,61.11,489.62,-900.00,90.15,0,1,0,520.61,9.14,458.70,16.55
30,0,0.8333,1,Ground,45.29,491.13,-900.00,90.15,0,1,0,520.67,9.21,461.61,15.64
30,0,0.8667,1,Ground,32.16,492.20,-900.00,90.15,0,1,0,520.73,9.24,463.95,14.43
30,0,0.9000,1,Ground,0.00,492.20,-900.00,90.15,0,1,0,519.63,9.11,462.87,12.34
30,0,0.9333,1,Ground,0.00,492.20,-900.00,90.15,0,1,0,520.04,8.65,459.43,10.17
30,0,0.9667,1,Ground,0.00,492.20,-900.00,90.15,0,1,0,521.07,8.25,456.55,9.16
30,0,1.0000,1,Ground,0.00,492.20,-900.00,90.15,0,1,0,521.69,8.14,455.81,8.96
30,0,1.0333,1,Ground,0.00,492.20,-900.00,90.15,0,1,0,521.45,8.55,455.64,9.18
30,0,1.0667,1,Ground,0.00,492.20,-900.00,90.15,0,1,0,521.27,8.95,455.45,9.40
30,0,1.1000,1,Ground,0.00,492.20,-900.00,90.15,0,0,0,521.26,8.93,455.45,9.41
30,0,1.1333,1,Ground,68.27,494.48,-900.00,90.15,0,0,0,523.54,8.93,457.73,9.42
30,0,1.1667,1,Ground,136.53,499.03,-900.00,90.15,0,0,0,525.67,9.27,464.14,9.10
30,0,1.2000,1,Ground,204.80,505.85,-900.00,90.15,0,0,0,527.82,9.91,474.57,8.12
30,0,1.2333,1,Ground,273.07,514.96,-900.00,90.15,0,0,0,533.17,12.13,487.06,7.27
30,0,1.2667,1,Ground,341.33,526.33,-900.00,90.15,0,0,0,546.28,17.49,496.73,10.26
30,0,1.3000,1,Ground,409.60,539.99,-900.00,90.15,0,0,0,561.76,20.64,501.64,15.07
30,0,1.3333,1,Ground,450.00,554.99,-900.00,90.15,0,0,0,581.92,22.36,507.33,20.49
30,0,1.3667,1,Ground,450.00,569.99,-900.00,90.15,0,0,0,603.42,23.08,514.21,27.22
30,0,1.4000,1,Ground,450.00,584.99,-900.00,90.15,0,0,0,623.87,21.24,523.48,36.25
30,0,1.4333,1,Ground,450.00,599.99,-900.00,90.15,0,0,0,640.65,16.66,537.04,48.70
30,0,1.4667,1,Ground,450.00,614.99,-900.00,90.15,0,0,0,653.59,11.44,557.37,59.46
30,0,1.5000,1,Ground,450.00,629.99,-900.00,90.15,0,0,0,656.45,10.03,584.32,66.71
30,1,0.0000,0,Ground,0.00,0.00,-900.00,98.00,0,0,0,29.12,16.83,-36.69,17.29
30,1,0.0333,0,Ground,68.27,2.28,-900.00,90.15,0,0,0,31.40,8.98,-34.41,9.44
30,1,0.0667,0,Ground,136.53,6.83,-900.00,90.15,0,0,0,33.47,9.27,-28.06,9.10
30,1,0.1000,0,Ground,204.80,13.65,-900.00,90.15,0,0,0,35.62,9.91,-17.63,8.12
30,1,0.1333,0,Ground,273.07,22.76,-900.00,90.15,0,0,0,40.97,12.13,-5.14,7.27
30,1,0.1667,0,Ground,341.33,34.13,-900.00,90.15,0,0,0,54.08,17.49,4.53,10.26
30,1,0.2000,0,Ground,409.60,47.79,-900.00,90.15,0,0,0,69.56,20.64,9.44,15.07
30,1,0.2333,0,Ground,450.00,62.79,-900.00,90.15,1,0,0,89.72,22.36,15.13,20.49
30,1,0.2667,0,Ground,518.27,80.06,-900.00,90.15,1,0,0,113.49,23.08,24.29,27.22
30,1,0.3000,0,Ground,586.53,99.61,-900.00,90.15,1,0,0,138.44,21.69,37.41,37.17
30,1,0.3333,0,Ground,650.00,121.28,-900.00,90.15,1,0,0,161.69,17.12,56.80,51.55
30,1,0.3667,0,Ground,650.00,142.95,-900.00,90.15,1,0,0,183.71,12.47,77.76,57.24
30,1,0.4000,0,Ground,650.00,164.61,-900.00,90.15,1,0,0,196.24,9.99,96.80,62.63
30,1,0.4333,0,Ground,650.00,186.28,-900.00,90.15,1,0,0,210.23,8.69,112.70,64.79
30,1,0.4667,0,Ground,650.00,207.95,-900.00,90.15,1,0,0,219.80,8.56,133.34,72.64
30,1,0.5000,0,Ground,650.00,229.61,-900.00,90.15,1,0,0,220.82,9.02,167.71,75.42
30,1,0.5333,0,Ground,650.00,251.28,-900.00,90.15,1,0,0,220.79,11.38,210.36,59.30
30,1,0.5667,0,Ground,650.00,272.95,-900.00,90.15,1,0,0,225.68,17.46,257.44,52.78
30,1,0.6000,1,Ground,450.00,287.95,-900.00,90.15,0,0,0,229.81,27.71,291.49,39.49
30,1,0.6333,1,Ground,450.00,302.95,-900.00,90.15,0,0,0,238.24,40.85,334.78,21.14
30,1,0.6667,1,Ground,450.00,317.95,-900.00,90.15,0,0,0,250.92,52.80,363.41,18.14
30,1,0.7000,1,Ground,450.00,332.95,-900.00,90.15,0,0,0,269.89,60.81,374.30,13.08
30,1,0.7333,1,Ground,450.00,347.95,-900.00,90.15,0,0,0,297.95,67.02,371.18,9.04
30,1,0.7667,1,Ground,450.00,362.95,-900.00,90.15,0,0,0,329.57,70.39,368.04,8.42
30,1,0.8000,1,Ground,450.00,377.95,-900.00,90.15,0,0,0,353.17,69.37,367.95,8.77
30,2,0.0000,0,Ground,0.00,0.00,-900.00,98.00,0,0,0,29.08,16.81,-36.75,17.25
30,2,0.0333,0,Ground,0.00,0.00,-900.00,90.15,0,0,0,29.07,8.95,-36.75,9.41
30,2,0.0667,0,Ground,0.00,0.00,-900.00,90.15,0,0,0,29.06,8.93,-36.75,9.41
30,2,0.1000,0,Ground,0.00,0.00,-900.00,90.15,0,0,0,29.06,8.93,-36.74,9.42
30,2,0.1333,0,Ground,0.00,0.00,-900.00,90.15,0,0,0,29.06,8.93,-36.74,9.42
30,2,0.1667,0,Ground,0.00,0.00,-900.00,90.15,0,0,0,29.07,8.93,-36.74,9.42
30,2,0.2000,0,Ground,0.00,0.00,-900.00,90.15,0,0,0,29.08,8.94,-36.73,9.43
30,3,0.0000,0,Ground,0.00,0.00,-900.00,98.00,0,0,0,29.12,16.82,-36.69,17.29
30,3,0.0333,0,Ground,0.00,0.00,-900.00,90.15,0,0,0,29.12,8.98,-36.69,9.44
30,3,0.0667,0,Ground,0.00,0.00,-900.00,90.15,0,0,0,29.12,8.98,-36.68,9.43
30,3,0.1000,0,Ground,0.00,0.00,-900.00,90.15,0,0,0,29.12,8.99,-36.68,9.43
30,3,0.1333,0,Ground,0.00,0.00,-900.00,90.15,0,0,0,29.13,8.99,-36.67,9.43
30,3,0.1667,0,Ground,0.00,0.00,-900.00,90.15,0,0,0,29.13,8.99,-36.67,9.43
30,3,0.2000,0,Ground,0.00,0.00,-900.00,90.15,0,0,0,29.13,9.00,-36.66,9.43
30,3,0.2333,0,Ground,0.00,0.00,-900.00,90.15,0,0,0,29.13,9.00,-36.66,9.43
30,3,0.2667,0,Ground,0.00,0.00,-900.00,90.15,0,0,0,29.13,9.01,-36.65,9.43
30,3,0.3000,0,Ground,0.00,0.00,-900.00,90.15,0,0,0,29.13,9.01,-36.65,9.43
30,3,0.3333,0,Ground,0.00,0.00,-900.00,90.15,0,0,0,29.14,9.02,-36.65,9.43
30,3,0.3667,0,Ground,0.00,0.00,-900.00,90.15,0,0,0,29.15,9.04,-36.63,9.43
30,3,0.4000,1,Ground,68.27,2.28,-900.00,90.15,1,0,0,31.44,9.06,-34.34,9.44
30,3,0.4333,1,Ground,136.53,6.83,-900.00,90.15,1,0,0,33.47,9.27,-28.06,9.10
30,3,0.4667,1,Ground,204.80,13.65,-900.00,90.15,1,0,0,35.62,9.91,-17.63,8.12
30,3,0.5000,1,Ground,273.07,22.76,-900.00,90.15,1,0,0,40.97,12.13,-5.14,7.27
30,3,0.5333,1,Ground,341.33,34.13,-900.00,90.15,1,0,0,54.08,17.49,4.53,10.26
30,3,0.5667,1,Ground,409.60,47.79,-900.00,90.15,1,0,0,69.56,20.64,9.44,15.07
30,3,0.6000,1,Ground,477.87,63.72,-900.00,90.15,1,0,0,90.65,22.36,16.06,20.49
30,4,0.0000,0,Ground,0.00,0.00,-900.00,98.00,0,0,0,29.09,16.79,-36.72,17.28
30,4,0.0333,0,Ground,0.00,0.00,-900.00,90.15,0,0,0,29.09,8.95,-36.72,9.43
30,4,0.0667,0,Ground,0.00,0.00,-900.00,90.15,0,0,0,29.10,8.95,-36.72,9.43
30,4,0.1000,1,Ground,0.00,0.00,-900.00,90.15,0,0,0,29.10,8.95,-36.71,9.43
30,4,0.1333,1,Ground,0.00,0.00,-900.00,90.15,0,0,0,29.11,8.96,-36.70,9.43
30,4,0.1667,1,Ground,0.00,0.00,-900.00,90.15,0,0,0,29.11,8.96,-36.70,9.44
30,4,0.2000,2,Ground,0.00,0.00,-900.00,90.15,0,0,0,29.11,8.97,-36.69,9.44
30,4,0.2333,2,Ground,0.00,0.00,-900.00,90.15,0,0,0,29.12,8.98,-36.69,9.44
30,4,0.2667,2,Ground,0.00,0.00,-900.00,90.15,0,0,0,29.12,8.98,-36.68,9.44
30,4,0.3000,2,Ground,0.00,0.00,-900.00,90.15,0,0,0,29.12,8.98,-36.68,9.43
30,4,0.3333,3,Ground,0.00,0.00,-900.00,90.15,0,0,0,29.13,8.99,-36.68,9.43
30,4,0.3667,3,Ground,0.00,0.00,-900.00,90.15,0,0,0,29.13,8.99,-36.67,9.43
30,4,0.4000,3,Ground,0.00,0.00,-900.00,90.15,0,0,0,29.13,9.00,-36.66,9.43
30,4,0.4333,3,Ground,0.00,0.00,-900.00,90.15,0,0,0,29.13,9.00,-36.66,9.43
30,4,0.4667,3,Ground,0.00,0.00,-900.00,90.15,0,0,0,29.13,9.00,-36.66,9.43
30,4,0.5000,3,Ground,0.00,0.00,-900.00,90.15,0,0,0,29.13,9.01,-36.65,9.43
30,5,0.0000,0,Ground,0.00,0.00,-900.00,98.00,0,0,0,29.22,17.00,-36.54,17.34
30,5,0.0333,0,JumpStart,47.79,0.80,-900.00,119.12,0,0,0,18.94,34.22,-40.50,36.96
30,5,0.0667,0,JumpStart,71.68,2.79,-900.00,139.16,0,0,0,4.42,61.61,-26.93,69.34
30,5,0.1000,0,JumpStart,95.57,5.58,-900.00,158.10,0,0,0,7.35,83.83,-10.01,99.64
30,5,0.1333,1,JumpStart,119.47,9.16,-900.00,175.96,0,0,0,19.29,106.48,8.65,125.66
30,5,0.1667,1,JumpStart,143.36,13.54,-900.00,192.72,0,0,0,25.61,131.32,24.99,152.51
30,5,0.2000,1,JumpStart,167.25,18.72,-900.00,208.40,0,0,0,28.30,152.19,36.36,176.57
30,5,0.2333,1,JumpStart,191.15,24.69,-900.00,222.99,0,0,0,34.88,175.18,48.29,201.07
30,5,0.2667,1,JumpStart,215.04,31.46,-900.00,236.49,0,0,0,45.70,202.45,61.05,226.67
30,5,0.3000,1,JumpStart,238.93,39.03,-900.00,248.90,0,0,0,55.62,230.69,71.52,250.00
30,5,0.3333,1,JumpStart,262.83,47.39,-900.00,260.22,0,0,0,64.13,256.15,80.28,269.59
30,5,0.3667,1,JumpStart,286.72,56.55,-900.00,270.46,0,0,0,72.71,275.10,88.54,284.76
30,5,0.4000,1,JumpStart,310.61,66.50,-900.00,279.60,0,0,0,83.19,285.31,97.37,295.59
30,5,0.4333,1,JumpStart,334.51,77.26,-900.00,287.66,0,0,0,95.75,289.37,107.11,303.53
30,5,0.4667,1,JumpStart,358.40,88.80,-900.00,294.62,0,0,0,109.64,288.75,117.65,309.06
30,5,0.5000,1,JumpStart,382.29,101.15,-900.00,300.50,0,0,0,124.00,284.60,128.71,312.39
30,5,0.5333,1,JumpStart,406.19,114.29,-900.00,305.29,0,0,0,138.15,278.25,140.00,313.69
30,5,0.5667,1,JumpLoop,430.08,128.23,-900.00,308.99,0,0,0,150.86,267.62,150.07,310.96
30,5,0.6000,1,JumpLoop,450.00,142.90,-900.00,311.60,0,0,0,161.90,257.24,158.93,306.09
30,5,0.6333,1,JumpLoop,450.00,157.90,-900.00,313.12,0,0,0,172.92,250.82,168.38,301.62
30,5,0.6667,1,JumpLoop,450.00,172.90,-900.00,313.56,0,0,0,185.44,246.73,179.79,297.74
30,5,0.7000,1,JumpLoop,450.00,187.90,-900.00,312.90,0,0,0,199.96,244.25,193.77,295.11
30,5,0.7333,1,JumpLoop,450.00,202.90,-900.00,311.16,0,0,0,215.35,242.33,208.90,293.15
30,5,0.7667,1,JumpLoop,450.00,217.90,-900.00,308.32,0,0,0,230.65,239.41,223.84,290.21
30,5,0.8000,1,JumpLoop,450.00,232.90,-900.00,304.40,0,0,0,245.99,235.40,238.51,286.14
30,5,0.8333,1,JumpLoop,450.00,247.90,-900.00,299.39,0,0,0,261.36,230.32,252.98,280.95
30,5,0.8667,1,JumpLoop,450.00,262.90,-900.00,293.29,0,0,0,276.71,224.16,267.35,274.66
30,5,0.9000,1,JumpLoop,450.00,277.90,-900.00,286.10,0,0,0,292.01,216.92,281.71,267.30
30,5,0.9333,1,JumpLoop,450.00,292.90,-900.00,277.82,0,0,0,307.20,208.60,296.16,258.87
30,5,0.9667,1,JumpLoop,450.00,307.90,-900.00,268.46,0,0,0,322.27,199.21,310.76,249.40
30,5,1.0000,1,JumpLoop,450.00,322.90,-900.00,258.00,0,0,0,337.17,188.73,325.38,238.85
30,5,1.0333,1,JumpLoop,450.00,337.90,-900.00,246.46,0,0,0,351.96,177.16,340.02,227.23
30,5,1.0667,1,JumpLoop,450.00,352.90,-900.00,233.82,0,0,0,366.69,164.53,354.70,214.53
30,5,1.1000,1,JumpLoop,450.00,367.90,-900.00,220.10,0,0,0,381.38,150.83,369.44,200.77
30,5,1.1333,1,JumpLoop,450.00,382.90,-900.00,205.29,0,0,0,396.08,136.08,384.28,185.97
30,5,1.1667,1,JumpLoop,450.00,397.90,-900.00,189.39,0,0,0,410.71,120.25,399.25,170.12
30,5,1.2000,1,JumpLoop,450.00,412.90,-900.00,172.40,0,0,0,425.26,103.36,414.40,153.31
30,5,1.2333,1,JumpLoop,450.00,427.90,-900.00,154.32,0,0,0,439.74,85.39,429.72,135.50
30,5,1.2667,1,JumpLoop,450.00,442.90,-900.00,135.16,0,0,0,454.21,66.33,445.16,116.65
30,5,1.3000,1,JumpLoop,450.00,457.90,-900.00,114.90,0,0,0,468.75,46.16,460.64,96.71
30,5,1.3333,1,JumpLoop,450.00,472.90,-900.00,93.56,0,0,0,483.40,24.89,476.12,75.64
30,5,1.3667,1,JumpEnd,0.00,476.04,-900.00,90.15,0,0,1,485.93,20.79,478.90,70.90
30,5,1.4000,1,JumpEnd,0.00,476.04,-900.00,90.15,0,0,1,485.28,16.04,473.54,60.10
30,5,1.4333,1,Ground,0.00,476.04,-900.00,90.15,0,0,1,488.69,10.16,458.60,31.41
30,5,1.4667,1,Ground,0.00,476.04,-900.00,90.15,0,0,1,496.75,8.40,444.22,10.21
30,5,1.5000,1,Ground,68.27,478.31,-900.00,90.15,0,0,0,506.06,8.83,441.61,8.17
30,5,1.5333,1,Ground,136.53,482.87,-900.00,90.15,0,0,0,509.28,9.12,448.22,8.86
30,5,1.5667,1,Ground,204.80,489.69,-900.00,90.15,0,0,0,513.81,9.28,457.27,8.12
30,5,1.6000,1,Ground,273.07,498.79,-900.00,90.15,0,0,0,522.97,10.23,467.08,8.14
30,5,1.6333,1,Ground,341.33,510.17,-900.00,90.15,0,0,0,539.42,13.68,474.12,12.34
30,5,1.6667,1,Ground,409.60,523.83,-900.00,90.15,0,0,0,558.48,15.52,478.85,18.37
30,6,0.0000,0,Ground,0.00,0.00,-900.00,98.00,0,0,0,29.10,16.80,-36.72,17.28
30,6,0.0333,0,JumpStart,0.00,0.00,-900.00,119.12,0,0,0,17.76,34.31,-41.05,37.60
30,6,0.0667,0,JumpStart,0.00,0.00,-900.00,139.16,0,0,0,1.72,61.55,-29.64,69.57
30,6,0.1000,0,JumpStart,0.00,0.00,-900.00,158.10,0,0,0,1.77,83.83,-15.59,99.64
30,6,0.1333,1,JumpStart,0.00,0.00,-900.00,175.96,0,0,0,10.13,106.48,-0.51,125.66
30,6,0.1667,1,JumpStart,0.00,0.00,-900.00,192.72,0,0,0,12.07,131.32,11.45,152.51
30,6,0.2000,1,JumpStart,0.00,0.00,-900.00,208.40,0,0,0,9.59,152.19,17.64,176.57
30,6,0.2333,1,JumpStart,0.00,0.00,-900.00,222.99,0,0,0,10.19,175.18,23.60,201.07
30,6,0.2667,1,JumpStart,0.00,0.00,-900.00,236.49,0,0,0,14.24,202.45,29.59,226.67
30,6,0.3000,1,JumpStart,0.00,0.00,-900.00,248.90,0,0,0,16.59,230.69,32.49,250.00
30,6,0.3333,1,JumpStart,0.00,0.00,-900.00,260.22,0,0,0,16.74,256.15,32.89,269.59
30,6,0.3667,1,JumpStart,0.00,0.00,-900.00,270.46,0,0,0,16.16,275.10,31.99,284.76
30,6,0.4000,1,JumpStart,0.00,0.00,-900.00,279.60,0,0,0,16.69,285.31,30.86,295.59
30,6,0.4333,1,JumpStart,0.00,0.00,-900.00,287.66,0,0,0,18.50,289.37,29.86,303.53
30,6,0.4667,1,JumpStart,0.00,0.00,-900.00,294.62,0,0,0,20.83,288.75,28.84,309.06
30,6,0.5000,1,JumpStart,0.00,0.00,-900.00,300.50,0,0,0,22.85,284.60,27.56,312.39
30,6,0.5333,1,JumpStart,0.00,0.00,-900.00,305.29,0,0,0,23.86,278.25,25.71,313.69
30,6,0.5667,1,JumpLoop,0.00,0.00,-900.00,308.99,0,0,0,22.63,267.62,21.84,310.96
30,6,0.6000,1,JumpLoop,0.00,0.00,-900.00,311.60,0,0,0,19.00,257.24,16.03,306.09
30,6,0.6333,1,JumpLoop,0.00,0.00,-900.00,313.12,0,0,0,15.03,250.82,10.48,301.62
30,6,0.6667,1,JumpLoop,0.00,0.00,-900.00,313.56,0,0,0,12.54,246.73,6.90,297.74
30,6,0.7000,1,JumpLoop,0.00,0.00,-900.00,312.90,0,0,0,12.06,244.25,5.87,295.11
30,6,0.7333,1,JumpLoop,0.00,0.00,-900.00,311.16,0,0,0,12.45,242.33,6.01,293.15
30,6,0.7667,1,JumpLoop,0.00,0.00,-900.00,308.32,0,0,0,12.76,239.41,5.95,290.21
30,6,0.8000,1,JumpLoop,0.00,0.00,-900.00,304.40,0,0,0,13.09,235.40,5.61,286.14
30,6,0.8333,1,JumpLoop,0.00,0.00,-900.00,299.39,0,0,0,13.46,230.32,5.09,280.95
30,6,0.8667,1,JumpLoop,0.00,0.00,-900.00,293.29,0,0,0,13.82,224.16,4.46,274.66
30,6,0.9000,1,JumpLoop,0.00,0.00,-900.00,286.10,0,0,0,14.11,216.92,3.82,267.30
30,6,0.9333,1,JumpLoop,0.00,0.00,-900.00,277.82,0,0,0,14.31,208.60,3.26,258.87
30,6,0.9667,1,JumpLoop,0.00,0.00,-900.00,268.46,0,0,0,14.37,199.21,2.86,249.40
30,6,1.0000,1,JumpLoop,0.00,0.00,-900.00,258.00,0,0,0,14.28,188.73,2.49,238.85
30,6,1.0333,1,JumpLoop,0.00,0.00,-900.00,246.46,0,0,0,14.07,177.16,2.13,227.23
30,6,1.0667,1,JumpLoop,0.00,0.00,-900.00,233.82,0,0,0,13.79,164.53,1.80,214.53
30,6,1.1000,1,JumpLoop,0.00,0.00,-900.00,220.10,0,0,0,13.49,150.83,1.54,200.77
30,6,1.1333,1,JumpLoop,0.00,0.00,-900.00,205.29,0,0,0,13.19,136.08,1.39,185.97
30,6,1.1667,1,JumpLoop,0.00,0.00,-900.00,189.39,0,0,0,12.82,120.25,1.35,170.12
30,6,1.2000,1,JumpLoop,0.00,0.00,-900.00,172.40,0,0,0,12.37,103.36,1.50,153.31
30,6,1.2333,1,JumpLoop,0.00,0.00,-900.00,154.32,0,0,0,11.84,85.39,1.83,135.50
30,6,1.2667,1,JumpLoop,0.00,0.00,-900.00,135.16,0,0,0,11.32,66.33,2.26,116.65
30,6,1.3000,1,JumpLoop,0.00,0.00,-900.00,114.90,0,0,0,10.85,46.16,2.75,96.71
30,6,1.3333,1,JumpLoop,0.00,0.00,-900.00,93.56,0,0,0,10.50,24.89,3.23,75.64
30,6,1.3667,1,JumpEnd,0.00,0.00,-900.00,90.15,0,0,1,9.89,20.79,2.86,70.90
30,6,1.4000,1,JumpEnd,0.00,0.00,-900.00,90.15,0,0,1,9.24,16.04,-2.50,60.10
30,6,1.4333,1,JumpEnd,0.00,0.00,-900.00,90.15,0,0,1,9.14,11.27,-15.25,40.42
30,6,1.4667,1,JumpEnd,0.00,0.00,-900.00,90.15,0,0,1,7.56,10.90,-28.01,25.29
30,6,1.5000,1,JumpEnd,0.00,0.00,-900.00,90.15,0,0,0,4.12,10.99,-37.49,14.02
30,6,1.5333,1,JumpEnd,0.00,0.00,-900.00,90.15,0,0,0,2.39,11.35,-39.88,9.80
30,6,1.5667,1,JumpEnd,0.00,0.00,-900.00,90.15,0,0,0,2.43,12.17,-38.06,10.11
30,6,1.6000,1,JumpEnd,0.00,0.00,-900.00,90.15,0,0,0,2.53,13.12,-36.96,10.14
30,6,1.6333,1,JumpEnd,0.00,0.00,-900.00,90.15,0,0,0,2.62,14.04,-36.52,9.92
30,6,1.6667,1,JumpEnd,0.00,0.00,-900.00,90.15,0,0,0,2.91,14.97,-36.28,9.83
30,6,1.7000,2,JumpEnd,0.00,0.00,-900.00,90.15,0,0,0,3.39,15.80,-36.19,9.81
30,6,1.7333,2,JumpEnd,0.00,0.00,-900.00,90.15,0,0,0,4.09,16.47,-36.23,9.80
30,6,1.7667,2,JumpEnd,0.00,0.00,-900.00,90.15,0,0,0,5.07,16.95,-36.30,9.82
30,6,1.8000,2,JumpEnd,0.00,0.00,-900.00,90.15,0,0,0,6.27,17.16,-36.31,9.90
30,6,1.8333,2,JumpEnd,0.00,0.00,-900.00,90.15,0,0,0,7.73,16.97,-36.24,9.95
30,6,1.8667,2,JumpEnd,0.00,0.00,-900.00,90.15,0,0,0,9.82,16.14,-36.23,9.91
30,6,1.9000,2,JumpEnd,0.00,0.00,-900.00,90.15,0,0,0,12.46,14.66,-36.28,9.82
30,6,1.9333,2,JumpEnd,0.00,0.00,-900.00,90.15,0,0,0,15.62,12.62,-36.36,9.70
30,6,1.9667,2,JumpEnd,0.00,0.00,-900.00,90.15,0,0,0,19.50,10.53,-36.47,9.59
30,6,2.0000,2,JumpEnd,0.00,0.00,-900.00,90.15,0,0,0,24.45,9.64,-36.58,9.50
30,6,2.0333,2,JumpEnd,0.00,0.00,-900.00,90.15,0,0,0,29.17,9.07,-36.66,9.45
30,6,2.0667,2,JumpEnd,0.00,0.00,-900.00,90.15,0,0,0,29.06,8.98,-36.68,9.45
30,6,2.1000,2,JumpEnd,0.00,0.00,-900.00,90.15,0,0,0,29.05,8.98,-36.69,9.45
30,6,2.1333,2,Ground,0.00,0.00,-900.00,90.15,0,0,0,29.11,9.06,-36.68,9.45
30,6,2.1667,2,Ground,0.00,0.00,-900.00,90.15,0,0,0,29.15,9.13,-36.68,9.45
30,6,2.2000,2,Ground,0.00,0.00,-900.00,90.15,0,0,0,29.15,9.14,-36.70,9.44
30,6,2.2333,2,Ground,0.00,0.00,-900.00,90.15,0,0,0,29.15,9.12,-36.71,9.43
30,6,2.2667,2,Ground,0.00,0.00,-900.00,90.15,0,0,0,29.14,9.11,-36.72,9.43
30,6,2.3000,2,Ground,0.00,0.00,-900.00,90.15,0,0,0,29.13,9.09,-36.72,9.42
30,6,2.3333,2,Ground,0.00,0.00,-900.00,90.15,0,0,0,29.13,9.08,-36.73,9.42
30,6,2.3667,2,Ground,0.00,0.00,-900.00,90.15,0,0,0,29.12,9.07,-36.74,9.41
30,7,0.0000,0,Ground,0.00,0.00,-900.00,98.00,0,0,0,29.06,16.78,-36.75,17.26
30,7,0.0333,0,JumpStart,0.00,0.00,-900.00,119.12,0,0,0,17.75,34.18,-41.13,37.44
30,7,0.0667,0,JumpStart,0.00,0.00,-900.00,139.16,0,0,0,1.69,61.53,-29.66,69.54
30,7,0.1000,0,JumpStart,0.00,0.00,-900.00,158.10,0,0,0,1.77,83.83,-15.59,99.64
30,7,0.1333,1,JumpStart,0.00,0.00,-900.00,175.96,0,0,0,10.13,106.48,-0.51,125.66
30,7,0.1667,1,JumpStart,0.00,0.00,-900.00,192.72,0,0,0,12.07,131.32,11.45,152.51
30,7,0.2000,1,JumpStart,0.00,0.00,-900.00,208.40,0,0,0,9.59,152.19,17.64,176.57
30,7,0.2333,1,JumpStart,0.00,0.00,-900.00,222.99,0,0,0,10.19,175.18,23.60,201.07
30,7,0.2667,1,JumpStart,0.00,0.00,-900.00,236.49,0,0,0,14.24,202.45,29.59,226.67
30,7,0.3000,1,JumpStart,0.00,0.00,-900.00,248.90,0,0,0,16.59,230.69,32.49,250.00
30,7,0.3333,1,JumpStart,0.00,0.00,-900.00,260.22,0,0,0,16.74,256.15,32.89,269.59
30,7,0.3667,1,JumpStart,0.00,0.00,-900.00,270.46,0,0,0,16.16,275.10,31.99,284.76
30,7,0.4000,1,JumpStart,0.00,0.00,-900.00,279.60,0,0,0,16.69,285.31,30.86,295.59
30,7,0.4333,1,JumpStart,0.00,0.00,-900.00,287.66,0,0,0,18.50,289.37,29.86,303.53
30,7,0.4667,1,JumpStart,0.00,0.00,-900.00,294.62,0,0,0,20.83,288.75,28.84,309.06
30,7,0.5000,1,JumpStart,0.00,0.00,-900.00,300.50,0,0,0,22.85,284.60,27.56,312.39
30,7,0.5333,1,JumpStart,0.00,0.00,-900.00,305.29,0,0,0,23.86,278.25,25.71,313.69
30,7,0.5667,1,JumpLoop,0.00,0.00,-900.00,308.99,0,0,0,22.63,267.62,21.84,310.96
30,7,0.6000,1,JumpLoop,0.00,0.00,-900.00,311.60,0,0,0,19.00,257.24,16.03,306.09
30,7,0.6333,1,JumpLoop,0.00,0.00,-900.00,313.12,0,0,0,15.03,250.82,10.48,301.62
30,7,0.6667,1,JumpLoop,0.00,0.00,-900.00,313.56,0,0,0,12.54,246.73,6.90,297.74
30,7,0.7000,1,JumpLoop,0.00,0.00,-900.00,312.90,0,0,0,12.06,244.25,5.87,295.11
30,7,0.7333,1,JumpLoop,0.00,0.00,-900.00,311.16,0,0,0,12.45,242.33,6.01,293.15
30,7,0.7667,1,JumpLoop,0.00,0.00,-900.00,308.32,0,0,0,12.76,239.41,5.95,290.21
30,7,0.8000,1,JumpLoop,0.00,0.00,-900.00,304.40,0,0,0,13.09,235.40,5.61,286.14
30,7,0.8333,1,JumpLoop,0.00,0.00,-900.00,299.39,0,0,0,13.46,230.32,5.09,280.95
30,7,0.8667,1,JumpLoop,0.00,0.00,-900.00,293.29,0,0,0,13.82,224.16,4.46,274.66
30,7,0.9000,1,JumpLoop,0.00,0.00,-900.00,286.10,0,0,0,14.11,216.92,3.82,267.30
30,7,0.9333,1,JumpLoop,0.00,0.00,-900.00,277.82,0,0,0,14.31,208.60,3.26,258.87
30,7,0.9667,1,JumpLoop,0.00,0.00,-900.00,268.46,0,0,0,14.37,199.21,2.86,249.40
30,7,1.0000,1,JumpLoop,0.00,0.00,-900.00,258.00,0,0,0,14.28,188.73,2.49,238.85
30,7,1.0333,1,JumpLoop,0.00,0.00,-900.00,246.46,0,0,0,14.07,177.16,2.13,227.23
30,7,1.0667,1,JumpLoop,0.00,0.00,-900.00,233.82,0,0,0,13.79,164.53,1.80,214.53
30,7,1.1000,1,JumpLoop,0.00,0.00,-900.00,220.10,0,0,0,13.49,150.83,1.54,200.77
30,7,1.1333,1,JumpLoop,0.00,0.00,-900.00,205.29,0,0,0,13.19,136.08,1.39,185.97
30,7,1.1667,1,JumpLoop,0.00,0.00,-900.00,189.39,0,0,0,12.82,120.25,1.35,170.12
30,7,1.2000,1,JumpLoop,0.00,0.00,-900.00,172.40,0,0,0,12.37,103.36,1.50,153.31
30,7,1.2333,1,JumpLoop,0.00,0.00,-900.00,154.32,0,0,0,11.84,85.39,1.83,135.50
30,7,1.2667,1,JumpLoop,0.00,0.00,-900.00,135.16,0,0,0,11.32,66.33,2.26,116.65
30,7,1.3000,1,JumpLoop,0.00,0.00,-900.00,114.90,0,0,0,10.85,46.16,2.75,96.71
30,7,1.3333,1,JumpLoop,0.00,0.00,-900.00,93.56,0,0,0,10.50,24.89,3.23,75.64
30,7,1.3667,1,JumpEnd,0.00,0.00,-900.00,90.15,0,0,1,9.89,20.79,2.86,70.90
30,7,1.4000,1,JumpEnd,0.00,0.00,-900.00,90.15,0,0,1,9.24,16.04,-2.50,60.10
30,7,1.4333,2,JumpStart,0.00,0.00,-900.00,111.27,0,0,0,6.58,30.89,-22.93,46.83
30,7,1.4667,2,JumpStart,0.00,0.00,-900.00,131.31,0,0,0,0.59,54.62,-28.38,62.33
30,7,1.5000,2,JumpStart,0.00,0.00,-900.00,150.25,0,0,0,1.77,75.98,-15.59,91.79
30,7,1.5333,2,JumpStart,0.00,0.00,-900.00,168.11,0,0,0,10.13,98.63,-0.51,117.81
30,8,0.0000,0,JumpStart,0.00,0.00,-900.00,98.00,0,0,0,18.50,99.71,29.86,113.87
30,8,0.0333,0,JumpStart,47.79,0.80,-900.00,97.46,0,0,0,21.63,91.58,29.64,111.89
30,8,0.0667,0,JumpStart,71.68,2.79,-900.00,95.82,0,0,0,25.64,79.93,30.35,107.71
30,8,0.1000,0,JumpStart,95.57,5.58,-900.00,93.10,0,0,0,29.44,66.06,31.29,101.50
30,8,0.1333,0,JumpLoop,119.47,9.16,-900.00,89.29,0,0,0,31.79,47.92,31.00,91.26
30,8,0.1667,0,JumpEnd,0.00,9.87,-900.00,90.15,0,0,1,27.69,34.32,24.44,82.08
30,8,0.2000,0,JumpEnd,0.00,9.87,-900.00,90.15,0,0,1,22.02,21.59,12.62,64.45
30,8,0.2333,0,Ground,0.00,9.87,-900.00,90.15,0,0,1,23.11,11.00,-6.21,32.01
30,8,0.2667,0,Ground,0.00,9.87,-900.00,90.15,0,0,1,30.71,8.39,-21.82,10.17
30,8,0.3000,0,Ground,68.27,12.14,-900.00,90.15,0,0,0,39.89,8.83,-24.56,8.17
30,8,0.3333,1,Crouch,100.00,15.48,-900.00,42.15,0,0,0,36.29,8.00,-11.75,5.66
30,8,0.3667,1,Crouch,100.00,18.81,-900.00,42.15,0,0,0,33.69,11.59,2.48,4.50
30,8,0.4000,1,Crouch,100.00,22.14,-900.00,42.15,0,0,0,38.49,16.25,9.61,8.35
30,8,0.4333,1,Crouch,100.00,25.48,-900.00,42.15,0,0,0,47.21,15.57,11.05,9.64
30,8,0.4667,1,Crouch,100.00,28.81,-900.00,42.15,0,0,0,56.68,13.75,11.50,10.24
30,8,0.5000,1,Crouch,100.00,32.14,-900.00,42.15,0,0,0,66.03,12.10,12.05,10.92
30,8,0.5333,2,Ground,168.27,37.75,-900.00,90.15,0,0,0,76.47,9.03,13.19,8.68
30,8,0.5667,2,Ground,236.53,45.64,-900.00,90.15,0,0,0,65.79,14.85,21.32,5.30
30,8,0.6000,2,Ground,304.80,55.80,-900.00,90.15,0,0,0,63.74,22.86,28.86,9.14
30,8,0.6333,2,Ground,373.07,68.23,-900.00,90.15,0,0,0,77.55,25.13,34.45,13.24
30,8,0.6667,2,Ground,441.33,82.94,-900.00,90.15,0,0,0,96.95,25.41,42.07,16.62
30,8,0.7000,2,Ground,450.00,97.94,-900.00,90.15,0,0,0,117.97,26.58,50.07,20.95
30,8,0.7333,2,Ground,450.00,112.94,-900.00,90.15,0,0,0,140.53,27.58,56.95,27.21
30,8,0.7667,2,Ground,450.00,127.94,-900.00,90.15,0,0,0,163.37,25.65,65.87,34.27
30,9,0.0000,0,Ground,0.00,0.00,-900.00,98.00,0,0,0,29.10,16.80,-36.72,17.28
30,9,0.0333,0,CrouchIn,0.00,0.00,-900.00,42.15,0,0,1,28.76,9.00,-36.73,9.43
30,9,0.0667,0,CrouchIn,0.00,0.00,-900.00,42.15,0,0,1,27.53,9.56,-36.85,9.52
30,9,0.1000,0,CrouchIn,0.00,0.00,-900.00,42.15,0,0,1,26.83,10.03,-36.90,9.63
30,9,0.1333,0,CrouchIn,0.00,0.00,-900.00,42.15,0,0,0,26.41,9.98,-36.60,9.78
30,9,0.1667,0,CrouchIn,0.00,0.00,-900.00,42.15,0,0,0,26.20,10.04,-35.86,10.09
30,9,0.2000,0,CrouchIn,0.00,0.00,-900.00,42.15,0,0,0,26.08,10.11,-34.70,10.70
30,9,0.2333,1,Crouch,0.00,0.00,-900.00,42.15,0,0,1,25.89,9.78,-31.14,11.30
30,9,0.2667,1,Crouch,0.00,0.00,-900.00,42.15,0,0,1,26.09,9.82,-27.10,12.71
30,9,0.3000,1,Crouch,68.27,2.28,-900.00,42.15,0,0,0,27.44,11.16,-21.80,13.11
30,9,0.3333,1,Crouch,100.00,5.61,-900.00,42.15,0,0,0,30.02,12.80,-15.87,11.63
30,9,0.3667,1,Crouch,100.00,8.94,-900.00,42.15,0,0,0,35.67,13.08,-11.30,10.91
30,9,0.4000,1,Crouch,100.00,12.28,-900.00,42.15,0,0,0,43.70,12.17,-8.47,11.05
30,10,0.0000,0,CrouchOut,0.00,0.00,-900.00,98.00,0,0,0,26.94,18.05,-37.02,17.50
30,10,0.0333,0,CrouchOut,0.00,0.00,-900.00,90.15,0,0,0,26.78,9.94,-36.89,9.63
30,10,0.0667,0,CrouchOut,0.00,0.00,-900.00,90.15,0,0,0,27.26,9.73,-36.73,9.66
30,10,0.1000,0,CrouchOut,0.00,0.00,-900.00,90.15,0,0,0,27.69,9.51,-36.68,9.63
30,10,0.1333,0,Ground,0.00,0.00,-900.00,90.15,0,0,0,28.23,9.16,-36.67,9.52
30,10,0.1667,0,Ground,0.00,0.00,-900.00,90.15,0,0,0,28.90,9.11,-36.69,9.46
30,10,0.2000,0,Ground,0.00,0.00,-900.00,90.15,0,0,0,29.15,9.14,-36.70,9.44
30,10,0.2333,0,Ground,0.00,0.00,-900.00,90.15,0,0,0,29.15,9.12,-36.71,9.43
30,10,0.2667,0,Ground,0.00,0.00,-900.00,90.15,0,0,0,29.14,9.11,-36.72,9.43
30,10,0.3000,0,Ground,0.00,0.00,-900.00,90.15,0,0,0,29.13,9.09,-36.72,9.42
30,10,0.3333,0,Ground,0.00,0.00,-900.00,90.15,0,0,0,29.13,9.08,-36.73,9.42
30,10,0.3667,0,Ground,0.00,0.00,-900.00,90.15,0,0,0,29.12,9.07,-36.74,9.41
30,10,0.4000,0,Ground,0.00,0.00,-900.00,90.15,0,0,0,29.12,9.05,-36.75,9.40
30,10,0.4333,0,Ground,0.00,0.00,-900.00,90.15,0,0,0,29.11,9.03,-36.76,9.39
30,10,0.4667,0,Ground,0.00,0.00,-900.00,90.15,0,0,0,29.10,9.01,-36.76,9.38
30,10,0.5000,0,Ground,0.00,0.00,-900.00,90.15,0,0,0,29.09,9.00,-36.76,9.40
30,10,0.5333,0,Ground,0.00,0.00,-900.00,90.15,0,0,0,29.09,8.99,-36.76,9.40
30,10,0.5667,0,Ground,0.00,0.00,-900.00,90.15,0,0,0,29.08,8.97,-36.76,9.40
30,10,0.6000,0,Ground,0.00,0.00,-900.00,90.15,0,0,0,29.07,8.95,-36.75,9.41
30,10,0.6333,0,Ground,0.00,0.00,-900.00,90.15,0,0,0,29.06,8.94,-36.75,9.41
30,10,0.6667,0,Ground,0.00,0.00,-900.00,90.15,0,0,0,29.06,8.93,-36.75,9.41
30,10,0.7000,0,Ground,0.00,0.00,-900.00,90.15,0,0,0,29.06,8.93,-36.74,9.42
30,10,0.7333,0,Ground,0.00,0.00,-900.00,90.15,0,0,0,29.07,8.93,-36.74,9.42
30,10,0.7667,0,Ground,0.00,0.00,-900.00,90.15,0,0,0,29.08,8.93,-36.73,9.43
30,10,0.8000,0,Ground,0.00,0.00,-900.00,90.15,0,0,0,29.08,8.93,-36.73,9.43
30,10,0.8333,0,Ground,0.00,0.00,-900.00,90.15,0,0,0,29.08,8.94,-36.73,9.43
30,10,0.8667,0,Ground,0.00,0.00,-900.00,90.15,0,0,0,29.09,8.94,-36.72,9.43
30,10,0.9000,0,Ground,0.00,0.00,-900.00,90.15,0,0,0,29.09,8.95,-36.72,9.43
30,10,0.9333,0,Ground,0.00,0.00,-900.00,90.15,0,0,0,29.10,8.95,-36.71,9.43
30,10,0.9667,0,Ground,0.00,0.00,-900.00,90.15,0,0,0,29.10,8.96,-36.71,9.44
30,10,1.0000,0,Ground,0.00,0.00,-900.00,90.15,0,0,0,29.11,8.96,-36.70,9.44
30,10,1.0333,0,Ground,0.00,0.00,-900.00,90.15,0,0,0,29.11,8.97,-36.70,9.44
30,10,1.0667,0,Ground,0.00,0.00,-900.00,90.15,0,0,0,29.12,8.97,-36.69,9.44
30,10,1.1000,0,Ground,0.00,0.00,-900.00,90.15,0,0,0,29.12,8.98,-36.69,9.44
30,10,1.1333,1,Ground,0.00,0.00,-900.00,90.15,0,0,0,29.12,8.98,-36.68,9.44
30,10,1.1667,1,Ground,0.00,0.00,-900.00,90.15,0,0,0,29.12,8.98,-36.68,9.43
30,10,1.2000,1,Ground,0.00,0.00,-900.00,90.15,0,0,0,29.13,8.99,-36.67,9.44
30,10,1.2333,1,Ground,0.00,0.00,-900.00,90.15,0,0,0,29.13,8.99,-36.67,9.43
30,10,1.2667,1,Ground,0.00,0.00,-900.00,90.15,0,0,0,29.13,9.00,-36.66,9.43
30,10,1.3000,1,Ground,0.00,0.00,-900.00,90.15,0,0,0,29.13,9.00,-36.66,9.43
30,10,1.3333,1,Ground,0.00,0.00,-900.00,90.15,0,0,0,29.13,9.01,-36.65,9.43
30,10,1.3667,1,Ground,0.00,0.00,-900.00,90.15,0,0,0,29.13,9.01,-36.65,9.43
30,10,1.4000,1,Ground,0.00,0.00,-900.00,90.15,0,0,0,29.14,9.02,-36.65,9.43
30,10,1.4333,1,Ground,0.00,0.00,-900.00,90.15,0,0,0,29.15,9.04,-36.63,9.43
30,10,1.4667,1,Ground,0.00,0.00,-900.00,90.15,0,0,0,29.16,9.05,-36.61,9.44
30,10,1.5000,1,Ground,0.00,0.00,-900.00,90.15,0,0,0,29.17,9.07,-36.60,9.45
30,11,0.0000,0,Ground,0.00,0.00,-900.00,98.00,0,0,0,29.23,17.04,-36.53,17.36
30,11,0.0333,0,Ground,0.00,0.00,-900.00,90.15,0,0,0,29.22,9.19,-36.53,9.51
30,11,0.0667,0,Ground,0.00,0.00,-900.00,90.15,0,0,0,29.23,9.19,-36.54,9.50
30,11,0.1000,0,Ground,0.00,0.00,-900.00,90.15,0,0,0,29.22,9.20,-36.55,9.50
30,11,0.1333,0,Ground,0.00,0.00,-900.00,90.15,0,0,0,29.22,9.20,-36.56,9.50
30,11,0.1667,0,Ground,0.00,0.00,-900.00,90.15,0,0,0,29.22,9.20,-36.57,9.50
30,11,0.2000,0,Ground,0.00,0.00,-900.00,90.15,0,0,0,29.22,9.20,-36.57,9.49
30,11,0.2333,0,Ground,0.00,0.00,-900.00,90.15,0,0,0,29.22,9.20,-36.58,9.49
30,11,0.2667,0,Ground,0.00,0.00,-900.00,90.15,0,0,0,29.21,9.20,-36.59,9.49
30,11,0.3000,0,Ground,0.00,0.00,-900.00,90.15,0,0,0,29.20,9.20,-36.61,9.49
30,11,0.3333,0,Ground,0.00,0.00,-900.00,90.15,0,0,0,29.20,9.20,-36.62,9.49
30,11,0.3667,0,Ground,0.00,0.00,-900.00,90.15,0,0,0,29.20,9.20,-36.63,9.48
30,11,0.4000,0,Ground,0.00,0.00,-900.00,90.15,0,0,0,29.20,9.20,-36.64,9.48
30,11,0.4333,0,Ground,0.00,0.00,-900.00,90.15,0,0,0,29.18,9.19,-36.65,9.47
30,11,0.4667,0,Ground,0.00,0.00,-900.00,90.15,0,0,0,29.18,9.18,-36.67,9.46
30,11,0.5000,0,Ground,0.00,0.00,-900.00,90.15,0,0,0,29.17,9.16,-36.68,9.45
30,11,0.5333,0,Ground,0.00,0.00,-900.00,90.15,0,0,0,29.16,9.14,-36.69,9.45
30,11,0.5667,0,Ground,0.00,0.00,-900.00,90.15,0,0,0,29.15,9.13,-36.71,9.44
30,11,0.6000,0,Ground,0.00,0.00,-900.00,90.15,0,0,0,29.15,9.12,-36.71,9.43
30,11,0.6333,0,Ground,0.00,0.00,-900.00,90.15,0,0,0,29.14,9.11,-36.72,9.43
30,11,0.6667,0,Ground,0.00,0.00,-900.00,90.15,0,0,0,29.13,9.09,-36.72,9.42
30,11,0.7000,0,Ground,0.00,0.00,-900.00,90.15,0,0,0,29.13,9.08,-36.73,9.42
30,11,0.7333,0,Ground,0.00,0.00,-900.00,90.15,0,0,0,29.12,9.07,-36.74,9.41
30,11,0.7667,0,Ground,0.00,0.00,-900.00,90.15,0,0,0,29.12,9.05,-36.75,9.40
30,11,0.8000,0,Ground,0.00,0.00,-900.00,90.15,0,0,0,29.11,9.03,-36.76,9.39
30,11,0.8333,0,Ground,0.00,0.00,-900.00,90.15,0,0,0,29.10,9.01,-36.76,9.38
30,11,0.8667,0,Ground,0.00,0.00,-900.00,90.15,0,0,0,29.09,9.00,-36.76,9.40
30,11,0.9000,0,Ground,0.00,0.00,-900.00,90.15,0,0,0,29.09,8.99,-36.76,9.40
30,11,0.9333,0,Ground,0.00,0.00,-900.00,90.15,0,0,0,29.08,8.97,-36.76,9.40
30,11,0.9667,0,Ground,0.00,0.00,-900.00,90.15,0,0,0,29.07,8.95,-36.75,9.41
30,11,1.0000,0,Ground,0.00,0.00,-900.00,90.15,0,0,0,29.06,8.94,-36.75,9.41
30,11,1.0333,0,Ground,0.00,0.00,-900.00,90.15,0,0,0,29.06,8.93,-36.75,9.41
30,11,1.0667,0,Ground,0.00,0.00,-900.00,90.15,0,0,0,29.06,8.93,-36.74,9.42
30,11,1.1000,0,Ground,0.00,0.00,-900.00,90.15,0,0,0,29.07,8.93,-36.74,9.42
30,11,1.1333,0,Ground,0.00,0.00,-900.00,90.15,0,0,0,29.08,8.93,-36.73,9.43
30,11,1.1667,0,Ground,0.00,0.00,-900.00,90.15,0,0,0,29.08,8.93,-36.73,9.43
30,11,1.2000,0,Ground,0.00,0.00,-900.00,90.15,0,0,0,29.08,8.94,-36.73,9.43
30,11,1.2333,0,Ground,0.00,0.00,-900.00,90.15,0,0,0,29.09,8.94,-36.72,9.43
30,11,1.2667,0,Ground,0.00,0.00,-900.00,90.15,0,0,0,29.09,8.95,-36.72,9.43
30,11,1.3000,0,Ground,0.00,0.00,-900.00,90.15,0,0,0,29.10,8.95,-36.71,9.43
30,11,1.3333,0,Ground,0.00,0.00,-900.00,90.15,0,0,0,29.10,8.96,-36.71,9.44
30,11,1.3667,0,Ground,0.00,0.00,-900.00,90.15,0,0,0,29.11,8.96,-36.70,9.44
30,11,1.4000,0,Ground,0.00,0.00,-900.00,90.15,0,0,0,29.11,8.97,-36.70,9.44
30,11,1.4333,0,Ground,0.00,0.00,-900.00,90.15,0,0,0,29.12,8.97,-36.69,9.44
30,11,1.4667,0,Ground,0.00,0.00,-900.00,90.15,0,0,0,29.12,8.98,-36.69,9.44
30,11,1.5000,0,Ground,0.00,0.00,-900.00,90.15,0,0,0,29.12,8.98,-36.68,9.44
30,11,1.5333,0,Ground,0.00,0.00,-900.00,90.15,0,0,0,29.12,8.98,-36.68,9.43
30,11,1.5667,0,Ground,0.00,0.00,-900.00,90.15,0,0,0,29.13,8.99,-36.67,9.44
30,11,1.6000,0,Ground,0.00,0.00,-900.00,90.15,0,0,0,29.13,8.99,-36.67,9.43
30,11,1.6333,0,Ground,0.00,0.00,-900.00,90.15,0,0,0,29.13,9.00,-36.66,9.43
30,11,1.6667,0,Ground,0.00,0.00,-900.00,90.15,0,0,0,29.13,9.00,-36.66,9.43
30,11,1.7000,0,Ground,0.00,0.00,-900.00,90.15,0,0,0,29.13,9.01,-36.65,9.43
30,11,1.7333,0,Ground,0.00,0.00,-900.00,90.15,0,0,0,29.13,9.01,-36.65,9.43
30,11,1.7667,0,Ground,0.00,0.00,-900.00,90.15,0,0,0,29.14,9.02,-36.65,9.43
30,11,1.8000,0,Ground,0.00,0.00,-900.00,90.15,0,0,0,29.15,9.04,-36.63,9.43
30,11,1.8333,0,Ground,0.00,0.00,-900.00,90.15,0,0,0,29.16,9.05,-36.61,9.44
30,11,1.8667,0,Ground,0.00,0.00,-900.00,90.15,0,0,0,29.17,9.07,-36.60,9.45
30,11,1.9000,0,Ground,0.00,0.00,-900.00,90.15,0,0,0,29.18,9.09,-36.58,9.46
30,11,1.9333,0,Ground,0.00,0.00,-900.00,90.15,0,0,0,29.20,9.11,-36.57,9.47
30,11,1.9667,0,Ground,0.00,0.00,-900.00,90.15,0,0,0,29.20,9.13,-36.55,9.48
30,11,2.0000,0,Ground,0.00,0.00,-900.00,90.15,0,0,0,29.21,9.14,-36.54,9.49
30,11,2.0333,0,Ground,0.00,0.00,-900.00,90.15,0,0,0,29.22,9.16,-36.53,9.50
30,11,2.0667,0,Ground,0.00,0.00,-900.00,90.15,0,0,0,29.23,9.17,-36.53,9.50
30,11,2.1000,0,Ground,0.00,0.00,-900.00,90.15,0,0,0,29.23,9.18,-36.53,9.50
30,11,2.1333,0,Ground,0.00,0.00,-900.00,90.15,0,0,0,29.23,9.18,-36.53,9.51
30,11,2.1667,0,Ground,0.00,0.00,-900.00,90.15,0,0,0,29.23,9.19,-36.53,9.51
30,11,2.2000,0,Ground,0.00,0.00,-900.00,90.15,0,0,0,29.22,9.19,-36.53,9.51
30,11,2.2333,0,Ground,0.00,0.00,-900.00,90.15,0,0,0,29.23,9.19,-36.54,9.50
30,11,2.2667,0,Ground,0.00,0.00,-900.00,90.15,0,0,0,29.22,9.20,-36.55,9.50
30,11,2.3000,0,Ground,0.00,0.00,-900.00,90.15,0,0,0,29.22,9.20,-36.56,9.50
30,11,2.3333,0,Ground,0.00,0.00,-900.00,90.15,0,0,0,29.22,9.20,-36.57,9.50
30,11,2.3667,0,Ground,0.00,0.00,-900.00,90.15,0,0,0,29.22,9.20,-36.57,9.49
30,11,2.4000,0,Ground,0.00,0.00,-900.00,90.15,0,0,0,29.22,9.20,-36.58,9.49
30,11,2.4333,0,Ground,0.00,0.00,-900.00,90.15,0,0,0,29.21,9.20,-36.59,9.49
30,11,2.4667,0,Ground,0.00,0.00,-900.00,90.15,0,0,0,29.20,9.20,-36.61,9.49
30,11,2.5000,0,Ground,0.00,0.00,-900.00,90.15,0,0,0,29.20,9.20,-36.62,9.49
30,11,2.5333,0,Ground,0.00,0.00,-900.00,90.15,0,0,0,29.20,9.20,-36.63,9.48
30,11,2.5667,0,Ground,0.00,0.00,-900.00,90.15,0,0,0,29.20,9.20,-36.64,9.48
30,11,2.6000,0,Ground,0.00,0.00,-900.00,90.15,0,0,0,29.18,9.19,-36.65,9.47
30,11,2.6333,0,Ground,0.00,0.00,-900.00,90.15,0,0,0,29.18,9.18,-36.67,9.46
30,11,2.6667,0,Ground,0.00,0.00,-900.00,90.15,0,0,0,29.17,9.16,-36.68,9.45
30,11,2.7000,0,Ground,0.00,0.00,-900.00,90.15,0,0,0,29.16,9.14,-36.69,9.45
30,11,2.7333,0,Ground,0.00,0.00,-900.00,90.15,0,0,0,29.15,9.13,-36.71,9.44
30,11,2.7667,0,Ground,0.00,0.00,-900.00,90.15,0,0,0,29.15,9.12,-36.71,9.43
30,11,2.8000,0,Ground,0.00,0.00,-900.00,90.15,0,0,0,29.14,9.11,-36.72,9.43
30,11,2.8333,0,Ground,0.00,0.00,-900.00,90.15,0,0,0,29.13,9.09,-36.72,9.42
30,11,2.8667,0,Ground,0.00,0.00,-900.00,90.15,0,0,0,29.13,9.08,-36.73,9.42
30,11,2.9000,0,Ground,0.00,0.00,-900.00,90.15,0,0,0,29.12,9.07,-36.74,9.41
30,11,2.9333,0,Ground,0.00,0.00,-900.00,90.15,0,0,0,29.12,9.05,-36.75,9.40
30,11,2.9667,0,Ground,0.00,0.00,-900.00,90.15,0,0,0,29.11,9.03,-36.76,9.39
30,11,3.0000,0,Ground,0.00,0.00,-900.00,90.15,0,0,0,29.10,9.01,-36.76,9.38
30,11,3.0333,0,Ground,0.00,0.00,-900.00,90.15,0,0,0,29.09,9.00,-36.76,9.40
30,11,3.0667,0,Ground,0.00,0.00,-900.00,90.15,0,0,0,29.09,8.99,-36.76,9.40
30,11,3.1000,0,Ground,0.00,0.00,-900.00,90.15,0,0,0,29.08,8.97,-36.76,9.40
30,11,3.1333,0,Ground,0.00,0.00,-900.00,90.15,0,0,0,29.07,8.95,-36.75,9.41
30,11,3.1667,0,Ground,0.00,0.00,-900.00,90.15,0,0,0,29.06,8.94,-36.75,9.41
30,11,3.2000,0,Ground,0.00,0.00,-900.00,90.15,0,0,0,29.06,8.93,-36.75,9.41
30,11,3.2333,0,Ground,0.00,0.00,-900.00,90.15,0,0,0,29.06,8.93,-36.74,9.42
30,11,3.2667,0,Ground,0.00,0.00,-900.00,90.15,0,0,0,29.07,8.93,-36.74,9.42
30,11,3.3000,0,Ground,0.00,0.00,-900.00,90.15,0,0,0,29.08,8.93,-36.73,9.43
30,11,3.3333,0,Ground,0.00,0.00,-900.00,90.15,0,0,0,29.08,8.93,-36.73,9.43
30,11,3.3667,0,Ground,0.00,0.00,-900.00,90.15,0,0,0,29.08,8.94,-36.73,9.43
30,11,3.4000,0,Ground,0.00,0.00,-900.00,90.15,0,0,0,29.09,8.94,-36.72,9.43
30,11,3.4333,0,Ground,0.00,0.00,-900.00,90.15,0,0,0,29.09,8.95,-36.72,9.43
30,11,3.4667,0,Ground,0.00,0.00,-900.00,90.15,0,0,0,29.10,8.95,-36.71,9.43
30,11,3.5000,0,Ground,0.00,0.00,-900.00,90.15,0,0,0,29.10,8.96,-36.71,9.44
30,11,3.5333,0,Ground,0.00,0.00,-900.00,90.15,0,0,0,29.11,8.96,-36.70,9.44
30,11,3.5667,0,Ground,0.00,0.00,-900.00,90.15,0,0,0,29.11,8.97,-36.70,9.44
30,11,3.6000,0,Ground,0.00,0.00,-900.00,90.15,0,0,0,29.12,8.97,-36.69,9.44
30,11,3.6333,0,Ground,0.00,0.00,-900.00,90.15,0,0,0,29.12,8.98,-36.69,9.44
30,11,3.6667,0,Ground,0.00,0.00,-900.00,90.15,0,0,0,29.12,8.98,-36.68,9.44
30,11,3.7000,0,Ground,0.00,0.00,-900.00,90.15,0,0,0,29.12,8.98,-36.68,9.43
30,11,3.7333,0,Ground,0.00,0.00,-900.00,90.15,0,0,0,29.13,8.99,-36.67,9.43
30,11,3.7667,0,Ground,0.00,0.00,-900.00,90.15,0,0,0,29.13,8.99,-36.67,9.43
30,11,3.8000,0,Ground,0.00,0.00,-900.00,90.15,0,0,0,29.13,9.00,-36.66,9.43
30,11,3.8333,0,Ground,0.00,0.00,-900.00,90.15,0,0,0,29.13,9.00,-36.66,9.43
30,11,3.8667,0,Ground,0.00,0.00,-900.00,90.15,0,0,0,29.13,9.01,-36.65,9.43
30,11,3.9000,0,Ground,0.00,0.00,-900.00,90.15,0,0,0,29.13,9.01,-36.65,9.43
30,11,3.9333,0,Ground,0.00,0.00,-900.00,90.15,0,0,0,29.14,9.02,-36.65,9.43
30,11,3.9667,0,Ground,0.00,0.00,-900.00,90.15,0,0,0,29.15,9.04,-36.63,9.43
30,11,4.0000,0,Ground,0.00,0.00,-900.00,90.15,0,0,0,29.16,9.05,-36.61,9.44
30,11,4.0333,0,Ground,0.00,0.00,-900.00,90.15,0,0,0,29.17,9.07,-36.60,9.45
30,11,4.0667,0,Ground,0.00,0.00,-900.00,90.15,0,0,0,29.18,9.09,-36.58,9.46
30,11,4.1000,0,Ground,0.00,0.00,-900.00,90.15,0,0,0,29.20,9.11,-36.57,9.47
30,11,4.1333,0,Ground,0.00,0.00,-900.00,90.15,0,0,0,29.20,9.13,-36.55,9.48
30,11,4.1667,0,Ground,0.00,0.00,-900.00,90.15,0,0,0,29.21,9.14,-36.54,9.49
30,11,4.2000,0,Ground,0.00,0.00,-900.00,90.15,0,0,0,29.22,9.16,-36.53,9.50
30,11,4.2333,0,Ground,0.00,0.00,-900.00,90.15,0,0,0,29.23,9.17,-36.53,9.50
30,11,4.2667,0,Ground,0.00,0.00,-900.00,90.15,0,0,0,29.23,9.18,-36.53,9.50
30,11,4.3000,0,Ground,0.00,0.00,-900.00,90.15,0,0,0,29.23,9.18,-36.53,9.51
30,11,4.3333,0,Ground,0.00,0.00,-900.00,90.15,0,0,0,29.23,9.19,-36.53,9.51
30,11,4.3667,0,Ground,0.00,0.00,-900.00,90.15,0,0,0,29.22,9.19,-36.53,9.51
30,11,4.4000,0,Ground,0.00,0.00,-900.00,90.15,0,0,0,29.23,9.19,-36.54,9.50
30,11,4.4333,0,Ground,0.00,0.00,-900.00,90.15,0,0,0,29.22,9.20,-36.55,9.50
30,11,4.4667,0,Ground,0.00,0.00,-900.00,90.15,0,0,0,29.22,9.20,-36.56,9.50
30,11,4.5000,0,Ground,0.00,0.00,-900.00,90.15,0,0,0,29.22,9.20,-36.57,9.50
30,11,4.5333,0,Ground,0.00,0.00,-900.00,90.15,0,0,0,29.22,9.20,-36.57,9.49
30,11,4.5667,0,Ground,0.00,0.00,-900.00,90.15,0,0,0,29.22,9.20,-36.58,9.49
30,11,4.6000,0,Ground,0.00,0.00,-900.00,90.15,0,0,0,29.21,9.20,-36.59,9.49
30,11,4.6333,0,Ground,0.00,0.00,-900.00,90.15,0,0,0,29.20,9.20,-36.61,9.49
30,11,4.6667,0,Ground,0.00,0.00,-900.00,90.15,0,0,0,29.20,9.20,-36.62,9.49
30,11,4.7000,0,Ground,0.00,0.00,-900.00,90.15,0,0,0,29.20,9.20,-36.63,9.48
30,11,4.7333,0,Ground,0.00,0.00,-900.00,90.15,0,0,0,29.20,9.20,-36.64,9.48
30,11,4.7667,0,Ground,0.00,0.00,-900.00,90.15,0,0,0,29.18,9.19,-36.65,9.47
30,11,4.8000,0,Ground,0.00,0.00,-900.00,90.15,0,0,0,29.18,9.18,-36.67,9.46
30,11,4.8333,0,Ground,0.00,0.00,-900.00,90.15,0,0,0,29.17,9.16,-36.68,9.45
30,11,4.8667,0,Ground,0.00,0.00,-900.00,90.15,0,0,0,29.16,9.14,-36.69,9.45
30,11,4.9000,0,Ground,0.00,0.00,-900.00,90.15,0,0,0,29.15,9.13,-36.71,9.44
30,11,4.9333,0,Ground,0.00,0.00,-900.00,90.15,0,0,0,29.15,9.12,-36.71,9.43
30,11,4.9667,0,Ground,0.00,0.00,-900.00,90.15,0,0,0,29.14,9.11,-36.72,9.43
30,11,5.0000,0,Ground,0.00,0.00,-900.00,90.15,0,0,0,29.13,9.09,-36.72,9.42
30,11,5.0333,0,Ground,0.00,0.00,-900.00,90.15,0,0,0,29.13,9.08,-36.73,9.42
30,11,5.0667,0,Ground,0.00,0.00,-900.00,90.15,0,0,0,29.12,9.07,-36.74,9.41
30,11,5.1000,0,Ground,0.00,0.00,-900.00,90.15,0,0,0,29.12,9.05,-36.75,9.40
30,11,5.1333,0,Ground,0.00,0.00,-900.00,90.15,0,0,0,29.11,9.03,-36.76,9.39
30,11,5.1667,0,Ground,0.00,0.00,-900.00,90.15,0,0,0,29.10,9.01,-36.76,9.38
30,11,5.2000,0,Ground,0.00,0.00,-900.00,90.15,0,0,0,29.09,9.00,-36.76,9.40
30,11,5.2333,0,Ground,0.00,0.00,-900.00,90.15,0,0,0,29.09,8.99,-36.76,9.40
30,11,5.2667,0,Ground,0.00,0.00,-900.00,90.15,0,0,0,29.08,8.97,-36.76,9.40
30,11,5.3000,0,Ground,0.00,0.00,-900.00,90.15,0,0,0,29.07,8.95,-36.75,9.41
30,11,5.3333,0,Ground,0.00,0.00,-900.00,90.15,0,0,0,29.06,8.94,-36.75,9.41
30,11,5.3667,0,Ground,0.00,0.00,-900.00,90.15,0,0,0,29.06,8.93,-36.75,9.41
30,11,5.4000,0,Ground,0.00,0.00,-900.00,90.15,0,0,0,29.06,8.93,-36.74,9.42
30,11,5.4333,1,Ground,0.00,0.00,-900.00,90.15,0,0,0,29.07,8.93,-36.74,9.42
30,11,5.4667,1,Ground,0.00,0.00,-900.00,90.15,0,0,0,29.08,8.93,-36.73,9.43
30,11,5.5000,1,Ground,0.00,0.00,-900.00,90.15,0,0,0,29.08,8.93,-36.73,9.43
30,11,5.5333,1,Ground,0.00,0.00,-900.00,90.15,0,0,0,29.08,8.94,-36.73,9.43
30,11,5.5667,1,Ground,0.00,0.00,-900.00,90.15,0,0,0,29.09,8.94,-36.72,9.43
30,11,5.6000,1,Ground,0.00,0.00,-900.00,90.15,0,0,0,29.09,8.95,-36.72,9.43
30,11,5.6333,1,Ground,0.00,0.00,-900.00,90.15,0,0,0,29.10,8.95,-36.71,9.43
30,11,5.6667,1,Ground,0.00,0.00,-900.00,90.15,0,0,0,29.10,8.96,-36.71,9.44
30,11,5.7000,1,Ground,0.00,0.00,-900.00,90.15,0,0,0,29.11,8.96,-36.70,9.44
30,11,5.7333,1,Ground,0.00,0.00,-900.00,90.15,0,0,0,29.11,8.97,-36.70,9.44
30,11,5.7667,1,Ground,0.00,0.00,-900.00,90.15,0,0,0,29.12,8.97,-36.69,9.44
30,11,5.8000,1,Ground,0.00,0.00,-900.00,90.15,0,0,0,29.12,8.98,-36.69,9.44
30,11,5.8333,2,Ground,0.00,0.00,-900.00,90.15,0,0,0,29.12,8.98,-36.68,9.44
30,11,5.8667,2,Ground,0.00,0.00,-900.00,90.15,0,0,0,29.12,8.98,-36.68,9.43
30,11,5.9000,2,Ground,0.00,0.00,-900.00,90.15,0,0,0,29.13,8.99,-36.67,9.43
30,11,5.9333,2,Ground,0.00,0.00,-900.00,90.15,0,0,0,29.13,8.99,-36.67,9.43
30,11,5.9667,2,Ground,0.00,0.00,-900.00,90.15,0,0,0,29.13,9.00,-36.66,9.43
30,11,6.0000,2,Ground,0.00,0.00,-900.00,90.15,0,0,0,29.13,9.00,-36.66,9.43
30,11,6.0333,2,Ground,0.00,0.00,-900.00,90.15,0,0,0,29.13,9.01,-36.65,9.43
30,11,6.0667,2,Ground,0.00,0.00,-900.00,90.15,0,0,0,29.13,9.01,-36.65,9.43
30,11,6.1000,2,Ground,0.00,0.00,-900.00,90.15,0,0,0,29.14,9.02,-36.65,9.43
30,11,6.1333,2,Ground,0.00,0.00,-900.00,90.15,0,0,0,29.15,9.04,-36.63,9.43
30,11,6.1667,2,Ground,0.00,0.00,-900.00,90.15,0,0,0,29.16,9.05,-36.61,9.44
30,11,6.2000,2,Ground,0.00,0.00,-900.00,90.15,0,0,0,29.17,9.07,-36.60,9.45
30,11,6.2333,3,Ground,0.00,0.00,-900.00,90.15,0,0,0,29.18,9.09,-36.58,9.46
30,11,6.2667,3,Ground,0.00,0.00,-900.00,90.15,0,0,0,29.20,9.11,-36.57,9.47
30,11,6.3000,3,Ground,0.00,0.00,-900.00,90.15,0,0,0,29.20,9.13,-36.55,9.48
30,11,6.3333,3,Ground,0.00,0.00,-900.00,90.15,0,0,0,29.21,9.14,-36.54,9.49
30,11,6.3667,4,Ground,0.00,0.00,-900.00,90.15,0,0,0,29.22,9.16,-36.53,9.50
30,11,6.4000,4,Ground,0.00,0.00,-900.00,90.15,0,0,0,29.23,9.17,-36.53,9.50
30,11,6.4333,4,Ground,0.00,0.00,-900.00,90.15,0,0,0,29.23,9.18,-36.53,9.50
30,11,6.4667,4,Ground,0.00,0.00,-900.00,90.15,0,0,0,29.23,9.18,-36.53,9.51
30,11,6.5000,4,Ground,0.00,0.00,-900.00,90.15,0,0,0,29.23,9.19,-36.53,9.51
30,11,6.5333,4,Ground,0.00,0.00,-900.00,90.15,0,0,0,29.22,9.19,-36.53,9.51
30,11,6.5667,4,Ground,0.00,0.00,-900.00,90.15,0,0,0,29.23,9.19,-36.54,9.50
30,11,6.6000,4,Ground,0.00,0.00,-900.00,90.15,0,0,0,29.22,9.20,-36.55,9.50
30,11,6.6333,4,Ground,0.00,0.00,-900.00,90.15,0,0,0,29.22,9.20,-36.56,9.50
30,11,6.6667,4,Ground,0.00,0.00,-900.00,90.15,0,0,0,29.22,9.20,-36.57,9.50
30,11,6.7000,4,Ground,0.00,0.00,-900.00,90.15,0,0,0,29.22,9.20,-36.57,9.49
30,11,6.7333,4,Ground,0.00,0.00,-900.00,90.15,0,0,0,29.22,9.20,-36.58,9.49
30,11,6.7667,4,Ground,0.00,0.00,-900.00,90.15,0,0,0,29.21,9.20,-36.59,9.49
30,11,6.8000,4,Ground,0.00,0.00,-900.00,90.15,0,0,0,29.20,9.20,-36.61,9.49
30,11,6.8333,4,Ground,0.00,0.00,-900.00,90.15,0,0,0,29.20,9.20,-36.62,9.49
30,11,6.8667,4,Ground,0.00,0.00,-900.00,90.15,0,0,0,29.20,9.20,-36.63,9.48
30,11,6.9000,4,Ground,0.00,0.00,-900.00,90.15,0,0,0,29.20,9.20,-36.64,9.48
30,11,6.9333,4,Ground,0.00,0.00,-900.00,90.15,0,0,0,29.18,9.19,-36.65,9.47
30,11,6.9667,4,Ground,0.00,0.00,-900.00,90.15,0,0,0,29.18,9.18,-36.67,9.46
30,11,7.0000,4,Ground,0.00,0.00,-900.00,90.15,0,0,0,29.17,9.16,-36.68,9.45
30,11,7.0333,4,Ground,0.00,0.00,-900.00,90.15,0,0,0,29.16,9.14,-36.69,9.45
30,11,7.0667,4,Ground,0.00,0.00,-900.00,90.15,0,0,0,29.15,9.13,-36.71,9.44
30,11,7.1000,4,Ground,0.00,0.00,-900.00,90.15,0,0,0,29.15,9.12,-36.71,9.43
30,11,7.1333,4,Ground,0.00,0.00,-900.00,90.15,0,0,0,29.14,9.11,-36.72,9.43
30,11,7.1667,5,Ground,0.00,0.00,-900.00,90.15,0,0,0,29.13,9.09,-36.72,9.42
30,11,7.2000,5,Ground,0.00,0.00,-900.00,90.15,0,0,0,29.13,9.08,-36.73,9.42
30,11,7.2333,5,Ground,0.00,0.00,-900.00,90.15,0,0,0,29.12,9.07,-36.74,9.41
30,11,7.2667,5,Ground,0.00,0.00,-900.00,90.15,0,0,0,29.12,9.05,-36.75,9.40
30,11,7.3000,6,Ground,0.00,0.00,-900.00,90.15,0,0,0,29.11,9.03,-36.76,9.39
30,11,7.3333,6,Ground,0.00,0.00,-900.00,90.15,0,0,0,29.10,9.01,-36.76,9.38
30,11,7.3667,6,Ground,0.00,0.00,-900.00,90.15,0,0,0,29.09,9.00,-36.76,9.40
30,11,7.4000,6,Ground,0.00,0.00,-900.00,90.15,0,0,0,29.09,8.99,-36.76,9.40
30,11,7.4333,6,Ground,0.00,0.00,-900.00,90.15,0,0,0,29.08,8.97,-36.76,9.40
30,11,7.4667,6,Ground,0.00,0.00,-900.00,90.15,0,0,0,29.07,8.95,-36.75,9.41
30,11,7.5000,6,Ground,0.00,0.00,-900.00,90.15,0,0,0,29.06,8.94,-36.75,9.41
30,11,7.5333,6,Ground,0.00,0.00,-900.00,90.15,0,0,0,29.06,8.93,-36.75,9.41
30,11,7.5667,6,Ground,0.00,0.00,-900.00,90.15,0,0,0,29.06,8.93,-36.74,9.42
30,11,7.6000,6,Ground,0.00,0.00,-900.00,90.15,0,0,0,29.07,8.93,-36.74,9.42
30,11,7.6333,6,Ground,0.00,0.00,-900.00,90.15,0,0,0,29.08,8.93,-36.73,9.43
30,11,7.6667,6,Ground,0.00,0.00,-900.00,90.15,0,0,0,29.08,8.93,-36.73,9.43
30,11,7.7000,6,Ground,0.00,0.00,-900.00,90.15,0,0,0,29.08,8.94,-36.73,9.43
30,11,7.7333,6,Ground,0.00,0.00,-900.00,90.15,0,0,0,29.09,8.94,-36.72,9.43
30,11,7.7667,6,Ground,0.00,0.00,-900.00,90.15,0,0,0,29.09,8.95,-36.72,9.43
30,11,7.8000,6,Ground,0.00,0.00,-900.00,90.15,0,0,0,29.10,8.95,-36.71,9.43
30,11,7.8333,6,Ground,0.00,0.00,-900.00,90.15,0,0,0,29.10,8.96,-36.71,9.44
30,11,7.8667,6,Ground,0.00,0.00,-900.00,90.15,0,0,0,29.11,8.96,-36.70,9.44
30,11,7.9000,6,Ground,0.00,0.00,-900.00,90.15,0,0,0,29.11,8.97,-36.70,9.44
30,11,7.9333,6,Ground,0.00,0.00,-900.00,90.15,0,0,0,29.12,8.97,-36.69,9.44
30,11,7.9667,6,Ground,0.00,0.00,-900.00,90.15,0,0,0,29.12,8.98,-36.69,9.44
30,11,8.0000,6,Ground,0.00,0.00,-900.00,90.15,0,0,0,29.12,8.98,-36.68,9.44
30,11,8.0333,6,Ground,0.00,0.00,-900.00,90.15,0,0,0,29.12,8.98,-36.68,9.43
30,11,8.0667,6,Ground,0.00,0.00,-900.00,90.15,0,0,0,29.13,8.99,-36.67,9.43
30,11,8.1000,6,Ground,0.00,0.00,-900.00,90.15,0,0,0,29.13,8.99,-36.67,9.43
30,11,8.1333,6,Ground,0.00,0.00,-900.00,90.15,0,0,0,29.13,9.00,-36.66,9.43
30,11,8.1667,6,Ground,0.00,0.00,-900.00,90.15,0,0,0,29.13,9.00,-36.66,9.43
30,11,8.2000,6,Ground,0.00,0.00,-900.00,90.15,0,0,0,29.13,9.01,-36.65,9.43
30,11,8.2333,6,Ground,0.00,0.00,-900.00,90.15,0,0,0,29.13,9.01,-36.65,9.43
30,11,8.2667,6,Ground,0.00,0.00,-900.00,90.15,0,0,0,29.14,9.02,-36.65,9.43
30,11,8.3000,6,Ground,0.00,0.00,-900.00,90.15,0,0,0,29.15,9.04,-36.63,9.43
30,11,8.3333,6,Ground,0.00,0.00,-900.00,90.15,0,0,0,29.16,9.05,-36.61,9.44
30,11,8.3667,6,Ground,0.00,0.00,-900.00,90.15,0,0,0,29.17,9.07,-36.60,9.45
30,11,8.4000,6,Ground,0.00,0.00,-900.00,90.15,0,0,0,29.18,9.09,-36.58,9.46
30,11,8.4333,6,Ground,0.00,0.00,-900.00,90.15,0,0,0,29.20,9.11,-36.57,9.47
30,11,8.4667,6,Ground,0.00,0.00,-900.00,90.15,0,0,0,29.20,9.13,-36.55,9.48
30,11,8.5000,6,Ground,0.00,0.00,-900.00,90.15,0,0,0,29.21,9.14,-36.54,9.49
30,11,8.5333,6,Ground,0.00,0.00,-900.00,90.15,0,0,0,29.22,9.16,-36.53,9.50
30,11,8.5667,6,Ground,0.00,0.00,-900.00,90.15,0,0,0,29.23,9.17,-36.53,9.50
30,11,8.6000,6,Ground,0.00,0.00,-900.00,90.15,0,0,0,29.23,9.18,-36.53,9.50
30,11,8.6333,6,Ground,0.00,0.00,-900.00,90.15,0,0,0,29.23,9.18,-36.53,9.51
30,11,8.6667,6,Ground,0.00,0.00,-900.00,90.15,0,0,0,29.23,9.19,-36.53,9.51
30,11,8.7000,6,Ground,0.00,0.00,-900.00,90.15,0,0,0,29.22,9.19,-36.53,9.51
30,11,8.7333,6,Ground,0.00,0.00,-900.00,90.15,0,0,0,29.23,9.19,-36.54,9.50
30,11,8.7667,6,Ground,0.00,0.00,-900.00,90.15,0,0,0,29.22,9.20,-36.55,9.50
30,11,8.8000,6,Ground,0.00,0.00,-900.00,90.15,0,0,0,29.22,9.20,-36.56,9.50
30,11,8.8333,6,Ground,0.00,0.00,-900.00,90.15,0,0,0,29.22,9.20,-36.57,9.50
30,11,8.8667,6,Ground,0.00,0.00,-900.00,90.15,0,0,0,29.22,9.20,-36.57,9.49
30,11,8.9000,6,Ground,0.00,0.00,-900.00,90.15,0,0,0,29.22,9.20,-36.58,9.49
30,11,8.9333,6,Ground,0.00,0.00,-900.00,90.15,0,0,0,29.21,9.20,-36.59,9.49
30,11,8.9667,6,Ground,0.00,0.00,-900.00,90.15,0,0,0,29.20,9.20,-36.61,9.49
30,11,9.0000,6,Ground,0.00,0.00,-900.00,90.15,0,0,0,29.20,9.20,-36.62,9.49
30,11,9.0333,6,Ground,0.00,0.00,-900.00,90.15,0,0,0,29.20,9.20,-36.63,9.48
30,11,9.0667,6,Ground,0.00,0.00,-900.00,90.15,0,0,0,29.20,9.20,-36.64,9.48
30,11,9.1000,6,Ground,0.00,0.00,-900.00,90.15,0,0,0,29.18,9.19,-36.65,9.47
30,11,9.1333,6,Ground,0.00,0.00,-900.00,90.15,0,0,0,29.18,9.18,-36.67,9.46
30,11,9.1667,6,Ground,0.00,0.00,-900.00,90.15,0,0,0,29.17,9.16,-36.68,9.45
30,11,9.2000,6,Ground,0.00,0.00,-900.00,90.15,0,0,0,29.16,9.14,-36.69,9.45
30,11,9.2333,6,Ground,0.00,0.00,-900.00,90.15,0,0,0,29.15,9.13,-36.71,9.44
30,11,9.2667,6,Ground,0.00,0.00,-900.00,90.15,0,0,0,29.15,9.12,-36.71,9.43
30,11,9.3000,6,Ground,0.00,0.00,-900.00,90.15,0,0,0,29.14,9.11,-36.72,9.43
30,11,9.3333,6,Ground,0.00,0.00,-900.00,90.15,0,0,0,29.13,9.09,-36.72,9.42
30,11,9.3667,6,Ground,0.00,0.00,-900.00,90.15,0,0,0,29.13,9.08,-36.73,9.42
30,11,9.4000,7,Ground,0.00,0.00,-900.00,90.15,0,0,0,29.12,9.07,-36.74,9.41
30,11,9.4333,7,Ground,0.00,0.00,-900.00,90.15,0,0,0,29.12,9.05,-36.75,9.40
30,11,9.4667,7,Ground,0.00,0.00,-900.00,90.15,0,0,0,29.11,9.03,-36.76,9.39
30,11,9.5000,7,Ground,0.00,0.00,-900.00,90.15,0,0,0,29.10,9.01,-36.76,9.38
30,11,9.5333,7,Ground,0.00,0.00,-900.00,90.15,0,0,0,29.09,9.00,-36.76,9.40
30,11,9.5667,7,Ground,0.00,0.00,-900.00,90.15,0,0,0,29.09,8.99,-36.76,9.40
30,11,9.6000,7,Ground,0.00,0.00,-900.00,90.15,0,0,0,29.08,8.97,-36.76,9.40
30,11,9.6333,7,Ground,0.00,0.00,-900.00,90.15,0,0,0,29.07,8.95,-36.75,9.41
30,11,9.6667,7,Ground,0.00,0.00,-900.00,90.15,0,0,0,29.06,8.94,-36.75,9.41
30,11,9.7000,7,Ground,0.00,0.00,-900.00,90.15,0,0,0,29.06,8.93,-36.75,9.41
30,11,9.7333,7,Ground,0.00,0.00,-900.00,90.15,0,0,0,29.06,8.93,-36.74,9.42
30,11,9.7667,7,Ground,0.00,0.00,-900.00,90.15,0,0,0,29.07,8.93,-36.74,9.42
30,11,9.8000,7,Ground,0.00,0.00,-900.00,90.15,0,0,0,29.08,8.93,-36.73,9.43
30,11,9.8333,7,Ground,0.00,0.00,-900.00,90.15,0,0,0,29.08,8.93,-36.73,9.43
30,11,9.8667,7,Ground,0.00,0.00,-900.00,90.15,0,0,0,29.08,8.94,-36.73,9.43
60,0,0.0000,0,Ground,0.00,0.00,-900.00,98.00,0,0,0,29.12,16.83,-36.68,17.29
60,0,0.0167,0,Ground,34.13,0.57,-900.00,90.15,0,0,0,29.69,8.98,-36.11,9.43
60,0,0.0333,0,Ground,68.27,1.71,-900.00,90.15,0,0,0,30.49,8.84,-34.58,9.53
60,0,0.0500,0,Ground,102.40,3.41,-900.00,90.15,0,0,0,31.14,8.40,-31.66,9.76
60,0,0.0667,0,Ground,136.53,5.69,-900.00,90.15,0,0,0,31.24,7.60,-26.96,10.14
60,0,0.0833,0,Ground,170.67,8.53,-900.00,90.15,0,0,0,30.36,6.43,-20.05,10.65
60,0,0.1000,1,Ground,262.29,4.16,-900.00,90.15,0,1,0,20.51,5.09,-18.54,11.25
60,0,0.1167,1,Ground,374.95,-2.09,-900.00,90.15,0,1,0,10.54,9.93,-22.24,6.44
60,0,0.1333,1,Ground,149.63,-4.58,-900.00,90.15,0,1,0,9.78,11.45,-22.34,5.78
60,0,0.1500,1,Ground,413.67,2.31,-900.00,90.15,0,1,0,10.35,13.29,-12.87,4.96
60,0,0.1667,1,Ground,1101.96,20.68,-900.00,90.15,0,1,0,22.73,15.20,9.34,4.62
60,0,0.1833,1,Ground,1539.99,46.35,-900.00,90.15,0,1,0,50.97,21.48,17.11,5.34
60,0,0.2000,1,Ground,1753.57,75.57,-900.00,90.15,0,1,0,59.43,26.55,54.98,8.37
60,0,0.2167,1,Ground,1742.42,104.61,-900.00,90.15,0,1,0,64.01,30.87,93.29,14.63
60,0,0.2333,1,Ground,1506.83,129.73,-900.00,90.15,0,1,0,70.29,32.39,121.67,22.55
60,0,0.2500,1,Ground,1305.86,151.49,-900.00,90.15,0,1,0,77.57,39.39,145.61,29.86
60,0,0.2667,1,Ground,1280.34,172.83,-900.00,90.15,0,1,0,96.70,38.68,165.50,34.61
60,0,0.2833,1,Ground,1241.02,193.51,-900.00,90.15,0,1,0,116.35,36.64,184.19,37.87
60,0,0.3000,1,Ground,1187.92,213.31,-900.00,90.15,0,1,0,134.78,35.74,202.38,39.64
60,0,0.3167,1,Ground,1121.32,232.00,-900.00,90.15,0,1,0,152.23,35.63,219.79,39.74
60,0,0.3333,1,Ground,1040.64,249.35,-900.00,90.15,0,1,0,169.29,35.26,236.14,38.16
60,0,0.3500,1,Ground,946.47,265.12,-900.00,90.15,0,1,0,185.82,34.83,252.10,35.36
60,0,0.3667,1,Ground,849.94,279.29,-900.00,90.15,0,1,0,201.75,34.75,274.53,32.67
60,0,0.3833,1,Ground,771.60,292.15,-900.00,90.15,0,1,0,217.90,34.67,295.57,30.02
60,0,0.4000,1,Ground,709.70,303.97,-900.00,90.15,0,1,0,234.68,34.88,315.37,26.87
60,0,0.4167,1,Ground,663.64,315.03,-900.00,90.15,0,1,0,252.28,35.54,334.57,23.03
60,0,0.4333,1,Ground,633.99,325.60,-900.00,90.15,0,1,0,270.67,36.71,354.02,19.11
60,0,0.4500,1,Ground,619.66,335.93,-900.00,90.15,0,1,0,289.57,38.31,374.55,16.39
60,0,0.4667,1,Ground,622.60,346.31,-900.00,90.15,0,1,0,308.61,40.19,396.11,14.40
60,0,0.4833,1,Ground,641.37,356.99,-900.00,90.15,0,1,0,327.30,42.12,417.20,12.63
60,0,0.5000,1,Ground,675.99,368.26,-900.00,90.15,0,1,0,345.16,43.78,435.11,10.92
60,0,0.5167,1,Ground,729.98,380.43,-900.00,90.15,0,1,0,361.46,44.62,439.69,10.34
60,0,0.5333,1,Ground,764.01,393.16,-900.00,90.15,0,1,0,375.66,44.38,438.67,10.45
60,0,0.5500,1,Ground,759.32,405.82,-900.00,90.15,0,1,0,387.64,43.36,439.70,10.19
60,0,0.5667,1,Ground,713.55,417.71,-900.00,90.15,0,1,0,397.31,41.74,440.62,10.04
60,0,0.5833,1,Ground,627.29,428.16,-900.00,90.15,0,1,0,404.97,39.32,441.82,10.47
60,0,0.6000,1,Ground,546.90,437.28,-900.00,90.15,0,1,0,411.74,36.10,443.08,11.49
60,0,0.6167,1,Ground,500.54,445.62,-900.00,90.15,0,1,0,418.88,32.23,444.44,12.55
60,0,0.6333,1,Ground,459.46,453.28,-900.00,90.15,0,1,0,427.40,27.60,445.89,13.67
60,0,0.6500,1,Ground,423.08,460.33,-900.00,90.15,0,1,0,438.16,22.48,447.80,15.10
60,0,0.6667,1,Ground,391.98,466.86,-900.00,90.15,0,1,0,451.65,17.38,451.33,16.95
60,0,0.6833,1,Ground,365.58,472.96,-900.00,90.15,0,1,0,467.77,12.99,453.72,17.47
60,0,0.7000,1,Ground,268.17,477.43,-900.00,90.15,0,1,0,484.63,9.62,454.70,17.52
60,0,0.7167,1,Ground,142.59,479.80,-900.00,90.15,0,1,0,500.59,8.03,454.98,17.53
60,0,0.7333,1,Ground,85.09,481.22,-900.00,90.15,0,1,0,515.45,9.03,453.54,17.38
60,0,0.7500,1,Ground,74.52,482.46,-900.00,90.15,0,1,0,515.45,9.06,452.57,17.14
60,0,0.7667,1,Ground,65.15,483.55,-900.00,90.15,0,1,0,515.46,9.11,452.69,16.88
60,0,0.7833,1,Ground,57.06,484.50,-900.00,90.15,0,1,0,515.49,9.14,453.58,16.55
60,0,0.8000,1,Ground,48.91,485.31,-900.00,90.15,0,1,0,515.52,9.18,454.95,16.13
60,0,0.8167,1,Ground,41.66,486.01,-900.00,90.15,0,1,0,515.55,9.21,456.49,15.64
60,0,0.8333,1,Ground,35.33,486.60,-900.00,90.15,0,1,0,515.59,9.23,457.89,15.07
60,0,0.8500,1,Ground,28.99,487.08,-900.00,90.15,0,1,0,515.61,9.24,458.83,14.43
60,0,0.8667,1,Ground,0.00,487.08,-900.00,90.15,0,1,0,514.76,9.27,458.77,13.57
60,0,0.8833,1,Ground,0.00,487.08,-900.00,90.15,0,1,0,513.83,9.30,457.96,12.42
60,0,0.9000,1,Ground,0.00,487.08,-900.00,90.15,0,1,0,513.43,9.29,456.52,11.24
60,0,0.9167,1,Ground,0.00,487.08,-900.00,90.15,0,1,0,513.48,9.23,454.83,10.31
60,0,0.9333,1,Ground,0.00,487.08,-900.00,90.15,0,1,0,513.76,9.15,453.34,9.67
60,0,0.9500,1,Ground,0.00,487.08,-900.00,90.15,0,1,0,514.19,9.05,452.21,9.29
60,0,0.9667,1,Ground,0.00,487.08,-900.00,90.15,0,1,0,514.72,8.97,451.48,9.09
60,0,0.9833,1,Ground,0.00,487.08,-900.00,90.15,0,1,0,515.21,8.92,451.24,9.10
60,0,1.0000,1,Ground,0.00,487.08,-900.00,90.15,0,1,0,515.63,8.92,450.94,9.16
60,0,1.0167,1,Ground,0.00,487.08,-900.00,90.15,0,1,0,515.94,8.96,450.66,9.26
60,0,1.0333,1,Ground,0.00,487.08,-900.00,90.15,0,1,0,516.13,9.00,450.44,9.34
60,0,1.0500,1,Ground,0.00,487.08,-900.00,90.15,0,1,0,516.20,9.04,450.33,9.39
60,0,1.0667,1,Ground,0.00,487.08,-900.00,90.15,0,1,0,516.19,9.03,450.32,9.39
60,0,1.0833,1,Ground,0.00,487.08,-900.00,90.15,0,0,0,516.18,9.02,450.32,9.38
60,0,1.1000,1,Ground,34.13,487.65,-900.00,90.15,0,0,0,516.75,9.01,450.88,9.38
60,0,1.1167,1,Ground,68.27,488.79,-900.00,90.15,0,0,0,517.59,9.17,452.37,9.41
60,0,1.1333,1,Ground,102.40,490.49,-900.00,90.15,0,0,0,518.36,9.19,454.73,9.27
60,0,1.1500,1,Ground,136.53,492.77,-900.00,90.15,0,0,0,519.12,9.27,458.11,9.01
60,0,1.1667,1,Ground,170.67,495.61,-900.00,90.15,0,0,0,520.02,9.44,462.43,8.59
60,0,1.1833,1,Ground,204.80,499.03,-900.00,90.15,0,0,0,521.36,9.82,467.55,8.04
60,0,1.2000,1,Ground,238.93,503.01,-900.00,90.15,0,0,0,523.60,10.53,473.17,7.56
60,0,1.2167,1,Ground,273.07,507.56,-900.00,90.15,0,0,0,527.30,11.80,478.72,7.49
60,0,1.2333,1,Ground,307.20,512.68,-900.00,90.15,0,0,0,533.00,13.85,483.50,8.39
60,0,1.2500,1,Ground,341.33,518.37,-900.00,90.15,0,0,0,541.06,16.80,486.95,10.95
60,0,1.2667,1,Ground,375.47,524.63,-900.00,90.15,0,0,0,548.90,18.57,488.91,13.66
60,0,1.2833,1,Ground,409.60,531.45,-900.00,90.15,0,0,0,557.06,19.36,491.14,15.95
60,0,1.3000,1,Ground,443.73,538.85,-900.00,90.15,0,0,0,566.94,20.08,493.90,18.60
60,0,1.3167,1,Ground,450.00,546.35,-900.00,90.15,0,0,0,577.71,20.55,496.82,21.74
60,0,1.3333,1,Ground,450.00,553.85,-900.00,90.15,0,0,0,588.19,20.85,500.29,25.20
60,0,1.3500,1,Ground,450.00,561.35,-900.00,90.15,0,0,0,598.52,20.59,504.21,29.20
60,0,1.3667,1,Ground,450.00,568.85,-900.00,90.15,0,0,0,608.18,19.71,509.08,34.51
60,0,1.3833,1,Ground,450.00,576.35,-900.00,90.15,0,0,0,616.90,18.04,514.76,40.73
60,0,1.4000,1,Ground,450.00,583.85,-900.00,90.15,0,0,0,624.63,15.80,521.87,47.39
60,0,1.4167,1,Ground,450.00,591.35,-900.00,90.15,0,0,0,631.69,13.26,530.88,53.58
60,0,1.4333,1,Ground,450.00,598.85,-900.00,90.15,0,0,0,636.66,11.19,541.92,58.85
60,0,1.4500,1,Ground,450.00,606.35,-900.00,90.15,0,0,0,638.72,10.27,554.86,63.20
60,0,1.4667,1,Ground,450.00,613.85,-900.00,90.15,0,0,0,639.16,9.98,569.15,66.93
60,0,1.4833,1,Ground,450.00,621.35,-900.00,90.15,0,0,0,638.49,9.51,583.68,69.75
60,0,1.5000,1,Ground,450.00,628.85,-900.00,90.15,0,0,0,638.23,9.46,597.75,71.52
60,1,0.0000,0,Ground,0.00,0.00,-900.00,98.00,0,0,0,29.13,16.84,-36.67,17.28
60,1,0.0167,0,Ground,34.13,0.57,-900.00,90.15,0,0,0,29.70,8.99,-36.10,9.43
60,1,0.0333,0,Ground,68.27,1.71,-900.00,90.15,0,0,0,30.51,9.17,-34.71,9.41
60,1,0.0500,0,Ground,102.40,3.41,-900.00,90.15,0,0,0,31.27,9.19,-32.35,9.27
60,1,0.0667,0,Ground,136.53,5.69,-900.00,90.15,0,0,0,32.04,9.27,-28.97,9.01
60,1,0.0833,0,Ground,170.67,8.53,-900.00,90.15,0,0,0,32.94,9.44,-24.65,8.59
60,1,0.1000,0,Ground,204.80,11.95,-900.00,90.15,0,0,0,34.28,9.82,-19.53,8.04
60,1,0.1167,0,Ground,238.93,15.93,-900.00,90.15,0,0,0,36.52,10.53,-13.91,7.56
60,1,0.1333,0,Ground,273.07,20.48,-900.00,90.15,0,0,0,40.22,11.80,-8.36,7.49
60,1,0.1500,0,Ground,307.20,25.60,-900.00,90.15,0,0,0,45.92,13.85,-3.58,8.39
60,1,0.1667,0,Ground,341.33,31.29,-900.00,90.15,0,0,0,53.98,16.80,-0.13,10.95
60,1,0.1833,0,Ground,375.47,37.55,-900.00,90.15,0,0,0,61.82,18.57,1.83,13.66
60,1,0.2000,0,Ground,409.60,44.37,-900.00,90.15,0,0,0,69.98,19.36,4.06,15.95
60,1,0.2167,0,Ground,443.73,51.77,-900.00,90.15,1,0,0,79.86,20.08,6.82,18.60
60,1,0.2333,0,Ground,477.87,59.73,-900.00,90.15,1,0,0,91.10,20.55,10.21,21.74
60,1,0.2500,0,Ground,512.00,68.27,-900.00,90.15,1,0,0,102.60,20.91,14.63,25.27
60,1,0.2667,0,Ground,546.13,77.37,-900.00,90.15,1,0,0,114.51,20.82,19.90,29.55
60,1,0.2833,0,Ground,580.27,87.04,-900.00,90.15,1,0,0,126.32,20.18,26.50,35.51
60,1,0.3000,0,Ground,614.40,97.28,-900.00,90.15,1,0,0,137.67,18.74,34.42,43.05
60,1,0.3167,0,Ground,648.53,108.09,-900.00,90.15,1,0,0,148.66,16.56,44.67,51.89
60,1,0.3333,0,Ground,650.00,118.92,-900.00,90.15,1,0,0,159.69,13.64,55.77,56.07
60,1,0.3500,0,Ground,650.00,129.76,-900.00,90.15,1,0,0,169.66,12.06,65.98,58.24
60,1,0.3667,0,Ground,650.00,140.59,-900.00,90.15,1,0,0,178.39,11.44,75.28,59.75
60,1,0.3833,0,Ground,650.00,151.42,-900.00,90.15,1,0,0,184.40,10.27,84.27,62.16
60,1,0.4000,0,Ground,650.00,162.26,-900.00,90.15,1,0,0,190.75,9.42,92.15,63.55
60,1,0.4167,0,Ground,650.00,173.09,-900.00,90.15,1,0,0,197.68,8.85,100.16,64.49
60,1,0.4333,0,Ground,650.00,183.92,-900.00,90.15,1,0,0,205.67,8.20,109.20,66.11
60,1,0.4500,0,Ground,650.00,194.76,-900.00,90.15,1,0,0,208.76,8.20,120.05,70.84
60,1,0.4667,0,Ground,650.00,205.59,-900.00,90.15,1,0,0,209.89,8.72,134.61,75.86
60,1,0.4833,0,Ground,650.00,216.42,-900.00,90.15,1,0,0,210.31,8.96,152.52,75.97
60,1,0.5000,0,Ground,650.00,227.26,-900.00,90.15,1,0,0,210.31,9.52,171.94,70.01
60,1,0.5167,0,Ground,650.00,238.09,-900.00,90.15,1,0,0,210.33,11.01,193.66,61.38
60,1,0.5333,0,Ground,650.00,248.92,-900.00,90.15,1,0,0,211.00,13.12,218.19,55.67
60,1,0.5500,0,Ground,650.00,259.76,-900.00,90.15,1,0,0,213.94,16.68,241.89,53.67
60,1,0.5667,1,Ground,450.00,267.26,-900.00,90.15,0,0,0,216.18,19.74,258.72,50.68
60,1,0.5833,1,Ground,450.00,274.76,-900.00,90.15,0,0,0,217.95,26.11,275.84,41.41
60,1,0.6000,1,Ground,450.00,282.26,-900.00,90.15,0,0,0,221.15,32.89,296.57,30.08
60,1,0.6167,1,Ground,450.00,289.76,-900.00,90.15,0,0,0,225.83,39.15,317.90,22.53
60,1,0.6333,1,Ground,450.00,297.26,-900.00,90.15,0,0,0,231.71,45.21,335.69,19.46
60,1,0.6500,1,Ground,450.00,304.76,-900.00,90.15,0,0,0,238.72,51.35,348.81,18.11
60,1,0.6667,1,Ground,450.00,312.26,-900.00,90.15,0,0,0,247.32,55.94,357.29,16.32
60,1,0.6833,1,Ground,450.00,319.76,-900.00,90.15,0,0,0,257.73,60.03,362.38,13.57
60,1,0.7000,1,Ground,450.00,327.26,-900.00,90.15,0,0,0,270.39,63.50,362.95,10.89
60,1,0.7167,1,Ground,450.00,334.76,-900.00,90.15,0,0,0,285.02,66.53,360.16,9.53
60,1,0.7333,1,Ground,450.00,342.26,-900.00,90.15,0,0,0,300.35,68.74,358.56,8.73
60,1,0.7500,1,Ground,450.00,349.76,-900.00,90.15,0,0,0,314.72,70.07,357.49,8.46
60,1,0.7667,1,Ground,450.00,357.26,-900.00,90.15,0,0,0,326.86,70.39,357.29,8.39
60,1,0.7833,1,Ground,450.00,364.76,-900.00,90.15,0,0,0,338.64,69.83,357.27,8.64
60,1,0.8000,1,Ground,450.00,372.26,-900.00,90.15,0,0,0,350.03,68.37,357.37,9.16
60,2,0.0000,0,Ground,0.00,0.00,-900.00,98.00,0,0,0,29.07,16.80,-36.75,17.26
60,2,0.0167,0,Ground,0.00,0.00,-900.00,90.15,0,0,0,29.06,8.95,-36.75,9.41
60,2,0.0333,0,Ground,0.00,0.00,-900.00,90.15,0,0,0,29.06,8.94,-36.75,9.41
60,2,0.0500,0,Ground,0.00,0.00,-900.00,90.15,0,0,0,29.06,8.93,-36.75,9.41
60,2,0.0667,0,Ground,0.00,0.00,-900.00,90.15,0,0,0,29.06,8.93,-36.75,9.41
60,2,0.0833,0,Ground,0.00,0.00,-900.00,90.15,0,0,0,29.06,8.93,-36.74,9.42
60,2,0.1000,0,Ground,0.00,0.00,-900.00,90.15,0,0,0,29.06,8.93,-36.74,9.42
60,2,0.1167,0,Ground,0.00,0.00,-900.00,90.15,0,0,0,29.06,8.93,-36.74,9.42
60,2,0.1333,0,Ground,0.00,0.00,-900.00,90.15,0,0,0,29.07,8.93,-36.74,9.42
60,2,0.1500,0,Ground,0.00,0.00,-900.00,90.15,0,0,0,29.07,8.93,-36.74,9.42
60,2,0.1667,0,Ground,0.00,0.00,-900.00,90.15,0,0,0,29.08,8.93,-36.73,9.43
60,2,0.1833,0,Ground,0.00,0.00,-900.00,90.15,0,0,0,29.08,8.94,-36.73,9.43
60,2,0.2000,0,Ground,0.00,0.00,-900.00,90.15,0,0,0,29.08,8.93,-36.73,9.43
60,3,0.0000,0,Ground,0.00,0.00,-900.00,98.00,0,0,0,29.12,16.83,-36.69,17.29
60,3,0.0167,0,Ground,0.00,0.00,-900.00,90.15,0,0,0,29.12,8.98,-36.69,9.44
60,3,0.0333,0,Ground,0.00,0.00,-900.00,90.15,0,0,0,29.12,8.98,-36.68,9.44
60,3,0.0500,0,Ground,0.00,0.00,-900.00,90.15,0,0,0,29.12,8.98,-36.68,9.43
60,3,0.0667,0,Ground,0.00,0.00,-900.00,90.15,0,0,0,29.12,8.98,-36.68,9.43
60,3,0.0833,0,Ground,0.00,0.00,-900.00,90.15,0,0,0,29.12,8.99,-36.68,9.43
60,3,0.1000,0,Ground,0.00,0.00,-900.00,90.15,0,0,0,29.13,8.99,-36.67,9.43
60,3,0.1167,0,Ground,0.00,0.00,-900.00,90.15,0,0,0,29.13,8.99,-36.67,9.43
60,3,0.1333,0,Ground,0.00,0.00,-900.00,90.15,0,0,0,29.13,8.99,-36.67,9.43
60,3,0.1500,0,Ground,0.00,0.00,-900.00,90.15,0,0,0,29.13,9.00,-36.67,9.43
60,3,0.1667,0,Ground,0.00,0.00,-900.00,90.15,0,0,0,29.13,9.00,-36.66,9.43
60,3,0.1833,0,Ground,0.00,0.00,-900.00,90.15,0,0,0,29.13,9.00,-36.66,9.43
60,3,0.2000,0,Ground,0.00,0.00,-900.00,90.15,0,0,0,29.13,9.00,-36.66,9.43
60,3,0.2167,0,Ground,0.00,0.00,-900.00,90.15,0,0,0,29.13,9.00,-36.66,9.43
60,3,0.2333,0,Ground,0.00,0.00,-900.00,90.15,0,0,0,29.13,9.01,-36.65,9.43
60,3,0.2500,0,Ground,0.00,0.00,-900.00,90.15,0,0,0,29.13,9.00,-36.65,9.43
60,3,0.2667,0,Ground,0.00,0.00,-900.00,90.15,0,0,0,29.13,9.01,-36.65,9.43
60,3,0.2833,0,Ground,0.00,0.00,-900.00,90.15,0,0,0,29.13,9.01,-36.65,9.42
60,3,0.3000,0,Ground,0.00,0.00,-900.00,90.15,0,0,0,29.14,9.02,-36.65,9.43
60,3,0.3167,0,Ground,0.00,0.00,-900.00,90.15,0,0,0,29.15,9.03,-36.64,9.43
60,3,0.3333,0,Ground,0.00,0.00,-900.00,90.15,0,0,0,29.15,9.04,-36.63,9.43
60,3,0.3500,0,Ground,0.00,0.00,-900.00,90.15,0,0,0,29.15,9.04,-36.63,9.44
60,3,0.3667,1,Ground,34.13,0.57,-900.00,90.15,1,0,0,29.73,9.05,-36.05,9.44
60,3,0.3833,1,Ground,68.27,1.71,-900.00,90.15,1,0,0,30.51,9.17,-34.71,9.41
60,3,0.4000,1,Ground,102.40,3.41,-900.00,90.15,1,0,0,31.27,9.19,-32.35,9.27
60,3,0.4167,1,Ground,136.53,5.69,-900.00,90.15,1,0,0,32.04,9.27,-28.97,9.01
60,3,0.4333,1,Ground,170.67,8.53,-900.00,90.15,1,0,0,32.94,9.44,-24.65,8.59
60,3,0.4500,1,Ground,204.80,11.95,-900.00,90.15,1,0,0,34.28,9.82,-19.53,8.04
60,3,0.4667,1,Ground,238.93,15.93,-900.00,90.15,1,0,0,36.52,10.53,-13.91,7.56
60,3,0.4833,1,Ground,273.07,20.48,-900.00,90.15,1,0,0,40.22,11.80,-8.36,7.49
60,3,0.5000,1,Ground,307.20,25.60,-900.00,90.15,1,0,0,45.92,13.85,-3.58,8.39
60,3,0.5167,1,Ground,341.33,31.29,-900.00,90.15,1,0,0,53.98,16.80,-0.13,10.95
60,3,0.5333,1,Ground,375.47,37.55,-900.00,90.15,1,0,0,61.82,18.57,1.83,13.66
60,3,0.5500,1,Ground,409.60,44.37,-900.00,90.15,1,0,0,69.98,19.36,4.06,15.95
60,3,0.5667,1,Ground,443.73,51.77,-900.00,90.15,1,0,0,79.86,20.08,6.82,18.60
60,3,0.5833,1,Ground,477.87,59.73,-900.00,90.15,1,0,0,91.10,20.55,10.21,21.74
60,3,0.6000,1,Ground,512.00,68.27,-900.00,90.15,1,0,0,102.60,20.91,14.63,25.27
60,4,0.0000,0,Ground,0.00,0.00,-900.00,98.00,0,0,0,29.10,16.80,-36.72,17.28
60,4,0.0167,0,Ground,0.00,0.00,-900.00,90.15,0,0,0,29.10,8.95,-36.71,9.43
60,4,0.0333,0,Ground,0.00,0.00,-900.00,90.15,0,0,0,29.10,8.95,-36.71,9.43
60,4,0.0500,0,Ground,0.00,0.00,-900.00,90.15,0,0,0,29.10,8.96,-36.71,9.44
60,4,0.0667,1,Ground,0.00,0.00,-900.00,90.15,0,0,0,29.11,8.96,-36.70,9.43
60,4,0.0833,1,Ground,0.00,0.00,-900.00,90.15,0,0,0,29.11,8.96,-36.70,9.44
60,4,0.1000,1,Ground,0.00,0.00,-900.00,90.15,0,0,0,29.11,8.96,-36.70,9.44
60,4,0.1167,1,Ground,0.00,0.00,-900.00,90.15,0,0,0,29.11,8.97,-36.70,9.44
60,4,0.1333,1,Ground,0.00,0.00,-900.00,90.15,0,0,0,29.11,8.97,-36.70,9.44
60,4,0.1500,1,Ground,0.00,0.00,-900.00,90.15,0,0,0,29.12,8.97,-36.69,9.44
60,4,0.1667,2,Ground,0.00,0.00,-900.00,90.15,0,0,0,29.12,8.98,-36.69,9.44
60,4,0.1833,2,Ground,0.00,0.00,-900.00,90.15,0,0,0,29.12,8.98,-36.69,9.44
60,4,0.2000,2,Ground,0.00,0.00,-900.00,90.15,0,0,0,29.12,8.98,-36.69,9.44
60,4,0.2167,2,Ground,0.00,0.00,-900.00,90.15,0,0,0,29.12,8.98,-36.68,9.44
60,4,0.2333,2,Ground,0.00,0.00,-900.00,90.15,0,0,0,29.12,8.98,-36.68,9.43
60,4,0.2500,2,Ground,0.00,0.00,-900.00,90.15,0,0,0,29.12,8.98,-36.68,9.43
60,4,0.2667,2,Ground,0.00,0.00,-900.00,90.15,0,0,0,29.12,8.99,-36.68,9.43
60,4,0.2833,2,Ground,0.00,0.00,-900.00,90.15,0,0,0,29.13,8.99,-36.67,9.43
60,4,0.3000,2,Ground,0.00,0.00,-900.00,90.15,0,0,0,29.13,8.99,-36.67,9.43
60,4,0.3167,3,Ground,0.00,0.00,-900.00,90.15,0,0,0,29.13,8.99,-36.67,9.43
60,4,0.3333,3,Ground,0.00,0.00,-900.00,90.15,0,0,0,29.13,9.00,-36.67,9.43
60,4,0.3500,3,Ground,0.00,0.00,-900.00,90.15,0,0,0,29.13,9.00,-36.66,9.43
60,4,0.3667,3,Ground,0.00,0.00,-900.00,90.15,0,0,0,29.13,9.00,-36.66,9.43
60,4,0.3833,3,Ground,0.00,0.00,-900.00,90.15,0,0,0,29.13,9.00,-36.66,9.43
60,4,0.4000,3,Ground,0.00,0.00,-900.00,90.15,0,0,0,29.13,9.00,-36.66,9.43
60,4,0.4167,3,Ground,0.00,0.00,-900.00,90.15,0,0,0,29.13,9.01,-36.65,9.43
60,4,0.4333,3,Ground,0.00,0.00,-900.00,90.15,0,0,0,29.13,9.00,-36.65,9.43
60,4,0.4500,3,Ground,0.00,0.00,-900.00,90.15,0,0,0,29.13,9.01,-36.65,9.43
60,4,0.4667,3,Ground,0.00,0.00,-900.00,90.15,0,0,0,29.13,9.01,-36.65,9.42
60,4,0.4833,3,Ground,0.00,0.00,-900.00,90.15,0,0,0,29.14,9.02,-36.65,9.43
60,4,0.5000,3,Ground,0.00,0.00,-900.00,90.15,0,0,0,29.15,9.03,-36.64,9.43
60,5,0.0000,0,Ground,0.00,0.00,-900.00,98.00,0,0,0,29.23,17.02,-36.53,17.35
60,5,0.0167,0,JumpStart,23.89,0.20,-900.00,108.70,0,0,0,27.68,26.83,-37.33,27.45
60,5,0.0333,0,JumpStart,47.79,0.80,-900.00,119.12,0,0,0,18.73,34.14,-40.48,36.59
60,5,0.0500,0,JumpStart,59.73,1.69,-900.00,129.28,0,0,0,8.56,46.42,-35.97,51.71
60,5,0.0667,0,JumpStart,71.68,2.79,-900.00,139.16,0,0,0,4.42,61.62,-26.92,69.35
60,5,0.0833,0,JumpStart,83.63,4.08,-900.00,148.76,0,0,0,4.70,73.40,-18.24,85.90
60,5,0.1000,0,JumpStart,95.57,5.58,-900.00,158.10,0,0,0,7.35,83.83,-10.01,99.64
60,5,0.1167,1,JumpStart,107.52,7.27,-900.00,167.16,0,0,0,13.00,95.57,-1.26,111.99
60,5,0.1333,1,JumpStart,119.47,9.16,-900.00,175.96,0,0,0,19.29,106.48,8.65,125.66
60,5,0.1500,1,JumpStart,131.41,11.25,-900.00,184.48,0,0,0,23.40,119.77,17.80,139.58
60,5,0.1667,1,JumpStart,143.36,13.54,-900.00,192.72,0,0,0,25.61,131.32,24.99,152.51
60,5,0.1833,1,JumpStart,155.31,16.03,-900.00,200.70,0,0,0,26.92,141.86,30.93,164.72
60,5,0.2000,1,JumpStart,167.25,18.72,-900.00,208.40,0,0,0,28.30,152.19,36.36,176.57
60,5,0.2167,1,JumpStart,179.20,21.60,-900.00,215.83,0,0,0,30.69,163.07,41.95,188.51
60,5,0.2333,1,JumpStart,191.15,24.69,-900.00,222.99,0,0,0,34.88,175.18,48.29,201.07
60,5,0.2500,1,JumpStart,203.09,27.98,-900.00,229.88,0,0,0,40.29,188.51,54.95,214.04
60,5,0.2667,1,JumpStart,215.04,31.46,-900.00,236.49,0,0,0,45.70,202.45,61.05,226.67
60,5,0.2833,1,JumpStart,226.99,35.14,-900.00,242.83,0,0,0,50.86,216.67,66.56,238.72
60,5,0.3000,1,JumpStart,238.93,39.03,-900.00,248.90,0,0,0,55.62,230.69,71.52,250.00
60,5,0.3167,1,JumpStart,250.88,43.11,-900.00,254.70,0,0,0,59.99,244.02,76.05,260.32
60,5,0.3333,1,JumpStart,262.83,47.39,-900.00,260.22,0,0,0,64.13,256.15,80.28,269.59
60,5,0.3500,1,JumpStart,274.77,51.87,-900.00,265.48,0,0,0,68.28,266.64,84.39,277.74
60,5,0.3667,1,JumpStart,286.72,56.55,-900.00,270.46,0,0,0,72.71,275.10,88.54,284.76
60,5,0.3833,1,JumpStart,298.67,61.43,-900.00,275.16,0,0,0,77.65,281.22,92.84,290.63
60,5,0.4000,1,JumpStart,310.61,66.50,-900.00,279.60,0,0,0,83.19,285.31,97.37,295.59
60,5,0.4167,1,JumpStart,322.56,71.78,-900.00,283.76,0,0,0,89.25,287.99,102.13,299.87
60,5,0.4333,1,JumpStart,334.51,77.26,-900.00,287.66,0,0,0,95.75,289.37,107.11,303.53
60,5,0.4500,1,JumpStart,346.45,82.93,-900.00,291.28,0,0,0,102.58,289.58,112.29,306.58
60,5,0.4667,1,JumpStart,358.40,88.80,-900.00,294.62,0,0,0,109.64,288.75,117.65,309.06
60,5,0.4833,1,JumpStart,370.35,94.88,-900.00,297.70,0,0,0,116.81,287.04,123.13,310.99
60,5,0.5000,1,JumpStart,382.29,101.15,-900.00,300.50,0,0,0,124.00,284.60,128.71,312.39
60,5,0.5167,1,JumpStart,394.24,107.62,-900.00,303.03,0,0,0,131.14,281.62,134.34,313.28
60,5,0.5333,1,JumpLoop,406.19,114.29,-900.00,305.29,0,0,0,138.03,277.19,139.73,313.08
60,5,0.5500,1,JumpLoop,418.13,121.16,-900.00,307.28,0,0,0,144.39,271.24,144.60,311.56
60,5,0.5667,1,JumpLoop,430.08,128.23,-900.00,308.99,0,0,0,150.18,265.01,149.05,309.26
60,5,0.5833,1,JumpLoop,442.03,135.50,-900.00,310.43,0,0,0,155.69,259.61,153.40,306.85
60,5,0.6000,1,JumpLoop,450.00,142.93,-900.00,311.60,0,0,0,161.18,255.46,157.93,304.68
60,5,0.6167,1,JumpLoop,450.00,150.43,-900.00,312.50,0,0,0,166.76,252.35,162.72,302.68
60,5,0.6333,1,JumpLoop,450.00,157.93,-900.00,313.12,0,0,0,172.60,249.95,167.88,300.79
60,5,0.6500,1,JumpLoop,450.00,165.43,-900.00,313.48,0,0,0,178.83,248.03,173.54,299.02
60,5,0.6667,1,JumpLoop,450.00,172.93,-900.00,313.56,0,0,0,185.53,246.44,179.78,297.41
60,5,0.6833,1,JumpLoop,450.00,180.43,-900.00,313.36,0,0,0,192.69,245.18,186.60,296.07
60,5,0.7000,1,JumpLoop,450.00,187.93,-900.00,312.90,0,0,0,200.20,244.20,193.90,295.04
60,5,0.7167,1,JumpLoop,450.00,195.43,-900.00,312.16,0,0,0,207.88,243.34,201.43,294.16
60,5,0.7333,1,JumpLoop,450.00,202.93,-900.00,311.16,0,0,0,215.54,242.28,208.94,293.10
60,5,0.7500,1,JumpLoop,450.00,210.43,-900.00,309.87,0,0,0,223.18,240.96,216.37,291.76
60,5,0.7667,1,JumpLoop,450.00,217.93,-900.00,308.32,0,0,0,230.85,239.36,223.74,290.14
60,5,0.7833,1,JumpLoop,450.00,225.43,-900.00,306.50,0,0,0,238.52,237.50,231.04,288.24
60,5,0.8000,1,JumpLoop,450.00,232.93,-900.00,304.40,0,0,0,246.20,235.36,238.30,286.05
60,5,0.8167,1,JumpLoop,450.00,240.43,-900.00,302.03,0,0,0,253.89,232.96,245.52,283.59
60,5,0.8333,1,JumpLoop,450.00,247.93,-900.00,299.39,0,0,0,261.57,230.29,252.71,280.86
60,5,0.8500,1,JumpLoop,450.00,255.43,-900.00,296.47,0,0,0,269.25,227.34,259.89,277.85
60,5,0.8667,1,JumpLoop,450.00,262.93,-900.00,293.29,0,0,0,276.90,224.13,267.06,274.57
60,5,0.8833,1,JumpLoop,450.00,270.43,-900.00,289.83,0,0,0,284.54,220.65,274.25,271.03
60,5,0.9000,1,JumpLoop,450.00,277.93,-900.00,286.10,0,0,0,292.16,216.90,281.45,267.22
60,5,0.9167,1,JumpLoop,450.00,285.43,-900.00,282.10,0,0,0,299.74,212.88,288.69,263.15
60,5,0.9333,1,JumpLoop,450.00,292.93,-900.00,277.82,0,0,0,307.29,208.59,295.98,258.82
60,5,0.9500,1,JumpLoop,450.00,300.43,-900.00,273.27,0,0,0,314.80,204.03,303.29,254.22
60,5,0.9667,1,JumpLoop,450.00,307.93,-900.00,268.46,0,0,0,322.27,199.20,310.61,249.36
60,5,0.9833,1,JumpLoop,450.00,315.43,-900.00,263.36,0,0,0,329.70,194.09,317.92,244.22
60,5,1.0000,1,JumpLoop,450.00,322.93,-900.00,258.00,0,0,0,337.11,188.72,325.23,238.81
60,5,1.0167,1,JumpLoop,450.00,330.43,-900.00,252.36,0,0,0,344.50,183.07,332.55,233.14
60,5,1.0333,1,JumpLoop,450.00,337.93,-900.00,246.46,0,0,0,351.86,177.16,339.88,227.20
60,5,1.0500,1,JumpLoop,450.00,345.43,-900.00,240.27,0,0,0,359.22,170.98,347.23,220.99
60,5,1.0667,1,JumpLoop,450.00,352.93,-900.00,233.82,0,0,0,366.57,164.54,354.59,214.51
60,5,1.0833,1,JumpLoop,450.00,360.43,-900.00,227.10,0,0,0,373.92,157.83,361.97,207.77
60,5,1.1000,1,JumpLoop,450.00,367.93,-900.00,220.10,0,0,0,381.27,150.85,369.38,200.77
60,5,1.1167,1,JumpLoop,450.00,375.43,-900.00,212.83,0,0,0,388.62,143.62,376.81,193.51
60,5,1.1333,1,JumpLoop,450.00,382.93,-900.00,205.29,0,0,0,395.94,136.12,384.28,185.99
60,5,1.1500,1,JumpLoop,450.00,390.43,-900.00,197.47,0,0,0,403.24,128.34,391.78,178.21
60,5,1.1667,1,JumpLoop,450.00,397.93,-900.00,189.39,0,0,0,410.53,120.30,399.33,170.19
60,5,1.1833,1,JumpLoop,450.00,405.43,-900.00,181.03,0,0,0,417.79,111.99,406.93,161.94
60,5,1.2000,1,JumpLoop,450.00,412.93,-900.00,172.40,0,0,0,425.04,103.41,414.58,153.43
60,5,1.2167,1,JumpLoop,450.00,420.43,-900.00,163.50,0,0,0,432.27,94.57,422.26,144.67
60,5,1.2333,1,JumpLoop,450.00,427.93,-900.00,154.32,0,0,0,439.51,85.44,429.96,135.65
60,5,1.2500,1,JumpLoop,450.00,435.43,-900.00,144.87,0,0,0,446.75,76.05,437.69,126.37
60,5,1.2667,1,JumpLoop,450.00,442.93,-900.00,135.16,0,0,0,454.00,66.37,445.43,116.81
60,5,1.2833,1,JumpLoop,450.00,450.43,-900.00,125.16,0,0,0,461.28,56.43,453.18,106.98
60,5,1.3000,1,JumpLoop,450.00,457.93,-900.00,114.90,0,0,0,468.59,46.20,460.92,96.85
60,5,1.3167,1,JumpLoop,450.00,465.43,-900.00,104.36,0,0,0,475.93,35.70,468.66,86.45
60,5,1.3333,1,JumpLoop,450.00,472.93,-900.00,93.56,0,0,0,483.33,24.91,476.38,75.74
60,5,1.3500,1,JumpEnd,0.00,476.12,-900.00,90.15,0,0,1,486.42,21.46,479.68,72.24
60,5,1.3667,1,JumpEnd,0.00,476.12,-900.00,90.15,0,0,1,486.02,20.80,479.17,70.94
60,5,1.3833,1,JumpEnd,0.00,476.12,-900.00,90.15,0,0,1,485.70,18.99,477.40,67.12
60,5,1.4000,1,JumpEnd,0.00,476.12,-900.00,90.15,0,0,1,485.45,16.04,473.80,60.10
60,5,1.4167,1,Ground,0.00,476.12,-900.00,90.15,0,0,1,486.24,12.58,467.50,47.37
60,5,1.4333,1,Ground,0.00,476.12,-900.00,90.15,0,0,1,488.87,10.15,458.83,31.39
60,5,1.4500,1,Ground,0.00,476.12,-900.00,90.15,0,0,1,492.61,8.93,450.85,18.56
60,5,1.4667,1,Ground,0.00,476.12,-900.00,90.15,0,0,1,496.86,8.40,444.34,10.20
60,5,1.4833,1,Ground,34.13,476.69,-900.00,90.15,0,0,0,501.46,8.45,441.16,7.36
60,5,1.5000,1,Ground,68.27,477.83,-900.00,90.15,0,0,0,504.97,8.83,441.54,8.07
60,5,1.5167,1,Ground,102.40,479.53,-900.00,90.15,0,0,0,506.94,9.11,444.06,9.06
60,5,1.5333,1,Ground,136.53,481.81,-900.00,90.15,0,0,0,508.05,9.10,447.33,8.80
60,5,1.5500,1,Ground,170.67,484.65,-900.00,90.15,0,0,0,509.78,9.11,451.22,8.44
60,5,1.5667,1,Ground,204.80,488.07,-900.00,90.15,0,0,0,512.41,9.21,455.56,8.12
60,5,1.5833,1,Ground,238.93,492.05,-900.00,90.15,0,0,0,516.16,9.50,460.14,7.98
60,5,1.6000,1,Ground,273.07,496.60,-900.00,90.15,0,0,0,521.32,10.13,464.51,8.26
60,5,1.6167,1,Ground,307.20,501.72,-900.00,90.15,0,0,0,528.34,11.40,468.18,9.60
60,5,1.6333,1,Ground,341.33,507.41,-900.00,90.15,0,0,0,537.65,13.35,470.63,12.73
60,6,0.0000,0,Ground,0.00,0.00,-900.00,98.00,0,0,0,29.09,16.79,-36.72,17.28
60,6,0.0167,0,JumpStart,0.00,0.00,-900.00,108.70,0,0,0,27.24,26.70,-37.61,27.65
60,6,0.0333,0,JumpStart,0.00,0.00,-900.00,119.12,0,0,0,17.75,34.29,-41.06,37.59
60,6,0.0500,0,JumpStart,0.00,0.00,-900.00,129.28,0,0,0,7.03,46.42,-37.38,52.53
60,6,0.0667,0,JumpStart,0.00,0.00,-900.00,139.16,0,0,0,1.71,61.55,-29.64,69.57
60,6,0.0833,0,JumpStart,0.00,0.00,-900.00,148.76,0,0,0,0.62,73.40,-22.32,85.90
60,6,0.1000,0,JumpStart,0.00,0.00,-900.00,158.10,0,0,0,1.77,83.83,-15.59,99.64
60,6,0.1167,1,JumpStart,0.00,0.00,-900.00,167.16,0,0,0,5.74,95.57,-8.53,111.99
60,6,0.1333,1,JumpStart,0.00,0.00,-900.00,175.96,0,0,0,10.13,106.48,-0.51,125.66
60,6,0.1500,1,JumpStart,0.00,0.00,-900.00,184.48,0,0,0,12.15,119.77,6.55,139.58
60,6,0.1667,1,JumpStart,0.00,0.00,-900.00,192.72,0,0,0,12.07,131.32,11.45,152.51
60,6,0.1833,1,JumpStart,0.00,0.00,-900.00,200.70,0,0,0,10.89,141.86,14.90,164.72
60,6,0.2000,1,JumpStart,0.00,0.00,-900.00,208.40,0,0,0,9.59,152.19,17.64,176.57
60,6,0.2167,1,JumpStart,0.00,0.00,-900.00,215.83,0,0,0,9.09,163.07,20.34,188.51
60,6,0.2333,1,JumpStart,0.00,0.00,-900.00,222.99,0,0,0,10.19,175.18,23.60,201.07
60,6,0.2500,1,JumpStart,0.00,0.00,-900.00,229.88,0,0,0,12.32,188.51,26.98,214.04
60,6,0.2667,1,JumpStart,0.00,0.00,-900.00,236.49,0,0,0,14.24,202.45,29.59,226.67
60,6,0.2833,1,JumpStart,0.00,0.00,-900.00,242.83,0,0,0,15.72,216.67,31.42,238.72
60,6,0.3000,1,JumpStart,0.00,0.00,-900.00,248.90,0,0,0,16.59,230.69,32.49,250.00
60,6,0.3167,1,JumpStart,0.00,0.00,-900.00,254.70,0,0,0,16.88,244.02,32.94,260.32
60,6,0.3333,1,JumpStart,0.00,0.00,-900.00,260.22,0,0,0,16.74,256.15,32.89,269.59
60,6,0.3500,1,JumpStart,0.00,0.00,-900.00,265.48,0,0,0,16.41,266.64,32.52,277.74
60,6,0.3667,1,JumpStart,0.00,0.00,-900.00,270.46,0,0,0,16.16,275.10,31.99,284.76
60,6,0.3833,1,JumpStart,0.00,0.00,-900.00,275.16,0,0,0,16.22,281.22,31.42,290.63
60,6,0.4000,1,JumpStart,0.00,0.00,-900.00,279.60,0,0,0,16.69,285.31,30.86,295.59
60,6,0.4167,1,JumpStart,0.00,0.00,-900.00,283.76,0,0,0,17.47,287.99,30.35,299.87
60,6,0.4333,1,JumpStart,0.00,0.00,-900.00,287.66,0,0,0,18.50,289.37,29.86,303.53
60,6,0.4500,1,JumpStart,0.00,0.00,-900.00,291.28,0,0,0,19.65,289.58,29.36,306.58
60,6,0.4667,1,JumpStart,0.00,0.00,-900.00,294.62,0,0,0,20.83,288.75,28.84,309.06
60,6,0.4833,1,JumpStart,0.00,0.00,-900.00,297.70,0,0,0,21.93,287.04,28.25,310.99
60,6,0.5000,1,JumpStart,0.00,0.00,-900.00,300.50,0,0,0,22.85,284.60,27.56,312.39
60,6,0.5167,1,JumpStart,0.00,0.00,-900.00,303.03,0,0,0,23.52,281.62,26.72,313.28
60,6,0.5333,1,JumpLoop,0.00,0.00,-900.00,305.29,0,0,0,23.74,277.19,25.44,313.08
60,6,0.5500,1,JumpLoop,0.00,0.00,-900.00,307.28,0,0,0,23.23,271.24,23.44,311.56
60,6,0.5667,1,JumpLoop,0.00,0.00,-900.00,308.99,0,0,0,21.96,265.01,20.82,309.26
60,6,0.5833,1,JumpLoop,0.00,0.00,-900.00,310.43,0,0,0,20.19,259.61,17.91,306.85
60,6,0.6000,1,JumpLoop,0.00,0.00,-900.00,311.60,0,0,0,18.25,255.46,15.00,304.68
60,6,0.6167,1,JumpLoop,0.00,0.00,-900.00,312.50,0,0,0,16.34,252.35,12.29,302.68
60,6,0.6333,1,JumpLoop,0.00,0.00,-900.00,313.12,0,0,0,14.67,249.95,9.95,300.79
60,6,0.6500,1,JumpLoop,0.00,0.00,-900.00,313.48,0,0,0,13.40,248.03,8.11,299.02
60,6,0.6667,1,JumpLoop,0.00,0.00,-900.00,313.56,0,0,0,12.60,246.44,6.85,297.41
60,6,0.6833,1,JumpLoop,0.00,0.00,-900.00,313.36,0,0,0,12.26,245.18,6.18,296.07
60,6,0.7000,1,JumpLoop,0.00,0.00,-900.00,312.90,0,0,0,12.27,244.20,5.97,295.04
60,6,0.7167,1,JumpLoop,0.00,0.00,-900.00,312.16,0,0,0,12.45,243.34,6.01,294.16
60,6,0.7333,1,JumpLoop,0.00,0.00,-900.00,311.16,0,0,0,12.61,242.28,6.01,293.10
60,6,0.7500,1,JumpLoop,0.00,0.00,-900.00,309.87,0,0,0,12.76,240.96,5.95,291.76
60,6,0.7667,1,JumpLoop,0.00,0.00,-900.00,308.32,0,0,0,12.92,239.36,5.81,290.14
60,6,0.7833,1,JumpLoop,0.00,0.00,-900.00,306.50,0,0,0,13.09,237.50,5.61,288.24
60,6,0.8000,1,JumpLoop,0.00,0.00,-900.00,304.40,0,0,0,13.28,235.36,5.37,286.05
60,6,0.8167,1,JumpLoop,0.00,0.00,-900.00,302.03,0,0,0,13.46,232.96,5.09,283.59
60,6,0.8333,1,JumpLoop,0.00,0.00,-900.00,299.39,0,0,0,13.64,230.29,4.78,280.86
60,6,0.8500,1,JumpLoop,0.00,0.00,-900.00,296.47,0,0,0,13.82,227.34,4.46,277.85
60,6,0.8667,1,JumpLoop,0.00,0.00,-900.00,293.29,0,0,0,13.97,224.13,4.13,274.57
60,6,0.8833,1,JumpLoop,0.00,0.00,-900.00,289.83,0,0,0,14.11,220.65,3.82,271.03
60,6,0.9000,1,JumpLoop,0.00,0.00,-900.00,286.10,0,0,0,14.23,216.90,3.52,267.22
60,6,0.9167,1,JumpLoop,0.00,0.00,-900.00,282.10,0,0,0,14.31,212.88,3.26,263.15
60,6,0.9333,1,JumpLoop,0.00,0.00,-900.00,277.82,0,0,0,14.36,208.59,3.05,258.82
60,6,0.9500,1,JumpLoop,0.00,0.00,-900.00,273.27,0,0,0,14.37,204.03,2.86,254.22
60,6,0.9667,1,JumpLoop,0.00,0.00,-900.00,268.46,0,0,0,14.34,199.20,2.68,249.36
60,6,0.9833,1,JumpLoop,0.00,0.00,-900.00,263.36,0,0,0,14.28,194.09,2.49,244.22
60,6,1.0000,1,JumpLoop,0.00,0.00,-900.00,258.00,0,0,0,14.18,188.72,2.30,238.81
60,6,1.0167,1,JumpLoop,0.00,0.00,-900.00,252.36,0,0,0,14.07,183.07,2.13,233.14
60,6,1.0333,1,JumpLoop,0.00,0.00,-900.00,246.46,0,0,0,13.93,177.16,1.95,227.20
60,6,1.0500,1,JumpLoop,0.00,0.00,-900.00,240.27,0,0,0,13.79,170.98,1.80,220.99
60,6,1.0667,1,JumpLoop,0.00,0.00,-900.00,233.82,0,0,0,13.64,164.54,1.66,214.51
60,6,1.0833,1,JumpLoop,0.00,0.00,-900.00,227.10,0,0,0,13.49,157.83,1.54,207.77
60,6,1.1000,1,JumpLoop,0.00,0.00,-900.00,220.10,0,0,0,13.34,150.85,1.45,200.77
60,6,1.1167,1,JumpLoop,0.00,0.00,-900.00,212.83,0,0,0,13.19,143.62,1.39,193.51
60,6,1.1333,1,JumpLoop,0.00,0.00,-900.00,205.29,0,0,0,13.01,136.12,1.35,185.99
60,6,1.1500,1,JumpLoop,0.00,0.00,-900.00,197.47,0,0,0,12.82,128.34,1.35,178.21
60,6,1.1667,1,JumpLoop,0.00,0.00,-900.00,189.39,0,0,0,12.61,120.30,1.40,170.19
60,6,1.1833,1,JumpLoop,0.00,0.00,-900.00,181.03,0,0,0,12.37,111.99,1.50,161.94
60,6,1.2000,1,JumpLoop,0.00,0.00,-900.00,172.40,0,0,0,12.11,103.41,1.65,153.43
60,6,1.2167,1,JumpLoop,0.00,0.00,-900.00,163.50,0,0,0,11.84,94.57,1.83,144.67
60,6,1.2333,1,JumpLoop,0.00,0.00,-900.00,154.32,0,0,0,11.58,85.44,2.04,135.65
60,6,1.2500,1,JumpLoop,0.00,0.00,-900.00,144.87,0,0,0,11.32,76.05,2.26,126.37
60,6,1.2667,1,JumpLoop,0.00,0.00,-900.00,135.16,0,0,0,11.07,66.37,2.50,116.81
60,6,1.2833,1,JumpLoop,0.00,0.00,-900.00,125.16,0,0,0,10.85,56.43,2.75,106.98
60,6,1.3000,1,JumpLoop,0.00,0.00,-900.00,114.90,0,0,0,10.66,46.20,2.99,96.85
60,6,1.3167,1,JumpLoop,0.00,0.00,-900.00,104.36,0,0,0,10.50,35.70,3.23,86.45
60,6,1.3333,1,JumpLoop,0.00,0.00,-900.00,93.56,0,0,0,10.40,24.91,3.45,75.74
60,6,1.3500,1,JumpEnd,0.00,0.00,-900.00,90.15,0,0,1,10.30,21.46,3.56,72.24
60,6,1.3667,1,JumpEnd,0.00,0.00,-900.00,90.15,0,0,1,9.90,20.80,3.05,70.94
60,6,1.3833,1,JumpEnd,0.00,0.00,-900.00,90.15,0,0,1,9.58,18.99,1.28,67.12
60,6,1.4000,1,JumpEnd,0.00,0.00,-900.00,90.15,0,0,1,9.33,16.04,-2.32,60.10
60,6,1.4167,1,JumpEnd,0.00,0.00,-900.00,90.15,0,0,1,9.25,13.01,-7.98,50.53
60,6,1.4333,1,JumpEnd,0.00,0.00,-900.00,90.15,0,0,1,9.24,11.27,-15.13,40.41
60,6,1.4500,1,JumpEnd,0.00,0.00,-900.00,90.15,0,0,1,8.79,10.84,-21.66,32.58
60,6,1.4667,1,JumpEnd,0.00,0.00,-900.00,90.15,0,0,1,7.62,10.88,-27.97,25.29
60,6,1.4833,1,JumpEnd,0.00,0.00,-900.00,90.15,0,0,0,5.90,10.96,-33.42,18.97
60,6,1.5000,1,JumpEnd,0.00,0.00,-900.00,90.15,0,0,0,4.13,10.99,-37.48,14.02
60,6,1.5167,1,JumpEnd,0.00,0.00,-900.00,90.15,0,0,0,2.85,11.07,-39.74,10.84
60,6,1.5333,1,JumpEnd,0.00,0.00,-900.00,90.15,0,0,0,2.39,11.35,-39.88,9.80
60,6,1.5500,1,JumpEnd,0.00,0.00,-900.00,90.15,0,0,0,2.41,11.73,-38.92,9.96
60,6,1.5667,1,JumpEnd,0.00,0.00,-900.00,90.15,0,0,0,2.43,12.17,-38.06,10.11
60,6,1.5833,1,JumpEnd,0.00,0.00,-900.00,90.15,0,0,0,2.52,12.67,-37.39,10.17
60,6,1.6000,1,JumpEnd,0.00,0.00,-900.00,90.15,0,0,0,2.53,13.12,-36.96,10.14
60,6,1.6167,1,JumpEnd,0.00,0.00,-900.00,90.15,0,0,0,2.54,13.57,-36.71,10.02
60,6,1.6333,1,JumpEnd,0.00,0.00,-900.00,90.15,0,0,0,2.62,14.04,-36.52,9.92
60,6,1.6500,2,JumpEnd,0.00,0.00,-900.00,90.15,0,0,0,2.75,14.51,-36.38,9.86
60,6,1.6667,2,JumpEnd,0.00,0.00,-900.00,90.15,0,0,0,2.91,14.97,-36.28,9.83
60,6,1.6833,2,JumpEnd,0.00,0.00,-900.00,90.15,0,0,0,3.12,15.40,-36.22,9.81
60,6,1.7000,2,JumpEnd,0.00,0.00,-900.00,90.15,0,0,0,3.39,15.80,-36.19,9.81
60,6,1.7167,2,JumpEnd,0.00,0.00,-900.00,90.15,0,0,0,3.71,16.16,-36.19,9.81
60,6,1.7333,2,JumpEnd,0.00,0.00,-900.00,90.15,0,0,0,4.09,16.47,-36.23,9.80
60,6,1.7500,2,JumpEnd,0.00,0.00,-900.00,90.15,0,0,0,4.53,16.73,-36.27,9.80
60,6,1.7667,2,JumpEnd,0.00,0.00,-900.00,90.15,0,0,0,5.07,16.95,-36.30,9.82
60,6,1.7833,2,JumpEnd,0.00,0.00,-900.00,90.15,0,0,0,5.65,17.09,-36.31,9.86
60,6,1.8000,2,JumpEnd,0.00,0.00,-900.00,90.15,0,0,0,6.27,17.16,-36.31,9.90
60,6,1.8167,2,JumpEnd,0.00,0.00,-900.00,90.15,0,0,0,6.94,17.13,-36.27,9.93
60,6,1.8333,2,JumpEnd,0.00,0.00,-900.00,90.15,0,0,0,7.73,16.97,-36.24,9.95
60,6,1.8500,2,JumpEnd,0.00,0.00,-900.00,90.15,0,0,0,8.70,16.64,-36.23,9.94
60,6,1.8667,2,JumpEnd,0.00,0.00,-900.00,90.15,0,0,0,9.82,16.14,-36.23,9.91
60,6,1.8833,2,JumpEnd,0.00,0.00,-900.00,90.15,0,0,0,11.08,15.48,-36.25,9.87
60,6,1.9000,2,JumpEnd,0.00,0.00,-900.00,90.15,0,0,0,12.46,14.66,-36.28,9.82
60,6,1.9167,2,JumpEnd,0.00,0.00,-900.00,90.15,0,0,0,13.97,13.69,-36.32,9.77
60,6,1.9333,2,JumpEnd,0.00,0.00,-900.00,90.15,0,0,0,15.62,12.62,-36.36,9.70
60,6,1.9500,2,JumpEnd,0.00,0.00,-900.00,90.15,0,0,0,17.42,11.50,-36.42,9.65
60,6,1.9667,2,JumpEnd,0.00,0.00,-900.00,90.15,0,0,0,19.50,10.53,-36.47,9.59
60,6,1.9833,2,JumpEnd,0.00,0.00,-900.00,90.15,0,0,0,21.72,9.73,-36.54,9.54
60,6,2.0000,2,JumpEnd,0.00,0.00,-900.00,90.15,0,0,0,24.45,9.64,-36.58,9.50
60,6,2.0167,2,JumpEnd,0.00,0.00,-900.00,90.15,0,0,0,27.01,9.49,-36.63,9.47
60,6,2.0333,2,JumpEnd,0.00,0.00,-900.00,90.15,0,0,0,29.17,9.07,-36.66,9.45
60,6,2.0500,2,JumpEnd,0.00,0.00,-900.00,90.15,0,0,0,29.10,9.01,-36.67,9.45
60,6,2.0667,2,JumpEnd,0.00,0.00,-900.00,90.15,0,0,0,29.06,8.98,-36.68,9.45
60,6,2.0833,2,JumpEnd,0.00,0.00,-900.00,90.15,0,0,0,29.04,8.97,-36.68,9.45
60,6,2.1000,2,JumpEnd,0.00,0.00,-900.00,90.15,0,0,0,29.05,8.98,-36.69,9.45
60,6,2.1167,2,JumpEnd,0.00,0.00,-900.00,90.15,0,0,0,29.06,9.01,-36.68,9.46
60,6,2.1333,2,Ground,0.00,0.00,-900.00,90.15,0,0,0,29.09,9.05,-36.68,9.46
60,6,2.1500,2,Ground,0.00,0.00,-900.00,90.15,0,0,0,29.13,9.09,-36.68,9.46
60,6,2.1667,2,Ground,0.00,0.00,-900.00,90.15,0,0,0,29.15,9.13,-36.68,9.46
60,6,2.1833,2,Ground,0.00,0.00,-900.00,90.15,0,0,0,29.16,9.15,-36.68,9.45
60,6,2.2000,2,Ground,0.00,0.00,-900.00,90.15,0,0,0,29.16,9.15,-36.69,9.45
60,6,2.2167,2,Ground,0.00,0.00,-900.00,90.15,0,0,0,29.15,9.14,-36.70,9.44
60,6,2.2333,2,Ground,0.00,0.00,-900.00,90.15,0,0,0,29.14,9.12,-36.71,9.43
60,6,2.2500,2,Ground,0.00,0.00,-900.00,90.15,0,0,0,29.15,9.12,-36.71,9.43
60,6,2.2667,2,Ground,0.00,0.00,-900.00,90.15,0,0,0,29.14,9.11,-36.71,9.43
60,6,2.2833,2,Ground,0.00,0.00,-900.00,90.15,0,0,0,29.14,9.11,-36.72,9.43
60,6,2.3000,2,Ground,0.00,0.00,-900.00,90.15,0,0,0,29.14,9.10,-36.72,9.42
60,6,2.3167,2,Ground,0.00,0.00,-900.00,90.15,0,0,0,29.13,9.09,-36.72,9.42
60,6,2.3333,2,Ground,0.00,0.00,-900.00,90.15,0,0,0,29.13,9.09,-36.73,9.42
60,6,2.3500,2,Ground,0.00,0.00,-900.00,90.15,0,0,0,29.13,9.08,-36.73,9.42
60,7,0.0000,0,Ground,0.00,0.00,-900.00,98.00,0,0,0,29.06,16.79,-36.75,17.26
60,7,0.0167,0,JumpStart,0.00,0.00,-900.00,108.70,0,0,0,27.24,26.65,-37.65,27.57
60,7,0.0333,0,JumpStart,0.00,0.00,-900.00,119.12,0,0,0,17.76,34.16,-41.15,37.40
60,7,0.0500,0,JumpStart,0.00,0.00,-900.00,129.28,0,0,0,6.98,46.32,-37.48,52.40
60,7,0.0667,0,JumpStart,0.00,0.00,-900.00,139.16,0,0,0,1.69,61.52,-29.67,69.53
60,7,0.0833,0,JumpStart,0.00,0.00,-900.00,148.76,0,0,0,0.62,73.40,-22.32,85.90
60,7,0.1000,0,JumpStart,0.00,0.00,-900.00,158.10,0,0,0,1.77,83.83,-15.59,99.64
60,7,0.1167,1,JumpStart,0.00,0.00,-900.00,167.16,0,0,0,5.74,95.57,-8.53,111.99
60,7,0.1333,1,JumpStart,0.00,0.00,-900.00,175.96,0,0,0,10.13,106.48,-0.51,125.66
60,7,0.1500,1,JumpStart,0.00,0.00,-900.00,184.48,0,0,0,12.15,119.77,6.55,139.58
60,7,0.1667,1,JumpStart,0.00,0.00,-900.00,192.72,0,0,0,12.07,131.32,11.45,152.51
60,7,0.1833,1,JumpStart,0.00,0.00,-900.00,200.70,0,0,0,10.89,141.86,14.90,164.72
60,7,0.2000,1,JumpStart,0.00,0.00,-900.00,208.40,0,0,0,9.59,152.19,17.64,176.57
60,7,0.2167,1,JumpStart,0.00,0.00,-900.00,215.83,0,0,0,9.09,163.07,20.34,188.51
60,7,0.2333,1,JumpStart,0.00,0.00,-900.00,222.99,0,0,0,10.19,175.18,23.60,201.07
60,7,0.2500,1,JumpStart,0.00,0.00,-900.00,229.88,0,0,0,12.32,188.51,26.98,214.04
60,7,0.2667,1,JumpStart,0.00,0.00,-900.00,236.49,0,0,0,14.24,202.45,29.59,226.67
60,7,0.2833,1,JumpStart,0.00,0.00,-900.00,242.83,0,0,0,15.72,216.67,31.42,238.72
60,7,0.3000,1,JumpStart,0.00,0.00,-900.00,248.90,0,0,0,16.59,230.69,32.49,250.00
60,7,0.3167,1,JumpStart,0.00,0.00,-900.00,254.70,0,0,0,16.88,244.02,32.94,260.32
60,7,0.3333,1,JumpStart,0.00,0.00,-900.00,260.22,0,0,0,16.74,256.15,32.89,269.59
60,7,0.3500,1,JumpStart,0.00,0.00,-900.00,265.48,0,0,0,16.41,266.64,32.52,277.74
60,7,0.3667,1,JumpStart,0.00,0.00,-900.00,270.46,0,0,0,16.16,275.10,31.99,284.76
60,7,0.3833,1,JumpStart,0.00,0.00,-900.00,275.16,0,0,0,16.22,281.22,31.42,290.63
60,7,0.4000,1,JumpStart,0.00,0.00,-900.00,279.60,0,0,0,16.69,285.31,30.86,295.59
60,7,0.4167,1,JumpStart,0.00,0.00,-900.00,283.76,0,0,0,17.47,287.99,30.35,299.87
60,7,0.4333,1,JumpStart,0.00,0.00,-900.00,287.66,0,0,0,18.50,289.37,29.86,303.53
60,7,0.4500,1,JumpStart,0.00,0.00,-900.00,291.28,0,0,0,19.65,289.58,29.36,306.58
60,7,0.4667,1,JumpStart,0.00,0.00,-900.00,294.62,0,0,0,20.83,288.75,28.84,309.06
60,7,0.4833,1,JumpStart,0.00,0.00,-900.00,297.70,0,0,0,21.93,287.04,28.25,310.99
60,7,0.5000,1,JumpStart,0.00,0.00,-900.00,300.50,0,0,0,22.85,284.60,27.56,312.39
60,7,0.5167,1,JumpStart,0.00,0.00,-900.00,303.03,0,0,0,23.52,281.62,26.72,313.28
60,7,0.5333,1,JumpLoop,0.00,0.00,-900.00,305.29,0,0,0,23.74,277.19,25.44,313.08
60,7,0.5500,1,JumpLoop,0.00,0.00,-900.00,307.28,0,0,0,23.23,271.24,23.44,311.56
60,7,0.5667,1,JumpLoop,0.00,0.00,-900.00,308.99,0,0,0,21.96,265.01,20.82,309.26
60,7,0.5833,1,JumpLoop,0.00,0.00,-900.00,310.43,0,0,0,20.19,259.61,17.91,306.85
60,7,0.6000,1,JumpLoop,0.00,0.00,-900.00,311.60,0,0,0,18.25,255.46,15.00,304.68
60,7,0.6167,1,JumpLoop,0.00,0.00,-900.00,312.50,0,0,0,16.34,252.35,12.29,302.68
60,7,0.6333,1,JumpLoop,0.00,0.00,-900.00,313.12,0,0,0,14.67,249.95,9.95,300.79
60,7,0.6500,1,JumpLoop,0.00,0.00,-900.00,313.48,0,0,0,13.40,248.03,8.11,299.02
60,7,0.6667,1,JumpLoop,0.00,0.00,-900.00,313.56,0,0,0,12.60,246.44,6.85,297.41
60,7,0.6833,1,JumpLoop,0.00,0.00,-900.00,313.36,0,0,0,12.26,245.18,6.18,296.07
60,7,0.7000,1,JumpLoop,0.00,0.00,-900.00,312.90,0,0,0,12.27,244.20,5.97,295.04
60,7,0.7167,1,JumpLoop,0.00,0.00,-900.00,312.16,0,0,0,12.45,243.34,6.01,294.16
60,7,0.7333,1,JumpLoop,0.00,0.00,-900.00,311.16,0,0,0,12.61,242.28,6.01,293.10
60,7,0.7500,1,JumpLoop,0.00,0.00,-900.00,309.87,0,0,0,12.76,240.96,5.95,291.76
60,7,0.7667,1,JumpLoop,0.00,0.00,-900.00,308.32,0,0,0,12.92,239.36,5.81,290.14
60,7,0.7833,1,JumpLoop,0.00,0.00,-900.00,306.50,0,0,0,13.09,237.50,5.61,288.24
60,7,0.8000,1,JumpLoop,0.00,0.00,-900.00,304.40,0,0,0,13.28,235.36,5.37,286.05
60,7,0.8167,1,JumpLoop,0.00,0.00,-900.00,302.03,0,0,0,13.46,232.96,5.09,283.59
60,7,0.8333,1,JumpLoop,0.00,0.00,-900.00,299.39,0,0,0,13.64,230.29,4.78,280.86
60,7,0.8500,1,JumpLoop,0.00,0.00,-900.00,296.47,0,0,0,13.82,227.34,4.46,277.85
60,7,0.8667,1,JumpLoop,0.00,0.00,-900.00,293.29,0,0,0,13.97,224.13,4.13,274.57
60,7,0.8833,1,JumpLoop,0.00,0.00,-900.00,289.83,0,0,0,14.11,220.65,3.82,271.03
60,7,0.9000,1,JumpLoop,0.00,0.00,-900.00,286.10,0,0,0,14.23,216.90,3.52,267.22
60,7,0.9167,1,JumpLoop,0.00,0.00,-900.00,282.10,0,0,0,14.31,212.88,3.26,263.15
60,7,0.9333,1,JumpLoop,0.00,0.00,-900.00,277.82,0,0,0,14.36,208.59,3.05,258.82
60,7,0.9500,1,JumpLoop,0.00,0.00,-900.00,273.27,0,0,0,14.37,204.03,2.86,254.22
60,7,0.9667,1,JumpLoop,0.00,0.00,-900.00,268.46,0,0,0,14.34,199.20,2.68,249.36
60,7,0.9833,1,JumpLoop,0.00,0.00,-900.00,263.36,0,0,0,14.28,194.09,2.49,244.22
60,7,1.0000,1,JumpLoop,0.00,0.00,-900.00,258.00,0,0,0,14.18,188.72,2.30,238.81
60,7,1.0167,1,JumpLoop,0.00,0.00,-900.00,252.36,0,0,0,14.07,183.07,2.13,233.14
60,7,1.0333,1,JumpLoop,0.00,0.00,-900.00,246.46,0,0,0,13.93,177.16,1.95,227.20
60,7,1.0500,1,JumpLoop,0.00,0.00,-900.00,240.27,0,0,0,13.79,170.98,1.80,220.99
60,7,1.0667,1,JumpLoop,0.00,0.00,-900.00,233.82,0,0,0,13.64,164.54,1.66,214.51
60,7,1.0833,1,JumpLoop,0.00,0.00,-900.00,227.10,0,0,0,13.49,157.83,1.54,207.77
60,7,1.1000,1,JumpLoop,0.00,0.00,-900.00,220.10,0,0,0,13.34,150.85,1.45,200.77
60,7,1.1167,1,JumpLoop,0.00,0.00,-900.00,212.83,0,0,0,13.19,143.62,1.39,193.51
60,7,1.1333,1,JumpLoop,0.00,0.00,-900.00,205.29,0,0,0,13.01,136.12,1.35,185.99
60,7,1.1500,1,JumpLoop,0.00,0.00,-900.00,197.47,0,0,0,12.82,128.34,1.35,178.21
60,7,1.1667,1,JumpLoop,0.00,0.00,-900.00,189.39,0,0,0,12.61,120.30,1.40,170.19
60,7,1.1833,1,JumpLoop,0.00,0.00,-900.00,181.03,0,0,0,12.37,111.99,1.50,161.94
60,7,1.2000,1,JumpLoop,0.00,0.00,-900.00,172.40,0,0,0,12.11,103.41,1.65,153.43
60,7,1.2167,1,JumpLoop,0.00,0.00,-900.00,163.50,0,0,0,11.84,94.57,1.83,144.67
60,7,1.2333,1,JumpLoop,0.00,0.00,-900.00,154.32,0,0,0,11.58,85.44,2.04,135.65
60,7,1.2500,1,JumpLoop,0.00,0.00,-900.00,144.87,0,0,0,11.32,76.05,2.26,126.37
60,7,1.2667,1,JumpLoop,0.00,0.00,-900.00,135.16,0,0,0,11.07,66.37,2.50,116.81
60,7,1.2833,1,JumpLoop,0.00,0.00,-900.00,125.16,0,0,0,10.85,56.43,2.75,106.98
60,7,1.3000,1,JumpLoop,0.00,0.00,-900.00,114.90,0,0,0,10.66,46.20,2.99,96.85
60,7,1.3167,1,JumpLoop,0.00,0.00,-900.00,104.36,0,0,0,10.50,35.70,3.23,86.45
60,7,1.3333,1,JumpLoop,0.00,0.00,-900.00,93.56,0,0,0,10.40,24.91,3.45,75.74
60,7,1.3500,1,JumpEnd,0.00,0.00,-900.00,90.15,0,0,1,10.30,21.46,3.56,72.24
60,7,1.3667,1,JumpEnd,0.00,0.00,-900.00,90.15,0,0,1,9.90,20.80,3.05,70.94
60,7,1.3833,1,JumpEnd,0.00,0.00,-900.00,90.15,0,0,1,9.58,18.99,1.28,67.12
60,7,1.4000,2,JumpStart,0.00,0.00,-900.00,100.85,0,0,0,10.18,24.91,-4.68,63.56
60,7,1.4167,2,JumpStart,0.00,0.00,-900.00,111.27,0,0,0,7.32,31.04,-17.59,52.50
60,7,1.4333,2,JumpStart,0.00,0.00,-900.00,121.43,0,0,0,2.37,42.13,-27.10,52.53
60,7,1.4500,2,JumpStart,0.00,0.00,-900.00,131.31,0,0,0,0.70,54.65,-27.85,62.84
60,7,1.4667,2,JumpStart,0.00,0.00,-900.00,140.91,0,0,0,0.62,65.55,-22.32,78.05
60,7,1.4833,2,JumpStart,0.00,0.00,-900.00,150.25,0,0,0,1.77,75.98,-15.59,91.79
60,7,1.5000,2,JumpStart,0.00,0.00,-900.00,159.31,0,0,0,5.74,87.72,-8.53,104.14
60,8,0.0000,0,JumpStart,0.00,0.00,-900.00,98.00,0,0,0,17.47,102.22,30.35,114.11
60,8,0.0167,0,JumpStart,23.89,0.20,-900.00,97.86,0,0,0,18.69,99.58,30.05,113.73
60,8,0.0333,0,JumpStart,47.79,0.80,-900.00,97.46,0,0,0,20.45,95.76,30.16,112.76
60,8,0.0500,0,JumpStart,59.73,1.69,-900.00,96.77,0,0,0,22.53,90.90,30.54,111.21
60,8,0.0667,0,JumpStart,71.68,2.79,-900.00,95.82,0,0,0,24.72,85.16,31.04,109.11
60,8,0.0833,0,JumpStart,83.63,4.08,-900.00,94.60,0,0,0,26.94,78.70,31.64,106.48
60,8,0.1000,0,JumpStart,95.57,5.58,-900.00,93.10,0,0,0,29.09,71.69,32.30,103.35
60,8,0.1167,0,JumpLoop,107.52,7.27,-900.00,91.33,0,0,0,31.01,63.23,32.71,99.12
60,8,0.1333,0,JumpLoop,119.47,9.16,-900.00,89.29,0,0,0,32.39,53.26,32.60,93.57
60,8,0.1500,0,JumpEnd,0.00,10.11,-900.00,90.15,0,0,1,31.83,45.62,30.60,89.83
60,8,0.1667,0,JumpEnd,0.00,10.11,-900.00,90.15,0,0,1,29.06,37.62,26.50,83.82
60,8,0.1833,0,JumpEnd,0.00,10.11,-900.00,90.15,0,0,1,25.88,30.55,21.18,75.90
60,8,0.2000,0,JumpEnd,0.00,10.11,-900.00,90.15,0,0,1,23.02,23.62,14.40,65.60
60,8,0.2167,0,Ground,0.00,10.11,-900.00,90.15,0,0,1,21.85,16.68,5.52,50.20
60,8,0.2333,0,Ground,0.00,10.11,-900.00,90.15,0,0,1,23.47,11.73,-5.21,32.44
60,8,0.2500,0,Ground,0.00,10.11,-900.00,90.15,0,0,1,26.84,9.32,-14.48,18.81
60,8,0.2667,0,Ground,0.00,10.11,-900.00,90.15,0,0,1,30.95,8.44,-21.52,10.21
60,8,0.2833,0,Ground,34.13,10.68,-900.00,90.15,0,0,0,35.49,8.44,-24.83,7.35
60,8,0.3000,0,Ground,68.27,11.82,-900.00,90.15,0,0,0,38.97,8.83,-24.47,8.06
60,8,0.3167,1,Crouch,100.00,13.49,-900.00,42.15,0,0,0,39.00,8.52,-19.69,7.98
60,8,0.3333,1,Crouch,100.00,15.15,-900.00,42.15,0,0,0,35.87,8.03,-12.00,5.63
60,8,0.3500,1,Crouch,100.00,16.82,-900.00,42.15,0,0,0,33.61,9.07,-4.19,4.13
60,8,0.3667,1,Crouch,100.00,18.49,-900.00,42.15,0,0,0,33.44,11.59,2.10,4.53
60,8,0.3833,1,Crouch,100.00,20.15,-900.00,42.15,0,0,0,35.17,14.40,6.50,6.37
60,8,0.4000,1,Crouch,100.00,21.82,-900.00,42.15,0,0,0,38.19,16.24,9.26,8.35
60,8,0.4167,1,Crouch,100.00,23.49,-900.00,42.15,0,0,0,42.18,16.47,10.55,9.45
60,8,0.4333,1,Crouch,100.00,25.15,-900.00,42.15,0,0,0,46.89,15.57,10.72,9.64
60,8,0.4500,1,Crouch,100.00,26.82,-900.00,42.15,0,0,0,51.63,14.65,10.92,9.90
60,8,0.4667,1,Crouch,100.00,28.49,-900.00,42.15,0,0,0,56.35,13.75,11.17,10.24
60,8,0.4833,1,Crouch,100.00,30.15,-900.00,42.15,0,0,0,61.05,12.90,11.44,10.59
60,8,0.5000,1,Crouch,100.00,31.82,-900.00,42.15,0,0,0,65.70,12.10,11.73,10.92
60,8,0.5167,2,Ground,134.13,34.05,-900.00,90.15,0,0,0,70.81,10.81,12.11,10.40
60,8,0.5333,2,Ground,168.27,36.86,-900.00,90.15,0,0,0,70.63,11.19,13.36,8.56
60,8,0.5500,2,Ground,202.40,40.23,-900.00,90.15,0,0,0,69.30,12.35,15.65,6.36
60,8,0.5667,2,Ground,236.53,44.17,-900.00,90.15,0,0,0,66.35,14.73,19.30,5.29
60,8,0.5833,2,Ground,270.67,48.69,-900.00,90.15,0,0,0,63.87,18.20,23.15,6.46
60,8,0.6000,2,Ground,304.80,53.77,-900.00,90.15,0,0,0,64.34,21.90,26.24,9.32
60,8,0.6167,2,Ground,338.93,59.41,-900.00,90.15,0,0,0,69.05,24.01,28.74,11.95
60,8,0.6333,2,Ground,373.07,65.63,-900.00,90.15,0,0,0,77.08,24.05,31.38,13.38
60,8,0.6500,2,Ground,407.20,72.42,-900.00,90.15,0,0,0,85.82,24.14,34.57,14.96
60,8,0.6667,2,Ground,441.33,79.77,-900.00,90.15,0,0,0,96.05,24.58,38.44,16.85
60,8,0.6833,2,Ground,450.00,87.27,-900.00,90.15,0,0,0,107.05,24.98,42.15,19.10
60,8,0.7000,2,Ground,450.00,94.77,-900.00,90.15,0,0,0,117.85,25.60,45.86,21.62
60,8,0.7167,2,Ground,450.00,102.27,-900.00,90.15,0,0,0,128.95,26.19,49.16,24.67
60,8,0.7333,2,Ground,450.00,109.77,-900.00,90.15,0,0,0,140.27,26.09,52.93,28.11
60,8,0.7500,2,Ground,450.00,117.27,-900.00,90.15,0,0,0,151.46,25.27,57.26,31.71
60,9,0.0000,0,Ground,0.00,0.00,-900.00,98.00,0,0,0,29.10,16.80,-36.72,17.28
60,9,0.0167,0,CrouchIn,0.00,0.00,-900.00,42.15,0,0,1,29.06,8.97,-36.72,9.43
60,9,0.0333,0,CrouchIn,0.00,0.00,-900.00,42.15,0,0,1,28.76,9.00,-36.73,9.43
60,9,0.0500,0,CrouchIn,0.00,0.00,-900.00,42.15,0,0,1,28.17,9.14,-36.79,9.45
60,9,0.0667,0,CrouchIn,0.00,0.00,-900.00,42.15,0,0,1,27.53,9.56,-36.85,9.52
60,9,0.0833,0,CrouchIn,0.00,0.00,-900.00,42.15,0,0,1,27.11,9.92,-36.87,9.60
60,9,0.1000,0,CrouchIn,0.00,0.00,-900.00,42.15,0,0,0,26.83,10.03,-36.90,9.63
60,9,0.1167,0,CrouchIn,0.00,0.00,-900.00,42.15,0,0,0,26.60,10.04,-36.95,9.66
60,9,0.1333,0,CrouchIn,0.00,0.00,-900.00,42.15,0,0,0,26.41,9.98,-36.60,9.78
60,9,0.1500,0,CrouchIn,0.00,0.00,-900.00,42.15,0,0,0,26.28,9.99,-36.33,9.86
60,9,0.1667,0,CrouchIn,0.00,0.00,-900.00,42.15,0,0,0,26.20,10.04,-35.86,10.09
60,9,0.1833,0,CrouchIn,0.00,0.00,-900.00,42.15,0,0,0,26.14,10.09,-35.31,10.38
60,9,0.2000,1,Crouch,0.00,0.00,-900.00,42.15,0,0,1,26.03,9.93,-33.99,10.60
60,9,0.2167,1,Crouch,0.00,0.00,-900.00,42.15,0,0,1,25.91,9.68,-31.72,10.91
60,9,0.2333,1,Crouch,0.00,0.00,-900.00,42.15,0,0,1,25.89,9.61,-29.31,11.52
60,9,0.2500,1,Crouch,0.00,0.00,-900.00,42.15,0,0,1,26.03,9.74,-27.36,12.41
60,9,0.2667,1,Crouch,34.13,0.57,-900.00,42.15,0,0,0,26.63,10.11,-25.31,13.21
60,9,0.2833,1,Crouch,68.27,1.71,-900.00,42.15,0,0,0,27.34,10.82,-22.86,13.39
60,9,0.3000,1,Crouch,100.00,3.37,-900.00,42.15,0,0,0,28.32,11.76,-19.83,12.78
60,9,0.3167,1,Crouch,100.00,5.04,-900.00,42.15,0,0,0,29.77,12.52,-16.98,11.91
60,9,0.3333,1,Crouch,100.00,6.71,-900.00,42.15,0,0,0,32.06,12.94,-14.39,11.31
60,9,0.3500,1,Crouch,100.00,8.37,-900.00,42.15,0,0,0,35.15,12.95,-12.21,11.03
60,9,0.3667,1,Crouch,100.00,10.04,-900.00,42.15,0,0,0,38.88,12.64,-10.50,11.00
60,9,0.3833,1,Crouch,100.00,11.71,-900.00,42.15,0,0,0,43.06,12.12,-9.20,11.10
60,9,0.4000,1,Crouch,100.00,13.37,-900.00,42.15,0,0,0,47.51,11.53,-8.22,11.29
60,10,0.0000,0,Ground,0.00,0.00,-900.00,98.00,0,0,0,29.09,16.84,-36.76,17.25
60,10,0.0167,0,Ground,0.00,0.00,-900.00,90.15,0,0,0,29.09,8.98,-36.76,9.40
60,10,0.0333,0,Ground,0.00,0.00,-900.00,90.15,0,0,0,29.08,8.97,-36.76,9.40
60,10,0.0500,0,Ground,0.00,0.00,-900.00,90.15,0,0,0,29.08,8.97,-36.76,9.40
60,10,0.0667,0,Ground,0.00,0.00,-900.00,90.15,0,0,0,29.07,8.96,-36.75,9.41
60,10,0.0833,0,Ground,0.00,0.00,-900.00,90.15,0,0,0,29.07,8.95,-36.75,9.41
60,10,0.1000,0,Ground,0.00,0.00,-900.00,90.15,0,0,0,29.06,8.95,-36.75,9.41
60,10,0.1167,0,Ground,0.00,0.00,-900.00,90.15,0,0,0,29.06,8.94,-36.75,9.41
60,10,0.1333,0,Ground,0.00,0.00,-900.00,90.15,0,0,0,29.06,8.93,-36.75,9.41
60,10,0.1500,0,Ground,0.00,0.00,-900.00,90.15,0,0,0,29.06,8.93,-36.75,9.41
60,10,0.1667,0,Ground,0.00,0.00,-900.00,90.15,0,0,0,29.06,8.93,-36.74,9.42
60,10,0.1833,0,Ground,0.00,0.00,-900.00,90.15,0,0,0,29.06,8.93,-36.74,9.42
60,10,0.2000,0,Ground,0.00,0.00,-900.00,90.15,0,0,0,29.06,8.93,-36.74,9.42
60,10,0.2167,0,Ground,0.00,0.00,-900.00,90.15,0,0,0,29.07,8.93,-36.74,9.42
60,10,0.2333,0,Ground,0.00,0.00,-900.00,90.15,0,0,0,29.07,8.93,-36.74,9.42
60,10,0.2500,0,Ground,0.00,0.00,-900.00,90.15,0,0,0,29.08,8.93,-36.73,9.43
60,10,0.2667,0,Ground,0.00,0.00,-900.00,90.15,0,0,0,29.08,8.94,-36.73,9.43
60,10,0.2833,0,Ground,0.00,0.00,-900.00,90.15,0,0,0,29.08,8.93,-36.73,9.43
60,10,0.3000,0,Ground,0.00,0.00,-900.00,90.15,0,0,0,29.08,8.94,-36.73,9.43
60,10,0.3167,0,Ground,0.00,0.00,-900.00,90.15,0,0,0,29.09,8.94,-36.73,9.43
60,10,0.3333,0,Ground,0.00,0.00,-900.00,90.15,0,0,0,29.09,8.94,-36.72,9.43
60,10,0.3500,0,Ground,0.00,0.00,-900.00,90.15,0,0,0,29.09,8.94,-36.72,9.43
60,10,0.3667,0,Ground,0.00,0.00,-900.00,90.15,0,0,0,29.09,8.95,-36.72,9.43
60,10,0.3833,0,Ground,0.00,0.00,-900.00,90.15,0,0,0,29.09,8.95,-36.72,9.43
60,10,0.4000,0,Ground,0.00,0.00,-900.00,90.15,0,0,0,29.10,8.95,-36.72,9.43
60,10,0.4167,0,Ground,0.00,0.00,-900.00,90.15,0,0,0,29.10,8.95,-36.71,9.43
60,10,0.4333,0,Ground,0.00,0.00,-900.00,90.15,0,0,0,29.10,8.95,-36.71,9.43
60,10,0.4500,0,Ground,0.00,0.00,-900.00,90.15,0,0,0,29.10,8.96,-36.71,9.44
60,10,0.4667,0,Ground,0.00,0.00,-900.00,90.15,0,0,0,29.11,8.96,-36.70,9.43
60,10,0.4833,0,Ground,0.00,0.00,-900.00,90.15,0,0,0,29.11,8.96,-36.70,9.44
60,10,0.5000,0,Ground,0.00,0.00,-900.00,90.15,0,0,0,29.11,8.96,-36.70,9.44
60,10,0.5167,0,Ground,0.00,0.00,-900.00,90.15,0,0,0,29.11,8.97,-36.70,9.44
60,10,0.5333,0,Ground,0.00,0.00,-900.00,90.15,0,0,0,29.11,8.97,-36.70,9.44
60,10,0.5500,0,Ground,0.00,0.00,-900.00,90.15,0,0,0,29.12,8.97,-36.69,9.44
60,10,0.5667,0,Ground,0.00,0.00,-900.00,90.15,0,0,0,29.12,8.98,-36.69,9.44
60,10,0.5833,0,Ground,0.00,0.00,-900.00,90.15,0,0,0,29.12,8.98,-36.69,9.44
60,10,0.6000,0,Ground,0.00,0.00,-900.00,90.15,0,0,0,29.12,8.98,-36.69,9.44
60,10,0.6167,0,Ground,0.00,0.00,-900.00,90.15,0,0,0,29.12,8.98,-36.68,9.44
60,10,0.6333,0,Ground,0.00,0.00,-900.00,90.15,0,0,0,29.12,8.98,-36.68,9.43
60,10,0.6500,0,Ground,0.00,0.00,-900.00,90.15,0,0,0,29.12,8.98,-36.68,9.43
60,10,0.6667,0,Ground,0.00,0.00,-900.00,90.15,0,0,0,29.13,8.99,-36.68,9.43
60,10,0.6833,0,Ground,0.00,0.00,-900.00,90.15,0,0,0,29.13,8.99,-36.67,9.43
60,10,0.7000,0,Ground,0.00,0.00,-900.00,90.15,0,0,0,29.13,8.99,-36.67,9.43
60,10,0.7167,0,Ground,0.00,0.00,-900.00,90.15,0,0,0,29.13,8.99,-36.67,9.43
60,10,0.7333,0,Ground,0.00,0.00,-900.00,90.15,0,0,0,29.13,9.00,-36.67,9.43
60,10,0.7500,0,Ground,0.00,0.00,-900.00,90.15,0,0,0,29.13,9.00,-36.66,9.43
60,10,0.7667,0,Ground,0.00,0.00,-900.00,90.15,0,0,0,29.13,9.00,-36.66,9.43
60,10,0.7833,0,Ground,0.00,0.00,-900.00,90.15,0,0,0,29.13,9.00,-36.66,9.43
60,10,0.8000,0,Ground,0.00,0.00,-900.00,90.15,0,0,0,29.13,9.00,-36.66,9.43
60,10,0.8167,0,Ground,0.00,0.00,-900.00,90.15,0,0,0,29.13,9.01,-36.65,9.43
60,10,0.8333,0,Ground,0.00,0.00,-900.00,90.15,0,0,0,29.13,9.00,-36.65,9.43
60,10,0.8500,0,Ground,0.00,0.00,-900.00,90.15,0,0,0,29.13,9.01,-36.65,9.43
60,10,0.8667,0,Ground,0.00,0.00,-900.00,90.15,0,0,0,29.14,9.01,-36.65,9.42
60,10,0.8833,0,Ground,0.00,0.00,-900.00,90.15,0,0,0,29.14,9.02,-36.65,9.43
60,10,0.9000,0,Ground,0.00,0.00,-900.00,90.15,0,0,0,29.15,9.03,-36.64,9.43
60,10,0.9167,0,Ground,0.00,0.00,-900.00,90.15,0,0,0,29.15,9.04,-36.63,9.43
60,10,0.9333,0,Ground,0.00,0.00,-900.00,90.15,0,0,0,29.15,9.05,-36.63,9.44
60,10,0.9500,0,Ground,0.00,0.00,-900.00,90.15,0,0,0,29.16,9.06,-36.61,9.44
60,10,0.9667,0,Ground,0.00,0.00,-900.00,90.15,0,0,0,29.17,9.06,-36.61,9.44
60,10,0.9833,0,Ground,0.00,0.00,-900.00,90.15,0,0,0,29.17,9.07,-36.60,9.45
60,10,1.0000,0,Ground,0.00,0.00,-900.00,90.15,0,0,0,29.18,9.08,-36.59,9.46
60,10,1.0167,0,Ground,0.00,0.00,-900.00,90.15,0,0,0,29.18,9.09,-36.58,9.46
60,10,1.0333,0,Ground,0.00,0.00,-900.00,90.15,0,0,0,29.19,9.10,-36.58,9.47
60,10,1.0500,0,Ground,0.00,0.00,-900.00,90.15,0,0,0,29.20,9.11,-36.57,9.47
60,10,1.0667,0,Ground,0.00,0.00,-900.00,90.15,0,0,0,29.20,9.12,-36.56,9.47
60,10,1.0833,0,Ground,0.00,0.00,-900.00,90.15,0,0,0,29.20,9.13,-36.55,9.48
60,10,1.1000,0,Ground,0.00,0.00,-900.00,90.15,0,0,0,29.21,9.14,-36.55,9.49
60,10,1.1167,1,Ground,0.00,0.00,-900.00,90.15,0,0,0,29.21,9.14,-36.54,9.49
60,10,1.1333,1,Ground,0.00,0.00,-900.00,90.15,0,0,0,29.21,9.15,-36.54,9.49
60,10,1.1500,1,Ground,0.00,0.00,-900.00,90.15,0,0,0,29.22,9.16,-36.53,9.50
60,10,1.1667,1,Ground,0.00,0.00,-900.00,90.15,0,0,0,29.22,9.17,-36.53,9.50
60,10,1.1833,1,Ground,0.00,0.00,-900.00,90.15,0,0,0,29.23,9.17,-36.53,9.50
60,10,1.2000,1,Ground,0.00,0.00,-900.00,90.15,0,0,0,29.23,9.17,-36.53,9.50
60,10,1.2167,1,Ground,0.00,0.00,-900.00,90.15,0,0,0,29.23,9.18,-36.53,9.50
60,10,1.2333,1,Ground,0.00,0.00,-900.00,90.15,0,0,0,29.23,9.18,-36.53,9.51
60,10,1.2500,1,Ground,0.00,0.00,-900.00,90.15,0,0,0,29.23,9.18,-36.53,9.51
60,10,1.2667,1,Ground,0.00,0.00,-900.00,90.15,0,0,0,29.23,9.19,-36.53,9.51
60,10,1.2833,1,Ground,0.00,0.00,-900.00,90.15,0,0,0,29.23,9.19,-36.53,9.51
60,10,1.3000,1,Ground,0.00,0.00,-900.00,90.15,0,0,0,29.22,9.19,-36.53,9.51
60,10,1.3167,1,Ground,0.00,0.00,-900.00,90.15,0,0,0,29.22,9.19,-36.53,9.51
60,10,1.3333,1,Ground,0.00,0.00,-900.00,90.15,0,0,0,29.23,9.20,-36.53,9.51
60,10,1.3500,1,Ground,0.00,0.00,-900.00,90.15,0,0,0,29.23,9.19,-36.54,9.50
60,10,1.3667,1,Ground,0.00,0.00,-900.00,90.15,0,0,0,29.22,9.20,-36.54,9.50
60,10,1.3833,1,Ground,0.00,0.00,-900.00,90.15,0,0,0,29.22,9.20,-36.55,9.50
60,10,1.4000,1,Ground,0.00,0.00,-900.00,90.15,0,0,0,29.22,9.20,-36.55,9.50
60,10,1.4167,1,Ground,0.00,0.00,-900.00,90.15,0,0,0,29.22,9.20,-36.56,9.50
60,10,1.4333,1,Ground,0.00,0.00,-900.00,90.15,0,0,0,29.22,9.20,-36.56,9.50
60,10,1.4500,1,Ground,0.00,0.00,-900.00,90.15,0,0,0,29.22,9.20,-36.57,9.50
60,10,1.4667,1,Ground,0.00,0.00,-900.00,90.15,0,0,0,29.22,9.20,-36.57,9.49
60,10,1.4833,1,Ground,0.00,0.00,-900.00,90.15,0,0,0,29.22,9.20,-36.57,9.49
60,10,1.5000,1,Ground,0.00,0.00,-900.00,90.15,0,0,0,29.22,9.20,-36.58,9.49
60,11,0.0000,0,Ground,0.00,0.00,-900.00,98.00,0,0,0,29.16,17.00,-36.69,17.30
60,11,0.0167,0,Ground,0.00,0.00,-900.00,90.15,0,0,0,29.16,9.14,-36.69,9.45
60,11,0.0333,0,Ground,0.00,0.00,-900.00,90.15,0,0,0,29.15,9.14,-36.70,9.44
60,11,0.0500,0,Ground,0.00,0.00,-900.00,90.15,0,0,0,29.15,9.13,-36.71,9.44
60,11,0.0667,0,Ground,0.00,0.00,-900.00,90.15,0,0,0,29.14,9.12,-36.71,9.43
60,11,0.0833,0,Ground,0.00,0.00,-900.00,90.15,0,0,0,29.15,9.12,-36.71,9.43
60,11,0.1000,0,Ground,0.00,0.00,-900.00,90.15,0,0,0,29.14,9.11,-36.71,9.43
60,11,0.1167,0,Ground,0.00,0.00,-900.00,90.15,0,0,0,29.14,9.11,-36.72,9.43
60,11,0.1333,0,Ground,0.00,0.00,-900.00,90.15,0,0,0,29.14,9.10,-36.72,9.42
60,11,0.1500,0,Ground,0.00,0.00,-900.00,90.15,0,0,0,29.13,9.09,-36.72,9.42
60,11,0.1667,0,Ground,0.00,0.00,-900.00,90.15,0,0,0,29.13,9.09,-36.73,9.42
60,11,0.1833,0,Ground,0.00,0.00,-900.00,90.15,0,0,0,29.13,9.08,-36.73,9.42
60,11,0.2000,0,Ground,0.00,0.00,-900.00,90.15,0,0,0,29.13,9.07,-36.74,9.41
60,11,0.2167,0,Ground,0.00,0.00,-900.00,90.15,0,0,0,29.12,9.06,-36.74,9.41
60,11,0.2333,0,Ground,0.00,0.00,-900.00,90.15,0,0,0,29.12,9.05,-36.74,9.40
60,11,0.2500,0,Ground,0.00,0.00,-900.00,90.15,0,0,0,29.12,9.05,-36.75,9.40
60,11,0.2667,0,Ground,0.00,0.00,-900.00,90.15,0,0,0,29.11,9.04,-36.75,9.39
60,11,0.2833,0,Ground,0.00,0.00,-900.00,90.15,0,0,0,29.11,9.03,-36.76,9.39
60,11,0.3000,0,Ground,0.00,0.00,-900.00,90.15,0,0,0,29.10,9.02,-36.76,9.38
60,11,0.3167,0,Ground,0.00,0.00,-900.00,90.15,0,0,0,29.10,9.01,-36.76,9.38
60,11,0.3333,0,Ground,0.00,0.00,-900.00,90.15,0,0,0,29.10,9.01,-36.76,9.39
60,11,0.3500,0,Ground,0.00,0.00,-900.00,90.15,0,0,0,29.09,9.00,-36.76,9.40
60,11,0.3667,0,Ground,0.00,0.00,-900.00,90.15,0,0,0,29.09,8.99,-36.76,9.40
60,11,0.3833,0,Ground,0.00,0.00,-900.00,90.15,0,0,0,29.09,8.98,-36.76,9.40
60,11,0.4000,0,Ground,0.00,0.00,-900.00,90.15,0,0,0,29.08,8.97,-36.76,9.40
60,11,0.4167,0,Ground,0.00,0.00,-900.00,90.15,0,0,0,29.08,8.97,-36.76,9.40
60,11,0.4333,0,Ground,0.00,0.00,-900.00,90.15,0,0,0,29.07,8.96,-36.75,9.41
60,11,0.4500,0,Ground,0.00,0.00,-900.00,90.15,0,0,0,29.07,8.95,-36.75,9.41
60,11,0.4667,0,Ground,0.00,0.00,-900.00,90.15,0,0,0,29.06,8.95,-36.75,9.41
60,11,0.4833,0,Ground,0.00,0.00,-900.00,90.15,0,0,0,29.06,8.94,-36.75,9.41
60,11,0.5000,0,Ground,0.00,0.00,-900.00,90.15,0,0,0,29.06,8.93,-36.75,9.41
60,11,0.5167,0,Ground,0.00,0.00,-900.00,90.15,0,0,0,29.06,8.93,-36.75,9.41
60,11,0.5333,0,Ground,0.00,0.00,-900.00,90.15,0,0,0,29.06,8.93,-36.74,9.42
60,11,0.5500,0,Ground,0.00,0.00,-900.00,90.15,0,0,0,29.06,8.93,-36.74,9.42
60,11,0.5667,0,Ground,0.00,0.00,-900.00,90.15,0,0,0,29.06,8.93,-36.74,9.42
60,11,0.5833,0,Ground,0.00,0.00,-900.00,90.15,0,0,0,29.07,8.93,-36.74,9.42
60,11,0.6000,0,Ground,0.00,0.00,-900.00,90.15,0,0,0,29.07,8.93,-36.74,9.42
60,11,0.6167,0,Ground,0.00,0.00,-900.00,90.15,0,0,0,29.08,8.93,-36.73,9.43
60,11,0.6333,0,Ground,0.00,0.00,-900.00,90.15,0,0,0,29.08,8.94,-36.73,9.43
60,11,0.6500,0,Ground,0.00,0.00,-900.00,90.15,0,0,0,29.08,8.93,-36.73,9.43
60,11,0.6667,0,Ground,0.00,0.00,-900.00,90.15,0,0,0,29.08,8.94,-36.73,9.43
60,11,0.6833,0,Ground,0.00,0.00,-900.00,90.15,0,0,0,29.09,8.94,-36.73,9.43
60,11,0.7000,0,Ground,0.00,0.00,-900.00,90.15,0,0,0,29.09,8.94,-36.72,9.43
60,11,0.7167,0,Ground,0.00,0.00,-900.00,90.15,0,0,0,29.09,8.94,-36.72,9.43
60,11,0.7333,0,Ground,0.00,0.00,-900.00,90.15,0,0,0,29.09,8.95,-36.72,9.43
60,11,0.7500,0,Ground,0.00,0.00,-900.00,90.15,0,0,0,29.09,8.95,-36.72,9.43
60,11,0.7667,0,Ground,0.00,0.00,-900.00,90.15,0,0,0,29.10,8.95,-36.72,9.43
60,11,0.7833,0,Ground,0.00,0.00,-900.00,90.15,0,0,0,29.10,8.95,-36.71,9.43
60,11,0.8000,0,Ground,0.00,0.00,-900.00,90.15,0,0,0,29.10,8.95,-36.71,9.43
60,11,0.8167,0,Ground,0.00,0.00,-900.00,90.15,0,0,0,29.10,8.96,-36.71,9.44
60,11,0.8333,0,Ground,0.00,0.00,-900.00,90.15,0,0,0,29.11,8.96,-36.70,9.43
60,11,0.8500,0,Ground,0.00,0.00,-900.00,90.15,0,0,0,29.11,8.96,-36.70,9.44
60,11,0.8667,0,Ground,0.00,0.00,-900.00,90.15,0,0,0,29.11,8.96,-36.70,9.44
60,11,0.8833,0,Ground,0.00,0.00,-900.00,90.15,0,0,0,29.11,8.97,-36.70,9.44
60,11,0.9000,0,Ground,0.00,0.00,-900.00,90.15,0,0,0,29.11,8.97,-36.70,9.44
60,11,0.9167,0,Ground,0.00,0.00,-900.00,90.15,0,0,0,29.12,8.97,-36.69,9.44
60,11,0.9333,0,Ground,0.00,0.00,-900.00,90.15,0,0,0,29.12,8.98,-36.69,9.44
60,11,0.9500,0,Ground,0.00,0.00,-900.00,90.15,0,0,0,29.12,8.98,-36.69,9.44
60,11,0.9667,0,Ground,0.00,0.00,-900.00,90.15,0,0,0,29.12,8.98,-36.69,9.44
60,11,0.9833,0,Ground,0.00,0.00,-900.00,90.15,0,0,0,29.12,8.98,-36.68,9.44
60,11,1.0000,0,Ground,0.00,0.00,-900.00,90.15,0,0,0,29.12,8.98,-36.68,9.43
60,11,1.0167,0,Ground,0.00,0.00,-900.00,90.15,0,0,0,29.12,8.98,-36.68,9.43
60,11,1.0333,0,Ground,0.00,0.00,-900.00,90.15,0,0,0,29.13,8.99,-36.68,9.43
60,11,1.0500,0,Ground,0.00,0.00,-900.00,90.15,0,0,0,29.13,8.99,-36.67,9.43
60,11,1.0667,0,Ground,0.00,0.00,-900.00,90.15,0,0,0,29.13,8.99,-36.67,9.43
60,11,1.0833,0,Ground,0.00,0.00,-900.00,90.15,0,0,0,29.13,8.99,-36.67,9.43
60,11,1.1000,0,Ground,0.00,0.00,-900.00,90.15,0,0,0,29.13,9.00,-36.67,9.43
60,11,1.1167,0,Ground,0.00,0.00,-900.00,90.15,0,0,0,29.13,9.00,-36.66,9.43
60,11,1.1333,0,Ground,0.00,0.00,-900.00,90.15,0,0,0,29.13,9.00,-36.66,9.43
60,11,1.1500,0,Ground,0.00,0.00,-900.00,90.15,0,0,0,29.13,9.00,-36.66,9.43
60,11,1.1667,0,Ground,0.00,0.00,-900.00,90.15,0,0,0,29.13,9.00,-36.66,9.43
60,11,1.1833,0,Ground,0.00,0.00,-900.00,90.15,0,0,0,29.13,9.01,-36.65,9.43
60,11,1.2000,0,Ground,0.00,0.00,-900.00,90.15,0,0,0,29.13,9.00,-36.65,9.43
60,11,1.2167,0,Ground,0.00,0.00,-900.00,90.15,0,0,0,29.13,9.01,-36.65,9.43
60,11,1.2333,0,Ground,0.00,0.00,-900.00,90.15,0,0,0,29.14,9.01,-36.65,9.42
60,11,1.2500,0,Ground,0.00,0.00,-900.00,90.15,0,0,0,29.14,9.02,-36.65,9.43
60,11,1.2667,0,Ground,0.00,0.00,-900.00,90.15,0,0,0,29.15,9.03,-36.64,9.43
60,11,1.2833,0,Ground,0.00,0.00,-900.00,90.15,0,0,0,29.15,9.04,-36.63,9.43
60,11,1.3000,0,Ground,0.00,0.00,-900.00,90.15,0,0,0,29.15,9.05,-36.63,9.44
60,11,1.3167,0,Ground,0.00,0.00,-900.00,90.15,0,0,0,29.16,9.06,-36.61,9.44
60,11,1.3333,0,Ground,0.00,0.00,-900.00,90.15,0,0,0,29.17,9.06,-36.61,9.44
60,11,1.3500,0,Ground,0.00,0.00,-900.00,90.15,0,0,0,29.17,9.07,-36.60,9.45
60,11,1.3667,0,Ground,0.00,0.00,-900.00,90.15,0,0,0,29.18,9.08,-36.59,9.46
60,11,1.3833,0,Ground,0.00,0.00,-900.00,90.15,0,0,0,29.18,9.09,-36.58,9.46
60,11,1.4000,0,Ground,0.00,0.00,-900.00,90.15,0,0,0,29.19,9.10,-36.58,9.47
60,11,1.4167,0,Ground,0.00,0.00,-900.00,90.15,0,0,0,29.20,9.11,-36.57,9.47
60,11,1.4333,0,Ground,0.00,0.00,-900.00,90.15,0,0,0,29.20,9.12,-36.56,9.47
60,11,1.4500,0,Ground,0.00,0.00,-900.00,90.15,0,0,0,29.20,9.13,-36.55,9.48
60,11,1.4667,0,Ground,0.00,0.00,-900.00,90.15,0,0,0,29.21,9.14,-36.55,9.49
60,11,1.4833,0,Ground,0.00,0.00,-900.00,90.15,0,0,0,29.21,9.14,-36.54,9.49
60,11,1.5000,0,Ground,0.00,0.00,-900.00,90.15,0,0,0,29.21,9.15,-36.54,9.49
60,11,1.5167,0,Ground,0.00,0.00,-900.00,90.15,0,0,0,29.22,9.16,-36.53,9.50
60,11,1.5333,0,Ground,0.00,0.00,-900.00,90.15,0,0,0,29.22,9.17,-36.53,9.50
60,11,1.5500,0,Ground,0.00,0.00,-900.00,90.15,0,0,0,29.23,9.17,-36.53,9.50
60,11,1.5667,0,Ground,0.00,0.00,-900.00,90.15,0,0,0,29.23,9.17,-36.53,9.50
60,11,1.5833,0,Ground,0.00,0.00,-900.00,90.15,0,0,0,29.23,9.18,-36.53,9.50
60,11,1.6000,0,Ground,0.00,0.00,-900.00,90.15,0,0,0,29.23,9.18,-36.53,9.51
60,11,1.6167,0,Ground,0.00,0.00,-900.00,90.15,0,0,0,29.23,9.18,-36.53,9.51
60,11,1.6333,0,Ground,0.00,0.00,-900.00,90.15,0,0,0,29.23,9.19,-36.53,9.51
60,11,1.6500,0,Ground,0.00,0.00,-900.00,90.15,0,0,0,29.23,9.19,-36.53,9.51
60,11,1.6667,0,Ground,0.00,0.00,-900.00,90.15,0,0,0,29.22,9.19,-36.53,9.51
60,11,1.6833,0,Ground,0.00,0.00,-900.00,90.15,0,0,0,29.22,9.19,-36.53,9.51
60,11,1.7000,0,Ground,0.00,0.00,-900.00,90.15,0,0,0,29.23,9.20,-36.53,9.51
60,11,1.7167,0,Ground,0.00,0.00,-900.00,90.15,0,0,0,29.23,9.19,-36.54,9.50
60,11,1.7333,0,Ground,0.00,0.00,-900.00,90.15,0,0,0,29.22,9.20,-36.54,9.50
60,11,1.7500,0,Ground,0.00,0.00,-900.00,90.15,0,0,0,29.22,9.20,-36.55,9.50
60,11,1.7667,0,Ground,0.00,0.00,-900.00,90.15,0,0,0,29.22,9.20,-36.55,9.50
60,11,1.7833,0,Ground,0.00,0.00,-900.00,90.15,0,0,0,29.22,9.20,-36.56,9.50
60,11,1.8000,0,Ground,0.00,0.00,-900.00,90.15,0,0,0,29.22,9.20,-36.56,9.50
60,11,1.8167,0,Ground,0.00,0.00,-900.00,90.15,0,0,0,29.22,9.20,-36.57,9.50
60,11,1.8333,0,Ground,0.00,0.00,-900.00,90.15,0,0,0,29.22,9.20,-36.57,9.49
60,11,1.8500,0,Ground,0.00,0.00,-900.00,90.15,0,0,0,29.22,9.20,-36.57,9.49
60,11,1.8667,0,Ground,0.00,0.00,-900.00,90.15,0,0,0,29.22,9.20,-36.58,9.49
60,11,1.8833,0,Ground,0.00,0.00,-900.00,90.15,0,0,0,29.22,9.20,-36.58,9.49
60,11,1.9000,0,Ground,0.00,0.00,-900.00,90.15,0,0,0,29.21,9.20,-36.59,9.49
60,11,1.9167,0,Ground,0.00,0.00,-900.00,90.15,0,0,0,29.21,9.20,-36.59,9.49
60,11,1.9333,0,Ground,0.00,0.00,-900.00,90.15,0,0,0,29.21,9.20,-36.60,9.49
60,11,1.9500,0,Ground,0.00,0.00,-900.00,90.15,0,0,0,29.20,9.20,-36.61,9.49
60,11,1.9667,0,Ground,0.00,0.00,-900.00,90.15,0,0,0,29.20,9.20,-36.61,9.49
60,11,1.9833,0,Ground,0.00,0.00,-900.00,90.15,0,0,0,29.20,9.20,-36.62,9.49
60,11,2.0000,0,Ground,0.00,0.00,-900.00,90.15,0,0,0,29.21,9.20,-36.62,9.48
60,11,2.0167,0,Ground,0.00,0.00,-900.00,90.15,0,0,0,29.20,9.20,-36.63,9.48
60,11,2.0333,0,Ground,0.00,0.00,-900.00,90.15,0,0,0,29.20,9.20,-36.63,9.48
60,11,2.0500,0,Ground,0.00,0.00,-900.00,90.15,0,0,0,29.20,9.20,-36.64,9.48
60,11,2.0667,0,Ground,0.00,0.00,-900.00,90.15,0,0,0,29.19,9.19,-36.64,9.47
60,11,2.0833,0,Ground,0.00,0.00,-900.00,90.15,0,0,0,29.18,9.19,-36.65,9.47
60,11,2.1000,0,Ground,0.00,0.00,-900.00,90.15,0,0,0,29.19,9.18,-36.66,9.47
60,11,2.1167,0,Ground,0.00,0.00,-900.00,90.15,0,0,0,29.18,9.18,-36.67,9.46
60,11,2.1333,0,Ground,0.00,0.00,-900.00,90.15,0,0,0,29.17,9.17,-36.68,9.46
60,11,2.1500,0,Ground,0.00,0.00,-900.00,90.15,0,0,0,29.17,9.16,-36.68,9.45
60,11,2.1667,0,Ground,0.00,0.00,-900.00,90.15,0,0,0,29.16,9.15,-36.69,9.45
60,11,2.1833,0,Ground,0.00,0.00,-900.00,90.15,0,0,0,29.16,9.14,-36.69,9.45
60,11,2.2000,0,Ground,0.00,0.00,-900.00,90.15,0,0,0,29.15,9.14,-36.70,9.44
60,11,2.2167,0,Ground,0.00,0.00,-900.00,90.15,0,0,0,29.15,9.13,-36.71,9.44
60,11,2.2333,0,Ground,0.00,0.00,-900.00,90.15,0,0,0,29.14,9.12,-36.71,9.43
60,11,2.2500,0,Ground,0.00,0.00,-900.00,90.15,0,0,0,29.15,9.12,-36.71,9.43
60,11,2.2667,0,Ground,0.00,0.00,-900.00,90.15,0,0,0,29.14,9.11,-36.71,9.43
60,11,2.2833,0,Ground,0.00,0.00,-900.00,90.15,0,0,0,29.14,9.11,-36.72,9.43
60,11,2.3000,0,Ground,0.00,0.00,-900.00,90.15,0,0,0,29.14,9.10,-36.72,9.42
60,11,2.3167,0,Ground,0.00,0.00,-900.00,90.15,0,0,0,29.13,9.09,-36.72,9.42
60,11,2.3333,0,Ground,0.00,0.00,-900.00,90.15,0,0,0,29.13,9.09,-36.73,9.42
60,11,2.3500,0,Ground,0.00,0.00,-900.00,90.15,0,0,0,29.13,9.08,-36.73,9.42
60,11,2.3667,0,Ground,0.00,0.00,-900.00,90.15,0,0,0,29.13,9.07,-36.74,9.41
60,11,2.3833,0,Ground,0.00,0.00,-900.00,90.15,0,0,0,29.12,9.06,-36.74,9.41
60,11,2.4000,0,Ground,0.00,0.00,-900.00,90.15,0,0,0,29.12,9.05,-36.74,9.40
60,11,2.4167,0,Ground,0.00,0.00,-900.00,90.15,0,0,0,29.12,9.05,-36.75,9.40
60,11,2.4333,0,Ground,0.00,0.00,-900.00,90.15,0,0,0,29.11,9.04,-36.75,9.39
60,11,2.4500,0,Ground,0.00,0.00,-900.00,90.15,0,0,0,29.11,9.03,-36.76,9.39
60,11,2.4667,0,Ground,0.00,0.00,-900.00,90.15,0,0,0,29.10,9.02,-36.76,9.38
60,11,2.4833,0,Ground,0.00,0.00,-900.00,90.15,0,0,0,29.10,9.01,-36.76,9.38
60,11,2.5000,0,Ground,0.00,0.00,-900.00,90.15,0,0,0,29.10,9.01,-36.76,9.39
60,11,2.5167,0,Ground,0.00,0.00,-900.00,90.15,0,0,0,29.09,9.00,-36.76,9.40
60,11,2.5333,0,Ground,0.00,0.00,-900.00,90.15,0,0,0,29.09,8.99,-36.76,9.40
60,11,2.5500,0,Ground,0.00,0.00,-900.00,90.15,0,0,0,29.09,8.98,-36.76,9.40
60,11,2.5667,0,Ground,0.00,0.00,-900.00,90.15,0,0,0,29.08,8.97,-36.76,9.40
60,11,2.5833,0,Ground,0.00,0.00,-900.00,90.15,0,0,0,29.08,8.97,-36.76,9.40
60,11,2.6000,0,Ground,0.00,0.00,-900.00,90.15,0,0,0,29.07,8.96,-36.75,9.41
60,11,2.6167,0,Ground,0.00,0.00,-900.00,90.15,0,0,0,29.07,8.95,-36.75,9.41
60,11,2.6333,0,Ground,0.00,0.00,-900.00,90.15,0,0,0,29.06,8.95,-36.75,9.41
60,11,2.6500,0,Ground,0.00,0.00,-900.00,90.15,0,0,0,29.06,8.94,-36.75,9.41
60,11,2.6667,0,Ground,0.00,0.00,-900.00,90.15,0,0,0,29.06,8.93,-36.75,9.41
60,11,2.6833,0,Ground,0.00,0.00,-900.00,90.15,0,0,0,29.06,8.93,-36.75,9.41
60,11,2.7000,0,Ground,0.00,0.00,-900.00,90.15,0,0,0,29.06,8.93,-36.74,9.42
60,11,2.7167,0,Ground,0.00,0.00,-900.00,90.15,0,0,0,29.06,8.93,-36.74,9.42
60,11,2.7333,0,Ground,0.00,0.00,-900.00,90.15,0,0,0,29.06,8.93,-36.74,9.42
60,11,2.7500,0,Ground,0.00,0.00,-900.00,90.15,0,0,0,29.07,8.93,-36.74,9.42
60,11,2.7667,0,Ground,0.00,0.00,-900.00,90.15,0,0,0,29.07,8.93,-36.74,9.42
60,11,2.7833,0,Ground,0.00,0.00,-900.00,90.15,0,0,0,29.08,8.93,-36.73,9.43
60,11,2.8000,0,Ground,0.00,0.00,-900.00,90.15,0,0,0,29.08,8.94,-36.73,9.43
60,11,2.8167,0,Ground,0.00,0.00,-900.00,90.15,0,0,0,29.08,8.93,-36.73,9.43
60,11,2.8333,0,Ground,0.00,0.00,-900.00,90.15,0,0,0,29.08,8.94,-36.73,9.43
60,11,2.8500,0,Ground,0.00,0.00,-900.00,90.15,0,0,0,29.09,8.94,-36.73,9.43
60,11,2.8667,0,Ground,0.00,0.00,-900.00,90.15,0,0,0,29.09,8.94,-36.72,9.43
60,11,2.8833,0,Ground,0.00,0.00,-900.00,90.15,0,0,0,29.09,8.94,-36.72,9.43
60,11,2.9000,0,Ground,0.00,0.00,-900.00,90.15,0,0,0,29.09,8.95,-36.72,9.43
60,11,2.9167,0,Ground,0.00,0.00,-900.00,90.15,0,0,0,29.09,8.95,-36.72,9.43
60,11,2.9333,0,Ground,0.00,0.00,-900.00,90.15,0,0,0,29.10,8.95,-36.72,9.43
60,11,2.9500,0,Ground,0.00,0.00,-900.00,90.15,0,0,0,29.10,8.95,-36.71,9.43
60,11,2.9667,0,Ground,0.00,0.00,-900.00,90.15,0,0,0,29.10,8.95,-36.71,9.43
60,11,2.9833,0,Ground,0.00,0.00,-900.00,90.15,0,0,0,29.10,8.96,-36.71,9.44
60,11,3.0000,0,Ground,0.00,0.00,-900.00,90.15,0,0,0,29.11,8.96,-36.70,9.43
60,11,3.0167,0,Ground,0.00,0.00,-900.00,90.15,0,0,0,29.11,8.96,-36.70,9.44
60,11,3.0333,0,Ground,0.00,0.00,-900.00,90.15,0,0,0,29.11,8.96,-36.70,9.44
60,11,3.0500,0,Ground,0.00,0.00,-900.00,90.15,0,0,0,29.11,8.97,-36.70,9.44
60,11,3.0667,0,Ground,0.00,0.00,-900.00,90.15,0,0,0,29.11,8.97,-36.70,9.44
60,11,3.0833,0,Ground,0.00,0.00,-900.00,90.15,0,0,0,29.12,8.97,-36.69,9.44
60,11,3.1000,0,Ground,0.00,0.00,-900.00,90.15,0,0,0,29.12,8.98,-36.69,9.44
60,11,3.1167,0,Ground,0.00,0.00,-900.00,90.15,0,0,0,29.12,8.98,-36.69,9.44
60,11,3.1333,0,Ground,0.00,0.00,-900.00,90.15,0,0,0,29.12,8.98,-36.69,9.44
60,11,3.1500,0,Ground,0.00,0.00,-900.00,90.15,0,0,0,29.12,8.98,-36.68,9.44
60,11,3.1667,0,Ground,0.00,0.00,-900.00,90.15,0,0,0,29.12,8.98,-36.68,9.43
60,11,3.1833,0,Ground,0.00,0.00,-900.00,90.15,0,0,0,29.12,8.98,-36.68,9.43
60,11,3.2000,0,Ground,0.00,0.00,-900.00,90.15,0,0,0,29.13,8.99,-36.68,9.43
60,11,3.2167,0,Ground,0.00,0.00,-900.00,90.15,0,0,0,29.13,8.99,-36.67,9.43
60,11,3.2333,0,Ground,0.00,0.00,-900.00,90.15,0,0,0,29.13,8.99,-36.67,9.43
60,11,3.2500,0,Ground,0.00,0.00,-900.00,90.15,0,0,0,29.13,8.99,-36.67,9.43
60,11,3.2667,0,Ground,0.00,0.00,-900.00,90.15,0,0,0,29.13,9.00,-36.67,9.43
60,11,3.2833,0,Ground,0.00,0.00,-900.00,90.15,0,0,0,29.13,9.00,-36.66,9.43
60,11,3.3000,0,Ground,0.00,0.00,-900.00,90.15,0,0,0,29.13,9.00,-36.66,9.43
60,11,3.3167,0,Ground,0.00,0.00,-900.00,90.15,0,0,0,29.13,9.00,-36.66,9.43
60,11,3.3333,0,Ground,0.00,0.00,-900.00,90.15,0,0,0,29.13,9.00,-36.66,9.43
60,11,3.3500,0,Ground,0.00,0.00,-900.00,90.15,0,0,0,29.13,9.01,-36.65,9.43
60,11,3.3667,0,Ground,0.00,0.00,-900.00,90.15,0,0,0,29.13,9.00,-36.65,9.43
60,11,3.3833,0,Ground,0.00,0.00,-900.00,90.15,0,0,0,29.13,9.01,-36.65,9.43
60,11,3.4000,0,Ground,0.00,0.00,-900.00,90.15,0,0,0,29.14,9.01,-36.65,9.42
60,11,3.4167,0,Ground,0.00,0.00,-900.00,90.15,0,0,0,29.14,9.02,-36.65,9.43
60,11,3.4333,0,Ground,0.00,0.00,-900.00,90.15,0,0,0,29.15,9.03,-36.64,9.43
60,11,3.4500,0,Ground,0.00,0.00,-900.00,90.15,0,0,0,29.15,9.04,-36.63,9.43
60,11,3.4667,0,Ground,0.00,0.00,-900.00,90.15,0,0,0,29.15,9.05,-36.63,9.44
60,11,3.4833,0,Ground,0.00,0.00,-900.00,90.15,0,0,0,29.16,9.06,-36.61,9.44
60,11,3.5000,0,Ground,0.00,0.00,-900.00,90.15,0,0,0,29.17,9.06,-36.61,9.44
60,11,3.5167,0,Ground,0.00,0.00,-900.00,90.15,0,0,0,29.17,9.07,-36.60,9.45
60,11,3.5333,0,Ground,0.00,0.00,-900.00,90.15,0,0,0,29.18,9.08,-36.59,9.46
60,11,3.5500,0,Ground,0.00,0.00,-900.00,90.15,0,0,0,29.18,9.09,-36.58,9.46
60,11,3.5667,0,Ground,0.00,0.00,-900.00,90.15,0,0,0,29.19,9.10,-36.58,9.47
60,11,3.5833,0,Ground,0.00,0.00,-900.00,90.15,0,0,0,29.20,9.11,-36.57,9.47
60,11,3.6000,0,Ground,0.00,0.00,-900.00,90.15,0,0,0,29.20,9.12,-36.56,9.47
60,11,3.6167,0,Ground,0.00,0.00,-900.00,90.15,0,0,0,29.20,9.13,-36.55,9.48
60,11,3.6333,0,Ground,0.00,0.00,-900.00,90.15,0,0,0,29.21,9.14,-36.55,9.49
60,11,3.6500,0,Ground,0.00,0.00,-900.00,90.15,0,0,0,29.21,9.14,-36.54,9.49
60,11,3.6667,0,Ground,0.00,0.00,-900.00,90.15,0,0,0,29.21,9.15,-36.54,9.49
60,11,3.6833,0,Ground,0.00,0.00,-900.00,90.15,0,0,0,29.22,9.16,-36.53,9.50
60,11,3.7000,0,Ground,0.00,0.00,-900.00,90.15,0,0,0,29.22,9.17,-36.53,9.50
60,11,3.7167,0,Ground,0.00,0.00,-900.00,90.15,0,0,0,29.23,9.17,-36.53,9.50
60,11,3.7333,0,Ground,0.00,0.00,-900.00,90.15,0,0,0,29.23,9.17,-36.53,9.50
60,11,3.7500,0,Ground,0.00,0.00,-900.00,90.15,0,0,0,29.23,9.18,-36.53,9.50
60,11,3.7667,0,Ground,0.00,0.00,-900.00,90.15,0,0,0,29.23,9.18,-36.53,9.51
60,11,3.7833,0,Ground,0.00,0.00,-900.00,90.15,0,0,0,29.23,9.18,-36.53,9.51
60,11,3.8000,0,Ground,0.00,0.00,-900.00,90.15,0,0,0,29.23,9.19,-36.53,9.51
60,11,3.8167,0,Ground,0.00,0.00,-900.00,90.15,0,0,0,29.23,9.19,-36.53,9.51
60,11,3.8333,0,Ground,0.00,0.00,-900.00,90.15,0,0,0,29.22,9.19,-36.53,9.51
60,11,3.8500,0,Ground,0.00,0.00,-900.00,90.15,0,0,0,29.22,9.19,-36.53,9.51
60,11,3.8667,0,Ground,0.00,0.00,-900.00,90.15,0,0,0,29.23,9.20,-36.53,9.51
60,11,3.8833,0,Ground,0.00,0.00,-900.00,90.15,0,0,0,29.23,9.19,-36.54,9.50
60,11,3.9000,0,Ground,0.00,0.00,-900.00,90.15,0,0,0,29.22,9.20,-36.54,9.50
60,11,3.9167,0,Ground,0.00,0.00,-900.00,90.15,0,0,0,29.22,9.20,-36.55,9.50
60,11,3.9333,0,Ground,0.00,0.00,-900.00,90.15,0,0,0,29.22,9.20,-36.55,9.50
60,11,3.9500,0,Ground,0.00,0.00,-900.00,90.15,0,0,0,29.22,9.20,-36.56,9.50
60,11,3.9667,0,Ground,0.00,0.00,-900.00,90.15,0,0,0,29.22,9.20,-36.56,9.50
60,11,3.9833,0,Ground,0.00,0.00,-900.00,90.15,0,0,0,29.22,9.20,-36.57,9.50
60,11,4.0000,0,Ground,0.00,0.00,-900.00,90.15,0,0,0,29.22,9.20,-36.57,9.49
60,11,4.0167,0,Ground,0.00,0.00,-900.00,90.15,0,0,0,29.22,9.20,-36.57,9.49
60,11,4.0333,0,Ground,0.00,0.00,-900.00,90.15,0,0,0,29.22,9.20,-36.58,9.49
60,11,4.0500,0,Ground,0.00,0.00,-900.00,90.15,0,0,0,29.22,9.20,-36.58,9.49
60,11,4.0667,0,Ground,0.00,0.00,-900.00,90.15,0,0,0,29.21,9.20,-36.59,9.49
60,11,4.0833,0,Ground,0.00,0.00,-900.00,90.15,0,0,0,29.21,9.20,-36.59,9.49
60,11,4.1000,0,Ground,0.00,0.00,-900.00,90.15,0,0,0,29.21,9.20,-36.60,9.49
60,11,4.1167,0,Ground,0.00,0.00,-900.00,90.15,0,0,0,29.20,9.20,-36.61,9.49
60,11,4.1333,0,Ground,0.00,0.00,-900.00,90.15,0,0,0,29.20,9.20,-36.61,9.49
60,11,4.1500,0,Ground,0.00,0.00,-900.00,90.15,0,0,0,29.20,9.20,-36.62,9.49
60,11,4.1667,0,Ground,0.00,0.00,-900.00,90.15,0,0,0,29.21,9.20,-36.62,9.48
60,11,4.1833,0,Ground,0.00,0.00,-900.00,90.15,0,0,0,29.20,9.20,-36.63,9.48
60,11,4.2000,0,Ground,0.00,0.00,-900.00,90.15,0,0,0,29.20,9.20,-36.63,9.48
60,11,4.2167,0,Ground,0.00,0.00,-900.00,90.15,0,0,0,29.20,9.20,-36.64,9.48
60,11,4.2333,0,Ground,0.00,0.00,-900.00,90.15,0,0,0,29.19,9.19,-36.64,9.47
60,11,4.2500,0,Ground,0.00,0.00,-900.00,90.15,0,0,0,29.18,9.19,-36.65,9.47
60,11,4.2667,0,Ground,0.00,0.00,-900.00,90.15,0,0,0,29.19,9.18,-36.66,9.47
60,11,4.2833,0,Ground,0.00,0.00,-900.00,90.15,0,0,0,29.18,9.18,-36.67,9.46
60,11,4.3000,0,Ground,0.00,0.00,-900.00,90.15,0,0,0,29.17,9.17,-36.68,9.46
60,11,4.3167,0,Ground,0.00,0.00,-900.00,90.15,0,0,0,29.17,9.16,-36.68,9.45
60,11,4.3333,0,Ground,0.00,0.00,-900.00,90.15,0,0,0,29.16,9.15,-36.69,9.45
60,11,4.3500,0,Ground,0.00,0.00,-900.00,90.15,0,0,0,29.16,9.14,-36.69,9.45
60,11,4.3667,0,Ground,0.00,0.00,-900.00,90.15,0,0,0,29.15,9.14,-36.70,9.44
60,11,4.3833,0,Ground,0.00,0.00,-900.00,90.15,0,0,0,29.15,9.13,-36.71,9.44
60,11,4.4000,0,Ground,0.00,0.00,-900.00,90.15,0,0,0,29.14,9.12,-36.71,9.43
60,11,4.4167,0,Ground,0.00,0.00,-900.00,90.15,0,0,0,29.15,9.12,-36.71,9.43
60,11,4.4333,0,Ground,0.00,0.00,-900.00,90.15,0,0,0,29.14,9.11,-36.71,9.43
60,11,4.4500,0,Ground,0.00,0.00,-900.00,90.15,0,0,0,29.14,9.11,-36.72,9.43
60,11,4.4667,0,Ground,0.00,0.00,-900.00,90.15,0,0,0,29.14,9.10,-36.72,9.42
60,11,4.4833,0,Ground,0.00,0.00,-900.00,90.15,0,0,0,29.13,9.09,-36.72,9.42
60,11,4.5000,0,Ground,0.00,0.00,-900.00,90.15,0,0,0,29.13,9.09,-36.73,9.42
60,11,4.5167,0,Ground,0.00,0.00,-900.00,90.15,0,0,0,29.13,9.08,-36.73,9.42
60,11,4.5333,0,Ground,0.00,0.00,-900.00,90.15,0,0,0,29.13,9.07,-36.74,9.41
60,11,4.5500,0,Ground,0.00,0.00,-900.00,90.15,0,0,0,29.12,9.06,-36.74,9.41
60,11,4.5667,0,Ground,0.00,0.00,-900.00,90.15,0,0,0,29.12,9.05,-36.74,9.40
60,11,4.5833,0,Ground,0.00,0.00,-900.00,90.15,0,0,0,29.12,9.05,-36.75,9.40
60,11,4.6000,0,Ground,0.00,0.00,-900.00,90.15,0,0,0,29.11,9.04,-36.75,9.39
60,11,4.6167,0,Ground,0.00,0.00,-900.00,90.15,0,0,0,29.11,9.03,-36.76,9.39
60,11,4.6333,0,Ground,0.00,0.00,-900.00,90.15,0,0,0,29.10,9.02,-36.76,9.38
60,11,4.6500,0,Ground,0.00,0.00,-900.00,90.15,0,0,0,29.10,9.01,-36.76,9.38
60,11,4.6667,0,Ground,0.00,0.00,-900.00,90.15,0,0,0,29.10,9.01,-36.76,9.39
60,11,4.6833,0,Ground,0.00,0.00,-900.00,90.15,0,0,0,29.09,9.00,-36.76,9.40
60,11,4.7000,0,Ground,0.00,0.00,-900.00,90.15,0,0,0,29.09,8.99,-36.76,9.40
60,11,4.7167,0,Ground,0.00,0.00,-900.00,90.15,0,0,0,29.09,8.98,-36.76,9.40
60,11,4.7333,0,Ground,0.00,0.00,-900.00,90.15,0,0,0,29.08,8.97,-36.76,9.40
60,11,4.7500,0,Ground,0.00,0.00,-900.00,90.15,0,0,0,29.08,8.97,-36.76,9.40
60,11,4.7667,0,Ground,0.00,0.00,-900.00,90.15,0,0,0,29.07,8.96,-36.75,9.41
60,11,4.7833,0,Ground,0.00,0.00,-900.00,90.15,0,0,0,29.07,8.95,-36.75,9.41
60,11,4.8000,0,Ground,0.00,0.00,-900.00,90.15,0,0,0,29.06,8.95,-36.75,9.41
60,11,4.8167,0,Ground,0.00,0.00,-900.00,90.15,0,0,0,29.06,8.94,-36.75,9.41
60,11,4.8333,0,Ground,0.00,0.00,-900.00,90.15,0,0,0,29.06,8.93,-36.75,9.41
60,11,4.8500,0,Ground,0.00,0.00,-900.00,90.15,0,0,0,29.06,8.93,-36.75,9.41
60,11,4.8667,0,Ground,0.00,0.00,-900.00,90.15,0,0,0,29.06,8.93,-36.74,9.42
60,11,4.8833,0,Ground,0.00,0.00,-900.00,90.15,0,0,0,29.06,8.93,-36.74,9.42
60,11,4.9000,0,Ground,0.00,0.00,-900.00,90.15,0,0,0,29.06,8.93,-36.74,9.42
60,11,4.9167,0,Ground,0.00,0.00,-900.00,90.15,0,0,0,29.07,8.93,-36.74,9.42
60,11,4.9333,0,Ground,0.00,0.00,-900.00,90.15,0,0,0,29.07,8.93,-36.74,9.42
60,11,4.9500,0,Ground,0.00,0.00,-900.00,90.15,0,0,0,29.08,8.93,-36.73,9.43
60,11,4.9667,0,Ground,0.00,0.00,-900.00,90.15,0,0,0,29.08,8.94,-36.73,9.43
60,11,4.9833,0,Ground,0.00,0.00,-900.00,90.15,0,0,0,29.08,8.93,-36.73,9.43
60,11,5.0000,0,Ground,0.00,0.00,-900.00,90.15,0,0,0,29.08,8.94,-36.73,9.43
60,11,5.0167,0,Ground,0.00,0.00,-900.00,90.15,0,0,0,29.09,8.94,-36.73,9.43
60,11,5.0333,0,Ground,0.00,0.00,-900.00,90.15,0,0,0,29.09,8.94,-36.72,9.43
60,11,5.0500,0,Ground,0.00,0.00,-900.00,90.15,0,0,0,29.09,8.94,-36.72,9.43
60,11,5.0667,0,Ground,0.00,0.00,-900.00,90.15,0,0,0,29.09,8.95,-36.72,9.43
60,11,5.0833,0,Ground,0.00,0.00,-900.00,90.15,0,0,0,29.09,8.95,-36.72,9.43
60,11,5.1000,0,Ground,0.00,0.00,-900.00,90.15,0,0,0,29.10,8.95,-36.72,9.43
60,11,5.1167,0,Ground,0.00,0.00,-900.00,90.15,0,0,0,29.10,8.95,-36.71,9.43
60,11,5.1333,0,Ground,0.00,0.00,-900.00,90.15,0,0,0,29.10,8.95,-36.71,9.43
60,11,5.1500,0,Ground,0.00,0.00,-900.00,90.15,0,0,0,29.10,8.96,-36.71,9.44
60,11,5.1667,0,Ground,0.00,0.00,-900.00,90.15,0,0,0,29.11,8.96,-36.70,9.43
60,11,5.1833,0,Ground,0.00,0.00,-900.00,90.15,0,0,0,29.11,8.96,-36.70,9.44
60,11,5.2000,0,Ground,0.00,0.00,-900.00,90.15,0,0,0,29.11,8.96,-36.70,9.44
60,11,5.2167,0,Ground,0.00,0.00,-900.00,90.15,0,0,0,29.11,8.97,-36.70,9.44
60,11,5.2333,1,Ground,0.00,0.00,-900.00,90.15,0,0,0,29.11,8.97,-36.70,9.44
60,11,5.2500,1,Ground,0.00,0.00,-900.00,90.15,0,0,0,29.12,8.97,-36.69,9.44
60,11,5.2667,1,Ground,0.00,0.00,-900.00,90.15,0,0,0,29.12,8.98,-36.69,9.44
60,11,5.2833,1,Ground,0.00,0.00,-900.00,90.15,0,0,0,29.12,8.98,-36.69,9.44
60,11,5.3000,1,Ground,0.00,0.00,-900.00,90.15,0,0,0,29.12,8.98,-36.69,9.44
60,11,5.3167,1,Ground,0.00,0.00,-900.00,90.15,0,0,0,29.12,8.98,-36.68,9.44
60,11,5.3333,1,Ground,0.00,0.00,-900.00,90.15,0,0,0,29.12,8.98,-36.68,9.43
60,11,5.3500,1,Ground,0.00,0.00,-900.00,90.15,0,0,0,29.12,8.98,-36.68,9.43
60,11,5.3667,1,Ground,0.00,0.00,-900.00,90.15,0,0,0,29.13,8.99,-36.68,9.43
60,11,5.3833,1,Ground,0.00,0.00,-900.00,90.15,0,0,0,29.13,8.99,-36.67,9.43
60,11,5.4000,1,Ground,0.00,0.00,-900.00,90.15,0,0,0,29.13,8.99,-36.67,9.43
60,11,5.4167,1,Ground,0.00,0.00,-900.00,90.15,0,0,0,29.13,8.99,-36.67,9.43
60,11,5.4333,1,Ground,0.00,0.00,-900.00,90.15,0,0,0,29.13,9.00,-36.67,9.43
60,11,5.4500,1,Ground,0.00,0.00,-900.00,90.15,0,0,0,29.13,9.00,-36.66,9.43
60,11,5.4667,1,Ground,0.00,0.00,-900.00,90.15,0,0,0,29.13,9.00,-36.66,9.43
60,11,5.4833,1,Ground,0.00,0.00,-900.00,90.15,0,0,0,29.13,9.00,-36.66,9.43
60,11,5.5000,1,Ground,0.00,0.00,-900.00,90.15,0,0,0,29.13,9.00,-36.66,9.43
60,11,5.5167,1,Ground,0.00,0.00,-900.00,90.15,0,0,0,29.13,9.01,-36.65,9.43
60,11,5.5333,1,Ground,0.00,0.00,-900.00,90.15,0,0,0,29.13,9.00,-36.65,9.43
60,11,5.5500,1,Ground,0.00,0.00,-900.00,90.15,0,0,0,29.13,9.01,-36.65,9.43
60,11,5.5667,1,Ground,0.00,0.00,-900.00,90.15,0,0,0,29.14,9.01,-36.65,9.42
60,11,5.5833,1,Ground,0.00,0.00,-900.00,90.15,0,0,0,29.14,9.02,-36.65,9.43
60,11,5.6000,1,Ground,0.00,0.00,-900.00,90.15,0,0,0,29.15,9.03,-36.64,9.43
60,11,5.6167,1,Ground,0.00,0.00,-900.00,90.15,0,0,0,29.15,9.04,-36.63,9.43
60,11,5.6333,2,Ground,0.00,0.00,-900.00,90.15,0,0,0,29.15,9.05,-36.63,9.44
60,11,5.6500,2,Ground,0.00,0.00,-900.00,90.15,0,0,0,29.16,9.06,-36.61,9.44
60,11,5.6667,2,Ground,0.00,0.00,-900.00,90.15,0,0,0,29.17,9.06,-36.61,9.44
60,11,5.6833,2,Ground,0.00,0.00,-900.00,90.15,0,0,0,29.17,9.07,-36.60,9.45
60,11,5.7000,2,Ground,0.00,0.00,-900.00,90.15,0,0,0,29.18,9.08,-36.59,9.46
60,11,5.7167,2,Ground,0.00,0.00,-900.00,90.15,0,0,0,29.18,9.09,-36.58,9.46
60,11,5.7333,2,Ground,0.00,0.00,-900.00,90.15,0,0,0,29.19,9.10,-36.58,9.47
60,11,5.7500,2,Ground,0.00,0.00,-900.00,90.15,0,0,0,29.20,9.11,-36.57,9.47
60,11,5.7667,2,Ground,0.00,0.00,-900.00,90.15,0,0,0,29.20,9.12,-36.56,9.47
60,11,5.7833,2,Ground,0.00,0.00,-900.00,90.15,0,0,0,29.20,9.13,-36.55,9.48
60,11,5.8000,2,Ground,0.00,0.00,-900.00,90.15,0,0,0,29.21,9.14,-36.55,9.49
60,11,5.8167,2,Ground,0.00,0.00,-900.00,90.15,0,0,0,29.21,9.14,-36.54,9.49
60,11,5.8333,2,Ground,0.00,0.00,-900.00,90.15,0,0,0,29.21,9.15,-36.54,9.49
60,11,5.8500,2,Ground,0.00,0.00,-900.00,90.15,0,0,0,29.22,9.16,-36.53,9.50
60,11,5.8667,2,Ground,0.00,0.00,-900.00,90.15,0,0,0,29.22,9.17,-36.53,9.50
60,11,5.8833,2,Ground,0.00,0.00,-900.00,90.15,0,0,0,29.23,9.17,-36.53,9.50
60,11,5.9000,2,Ground,0.00,0.00,-900.00,90.15,0,0,0,29.23,9.17,-36.53,9.50
60,11,5.9167,2,Ground,0.00,0.00,-900.00,90.15,0,0,0,29.23,9.18,-36.53,9.50
60,11,5.9333,2,Ground,0.00,0.00,-900.00,90.15,0,0,0,29.23,9.18,-36.53,9.51
60,11,5.9500,2,Ground,0.00,0.00,-900.00,90.15,0,0,0,29.23,9.18,-36.53,9.51
60,11,5.9667,2,Ground,0.00,0.00,-900.00,90.15,0,0,0,29.23,9.19,-36.53,9.51
60,11,5.9833,2,Ground,0.00,0.00,-900.00,90.15,0,0,0,29.23,9.19,-36.53,9.51
60,11,6.0000,2,Ground,0.00,0.00,-900.00,90.15,0,0,0,29.22,9.19,-36.53,9.51
60,11,6.0167,2,Ground,0.00,0.00,-900.00,90.15,0,0,0,29.22,9.19,-36.53,9.51
60,11,6.0333,3,Ground,0.00,0.00,-900.00,90.15,0,0,0,29.23,9.20,-36.53,9.51
60,11,6.0500,3,Ground,0.00,0.00,-900.00,90.15,0,0,0,29.23,9.19,-36.54,9.50
60,11,6.0667,3,Ground,0.00,0.00,-900.00,90.15,0,0,0,29.22,9.20,-36.54,9.50
60,11,6.0833,3,Ground,0.00,0.00,-900.00,90.15,0,0,0,29.22,9.20,-36.55,9.50
60,11,6.1000,3,Ground,0.00,0.00,-900.00,90.15,0,0,0,29.22,9.20,-36.55,9.50
60,11,6.1167,3,Ground,0.00,0.00,-900.00,90.15,0,0,0,29.22,9.20,-36.56,9.50
60,11,6.1333,4,Ground,0.00,0.00,-900.00,90.15,0,0,0,29.22,9.20,-36.56,9.50
60,11,6.1500,4,Ground,0.00,0.00,-900.00,90.15,0,0,0,29.22,9.20,-36.57,9.50
60,11,6.1667,4,Ground,0.00,0.00,-900.00,90.15,0,0,0,29.22,9.20,-36.57,9.49
60,11,6.1833,4,Ground,0.00,0.00,-900.00,90.15,0,0,0,29.22,9.20,-36.57,9.49
60,11,6.2000,4,Ground,0.00,0.00,-900.00,90.15,0,0,0,29.22,9.20,-36.58,9.49
60,11,6.2167,4,Ground,0.00,0.00,-900.00,90.15,0,0,0,29.22,9.20,-36.58,9.49
60,11,6.2333,4,Ground,0.00,0.00,-900.00,90.15,0,0,0,29.21,9.20,-36.59,9.49
60,11,6.2500,4,Ground,0.00,0.00,-900.00,90.15,0,0,0,29.21,9.20,-36.59,9.49
60,11,6.2667,4,Ground,0.00,0.00,-900.00,90.15,0,0,0,29.21,9.20,-36.60,9.49
60,11,6.2833,4,Ground,0.00,0.00,-900.00,90.15,0,0,0,29.20,9.20,-36.61,9.49
60,11,6.3000,4,Ground,0.00,0.00,-900.00,90.15,0,0,0,29.20,9.20,-36.61,9.49
60,11,6.3167,4,Ground,0.00,0.00,-900.00,90.15,0,0,0,29.20,9.20,-36.62,9.49
60,11,6.3333,4,Ground,0.00,0.00,-900.00,90.15,0,0,0,29.21,9.20,-36.62,9.48
60,11,6.3500,4,Ground,0.00,0.00,-900.00,90.15,0,0,0,29.20,9.20,-36.63,9.48
60,11,6.3667,4,Ground,0.00,0.00,-900.00,90.15,0,0,0,29.20,9.20,-36.63,9.48
60,11,6.3833,4,Ground,0.00,0.00,-900.00,90.15,0,0,0,29.20,9.20,-36.64,9.48
60,11,6.4000,4,Ground,0.00,0.00,-900.00,90.15,0,0,0,29.19,9.19,-36.64,9.47
60,11,6.4167,4,Ground,0.00,0.00,-900.00,90.15,0,0,0,29.18,9.19,-36.65,9.47
60,11,6.4333,4,Ground,0.00,0.00,-900.00,90.15,0,0,0,29.19,9.18,-36.66,9.47
60,11,6.4500,4,Ground,0.00,0.00,-900.00,90.15,0,0,0,29.18,9.18,-36.67,9.46
60,11,6.4667,4,Ground,0.00,0.00,-900.00,90.15,0,0,0,29.17,9.17,-36.68,9.46
60,11,6.4833,4,Ground,0.00,0.00,-900.00,90.15,0,0,0,29.17,9.16,-36.68,9.45
60,11,6.5000,4,Ground,0.00,0.00,-900.00,90.15,0,0,0,29.16,9.15,-36.69,9.45
60,11,6.5167,4,Ground,0.00,0.00,-900.00,90.15,0,0,0,29.16,9.14,-36.69,9.45
60,11,6.5333,4,Ground,0.00,0.00,-900.00,90.15,0,0,0,29.15,9.14,-36.70,9.44
60,11,6.5500,4,Ground,0.00,0.00,-900.00,90.15,0,0,0,29.15,9.13,-36.71,9.44
60,11,6.5667,4,Ground,0.00,0.00,-900.00,90.15,0,0,0,29.14,9.12,-36.71,9.43
60,11,6.5833,4,Ground,0.00,0.00,-900.00,90.15,0,0,0,29.15,9.12,-36.71,9.43
60,11,6.6000,4,Ground,0.00,0.00,-900.00,90.15,0,0,0,29.14,9.11,-36.71,9.43
60,11,6.6167,4,Ground,0.00,0.00,-900.00,90.15,0,0,0,29.14,9.11,-36.72,9.43
60,11,6.6333,4,Ground,0.00,0.00,-900.00,90.15,0,0,0,29.14,9.10,-36.72,9.42
60,11,6.6500,4,Ground,0.00,0.00,-900.00,90.15,0,0,0,29.13,9.09,-36.72,9.42
60,11,6.6667,4,Ground,0.00,0.00,-900.00,90.15,0,0,0,29.13,9.09,-36.73,9.42
60,11,6.6833,4,Ground,0.00,0.00,-900.00,90.15,0,0,0,29.13,9.08,-36.73,9.42
60,11,6.7000,4,Ground,0.00,0.00,-900.00,90.15,0,0,0,29.13,9.07,-36.74,9.41
60,11,6.7167,4,Ground,0.00,0.00,-900.00,90.15,0,0,0,29.12,9.06,-36.74,9.41
60,11,6.7333,4,Ground,0.00,0.00,-900.00,90.15,0,0,0,29.12,9.05,-36.74,9.40
60,11,6.7500,4,Ground,0.00,0.00,-900.00,90.15,0,0,0,29.12,9.05,-36.75,9.40
60,11,6.7667,4,Ground,0.00,0.00,-900.00,90.15,0,0,0,29.11,9.04,-36.75,9.39
60,11,6.7833,4,Ground,0.00,0.00,-900.00,90.15,0,0,0,29.11,9.03,-36.76,9.39
60,11,6.8000,4,Ground,0.00,0.00,-900.00,90.15,0,0,0,29.10,9.02,-36.76,9.38
60,11,6.8167,4,Ground,0.00,0.00,-900.00,90.15,0,0,0,29.10,9.01,-36.76,9.38
60,11,6.8333,4,Ground,0.00,0.00,-900.00,90.15,0,0,0,29.10,9.01,-36.76,9.39
60,11,6.8500,4,Ground,0.00,0.00,-900.00,90.15,0,0,0,29.09,9.00,-36.76,9.40
60,11,6.8667,4,Ground,0.00,0.00,-900.00,90.15,0,0,0,29.09,8.99,-36.76,9.40
60,11,6.8833,4,Ground,0.00,0.00,-900.00,90.15,0,0,0,29.09,8.98,-36.76,9.40
60,11,6.9000,4,Ground,0.00,0.00,-900.00,90.15,0,0,0,29.08,8.97,-36.76,9.40
60,11,6.9167,4,Ground,0.00,0.00,-900.00,90.15,0,0,0,29.08,8.97,-36.76,9.40
60,11,6.9333,5,Ground,0.00,0.00,-900.00,90.15,0,0,0,29.07,8.96,-36.75,9.41
60,11,6.9500,5,Ground,0.00,0.00,-900.00,90.15,0,0,0,29.07,8.95,-36.75,9.41
60,11,6.9667,5,Ground,0.00,0.00,-900.00,90.15,0,0,0,29.06,8.95,-36.75,9.41
60,11,6.9833,5,Ground,0.00,0.00,-900.00,90.15,0,0,0,29.06,8.94,-36.75,9.41
60,11,7.0000,5,Ground,0.00,0.00,-900.00,90.15,0,0,0,29.06,8.93,-36.75,9.41
60,11,7.0167,5,Ground,0.00,0.00,-900.00,90.15,0,0,0,29.06,8.93,-36.75,9.41
60,11,7.0333,6,Ground,0.00,0.00,-900.00,90.15,0,0,0,29.06,8.93,-36.74,9.42
60,11,7.0500,6,Ground,0.00,0.00,-900.00,90.15,0,0,0,29.06,8.93,-36.74,9.42
60,11,7.0667,6,Ground,0.00,0.00,-900.00,90.15,0,0,0,29.06,8.93,-36.74,9.42
60,11,7.0833,6,Ground,0.00,0.00,-900.00,90.15,0,0,0,29.07,8.93,-36.74,9.42
60,11,7.1000,6,Ground,0.00,0.00,-900.00,90.15,0,0,0,29.07,8.93,-36.74,9.42
60,11,7.1167,6,Ground,0.00,0.00,-900.00,90.15,0,0,0,29.08,8.93,-36.73,9.43
60,11,7.1333,6,Ground,0.00,0.00,-900.00,90.15,0,0,0,29.08,8.94,-36.73,9.43
60,11,7.1500,6,Ground,0.00,0.00,-900.00,90.15,0,0,0,29.08,8.93,-36.73,9.43
60,11,7.1667,6,Ground,0.00,0.00,-900.00,90.15,0,0,0,29.08,8.94,-36.73,9.43
60,11,7.1833,6,Ground,0.00,0.00,-900.00,90.15,0,0,0,29.09,8.94,-36.73,9.43
60,11,7.2000,6,Ground,0.00,0.00,-900.00,90.15,0,0,0,29.09,8.94,-36.72,9.43
60,11,7.2167,6,Ground,0.00,0.00,-900.00,90.15,0,0,0,29.09,8.94,-36.72,9.43
60,11,7.2333,6,Ground,0.00,0.00,-900.00,90.15,0,0,0,29.09,8.95,-36.72,9.43
60,11,7.2500,6,Ground,0.00,0.00,-900.00,90.15,0,0,0,29.09,8.95,-36.72,9.43
60,11,7.2667,6,Ground,0.00,0.00,-900.00,90.15,0,0,0,29.10,8.95,-36.72,9.43
60,11,7.2833,6,Ground,0.00,0.00,-900.00,90.15,0,0,0,29.10,8.95,-36.71,9.43
60,11,7.3000,6,Ground,0.00,0.00,-900.00,90.15,0,0,0,29.10,8.95,-36.71,9.43
60,11,7.3167,6,Ground,0.00,0.00,-900.00,90.15,0,0,0,29.10,8.96,-36.71,9.44
60,11,7.3333,6,Ground,0.00,0.00,-900.00,90.15,0,0,0,29.11,8.96,-36.70,9.43
60,11,7.3500,6,Ground,0.00,0.00,-900.00,90.15,0,0,0,29.11,8.96,-36.70,9.44
60,11,7.3667,6,Ground,0.00,0.00,-900.00,90.15,0,0,0,29.11,8.96,-36.70,9.44
60,11,7.3833,6,Ground,0.00,0.00,-900.00,90.15,0,0,0,29.11,8.97,-36.70,9.44
60,11,7.4000,6,Ground,0.00,0.00,-900.00,90.15,0,0,0,29.11,8.97,-36.70,9.44
60,11,7.4167,6,Ground,0.00,0.00,-900.00,90.15,0,0,0,29.12,8.97,-36.69,9.44
60,11,7.4333,6,Ground,0.00,0.00,-900.00,90.15,0,0,0,29.12,8.98,-36.69,9.44
60,11,7.4500,6,Ground,0.00,0.00,-900.00,90.15,0,0,0,29.12,8.98,-36.69,9.44
60,11,7.4667,6,Ground,0.00,0.00,-900.00,90.15,0,0,0,29.12,8.98,-36.69,9.44
60,11,7.4833,6,Ground,0.00,0.00,-900.00,90.15,0,0,0,29.12,8.98,-36.68,9.44
60,11,7.5000,6,Ground,0.00,0.00,-900.00,90.15,0,0,0,29.12,8.98,-36.68,9.43
60,11,7.5167,6,Ground,0.00,0.00,-900.00,90.15,0,0,0,29.12,8.98,-36.68,9.43
60,11,7.5333,6,Ground,0.00,0.00,-900.00,90.15,0,0,0,29.13,8.99,-36.68,9.43
60,11,7.5500,6,Ground,0.00,0.00,-900.00,90.15,0,0,0,29.13,8.99,-36.67,9.43
60,11,7.5667,6,Ground,0.00,0.00,-900.00,90.15,0,0,0,29.13,8.99,-36.67,9.43
60,11,7.5833,6,Ground,0.00,0.00,-900.00,90.15,0,0,0,29.13,8.99,-36.67,9.43
60,11,7.6000,6,Ground,0.00,0.00,-900.00,90.15,0,0,0,29.13,9.00,-36.67,9.43
60,11,7.6167,6,Ground,0.00,0.00,-900.00,90.15,0,0,0,29.13,9.00,-36.66,9.43
60,11,7.6333,6,Ground,0.00,0.00,-900.00,90.15,0,0,0,29.13,9.00,-36.66,9.43
60,11,7.6500,6,Ground,0.00,0.00,-900.00,90.15,0,0,0,29.13,9.00,-36.66,9.43
60,11,7.6667,6,Ground,0.00,0.00,-900.00,90.15,0,0,0,29.13,9.00,-36.66,9.43
60,11,7.6833,6,Ground,0.00,0.00,-900.00,90.15,0,0,0,29.13,9.01,-36.65,9.43
60,11,7.7000,6,Ground,0.00,0.00,-900.00,90.15,0,0,0,29.13,9.00,-36.65,9.43
60,11,7.7167,6,Ground,0.00,0.00,-900.00,90.15,0,0,0,29.13,9.01,-36.65,9.43
60,11,7.7333,6,Ground,0.00,0.00,-900.00,90.15,0,0,0,29.14,9.01,-36.65,9.42
60,11,7.7500,6,Ground,0.00,0.00,-900.00,90.15,0,0,0,29.14,9.02,-36.65,9.43
60,11,7.7667,6,Ground,0.00,0.00,-900.00,90.15,0,0,0,29.15,9.03,-36.64,9.43
60,11,7.7833,6,Ground,0.00,0.00,-900.00,90.15,0,0,0,29.15,9.04,-36.63,9.43
60,11,7.8000,6,Ground,0.00,0.00,-900.00,90.15,0,0,0,29.15,9.05,-36.63,9.44
60,11,7.8167,6,Ground,0.00,0.00,-900.00,90.15,0,0,0,29.16,9.06,-36.61,9.44
60,11,7.8333,6,Ground,0.00,0.00,-900.00,90.15,0,0,0,29.17,9.06,-36.61,9.44
60,11,7.8500,6,Ground,0.00,0.00,-900.00,90.15,0,0,0,29.17,9.07,-36.60,9.45
60,11,7.8667,6,Ground,0.00,0.00,-900.00,90.15,0,0,0,29.18,9.08,-36.59,9.46
60,11,7.8833,6,Ground,0.00,0.00,-900.00,90.15,0,0,0,29.18,9.09,-36.58,9.46
60,11,7.9000,6,Ground,0.00,0.00,-900.00,90.15,0,0,0,29.19,9.10,-36.58,9.47
60,11,7.9167,6,Ground,0.00,0.00,-900.00,90.15,0,0,0,29.20,9.11,-36.57,9.47
60,11,7.9333,6,Ground,0.00,0.00,-900.00,90.15,0,0,0,29.20,9.12,-36.56,9.47
60,11,7.9500,6,Ground,0.00,0.00,-900.00,90.15,0,0,0,29.20,9.13,-36.55,9.48
60,11,7.9667,6,Ground,0.00,0.00,-900.00,90.15,0,0,0,29.21,9.14,-36.55,9.49
60,11,7.9833,6,Ground,0.00,0.00,-900.00,90.15,0,0,0,29.21,9.14,-36.54,9.49
60,11,8.0000,6,Ground,0.00,0.00,-900.00,90.15,0,0,0,29.21,9.15,-36.54,9.49
60,11,8.0167,6,Ground,0.00,0.00,-900.00,90.15,0,0,0,29.22,9.16,-36.53,9.50
60,11,8.0333,6,Ground,0.00,0.00,-900.00,90.15,0,0,0,29.22,9.17,-36.53,9.50
60,11,8.0500,6,Ground,0.00,0.00,-900.00,90.15,0,0,0,29.23,9.17,-36.53,9.50
60,11,8.0667,6,Ground,0.00,0.00,-900.00,90.15,0,0,0,29.23,9.17,-36.53,9.50
60,11,8.0833,6,Ground,0.00,0.00,-900.00,90.15,0,0,0,29.23,9.18,-36.53,9.50
60,11,8.1000,6,Ground,0.00,0.00,-900.00,90.15,0,0,0,29.23,9.18,-36.53,9.51
60,11,8.1167,6,Ground,0.00,0.00,-900.00,90.15,0,0,0,29.23,9.18,-36.53,9.51
60,11,8.1333,6,Ground,0.00,0.00,-900.00,90.15,0,0,0,29.23,9.19,-36.53,9.51
60,11,8.1500,6,Ground,0.00,0.00,-900.00,90.15,0,0,0,29.23,9.19,-36.53,9.51
60,11,8.1667,6,Ground,0.00,0.00,-900.00,90.15,0,0,0,29.22,9.19,-36.53,9.51
60,11,8.1833,6,Ground,0.00,0.00,-900.00,90.15,0,0,0,29.22,9.19,-36.53,9.51
60,11,8.2000,6,Ground,0.00,0.00,-900.00,90.15,0,0,0,29.23,9.20,-36.53,9.51
60,11,8.2167,6,Ground,0.00,0.00,-900.00,90.15,0,0,0,29.23,9.19,-36.54,9.50
60,11,8.2333,6,Ground,0.00,0.00,-900.00,90.15,0,0,0,29.22,9.20,-36.54,9.50
60,11,8.2500,6,Ground,0.00,0.00,-900.00,90.15,0,0,0,29.22,9.20,-36.55,9.50
60,11,8.2667,6,Ground,0.00,0.00,-900.00,90.15,0,0,0,29.22,9.20,-36.55,9.50
60,11,8.2833,6,Ground,0.00,0.00,-900.00,90.15,0,0,0,29.22,9.20,-36.56,9.50
60,11,8.3000,6,Ground,0.00,0.00,-900.00,90.15,0,0,0,29.22,9.20,-36.56,9.50
60,11,8.3167,6,Ground,0.00,0.00,-900.00,90.15,0,0,0,29.22,9.20,-36.57,9.50
60,11,8.3333,6,Ground,0.00,0.00,-900.00,90.15,0,0,0,29.22,9.20,-36.57,9.49
60,11,8.3500,6,Ground,0.00,0.00,-900.00,90.15,0,0,0,29.22,9.20,-36.57,9.49
60,11,8.3667,6,Ground,0.00,0.00,-900.00,90.15,0,0,0,29.22,9.20,-36.58,9.49
60,11,8.3833,6,Ground,0.00,0.00,-900.00,90.15,0,0,0,29.22,9.20,-36.58,9.49
60,11,8.4000,6,Ground,0.00,0.00,-900.00,90.15,0,0,0,29.21,9.20,-36.59,9.49
60,11,8.4167,6,Ground,0.00,0.00,-900.00,90.15,0,0,0,29.21,9.20,-36.59,9.49
60,11,8.4333,6,Ground,0.00,0.00,-900.00,90.15,0,0,0,29.21,9.20,-36.60,9.49
60,11,8.4500,6,Ground,0.00,0.00,-900.00,90.15,0,0,0,29.20,9.20,-36.61,9.49
60,11,8.4667,6,Ground,0.00,0.00,-900.00,90.15,0,0,0,29.20,9.20,-36.61,9.49
60,11,8.4833,6,Ground,0.00,0.00,-900.00,90.15,0,0,0,29.20,9.20,-36.62,9.49
60,11,8.5000,6,Ground,0.00,0.00,-900.00,90.15,0,0,0,29.21,9.20,-36.62,9.48
60,11,8.5167,6,Ground,0.00,0.00,-900.00,90.15,0,0,0,29.20,9.20,-36.63,9.48
60,11,8.5333,6,Ground,0.00,0.00,-900.00,90.15,0,0,0,29.20,9.20,-36.63,9.48
60,11,8.5500,6,Ground,0.00,0.00,-900.00,90.15,0,0,0,29.20,9.20,-36.64,9.48
60,11,8.5667,6,Ground,0.00,0.00,-900.00,90.15,0,0,0,29.19,9.19,-36.64,9.47
60,11,8.5833,6,Ground,0.00,0.00,-900.00,90.15,0,0,0,29.18,9.19,-36.65,9.47
60,11,8.6000,6,Ground,0.00,0.00,-900.00,90.15,0,0,0,29.19,9.18,-36.66,9.47
60,11,8.6167,6,Ground,0.00,0.00,-900.00,90.15,0,0,0,29.18,9.18,-36.67,9.46
60,11,8.6333,6,Ground,0.00,0.00,-900.00,90.15,0,0,0,29.17,9.17,-36.68,9.46
60,11,8.6500,6,Ground,0.00,0.00,-900.00,90.15,0,0,0,29.17,9.16,-36.68,9.45
60,11,8.6667,6,Ground,0.00,0.00,-900.00,90.15,0,0,0,29.16,9.15,-36.69,9.45
60,11,8.6833,6,Ground,0.00,0.00,-900.00,90.15,0,0,0,29.16,9.14,-36.69,9.45
60,11,8.7000,6,Ground,0.00,0.00,-900.00,90.15,0,0,0,29.15,9.14,-36.70,9.44
60,11,8.7167,6,Ground,0.00,0.00,-900.00,90.15,0,0,0,29.15,9.13,-36.71,9.44
60,11,8.7333,6,Ground,0.00,0.00,-900.00,90.15,0,0,0,29.14,9.12,-36.71,9.43
60,11,8.7500,6,Ground,0.00,0.00,-900.00,90.15,0,0,0,29.15,9.12,-36.71,9.43
60,11,8.7667,6,Ground,0.00,0.00,-900.00,90.15,0,0,0,29.14,9.11,-36.71,9.43
60,11,8.7833,6,Ground,0.00,0.00,-900.00,90.15,0,0,0,29.14,9.11,-36.72,9.43
60,11,8.8000,6,Ground,0.00,0.00,-900.00,90.15,0,0,0,29.14,9.10,-36.72,9.42
60,11,8.8167,6,Ground,0.00,0.00,-900.00,90.15,0,0,0,29.13,9.09,-36.72,9.42
60,11,8.8333,6,Ground,0.00,0.00,-900.00,90.15,0,0,0,29.13,9.09,-36.73,9.42
60,11,8.8500,6,Ground,0.00,0.00,-900.00,90.15,0,0,0,29.13,9.08,-36.73,9.42
60,11,8.8667,6,Ground,0.00,0.00,-900.00,90.15,0,0,0,29.13,9.07,-36.74,9.41
60,11,8.8833,6,Ground,0.00,0.00,-900.00,90.15,0,0,0,29.12,9.06,-36.74,9.41
60,11,8.9000,6,Ground,0.00,0.00,-900.00,90.15,0,0,0,29.12,9.05,-36.74,9.40
60,11,8.9167,6,Ground,0.00,0.00,-900.00,90.15,0,0,0,29.12,9.05,-36.75,9.40
60,11,8.9333,6,Ground,0.00,0.00,-900.00,90.15,0,0,0,29.11,9.04,-36.75,9.39
60,11,8.9500,6,Ground,0.00,0.00,-900.00,90.15,0,0,0,29.11,9.03,-36.76,9.39
60,11,8.9667,6,Ground,0.00,0.00,-900.00,90.15,0,0,0,29.10,9.02,-36.76,9.38
60,11,8.9833,6,Ground,0.00,0.00,-900.00,90.15,0,0,0,29.10,9.01,-36.76,9.38
60,11,9.0000,6,Ground,0.00,0.00,-900.00,90.15,0,0,0,29.10,9.01,-36.76,9.39
60,11,9.0167,6,Ground,0.00,0.00,-900.00,90.15,0,0,0,29.09,9.00,-36.76,9.40
60,11,9.0333,6,Ground,0.00,0.00,-900.00,90.15,0,0,0,29.09,8.99,-36.76,9.40
60,11,9.0500,6,Ground,0.00,0.00,-900.00,90.15,0,0,0,29.09,8.98,-36.76,9.40
60,11,9.0667,6,Ground,0.00,0.00,-900.00,90.15,0,0,0,29.08,8.97,-36.76,9.40
60,11,9.0833,6,Ground,0.00,0.00,-900.00,90.15,0,0,0,29.08,8.97,-36.76,9.40
60,11,9.1000,6,Ground,0.00,0.00,-900.00,90.15,0,0,0,29.07,8.96,-36.75,9.41
60,11,9.1167,6,Ground,0.00,0.00,-900.00,90.15,0,0,0,29.07,8.95,-36.75,9.41
60,11,9.1333,7,Ground,0.00,0.00,-900.00,90.15,0,0,0,29.06,8.95,-36.75,9.41
60,11,9.1500,7,Ground,0.00,0.00,-900.00,90.15,0,0,0,29.06,8.94,-36.75,9.41
60,11,9.1667,7,Ground,0.00,0.00,-900.00,90.15,0,0,0,29.06,8.93,-36.75,9.41
60,11,9.1833,7,Ground,0.00,0.00,-900.00,90.15,0,0,0,29.06,8.93,-36.75,9.41
60,11,9.2000,7,Ground,0.00,0.00,-900.00,90.15,0,0,0,29.06,8.93,-36.74,9.42
60,11,9.2167,7,Ground,0.00,0.00,-900.00,90.15,0,0,0,29.06,8.93,-36.74,9.42
60,11,9.2333,7,Ground,0.00,0.00,-900.00,90.15,0,0,0,29.06,8.93,-36.74,9.42
60,11,9.2500,7,Ground,0.00,0.00,-900.00,90.15,0,0,0,29.07,8.93,-36.74,9.42
60,11,9.2667,7,Ground,0.00,0.00,-900.00,90.15,0,0,0,29.07,8.93,-36.74,9.42
60,11,9.2833,7,Ground,0.00,0.00,-900.00,90.15,0,0,0,29.08,8.93,-36.73,9.43
60,11,9.3000,7,Ground,0.00,0.00,-900.00,90.15,0,0,0,29.08,8.94,-36.73,9.43
60,11,9.3167,7,Ground,0.00,0.00,-900.00,90.15,0,0,0,29.08,8.93,-36.73,9.43
60,11,9.3333,7,Ground,0.00,0.00,-900.00,90.15,0,0,0,29.08,8.94,-36.73,9.43
60,11,9.3500,7,Ground,0.00,0.00,-900.00,90.15,0,0,0,29.09,8.94,-36.73,9.43
60,11,9.3667,7,Ground,0.00,0.00,-900.00,90.15,0,0,0,29.09,8.94,-36.72,9.43
60,11,9.3833,7,Ground,0.00,0.00,-900.00,90.15,0,0,0,29.09,8.94,-36.72,9.43
60,11,9.4000,7,Ground,0.00,0.00,-900.00,90.15,0,0,0,29.09,8.95,-36.72,9.43
60,11,9.4167,7,Ground,0.00,0.00,-900.00,90.15,0,0,0,29.09,8.95,-36.72,9.43
60,11,9.4333,7,Ground,0.00,0.00,-900.00,90.15,0,0,0,29.10,8.95,-36.72,9.43
60,11,9.4500,7,Ground,0.00,0.00,-900.00,90.15,0,0,0,29.10,8.95,-36.71,9.43
60,11,9.4667,7,Ground,0.00,0.00,-900.00,90.15,0,0,0,29.10,8.95,-36.71,9.43
60,11,9.4833,7,Ground,0.00,0.00,-900.00,90.15,0,0,0,29.10,8.96,-36.71,9.44
60,11,9.5000,7,Ground,0.00,0.00,-900.00,90.15,0,0,0,29.11,8.96,-36.70,9.43
60,11,9.5167,7,Ground,0.00,0.00,-900.00,90.15,0,0,0,29.11,8.96,-36.70,9.44
60,11,9.5333,7,Ground,0.00,0.00,-900.00,90.15,0,0,0,29.11,8.96,-36.70,9.44
60,11,9.5500,7,Ground,0.00,0.00,-900.00,90.15,0,0,0,29.11,8.97,-36.70,9.44
60,11,9.5667,7,Ground,0.00,0.00,-900.00,90.15,0,0,0,29.11,8.97,-36.70,9.44
60,11,9.5833,7,Ground,0.00,0.00,-900.00,90.15,0,0,0,29.12,8.97,-36.69,9.44
60,11,9.6000,7,Ground,0.00,0.00,-900.00,90.15,0,0,0,29.12,8.98,-36.69,9.44
60,11,9.6167,7,Ground,0.00,0.00,-900.00,90.15,0,0,0,29.12,8.98,-36.69,9.44
120,0,0.0000,0,Ground,0.00,0.00,-900.00,98.00,0,0,0,29.14,16.87,-36.65,17.28
120,0,0.0083,0,Ground,17.07,0.14,-900.00,90.15,0,0,0,29.28,9.03,-36.50,9.43
120,0,0.0167,0,Ground,34.13,0.43,-900.00,90.15,0,0,0,29.55,9.17,-36.21,9.45
120,0,0.0250,0,Ground,51.20,0.85,-900.00,90.15,0,0,0,29.83,9.17,-35.69,9.43
120,0,0.0333,0,Ground,68.27,1.42,-900.00,90.15,0,0,0,30.14,9.17,-34.95,9.40
120,0,0.0417,0,Ground,85.33,2.13,-900.00,90.15,0,0,0,30.46,9.17,-33.97,9.34
120,0,0.0500,0,Ground,102.40,2.99,-900.00,90.15,0,0,0,30.79,9.19,-32.74,9.25
120,0,0.0583,0,Ground,119.47,3.98,-900.00,90.15,0,0,0,31.13,9.21,-31.27,9.14
120,0,0.0667,0,Ground,136.53,5.12,-900.00,90.15,0,0,0,31.48,9.25,-29.55,8.98
120,0,0.0750,0,Ground,153.60,6.40,-900.00,90.15,0,0,0,31.88,9.31,-27.61,8.79
120,0,0.0833,1,Ground,262.29,4.21,-900.00,90.15,0,1,0,28.78,9.39,-29.06,8.56
120,0,0.0917,1,Ground,262.29,2.03,-900.00,90.15,0,1,0,30.78,10.86,-32.41,6.91
120,0,0.1000,1,Ground,374.95,-1.10,-900.00,90.15,0,1,0,19.62,9.77,-27.33,7.52
120,0,0.1083,1,Ground,374.95,-4.22,-900.00,90.15,0,1,0,12.66,10.65,-25.42,6.67
120,0,0.1167,1,Ground,149.63,-5.47,-900.00,90.15,0,1,0,7.08,11.78,-21.85,6.03
120,0,0.1250,1,Ground,149.63,-6.71,-900.00,90.15,0,1,0,2.39,12.82,-19.61,5.53
120,0,0.1333,1,Ground,413.67,-3.27,-900.00,90.15,0,1,0,2.90,13.78,-14.77,5.14
120,0,0.1417,1,Ground,413.68,0.18,-900.00,90.15,0,1,0,6.01,13.33,-13.47,4.76
120,0,0.1500,1,Ground,1101.96,9.36,-900.00,90.15,0,1,0,15.79,13.85,-4.60,4.85
120,0,0.1583,1,Ground,1101.96,18.55,-900.00,90.15,0,1,0,25.28,17.23,1.91,0.75
120,0,0.1667,1,Ground,1539.99,31.38,-900.00,90.15,0,1,0,40.83,20.88,2.60,4.52
120,0,0.1750,1,Ground,1539.99,44.21,-900.00,90.15,0,1,0,44.70,24.04,16.57,5.43
120,0,0.1833,1,Ground,1753.57,58.83,-900.00,90.15,0,1,0,48.73,27.22,35.11,6.86
120,0,0.1917,1,Ground,1753.57,73.44,-900.00,90.15,0,1,0,52.52,32.28,54.45,9.10
120,0,0.2000,1,Ground,1742.42,87.96,-900.00,90.15,0,1,0,56.54,34.85,72.65,12.05
120,0,0.2083,1,Ground,1742.42,102.48,-900.00,90.15,0,1,0,60.21,38.31,89.99,15.79
120,0,0.2167,1,Ground,1506.84,115.04,-900.00,90.15,0,1,0,59.77,36.58,105.37,19.49
120,0,0.2250,1,Ground,1506.83,127.59,-900.00,90.15,0,1,0,58.81,37.12,120.84,23.78
120,0,0.2333,1,Ground,1305.87,138.48,-900.00,90.15,0,1,0,64.45,40.83,132.99,27.31
120,0,0.2417,1,Ground,1305.86,149.36,-900.00,90.15,0,1,0,75.03,39.79,143.30,29.94
120,0,0.2500,1,Ground,1280.34,160.03,-900.00,90.15,0,1,0,85.40,38.28,152.93,32.15
120,0,0.2583,1,Ground,1280.34,170.70,-900.00,90.15,0,1,0,95.52,37.31,162.84,34.42
120,0,0.2667,1,Ground,1241.03,181.04,-900.00,90.15,0,1,0,105.40,36.07,172.23,36.16
120,0,0.2750,1,Ground,1241.02,191.38,-900.00,90.15,0,1,0,114.91,35.60,181.79,37.79
120,0,0.2833,1,Ground,1187.92,201.28,-900.00,90.15,0,1,0,123.99,35.17,190.96,38.82
120,0,0.2917,1,Ground,1187.92,211.18,-900.00,90.15,0,1,0,132.92,35.27,200.15,39.63
120,0,0.3000,1,Ground,1121.32,220.52,-900.00,90.15,0,1,0,141.48,35.37,208.96,39.80
120,0,0.3083,1,Ground,1121.32,229.87,-900.00,90.15,0,1,0,150.14,35.55,217.64,39.73
120,0,0.3167,1,Ground,1040.64,238.54,-900.00,90.15,0,1,0,158.51,35.52,225.95,39.06
120,0,0.3250,1,Ground,1040.64,247.21,-900.00,90.15,0,1,0,167.16,35.26,234.01,38.16
120,0,0.3333,1,Ground,946.46,255.10,-900.00,90.15,0,1,0,175.39,35.04,241.97,36.76
120,0,0.3417,1,Ground,946.46,262.99,-900.00,90.15,0,1,0,183.68,34.83,249.96,35.36
120,0,0.3500,1,Ground,849.94,270.07,-900.00,90.15,0,1,0,191.58,34.77,261.16,33.73
120,0,0.3583,1,Ground,849.94,277.15,-900.00,90.15,0,1,0,199.62,34.75,272.39,32.67
120,0,0.3667,1,Ground,771.61,283.58,-900.00,90.15,0,1,0,207.59,34.68,282.82,31.09
120,0,0.3750,1,Ground,771.60,290.01,-900.00,90.15,0,1,0,215.77,34.67,293.44,30.02
120,0,0.3833,1,Ground,709.71,295.93,-900.00,90.15,0,1,0,224.03,34.73,303.18,28.20
120,0,0.3917,1,Ground,709.70,301.84,-900.00,90.15,0,1,0,232.55,34.88,313.23,26.87
120,0,0.4000,1,Ground,663.64,307.37,-900.00,90.15,0,1,0,241.21,35.16,322.67,24.71
120,0,0.4083,1,Ground,663.64,312.90,-900.00,90.15,0,1,0,250.15,35.54,332.43,23.03
120,0,0.4167,1,Ground,633.99,318.18,-900.00,90.15,0,1,0,259.22,36.08,342.03,20.80
120,0,0.4250,1,Ground,634.00,323.47,-900.00,90.15,0,1,0,268.54,36.71,351.89,19.11
120,0,0.4333,1,Ground,619.66,328.63,-900.00,90.15,0,1,0,277.89,37.46,362.09,17.41
120,0,0.4417,1,Ground,619.66,333.80,-900.00,90.15,0,1,0,287.44,38.31,372.42,16.39
120,0,0.4500,1,Ground,622.60,338.98,-900.00,90.15,0,1,0,296.88,39.21,383.23,14.99
120,0,0.4583,1,Ground,622.59,344.17,-900.00,90.15,0,1,0,306.48,40.19,393.97,14.40
120,0,0.4667,1,Ground,641.37,349.52,-900.00,90.15,0,1,0,315.78,41.12,404.73,13.09
120,0,0.4750,1,Ground,641.37,354.86,-900.00,90.15,0,1,0,325.17,42.12,415.07,12.63
120,0,0.4833,1,Ground,676.00,360.49,-900.00,90.15,0,1,0,334.08,42.92,424.38,11.44
120,0,0.4917,1,Ground,675.99,366.13,-900.00,90.15,0,1,0,343.03,43.78,432.98,10.92
120,0,0.5000,1,Ground,729.98,372.21,-900.00,90.15,0,1,0,351.16,44.19,435.52,10.34
120,0,0.5083,1,Ground,729.98,378.29,-900.00,90.15,0,1,0,359.32,44.62,437.55,10.34
120,0,0.5167,1,Ground,764.01,384.66,-900.00,90.15,0,1,0,366.42,44.49,437.23,9.76
120,0,0.5250,1,Ground,764.01,391.03,-900.00,90.15,0,1,0,373.52,44.38,436.54,10.45
120,0,0.5333,1,Ground,759.32,397.36,-900.00,90.15,0,1,0,379.52,43.85,437.06,9.93
120,0,0.5417,1,Ground,759.32,403.68,-900.00,90.15,0,1,0,385.50,43.36,437.57,10.19
120,0,0.5500,1,Ground,713.55,409.63,-900.00,90.15,0,1,0,390.34,42.55,438.00,9.78
120,0,0.5583,1,Ground,713.55,415.58,-900.00,90.15,0,1,0,395.18,41.74,438.49,10.04
120,0,0.5667,1,Ground,627.29,420.80,-900.00,90.15,0,1,0,398.95,40.58,439.06,10.04
120,0,0.5750,1,Ground,627.29,426.03,-900.00,90.15,0,1,0,402.83,39.32,439.68,10.47
120,0,0.5833,1,Ground,546.90,430.59,-900.00,90.15,0,1,0,406.08,37.80,440.34,10.85
120,0,0.5917,1,Ground,546.90,435.15,-900.00,90.15,0,1,0,409.61,36.10,440.95,11.49
120,0,0.6000,1,Ground,500.54,439.32,-900.00,90.15,0,1,0,412.96,34.24,441.70,11.92
120,0,0.6083,1,Ground,500.54,443.49,-900.00,90.15,0,1,0,416.75,32.23,442.31,12.55
120,0,0.6167,1,Ground,459.47,447.32,-900.00,90.15,0,1,0,420.71,29.95,443.13,13.03
120,0,0.6250,1,Ground,459.46,451.15,-900.00,90.15,0,1,0,425.27,27.61,443.76,13.67
120,0,0.6333,1,Ground,423.08,454.67,-900.00,90.15,0,1,0,430.29,24.99,444.80,14.32
120,0,0.6417,1,Ground,423.08,458.20,-900.00,90.15,0,1,0,436.03,22.48,445.67,15.10
120,0,0.6500,1,Ground,391.98,461.46,-900.00,90.15,0,1,0,442.39,19.78,447.50,15.97
120,0,0.6583,1,Ground,391.98,464.73,-900.00,90.15,0,1,0,449.51,17.38,449.20,16.95
120,0,0.6667,1,Ground,365.58,467.78,-900.00,90.15,0,1,0,457.23,14.93,450.45,17.15
120,0,0.6750,1,Ground,365.58,470.82,-900.00,90.15,0,1,0,465.64,12.99,451.59,17.47
120,0,0.6833,1,Ground,268.17,473.06,-900.00,90.15,0,1,0,473.81,10.96,452.11,17.46
120,0,0.6917,1,Ground,268.17,475.29,-900.00,90.15,0,1,0,482.50,9.62,452.57,17.52
120,0,0.7000,1,Ground,142.60,476.48,-900.00,90.15,0,1,0,490.33,8.44,452.72,17.52
120,0,0.7083,1,Ground,142.59,477.67,-900.00,90.15,0,1,0,498.46,8.03,452.85,17.53
120,0,0.7167,1,Ground,85.09,478.38,-900.00,90.15,0,1,0,505.86,8.15,452.13,17.44
120,0,0.7250,1,Ground,85.09,479.09,-900.00,90.15,0,1,0,513.32,9.03,451.41,17.38
120,0,0.7333,1,Ground,74.52,479.71,-900.00,90.15,0,1,0,513.32,9.04,450.93,17.25
120,0,0.7417,1,Ground,74.52,480.33,-900.00,90.15,0,1,0,513.32,9.06,450.44,17.14
120,0,0.7500,1,Ground,65.15,480.87,-900.00,90.15,0,1,0,513.32,9.08,450.50,17.01
120,0,0.7583,1,Ground,65.15,481.41,-900.00,90.15,0,1,0,513.33,9.11,450.55,16.88
120,0,0.7667,1,Ground,57.06,481.89,-900.00,90.15,0,1,0,513.34,9.12,451.00,16.71
120,0,0.7750,1,Ground,57.07,482.37,-900.00,90.15,0,1,0,513.36,9.14,451.45,16.55
120,0,0.7833,1,Ground,48.91,482.77,-900.00,90.15,0,1,0,513.37,9.16,452.13,16.34
120,0,0.7917,1,Ground,48.91,483.18,-900.00,90.15,0,1,0,513.39,9.18,452.82,16.13
120,0,0.8000,1,Ground,41.66,483.53,-900.00,90.15,0,1,0,513.41,9.19,453.58,15.88
120,0,0.8083,1,Ground,41.67,483.88,-900.00,90.15,0,1,0,513.42,9.21,454.35,15.64
120,0,0.8167,1,Ground,35.32,484.17,-900.00,90.15,0,1,0,513.44,9.22,455.05,15.35
120,0,0.8250,1,Ground,35.32,484.46,-900.00,90.15,0,1,0,513.46,9.23,455.76,15.07
120,0,0.8333,1,Ground,28.99,484.71,-900.00,90.15,0,1,0,513.47,9.24,456.23,14.75
120,0,0.8417,1,Ground,0.00,484.71,-900.00,90.15,0,1,0,513.10,9.25,456.50,14.38
120,0,0.8500,1,Ground,0.00,484.71,-900.00,90.15,0,1,0,512.61,9.27,456.49,13.91
120,0,0.8583,1,Ground,0.00,484.71,-900.00,90.15,0,1,0,512.07,9.29,456.47,13.43
120,0,0.8667,1,Ground,0.00,484.71,-900.00,90.15,0,1,0,511.66,9.30,456.02,12.84
120,0,0.8750,1,Ground,0.00,484.71,-900.00,90.15,0,1,0,511.32,9.31,455.52,12.29
120,0,0.8833,1,Ground,0.00,484.71,-900.00,90.15,0,1,0,511.17,9.29,454.75,11.69
120,0,0.8917,1,Ground,0.00,484.71,-900.00,90.15,0,1,0,511.09,9.28,453.97,11.16
120,0,0.9000,1,Ground,0.00,484.71,-900.00,90.15,0,1,0,511.14,9.24,453.10,10.68
120,0,0.9083,1,Ground,0.00,484.71,-900.00,90.15,0,1,0,511.22,9.21,452.28,10.28
120,0,0.9167,1,Ground,0.00,484.71,-900.00,90.15,0,1,0,511.38,9.17,451.50,9.95
120,0,0.9250,1,Ground,0.00,484.71,-900.00,90.15,0,1,0,511.57,9.13,450.77,9.68
120,0,0.9333,1,Ground,0.00,484.71,-900.00,90.15,0,1,0,511.81,9.09,450.18,9.49
120,0,0.9417,1,Ground,0.00,484.71,-900.00,90.15,0,1,0,512.08,9.05,449.62,9.33
120,0,0.9500,1,Ground,0.00,484.71,-900.00,90.15,0,1,0,512.35,9.01,449.23,9.23
120,0,0.9583,1,Ground,0.00,484.71,-900.00,90.15,0,1,0,512.63,8.98,448.87,9.16
120,0,0.9667,1,Ground,0.00,484.71,-900.00,90.15,0,1,0,512.87,8.97,448.75,9.16
120,0,0.9750,1,Ground,0.00,484.71,-900.00,90.15,0,1,0,513.10,8.96,448.64,9.17
120,0,0.9833,1,Ground,0.00,484.71,-900.00,90.15,0,1,0,513.30,8.96,448.50,9.20
120,0,0.9917,1,Ground,0.00,484.71,-900.00,90.15,0,1,0,513.46,8.97,448.37,9.23
120,0,1.0000,1,Ground,0.00,484.71,-900.00,90.15,0,1,0,513.60,8.99,448.25,9.27
120,0,1.0083,1,Ground,0.00,484.71,-900.00,90.15,0,1,0,513.70,9.01,448.15,9.31
120,0,1.0167,1,Ground,0.00,484.71,-900.00,90.15,0,1,0,513.77,9.02,448.06,9.34
120,0,1.0250,1,Ground,0.00,484.71,-900.00,90.15,0,1,0,513.81,9.04,448.00,9.37
120,0,1.0333,1,Ground,0.00,484.71,-900.00,90.15,0,1,0,513.83,9.05,447.97,9.38
120,0,1.0417,1,Ground,0.00,484.71,-900.00,90.15,0,1,0,513.82,9.04,447.96,9.39
120,0,1.0500,1,Ground,0.00,484.71,-900.00,90.15,0,1,0,513.82,9.04,447.95,9.39
120,0,1.0583,1,Ground,0.00,484.71,-900.00,90.15,0,1,0,513.82,9.03,447.95,9.39
120,0,1.0667,1,Ground,0.00,484.71,-900.00,90.15,0,1,0,513.81,9.02,447.95,9.39
120,0,1.0750,1,Ground,0.00,484.71,-900.00,90.15,0,0,0,513.81,9.02,447.94,9.38
120,0,1.0833,1,Ground,17.07,484.85,-900.00,90.15,0,0,0,513.95,9.02,448.08,9.38
120,0,1.0917,1,Ground,34.13,485.13,-900.00,90.15,0,0,0,514.26,9.17,448.49,9.45
120,0,1.1000,1,Ground,51.20,485.56,-900.00,90.15,0,0,0,514.54,9.17,449.01,9.43
120,0,1.1083,1,Ground,68.27,486.13,-900.00,90.15,0,0,0,514.85,9.17,449.75,9.40
120,0,1.1167,1,Ground,85.33,486.84,-900.00,90.15,0,0,0,515.17,9.17,450.74,9.34
120,0,1.1250,1,Ground,102.40,487.69,-900.00,90.15,0,0,0,515.50,9.19,451.97,9.25
120,0,1.1333,1,Ground,119.47,488.69,-900.00,90.15,0,0,0,515.83,9.21,453.44,9.14
120,0,1.1417,1,Ground,136.53,489.83,-900.00,90.15,0,0,0,516.19,9.25,455.15,8.98
120,0,1.1500,1,Ground,153.60,491.11,-900.00,90.15,0,0,0,516.59,9.31,457.10,8.79
120,0,1.1583,1,Ground,170.67,492.53,-900.00,90.15,0,0,0,517.07,9.40,459.26,8.56
120,0,1.1667,1,Ground,187.73,494.09,-900.00,90.15,0,0,0,517.67,9.53,461.62,8.31
120,0,1.1750,1,Ground,204.80,495.80,-900.00,90.15,0,0,0,518.44,9.72,464.15,8.05
120,0,1.1833,1,Ground,221.87,497.65,-900.00,90.15,0,0,0,519.46,10.00,466.79,7.80
120,0,1.1917,1,Ground,238.93,499.64,-900.00,90.15,0,0,0,520.78,10.38,469.48,7.61
120,0,1.2000,1,Ground,256.00,501.77,-900.00,90.15,0,0,0,522.47,10.90,472.14,7.53
120,0,1.2083,1,Ground,273.07,504.05,-900.00,90.15,0,0,0,524.60,11.58,474.69,7.61
120,0,1.2167,1,Ground,290.13,506.47,-900.00,90.15,0,0,0,527.25,12.46,477.05,7.95
120,0,1.2250,1,Ground,307.20,509.03,-900.00,90.15,0,0,0,530.43,13.54,479.15,8.62
120,0,1.2333,1,Ground,324.27,511.73,-900.00,90.15,0,0,0,534.22,14.86,480.89,9.71
120,0,1.2417,1,Ground,341.33,514.57,-900.00,90.15,0,0,0,538.58,16.35,482.20,11.26
120,0,1.2500,1,Ground,358.40,517.56,-900.00,90.15,0,0,0,543.04,17.66,483.11,13.02
120,0,1.2583,1,Ground,375.47,520.69,-900.00,90.15,0,0,0,546.52,17.96,483.99,14.03
120,0,1.2667,1,Ground,392.53,523.96,-900.00,90.15,0,0,0,550.46,18.32,484.98,15.16
120,0,1.2750,1,Ground,409.60,527.37,-900.00,90.15,0,0,0,554.83,18.67,486.11,16.39
120,0,1.2833,1,Ground,426.67,530.93,-900.00,90.15,0,0,0,559.60,19.00,487.34,17.69
120,0,1.2917,1,Ground,443.73,534.63,-900.00,90.15,0,0,0,564.77,19.30,488.73,19.10
120,0,1.3000,1,Ground,450.00,538.38,-900.00,90.15,0,0,0,570.06,19.49,490.22,20.69
120,0,1.3083,1,Ground,450.00,542.13,-900.00,90.15,0,0,0,575.55,19.65,491.77,22.40
120,0,1.3167,1,Ground,450.00,545.88,-900.00,90.15,0,0,0,580.90,19.59,493.42,24.25
120,0,1.3250,1,Ground,450.00,549.63,-900.00,90.15,0,0,0,586.12,19.63,495.27,26.08
120,0,1.3333,1,Ground,450.00,553.38,-900.00,90.15,0,0,0,591.00,19.44,497.29,28.38
120,0,1.3417,1,Ground,450.00,557.13,-900.00,90.15,0,0,0,595.85,19.16,499.56,30.95
120,0,1.3500,1,Ground,450.00,560.88,-900.00,90.15,0,0,0,600.51,18.69,502.00,33.76
120,0,1.3583,1,Ground,450.00,564.63,-900.00,90.15,0,0,0,604.90,18.01,504.60,36.81
120,0,1.3667,1,Ground,450.00,568.38,-900.00,90.15,0,0,0,609.21,17.23,507.58,40.07
120,0,1.3750,1,Ground,450.00,572.13,-900.00,90.15,0,0,0,613.09,16.22,510.82,43.39
120,0,1.3833,1,Ground,450.00,575.88,-900.00,90.15,0,0,0,616.70,15.14,514.57,46.86
120,0,1.3917,1,Ground,450.00,579.63,-900.00,90.15,0,0,0,620.19,13.97,518.80,50.09
120,0,1.4000,1,Ground,450.00,583.38,-900.00,90.15,0,0,0,623.62,12.72,523.51,53.14
120,0,1.4083,1,Ground,450.00,587.13,-900.00,90.15,0,0,0,626.55,11.58,528.75,56.03
120,0,1.4167,1,Ground,450.00,590.88,-900.00,90.15,0,0,0,627.92,10.97,534.63,58.59
120,0,1.4250,1,Ground,450.00,594.63,-900.00,90.15,0,0,0,629.24,10.52,540.94,60.99
120,0,1.4333,1,Ground,450.00,598.38,-900.00,90.15,0,0,0,629.66,10.16,547.71,63.23
120,0,1.4417,1,Ground,450.00,602.13,-900.00,90.15,0,0,0,629.92,10.00,554.83,65.31
120,0,1.4500,1,Ground,450.00,605.88,-900.00,90.15,0,0,0,629.91,9.83,562.09,67.10
120,0,1.4583,1,Ground,450.00,609.63,-900.00,90.15,0,0,0,629.56,9.57,569.38,68.65
120,0,1.4667,1,Ground,450.00,613.38,-900.00,90.15,0,0,0,629.23,9.50,576.80,70.06
120,0,1.4750,1,Ground,450.00,617.13,-900.00,90.15,0,0,0,629.09,9.42,583.81,70.94
120,0,1.4833,1,Ground,450.00,620.88,-900.00,90.15,0,0,0,628.98,9.51,590.87,71.79
120,0,1.4917,1,Ground,450.00,624.63,-900.00,90.15,0,0,0,628.90,9.50,597.49,72.11
120,0,1.5000,1,Ground,450.00,628.38,-900.00,90.15,0,0,0,628.82,9.51,603.88,72.23
120,1,0.0000,0,Ground,0.00,0.00,-900.00,98.00,0,0,0,29.13,16.85,-36.66,17.28
120,1,0.0083,0,Ground,17.07,0.14,-900.00,90.15,0,0,0,29.27,9.00,-36.51,9.43
120,1,0.0167,0,Ground,34.13,0.43,-900.00,90.15,0,0,0,29.55,9.17,-36.21,9.45
120,1,0.0250,0,Ground,51.20,0.85,-900.00,90.15,0,0,0,29.83,9.17,-35.69,9.43
120,1,0.0333,0,Ground,68.27,1.42,-900.00,90.15,0,0,0,30.14,9.17,-34.95,9.40
120,1,0.0417,0,Ground,85.33,2.13,-900.00,90.15,0,0,0,30.46,9.17,-33.97,9.34
120,1,0.0500,0,Ground,102.40,2.99,-900.00,90.15,0,0,0,30.79,9.19,-32.74,9.25
120,1,0.0583,0,Ground,119.47,3.98,-900.00,90.15,0,0,0,31.13,9.21,-31.27,9.14
120,1,0.0667,0,Ground,136.53,5.12,-900.00,90.15,0,0,0,31.48,9.25,-29.55,8.98
120,1,0.0750,0,Ground,153.60,6.40,-900.00,90.15,0,0,0,31.88,9.31,-27.61,8.79
120,1,0.0833,0,Ground,170.67,7.82,-900.00,90.15,0,0,0,32.36,9.40,-25.44,8.56
120,1,0.0917,0,Ground,187.73,9.39,-900.00,90.15,0,0,0,32.97,9.53,-23.09,8.31
120,1,0.1000,0,Ground,204.80,11.09,-900.00,90.15,0,0,0,33.74,9.72,-20.56,8.05
120,1,0.1083,0,Ground,221.87,12.94,-900.00,90.15,0,0,0,34.76,10.00,-17.92,7.80
120,1,0.1167,0,Ground,238.93,14.93,-900.00,90.15,0,0,0,36.07,10.38,-15.22,7.61
120,1,0.1250,0,Ground,256.00,17.07,-900.00,90.15,0,0,0,37.77,10.90,-12.56,7.53
120,1,0.1333,0,Ground,273.07,19.34,-900.00,90.15,0,0,0,39.90,11.58,-10.01,7.61
120,1,0.1417,0,Ground,290.13,21.76,-900.00,90.15,0,0,0,42.54,12.46,-7.66,7.95
120,1,0.1500,0,Ground,307.20,24.32,-900.00,90.15,0,0,0,45.73,13.54,-5.56,8.62
120,1,0.1583,0,Ground,324.27,27.02,-900.00,90.15,0,0,0,49.51,14.86,-3.82,9.71
120,1,0.1667,0,Ground,341.33,29.87,-900.00,90.15,0,0,0,53.87,16.35,-2.51,11.26
120,1,0.1750,0,Ground,358.40,32.85,-900.00,90.15,0,0,0,58.34,17.66,-1.59,13.02
120,1,0.1833,0,Ground,375.47,35.98,-900.00,90.15,0,0,0,61.81,17.96,-0.71,14.03
120,1,0.1917,0,Ground,392.53,39.25,-900.00,90.15,0,0,0,65.75,18.32,0.28,15.16
120,1,0.2000,0,Ground,409.60,42.67,-900.00,90.15,0,0,0,70.13,18.67,1.40,16.39
120,1,0.2083,0,Ground,426.67,46.22,-900.00,90.15,1,0,0,74.89,19.00,2.64,17.69
120,1,0.2167,0,Ground,443.73,49.92,-900.00,90.15,1,0,0,80.06,19.30,4.02,19.10
120,1,0.2250,0,Ground,460.80,53.76,-900.00,90.15,1,0,0,85.44,19.49,5.61,20.69
120,1,0.2333,0,Ground,477.87,57.74,-900.00,90.15,1,0,0,91.17,19.66,7.38,22.41
120,1,0.2417,0,Ground,494.93,61.87,-900.00,90.15,1,0,0,96.89,19.62,9.38,24.28
120,1,0.2500,0,Ground,512.00,66.13,-900.00,90.15,1,0,0,102.62,19.70,11.68,26.18
120,1,0.2583,0,Ground,529.07,70.54,-900.00,90.15,1,0,0,108.16,19.58,14.25,28.59
120,1,0.2667,0,Ground,546.13,75.09,-900.00,90.15,1,0,0,113.80,19.38,17.18,31.35
120,1,0.2750,0,Ground,563.20,79.79,-900.00,90.15,1,0,0,119.38,19.00,20.37,34.46
120,1,0.2833,0,Ground,580.27,84.62,-900.00,90.15,1,0,0,124.83,18.42,23.85,37.96
120,1,0.2917,0,Ground,597.33,89.60,-900.00,90.15,1,0,0,130.31,17.73,27.86,41.84
120,1,0.3000,0,Ground,614.40,94.72,-900.00,90.15,1,0,0,135.50,16.76,32.31,45.98
120,1,0.3083,0,Ground,631.47,99.98,-900.00,90.15,1,0,0,140.67,15.68,37.54,50.48
120,1,0.3167,0,Ground,648.53,105.39,-900.00,90.15,1,0,0,145.87,14.47,43.59,54.91
120,1,0.3250,0,Ground,650.00,110.80,-900.00,90.15,1,0,0,151.23,13.09,49.52,57.39
120,1,0.3333,0,Ground,650.00,116.22,-900.00,90.15,1,0,0,156.32,12.03,54.92,58.58
120,1,0.3417,0,Ground,650.00,121.64,-900.00,90.15,1,0,0,160.34,11.58,60.14,59.50
120,1,0.3500,0,Ground,650.00,127.05,-900.00,90.15,1,0,0,164.62,11.25,65.02,60.31
120,1,0.3583,0,Ground,650.00,132.47,-900.00,90.15,1,0,0,168.48,10.93,69.60,61.00
120,1,0.3667,0,Ground,650.00,137.89,-900.00,90.15,1,0,0,172.64,10.69,73.88,61.62
120,1,0.3750,0,Ground,650.00,143.30,-900.00,90.15,1,0,0,175.43,10.07,78.34,62.71
120,1,0.3833,0,Ground,650.00,148.72,-900.00,90.15,1,0,0,178.20,9.54,82.42,63.49
120,1,0.3917,0,Ground,650.00,154.14,-900.00,90.15,1,0,0,181.45,9.17,86.18,63.95
120,1,0.4000,0,Ground,650.00,159.55,-900.00,90.15,1,0,0,184.75,8.83,90.03,64.14
120,1,0.4083,0,Ground,650.00,164.97,-900.00,90.15,1,0,0,188.28,8.59,93.87,64.43
120,1,0.4167,0,Ground,650.00,170.39,-900.00,90.15,1,0,0,192.21,8.27,98.12,64.64
120,1,0.4250,0,Ground,650.00,175.80,-900.00,90.15,1,0,0,196.33,7.96,102.53,65.25
120,1,0.4333,0,Ground,650.00,181.22,-900.00,90.15,1,0,0,199.06,7.79,107.41,66.83
120,1,0.4417,0,Ground,650.00,186.64,-900.00,90.15,1,0,0,200.33,7.89,112.88,69.35
120,1,0.4500,0,Ground,650.00,192.05,-900.00,90.15,1,0,0,201.36,8.36,119.01,72.16
120,1,0.4583,0,Ground,650.00,197.47,-900.00,90.15,1,0,0,201.97,8.54,126.67,74.62
120,1,0.4667,0,Ground,650.00,202.89,-900.00,90.15,1,0,0,202.51,8.97,135.19,76.88
120,1,0.4750,0,Ground,650.00,208.30,-900.00,90.15,1,0,0,202.75,8.94,144.08,75.72
120,1,0.4833,0,Ground,650.00,213.72,-900.00,90.15,1,0,0,202.87,9.09,153.50,74.38
120,1,0.4917,0,Ground,650.00,219.14,-900.00,90.15,1,0,0,202.95,9.46,163.19,70.63
120,1,0.5000,0,Ground,650.00,224.55,-900.00,90.15,1,0,0,202.96,10.13,173.47,66.15
120,1,0.5083,0,Ground,650.00,229.97,-900.00,90.15,1,0,0,203.03,10.92,184.53,62.07
120,1,0.5167,0,Ground,650.00,235.39,-900.00,90.15,1,0,0,203.22,11.68,196.69,58.25
120,1,0.5250,0,Ground,650.00,240.80,-900.00,90.15,1,0,0,203.51,12.89,209.09,56.04
120,1,0.5333,0,Ground,650.00,246.22,-900.00,90.15,1,0,0,204.94,14.50,220.90,54.17
120,1,0.5417,0,Ground,650.00,251.64,-900.00,90.15,1,0,0,206.43,16.37,232.78,53.63
120,1,0.5500,0,Ground,650.00,257.05,-900.00,90.15,1,0,0,208.95,17.92,242.99,52.22
120,1,0.5583,1,Ground,546.27,261.61,-900.00,90.15,0,0,0,210.92,19.48,252.29,50.84
120,1,0.5667,1,Ground,456.36,265.41,-900.00,90.15,0,0,0,211.95,21.99,260.54,47.57
120,1,0.5750,1,Ground,450.00,269.16,-900.00,90.15,0,0,0,212.82,25.46,269.15,42.32
120,1,0.5833,1,Ground,450.00,272.91,-900.00,90.15,0,0,0,214.01,28.98,278.88,37.24
120,1,0.5917,1,Ground,450.00,276.66,-900.00,90.15,0,0,0,215.83,32.32,289.58,30.93
120,1,0.6000,1,Ground,450.00,280.41,-900.00,90.15,0,0,0,217.86,35.64,300.95,26.39
120,1,0.6083,1,Ground,450.00,284.16,-900.00,90.15,0,0,0,220.31,38.71,311.38,22.86
120,1,0.6167,1,Ground,450.00,287.91,-900.00,90.15,0,0,0,223.04,41.78,321.50,20.66
120,1,0.6250,1,Ground,450.00,291.66,-900.00,90.15,0,0,0,225.97,44.80,329.93,19.60
120,1,0.6333,1,Ground,450.00,295.41,-900.00,90.15,0,0,0,229.21,47.82,337.38,19.04
120,1,0.6417,1,Ground,450.00,299.16,-900.00,90.15,0,0,0,232.66,50.85,343.57,18.45
120,1,0.6500,1,Ground,450.00,302.91,-900.00,90.15,0,0,0,236.42,53.79,348.24,17.60
120,1,0.6583,1,Ground,450.00,306.66,-900.00,90.15,0,0,0,240.70,56.53,352.42,16.42
120,1,0.6667,1,Ground,450.00,310.41,-900.00,90.15,0,0,0,245.48,58.58,355.34,15.06
120,1,0.6750,1,Ground,450.00,314.16,-900.00,90.15,0,0,0,250.84,60.33,356.29,13.46
120,1,0.6833,1,Ground,450.00,317.91,-900.00,90.15,0,0,0,256.75,62.10,356.98,12.02
120,1,0.6917,1,Ground,450.00,321.66,-900.00,90.15,0,0,0,263.32,63.70,356.30,10.67
120,1,0.7000,1,Ground,450.00,325.41,-900.00,90.15,0,0,0,270.41,65.25,355.00,9.75
120,1,0.7083,1,Ground,450.00,329.16,-900.00,90.15,0,0,0,277.95,66.67,353.76,9.22
120,1,0.7167,1,Ground,450.00,332.91,-900.00,90.15,0,0,0,285.80,67.82,352.91,8.70
120,1,0.7250,1,Ground,450.00,336.66,-900.00,90.15,0,0,0,293.75,68.91,352.07,8.45
120,1,0.7333,1,Ground,450.00,340.41,-900.00,90.15,0,0,0,301.44,69.57,351.37,8.30
120,1,0.7417,1,Ground,450.00,344.16,-900.00,90.15,0,0,0,308.90,70.16,350.76,8.32
120,1,0.7500,1,Ground,450.00,347.91,-900.00,90.15,0,0,0,315.82,70.41,350.40,8.36
120,1,0.7583,1,Ground,450.00,351.66,-900.00,90.15,0,0,0,322.10,70.38,350.26,8.42
120,1,0.7667,1,Ground,450.00,355.41,-900.00,90.15,0,0,0,328.07,70.31,350.24,8.59
120,1,0.7750,1,Ground,450.00,359.16,-900.00,90.15,0,0,0,333.79,69.56,350.27,8.71
120,1,0.7833,1,Ground,450.00,362.91,-900.00,90.15,0,0,0,339.53,68.95,350.30,8.98
120,1,0.7917,1,Ground,450.00,366.66,-900.00,90.15,0,0,0,345.09,67.88,350.41,9.27
120,1,0.8000,1,Ground,450.00,370.41,-900.00,90.15,0,0,0,350.61,66.70,350.56,9.67
120,2,0.0000,0,Ground,0.00,0.00,-900.00,98.00,0,0,0,29.06,16.79,-36.75,17.26
120,2,0.0083,0,Ground,0.00,0.00,-900.00,90.15,0,0,0,29.06,8.93,-36.75,9.41
120,2,0.0167,0,Ground,0.00,0.00,-900.00,90.15,0,0,0,29.06,8.93,-36.75,9.41
120,2,0.0250,0,Ground,0.00,0.00,-900.00,90.15,0,0,0,29.06,8.93,-36.75,9.41
120,2,0.0333,0,Ground,0.00,0.00,-900.00,90.15,0,0,0,29.06,8.93,-36.75,9.41
120,2,0.0417,0,Ground,0.00,0.00,-900.00,90.15,0,0,0,29.06,8.93,-36.74,9.42
120,2,0.0500,0,Ground,0.00,0.00,-900.00,90.15,0,0,0,29.06,8.93,-36.74,9.42
120,2,0.0583,0,Ground,0.00,0.00,-900.00,90.15,0,0,0,29.06,8.93,-36.74,9.42
120,2,0.0667,0,Ground,0.00,0.00,-900.00,90.15,0,0,0,29.06,8.93,-36.74,9.42
120,2,0.0750,0,Ground,0.00,0.00,-900.00,90.15,0,0,0,29.06,8.93,-36.74,9.42
120,2,0.0833,0,Ground,0.00,0.00,-900.00,90.15,0,0,0,29.06,8.93,-36.74,9.42
120,2,0.0917,0,Ground,0.00,0.00,-900.00,90.15,0,0,0,29.07,8.93,-36.74,9.42
120,2,0.1000,0,Ground,0.00,0.00,-900.00,90.15,0,0,0,29.07,8.93,-36.74,9.42
120,2,0.1083,0,Ground,0.00,0.00,-900.00,90.15,0,0,0,29.07,8.93,-36.74,9.42
120,2,0.1167,0,Ground,0.00,0.00,-900.00,90.15,0,0,0,29.07,8.93,-36.74,9.42
120,2,0.1250,0,Ground,0.00,0.00,-900.00,90.15,0,0,0,29.07,8.93,-36.74,9.42
120,2,0.1333,0,Ground,0.00,0.00,-900.00,90.15,0,0,0,29.08,8.93,-36.73,9.43
120,2,0.1417,0,Ground,0.00,0.00,-900.00,90.15,0,0,0,29.08,8.93,-36.73,9.43
120,2,0.1500,0,Ground,0.00,0.00,-900.00,90.15,0,0,0,29.08,8.94,-36.73,9.43
120,2,0.1583,0,Ground,0.00,0.00,-900.00,90.15,0,0,0,29.08,8.94,-36.73,9.43
120,2,0.1667,0,Ground,0.00,0.00,-900.00,90.15,0,0,0,29.08,8.93,-36.73,9.43
120,2,0.1750,0,Ground,0.00,0.00,-900.00,90.15,0,0,0,29.08,8.93,-36.73,9.43
120,2,0.1833,0,Ground,0.00,0.00,-900.00,90.15,0,0,0,29.08,8.94,-36.73,9.43
120,2,0.1917,0,Ground,0.00,0.00,-900.00,90.15,0,0,0,29.08,8.94,-36.73,9.43
120,2,0.2000,0,Ground,0.00,0.00,-900.00,90.15,0,0,0,29.08,8.94,-36.73,9.43
120,3,0.0000,0,Ground,0.00,0.00,-900.00,98.00,0,0,0,29.12,16.83,-36.68,17.29
120,3,0.0083,0,Ground,0.00,0.00,-900.00,90.15,0,0,0,29.12,8.98,-36.68,9.44
120,3,0.0167,0,Ground,0.00,0.00,-900.00,90.15,0,0,0,29.12,8.98,-36.68,9.43
120,3,0.0250,0,Ground,0.00,0.00,-900.00,90.15,0,0,0,29.12,8.98,-36.68,9.43
120,3,0.0333,0,Ground,0.00,0.00,-900.00,90.15,0,0,0,29.12,8.98,-36.68,9.43
120,3,0.0417,0,Ground,0.00,0.00,-900.00,90.15,0,0,0,29.12,8.98,-36.68,9.43
120,3,0.0500,0,Ground,0.00,0.00,-900.00,90.15,0,0,0,29.12,8.99,-36.68,9.43
120,3,0.0583,0,Ground,0.00,0.00,-900.00,90.15,0,0,0,29.13,8.99,-36.68,9.43
120,3,0.0667,0,Ground,0.00,0.00,-900.00,90.15,0,0,0,29.13,8.99,-36.67,9.43
120,3,0.0750,0,Ground,0.00,0.00,-900.00,90.15,0,0,0,29.13,8.99,-36.67,9.43
120,3,0.0833,0,Ground,0.00,0.00,-900.00,90.15,0,0,0,29.13,8.99,-36.67,9.43
120,3,0.0917,0,Ground,0.00,0.00,-900.00,90.15,0,0,0,29.13,8.99,-36.67,9.43
120,3,0.1000,0,Ground,0.00,0.00,-900.00,90.15,0,0,0,29.13,8.99,-36.67,9.43
120,3,0.1083,0,Ground,0.00,0.00,-900.00,90.15,0,0,0,29.13,8.99,-36.67,9.43
120,3,0.1167,0,Ground,0.00,0.00,-900.00,90.15,0,0,0,29.13,8.99,-36.67,9.43
120,3,0.1250,0,Ground,0.00,0.00,-900.00,90.15,0,0,0,29.13,9.00,-36.66,9.43
120,3,0.1333,0,Ground,0.00,0.00,-900.00,90.15,0,0,0,29.13,9.00,-36.66,9.43
120,3,0.1417,0,Ground,0.00,0.00,-900.00,90.15,0,0,0,29.13,9.00,-36.66,9.43
120,3,0.1500,0,Ground,0.00,0.00,-900.00,90.15,0,0,0,29.13,9.00,-36.66,9.43
120,3,0.1583,0,Ground,0.00,0.00,-900.00,90.15,0,0,0,29.13,9.00,-36.66,9.43
120,3,0.1667,0,Ground,0.00,0.00,-900.00,90.15,0,0,0,29.13,9.00,-36.66,9.43
120,3,0.1750,0,Ground,0.00,0.00,-900.00,90.15,0,0,0,29.13,9.00,-36.66,9.43
120,3,0.1833,0,Ground,0.00,0.00,-900.00,90.15,0,0,0,29.13,9.00,-36.66,9.43
120,3,0.1917,0,Ground,0.00,0.00,-900.00,90.15,0,0,0,29.13,9.00,-36.66,9.43
120,3,0.2000,0,Ground,0.00,0.00,-900.00,90.15,0,0,0,29.13,9.01,-36.66,9.43
120,3,0.2083,0,Ground,0.00,0.00,-900.00,90.15,0,0,0,29.13,9.01,-36.65,9.43
120,3,0.2167,0,Ground,0.00,0.00,-900.00,90.15,0,0,0,29.13,9.01,-36.65,9.43
120,3,0.2250,0,Ground,0.00,0.00,-900.00,90.15,0,0,0,29.13,9.01,-36.65,9.43
120,3,0.2333,0,Ground,0.00,0.00,-900.00,90.15,0,0,0,29.13,9.01,-36.65,9.43
120,3,0.2417,0,Ground,0.00,0.00,-900.00,90.15,0,0,0,29.13,9.01,-36.65,9.43
120,3,0.2500,0,Ground,0.00,0.00,-900.00,90.15,0,0,0,29.13,9.01,-36.65,9.42
120,3,0.2583,0,Ground,0.00,0.00,-900.00,90.15,0,0,0,29.14,9.01,-36.65,9.42
120,3,0.2667,0,Ground,0.00,0.00,-900.00,90.15,0,0,0,29.14,9.02,-36.65,9.43
120,3,0.2750,0,Ground,0.00,0.00,-900.00,90.15,0,0,0,29.14,9.02,-36.65,9.43
120,3,0.2833,0,Ground,0.00,0.00,-900.00,90.15,0,0,0,29.14,9.03,-36.64,9.43
120,3,0.2917,0,Ground,0.00,0.00,-900.00,90.15,0,0,0,29.15,9.03,-36.64,9.43
120,3,0.3000,0,Ground,0.00,0.00,-900.00,90.15,0,0,0,29.15,9.03,-36.63,9.43
120,3,0.3083,0,Ground,0.00,0.00,-900.00,90.15,0,0,0,29.15,9.04,-36.63,9.43
120,3,0.3167,0,Ground,0.00,0.00,-900.00,90.15,0,0,0,29.15,9.04,-36.63,9.44
120,3,0.3250,0,Ground,0.00,0.00,-900.00,90.15,0,0,0,29.16,9.05,-36.62,9.44
120,3,0.3333,0,Ground,0.00,0.00,-900.00,90.15,0,0,0,29.16,9.05,-36.62,9.44
120,3,0.3417,0,Ground,0.00,0.00,-900.00,90.15,0,0,0,29.16,9.06,-36.61,9.44
120,3,0.3500,0,Ground,0.00,0.00,-900.00,90.15,0,0,0,29.17,9.06,-36.61,9.44
120,3,0.3583,1,Ground,17.07,0.14,-900.00,90.15,1,0,0,29.31,9.06,-36.46,9.45
120,3,0.3667,1,Ground,34.13,0.43,-900.00,90.15,1,0,0,29.55,9.17,-36.21,9.45
120,3,0.3750,1,Ground,51.20,0.85,-900.00,90.15,1,0,0,29.83,9.17,-35.69,9.43
120,3,0.3833,1,Ground,68.27,1.42,-900.00,90.15,1,0,0,30.14,9.17,-34.95,9.40
120,3,0.3917,1,Ground,85.33,2.13,-900.00,90.15,1,0,0,30.46,9.17,-33.97,9.34
120,3,0.4000,1,Ground,102.40,2.99,-900.00,90.15,1,0,0,30.79,9.19,-32.74,9.25
120,3,0.4083,1,Ground,119.47,3.98,-900.00,90.15,1,0,0,31.13,9.21,-31.27,9.14
120,3,0.4167,1,Ground,136.53,5.12,-900.00,90.15,1,0,0,31.48,9.25,-29.55,8.98
120,3,0.4250,1,Ground,153.60,6.40,-900.00,90.15,1,0,0,31.88,9.31,-27.61,8.79
120,3,0.4333,1,Ground,170.67,7.82,-900.00,90.15,1,0,0,32.36,9.40,-25.44,8.56
120,3,0.4417,1,Ground,187.73,9.39,-900.00,90.15,1,0,0,32.97,9.53,-23.09,8.31
120,3,0.4500,1,Ground,204.80,11.09,-900.00,90.15,1,0,0,33.74,9.72,-20.56,8.05
120,3,0.4583,1,Ground,221.87,12.94,-900.00,90.15,1,0,0,34.76,10.00,-17.92,7.80
120,3,0.4667,1,Ground,238.93,14.93,-900.00,90.15,1,0,0,36.07,10.38,-15.22,7.61
120,3,0.4750,1,Ground,256.00,17.07,-900.00,90.15,1,0,0,37.77,10.90,-12.56,7.53
120,3,0.4833,1,Ground,273.07,19.34,-900.00,90.15,1,0,0,39.90,11.58,-10.01,7.61
120,3,0.4917,1,Ground,290.13,21.76,-900.00,90.15,1,0,0,42.54,12.46,-7.66,7.95
120,3,0.5000,1,Ground,307.20,24.32,-900.00,90.15,1,0,0,45.73,13.54,-5.56,8.62
120,3,0.5083,1,Ground,324.27,27.02,-900.00,90.15,1,0,0,49.51,14.86,-3.82,9.71
120,3,0.5167,1,Ground,341.33,29.87,-900.00,90.15,1,0,0,53.87,16.35,-2.51,11.26
120,3,0.5250,1,Ground,358.40,32.85,-900.00,90.15,1,0,0,58.34,17.66,-1.59,13.02
120,3,0.5333,1,Ground,375.47,35.98,-900.00,90.15,1,0,0,61.81,17.96,-0.71,14.03
120,3,0.5417,1,Ground,392.53,39.25,-900.00,90.15,1,0,0,65.75,18.32,0.28,15.16
120,3,0.5500,1,Ground,409.60,42.67,-900.00,90.15,1,0,0,70.13,18.67,1.40,16.39
120,3,0.5583,1,Ground,426.67,46.22,-900.00,90.15,1,0,0,74.89,19.00,2.64,17.69
120,3,0.5667,1,Ground,443.73,49.92,-900.00,90.15,1,0,0,80.06,19.30,4.02,19.10
120,3,0.5750,1,Ground,460.80,53.76,-900.00,90.15,1,0,0,85.44,19.49,5.61,20.69
120,3,0.5833,1,Ground,477.87,57.74,-900.00,90.15,1,0,0,91.17,19.66,7.38,22.41
120,3,0.5917,1,Ground,494.93,61.87,-900.00,90.15,1,0,0,96.89,19.62,9.38,24.28
120,3,0.6000,1,Ground,512.00,66.13,-900.00,90.15,1,0,0,102.62,19.70,11.68,26.18
120,4,0.0000,0,Ground,0.00,0.00,-900.00,98.00,0,0,0,29.10,16.80,-36.71,17.28
120,4,0.0083,0,Ground,0.00,0.00,-900.00,90.15,0,0,0,29.10,8.95,-36.71,9.43
120,4,0.0167,0,Ground,0.00,0.00,-900.00,90.15,0,0,0,29.10,8.96,-36.71,9.44
120,4,0.0250,0,Ground,0.00,0.00,-900.00,90.15,0,0,0,29.10,8.96,-36.71,9.44
120,4,0.0333,0,Ground,0.00,0.00,-900.00,90.15,0,0,0,29.11,8.96,-36.71,9.43
120,4,0.0417,0,Ground,0.00,0.00,-900.00,90.15,0,0,0,29.11,8.96,-36.70,9.43
120,4,0.0500,1,Ground,0.00,0.00,-900.00,90.15,0,0,0,29.11,8.96,-36.70,9.43
120,4,0.0583,1,Ground,0.00,0.00,-900.00,90.15,0,0,0,29.11,8.96,-36.70,9.44
120,4,0.0667,1,Ground,0.00,0.00,-900.00,90.15,0,0,0,29.11,8.96,-36.70,9.44
120,4,0.0750,1,Ground,0.00,0.00,-900.00,90.15,0,0,0,29.11,8.96,-36.70,9.44
120,4,0.0833,1,Ground,0.00,0.00,-900.00,90.15,0,0,0,29.11,8.97,-36.70,9.44
120,4,0.0917,1,Ground,0.00,0.00,-900.00,90.15,0,0,0,29.11,8.97,-36.70,9.44
120,4,0.1000,1,Ground,0.00,0.00,-900.00,90.15,0,0,0,29.11,8.97,-36.70,9.44
120,4,0.1083,1,Ground,0.00,0.00,-900.00,90.15,0,0,0,29.11,8.97,-36.69,9.44
120,4,0.1167,1,Ground,0.00,0.00,-900.00,90.15,0,0,0,29.11,8.97,-36.69,9.44
120,4,0.1250,1,Ground,0.00,0.00,-900.00,90.15,0,0,0,29.12,8.97,-36.69,9.44
120,4,0.1333,1,Ground,0.00,0.00,-900.00,90.15,0,0,0,29.12,8.98,-36.69,9.44
120,4,0.1417,1,Ground,0.00,0.00,-900.00,90.15,0,0,0,29.12,8.98,-36.69,9.44
120,4,0.1500,1,Ground,0.00,0.00,-900.00,90.15,0,0,0,29.12,8.98,-36.69,9.44
120,4,0.1583,2,Ground,0.00,0.00,-900.00,90.15,0,0,0,29.12,8.98,-36.69,9.44
120,4,0.1667,2,Ground,0.00,0.00,-900.00,90.15,0,0,0,29.12,8.98,-36.69,9.44
120,4,0.1750,2,Ground,0.00,0.00,-900.00,90.15,0,0,0,29.12,8.98,-36.68,9.44
120,4,0.1833,2,Ground,0.00,0.00,-900.00,90.15,0,0,0,29.12,8.98,-36.68,9.44
120,4,0.1917,2,Ground,0.00,0.00,-900.00,90.15,0,0,0,29.12,8.98,-36.68,9.44
120,4,0.2000,2,Ground,0.00,0.00,-900.00,90.15,0,0,0,29.12,8.98,-36.68,9.43
120,4,0.2083,2,Ground,0.00,0.00,-900.00,90.15,0,0,0,29.12,8.98,-36.68,9.43
120,4,0.2167,2,Ground,0.00,0.00,-900.00,90.15,0,0,0,29.12,8.98,-36.68,9.43
120,4,0.2250,2,Ground,0.00,0.00,-900.00,90.15,0,0,0,29.12,8.98,-36.68,9.43
120,4,0.2333,2,Ground,0.00,0.00,-900.00,90.15,0,0,0,29.12,8.99,-36.68,9.43
120,4,0.2417,2,Ground,0.00,0.00,-900.00,90.15,0,0,0,29.13,8.99,-36.68,9.43
120,4,0.2500,2,Ground,0.00,0.00,-900.00,90.15,0,0,0,29.13,8.99,-36.67,9.43
120,4,0.2583,2,Ground,0.00,0.00,-900.00,90.15,0,0,0,29.13,8.99,-36.67,9.43
120,4,0.2667,2,Ground,0.00,0.00,-900.00,90.15,0,0,0,29.13,8.99,-36.67,9.43
120,4,0.2750,2,Ground,0.00,0.00,-900.00,90.15,0,0,0,29.13,8.99,-36.67,9.43
120,4,0.2833,2,Ground,0.00,0.00,-900.00,90.15,0,0,0,29.13,8.99,-36.67,9.43
120,4,0.2917,2,Ground,0.00,0.00,-900.00,90.15,0,0,0,29.13,8.99,-36.67,9.43
120,4,0.3000,2,Ground,0.00,0.00,-900.00,90.15,0,0,0,29.13,8.99,-36.67,9.43
120,4,0.3083,3,Ground,0.00,0.00,-900.00,90.15,0,0,0,29.13,9.00,-36.66,9.43
120,4,0.3167,3,Ground,0.00,0.00,-900.00,90.15,0,0,0,29.13,9.00,-36.66,9.43
120,4,0.3250,3,Ground,0.00,0.00,-900.00,90.15,0,0,0,29.13,9.00,-36.66,9.43
120,4,0.3333,3,Ground,0.00,0.00,-900.00,90.15,0,0,0,29.13,9.00,-36.66,9.43
120,4,0.3417,3,Ground,0.00,0.00,-900.00,90.15,0,0,0,29.13,9.00,-36.66,9.43
120,4,0.3500,3,Ground,0.00,0.00,-900.00,90.15,0,0,0,29.13,9.00,-36.66,9.43
120,4,0.3583,3,Ground,0.00,0.00,-900.00,90.15,0,0,0,29.13,9.00,-36.66,9.43
120,4,0.3667,3,Ground,0.00,0.00,-900.00,90.15,0,0,0,29.13,9.00,-36.66,9.43
120,4,0.3750,3,Ground,0.00,0.00,-900.00,90.15,0,0,0,29.13,9.00,-36.66,9.43
120,4,0.3833,3,Ground,0.00,0.00,-900.00,90.15,0,0,0,29.13,9.01,-36.66,9.43
120,4,0.3917,3,Ground,0.00,0.00,-900.00,90.15,0,0,0,29.13,9.01,-36.65,9.43
120,4,0.4000,3,Ground,0.00,0.00,-900.00,90.15,0,0,0,29.13,9.01,-36.65,9.43
120,4,0.4083,3,Ground,0.00,0.00,-900.00,90.15,0,0,0,29.13,9.01,-36.65,9.43
120,4,0.4167,3,Ground,0.00,0.00,-900.00,90.15,0,0,0,29.13,9.01,-36.65,9.43
120,4,0.4250,3,Ground,0.00,0.00,-900.00,90.15,0,0,0,29.13,9.01,-36.65,9.43
120,4,0.4333,3,Ground,0.00,0.00,-900.00,90.15,0,0,0,29.13,9.01,-36.65,9.42
120,4,0.4417,3,Ground,0.00,0.00,-900.00,90.15,0,0,0,29.14,9.01,-36.65,9.42
120,4,0.4500,3,Ground,0.00,0.00,-900.00,90.15,0,0,0,29.14,9.02,-36.65,9.43
120,4,0.4583,3,Ground,0.00,0.00,-900.00,90.15,0,0,0,29.14,9.02,-36.65,9.43
120,4,0.4667,3,Ground,0.00,0.00,-900.00,90.15,0,0,0,29.14,9.03,-36.64,9.43
120,4,0.4750,3,Ground,0.00,0.00,-900.00,90.15,0,0,0,29.15,9.03,-36.64,9.43
120,4,0.4833,3,Ground,0.00,0.00,-900.00,90.15,0,0,0,29.15,9.03,-36.63,9.43
120,4,0.4917,3,Ground,0.00,0.00,-900.00,90.15,0,0,0,29.15,9.04,-36.63,9.43
120,4,0.5000,3,Ground,0.00,0.00,-900.00,90.15,0,0,0,29.15,9.04,-36.63,9.44
120,5,0.0000,0,Ground,0.00,0.00,-900.00,98.00,0,0,0,29.23,17.03,-36.53,17.35
120,5,0.0083,0,JumpStart,11.95,0.05,-900.00,103.38,0,0,0,29.04,22.28,-36.63,22.65
120,5,0.0167,0,JumpStart,23.89,0.20,-900.00,108.70,0,0,0,27.62,26.79,-37.42,27.33
120,5,0.0250,0,JumpStart,35.84,0.45,-900.00,113.94,0,0,0,24.29,30.54,-38.84,31.86
120,5,0.0333,0,JumpStart,41.81,0.77,-900.00,119.12,0,0,0,18.67,34.15,-40.48,36.60
120,5,0.0417,0,JumpStart,47.79,1.14,-900.00,124.23,0,0,0,13.35,39.70,-39.16,43.50
120,5,0.0500,0,JumpStart,53.76,1.57,-900.00,129.28,0,0,0,8.44,46.42,-36.09,51.73
120,5,0.0583,0,JumpStart,59.73,2.04,-900.00,134.25,0,0,0,5.69,53.99,-31.73,60.43
120,5,0.0667,0,JumpStart,65.71,2.56,-900.00,139.16,0,0,0,4.20,61.61,-27.15,69.35
120,5,0.0750,0,JumpStart,71.68,3.14,-900.00,143.99,0,0,0,3.95,67.80,-22.35,78.03
120,5,0.0833,0,JumpStart,77.65,3.76,-900.00,148.76,0,0,0,4.38,73.40,-18.56,85.90
120,5,0.0917,0,JumpStart,83.63,4.43,-900.00,153.47,0,0,0,5.67,78.31,-14.56,92.68
120,5,0.1000,0,JumpStart,89.60,5.15,-900.00,158.10,0,0,0,6.92,83.83,-10.44,99.64
120,5,0.1083,1,JumpStart,95.57,5.92,-900.00,162.67,0,0,0,9.62,89.35,-6.19,105.59
120,5,0.1167,1,JumpStart,101.55,6.74,-900.00,167.16,0,0,0,12.48,95.57,-1.79,111.99
120,5,0.1250,1,JumpStart,107.52,7.62,-900.00,171.59,0,0,0,15.50,100.25,3.07,118.68
120,5,0.1333,1,JumpStart,113.49,8.54,-900.00,175.96,0,0,0,18.67,106.48,8.02,125.66
120,5,0.1417,1,JumpStart,119.47,9.51,-900.00,180.25,0,0,0,20.64,113.15,12.56,132.55
120,5,0.1500,1,JumpStart,125.44,10.53,-900.00,184.48,0,0,0,22.67,119.77,17.08,139.58
120,5,0.1583,1,JumpStart,131.41,11.60,-900.00,188.63,0,0,0,23.70,125.55,20.64,145.99
120,5,0.1667,1,JumpStart,137.39,12.72,-900.00,192.72,0,0,0,24.79,131.32,24.17,152.51
120,5,0.1750,1,JumpStart,143.36,13.89,-900.00,196.74,0,0,0,25.36,136.57,27.11,158.58
120,5,0.1833,1,JumpStart,149.33,15.11,-900.00,200.70,0,0,0,26.00,141.86,30.01,164.72
120,5,0.1917,1,JumpStart,155.31,16.38,-900.00,204.58,0,0,0,26.61,146.98,32.71,170.62
120,5,0.2000,1,JumpStart,161.28,17.70,-900.00,208.40,0,0,0,27.28,152.19,35.34,176.57
120,5,0.2083,1,JumpStart,167.25,19.06,-900.00,212.15,0,0,0,28.41,157.56,38.13,182.52
120,5,0.2167,1,JumpStart,173.23,20.48,-900.00,215.83,0,0,0,29.57,163.07,40.83,188.51
120,5,0.2250,1,JumpStart,179.20,21.95,-900.00,219.44,0,0,0,31.62,169.04,44.01,194.78
120,5,0.2333,1,JumpStart,185.17,23.47,-900.00,222.99,0,0,0,33.66,175.18,47.07,201.07
120,5,0.2417,1,JumpStart,191.15,25.04,-900.00,226.47,0,0,0,36.35,181.76,50.43,207.55
120,5,0.2500,1,JumpStart,197.12,26.66,-900.00,229.88,0,0,0,38.98,188.51,53.63,214.04
120,5,0.2583,1,JumpStart,203.09,28.32,-900.00,233.22,0,0,0,41.68,195.41,56.71,220.37
120,5,0.2667,1,JumpStart,209.07,30.04,-900.00,236.49,0,0,0,44.29,202.45,59.63,226.67
120,5,0.2750,1,JumpStart,215.04,31.81,-900.00,239.69,0,0,0,46.87,209.50,62.41,232.72
120,5,0.2833,1,JumpStart,221.01,33.62,-900.00,242.83,0,0,0,49.34,216.67,65.04,238.72
120,5,0.2917,1,JumpStart,226.99,35.49,-900.00,245.90,0,0,0,51.73,223.65,67.53,244.40
120,5,0.3000,1,JumpStart,232.96,37.41,-900.00,248.90,0,0,0,54.00,230.69,69.90,250.00
120,5,0.3083,1,JumpStart,238.93,39.37,-900.00,251.83,0,0,0,56.19,237.35,72.15,255.21
120,5,0.3167,1,JumpStart,244.91,41.39,-900.00,254.70,0,0,0,58.28,244.02,74.33,260.32
120,5,0.3250,1,JumpStart,250.88,43.46,-900.00,257.49,0,0,0,60.33,250.10,76.41,265.00
120,5,0.3333,1,JumpStart,256.85,45.57,-900.00,260.22,0,0,0,62.31,256.15,78.46,269.59
120,5,0.3417,1,JumpStart,262.83,47.74,-900.00,262.88,0,0,0,64.35,261.42,80.47,273.71
120,5,0.3500,1,JumpStart,268.80,49.95,-900.00,265.48,0,0,0,66.36,266.64,82.48,277.74
120,5,0.3583,1,JumpStart,274.77,52.22,-900.00,268.00,0,0,0,68.52,270.90,84.49,281.29
120,5,0.3667,1,JumpStart,280.75,54.53,-900.00,270.46,0,0,0,70.69,275.10,86.52,284.76
120,5,0.3750,1,JumpStart,286.72,56.90,-900.00,272.84,0,0,0,73.09,278.19,88.60,287.73
120,5,0.3833,1,JumpStart,292.69,59.31,-900.00,275.16,0,0,0,75.53,281.22,90.73,290.63
120,5,0.3917,1,JumpStart,298.67,61.77,-900.00,277.42,0,0,0,78.23,283.29,92.91,293.14
120,5,0.4000,1,JumpStart,304.64,64.29,-900.00,279.60,0,0,0,80.97,285.31,95.15,295.59
120,5,0.4083,1,JumpStart,310.61,66.85,-900.00,281.72,0,0,0,83.93,286.68,97.46,297.76
120,5,0.4167,1,JumpStart,316.59,69.46,-900.00,283.76,0,0,0,86.94,287.99,99.81,299.87
120,5,0.4250,1,JumpStart,322.56,72.13,-900.00,285.74,0,0,0,90.12,288.71,102.23,301.73
120,5,0.4333,1,JumpStart,328.53,74.84,-900.00,287.66,0,0,0,93.34,289.37,104.70,303.53
120,5,0.4417,1,JumpStart,334.51,77.60,-900.00,289.50,0,0,0,96.69,289.50,107.22,305.08
120,5,0.4500,1,JumpStart,340.48,80.42,-900.00,291.28,0,0,0,100.07,289.58,109.78,306.58
120,5,0.4583,1,JumpStart,346.45,83.28,-900.00,292.98,0,0,0,103.54,289.19,112.39,307.85
120,5,0.4667,1,JumpStart,352.43,86.19,-900.00,294.62,0,0,0,107.02,288.75,115.03,309.06
120,5,0.4750,1,JumpStart,358.40,89.15,-900.00,296.19,0,0,0,110.56,287.91,117.71,310.05
120,5,0.4833,1,JumpStart,364.37,92.16,-900.00,297.70,0,0,0,114.09,287.04,120.42,310.99
120,5,0.4917,1,JumpStart,370.35,95.22,-900.00,299.13,0,0,0,117.65,285.84,123.14,311.72
120,5,0.5000,1,JumpStart,376.32,98.34,-900.00,300.50,0,0,0,121.19,284.60,125.90,312.39
120,5,0.5083,1,JumpStart,382.29,101.50,-900.00,301.80,0,0,0,124.71,283.12,128.65,312.86
120,5,0.5167,1,JumpStart,388.27,104.71,-900.00,303.03,0,0,0,128.22,281.62,131.43,313.28
120,5,0.5250,1,JumpStart,394.24,107.97,-900.00,304.19,0,0,0,131.69,279.93,134.20,313.51
120,5,0.5333,1,JumpLoop,400.21,111.28,-900.00,305.29,0,0,0,135.11,277.95,136.91,313.52
120,5,0.5417,1,JumpLoop,406.19,114.64,-900.00,306.32,0,0,0,138.37,275.37,139.46,313.05
120,5,0.5500,1,JumpLoop,412.16,118.05,-900.00,307.28,0,0,0,141.51,272.50,141.89,312.32
120,5,0.5583,1,JumpLoop,418.13,121.51,-900.00,308.17,0,0,0,144.47,269.41,144.17,311.28
120,5,0.5667,1,JumpLoop,424.11,125.02,-900.00,308.99,0,0,0,147.32,266.33,146.36,310.11
120,5,0.5750,1,JumpLoop,430.08,128.58,-900.00,309.74,0,0,0,150.08,263.43,148.52,308.90
120,5,0.5833,1,JumpLoop,436.05,132.18,-900.00,310.43,0,0,0,152.76,260.73,150.64,307.65
120,5,0.5917,1,JumpLoop,442.03,135.84,-900.00,311.05,0,0,0,155.47,258.40,152.83,306.49
120,5,0.6000,1,JumpLoop,448.00,139.55,-900.00,311.60,0,0,0,158.16,256.31,155.05,305.36
120,5,0.6083,1,JumpLoop,450.00,143.29,-900.00,312.08,0,0,0,160.89,254.53,157.36,304.27
120,5,0.6167,1,JumpLoop,450.00,147.04,-900.00,312.50,0,0,0,163.66,252.96,159.72,303.22
120,5,0.6250,1,JumpLoop,450.00,150.79,-900.00,312.84,0,0,0,166.47,251.58,162.17,302.17
120,5,0.6333,1,JumpLoop,450.00,154.54,-900.00,313.12,0,0,0,169.38,250.36,164.74,301.19
120,5,0.6417,1,JumpLoop,450.00,158.29,-900.00,313.33,0,0,0,172.37,249.26,167.43,300.20
120,5,0.6500,1,JumpLoop,450.00,162.04,-900.00,313.48,0,0,0,175.50,248.28,170.27,299.28
120,5,0.6583,1,JumpLoop,450.00,165.79,-900.00,313.55,0,0,0,178.74,247.37,173.26,298.38
120,5,0.6667,1,JumpLoop,450.00,169.54,-900.00,313.56,0,0,0,182.11,246.58,176.41,297.57
120,5,0.6750,1,JumpLoop,450.00,173.29,-900.00,313.49,0,0,0,185.60,245.85,179.72,296.80
120,5,0.6833,1,JumpLoop,450.00,177.04,-900.00,313.36,0,0,0,189.21,245.24,183.18,296.15
120,5,0.6917,1,JumpLoop,450.00,180.79,-900.00,313.17,0,0,0,192.92,244.69,186.77,295.57
120,5,0.7000,1,JumpLoop,450.00,184.54,-900.00,312.90,0,0,0,196.71,244.22,190.47,295.08
120,5,0.7083,1,JumpLoop,450.00,188.29,-900.00,312.57,0,0,0,200.55,243.79,194.24,294.63
120,5,0.7167,1,JumpLoop,450.00,192.04,-900.00,312.16,0,0,0,204.40,243.36,198.02,294.19
120,5,0.7250,1,JumpLoop,450.00,195.79,-900.00,311.69,0,0,0,208.25,242.87,201.80,293.69
120,5,0.7333,1,JumpLoop,450.00,199.54,-900.00,311.16,0,0,0,212.07,242.31,205.55,293.13
120,5,0.7417,1,JumpLoop,450.00,203.29,-900.00,310.55,0,0,0,215.90,241.68,209.31,292.49
120,5,0.7500,1,JumpLoop,450.00,207.04,-900.00,309.87,0,0,0,219.73,240.98,213.02,291.79
120,5,0.7583,1,JumpLoop,450.00,210.79,-900.00,309.13,0,0,0,223.55,240.22,216.74,291.02
120,5,0.7667,1,JumpLoop,450.00,214.54,-900.00,308.32,0,0,0,227.38,239.38,220.42,290.18
120,5,0.7750,1,JumpLoop,450.00,218.29,-900.00,307.44,0,0,0,231.21,238.48,224.10,289.26
120,5,0.7833,1,JumpLoop,450.00,222.04,-900.00,306.50,0,0,0,235.05,237.52,227.75,288.28
120,5,0.7917,1,JumpLoop,450.00,225.79,-900.00,305.48,0,0,0,238.89,236.48,231.41,287.22
120,5,0.8000,1,JumpLoop,450.00,229.54,-900.00,304.40,0,0,0,242.73,235.38,235.04,286.10
120,5,0.8083,1,JumpLoop,450.00,233.29,-900.00,303.25,0,0,0,246.57,234.21,238.67,284.90
120,5,0.8167,1,JumpLoop,450.00,237.04,-900.00,302.03,0,0,0,250.41,232.98,242.27,283.64
120,5,0.8250,1,JumpLoop,450.00,240.79,-900.00,300.74,0,0,0,254.26,231.67,245.88,282.31
120,5,0.8333,1,JumpLoop,450.00,244.54,-900.00,299.39,0,0,0,258.10,230.30,249.48,280.91
120,5,0.8417,1,JumpLoop,450.00,248.29,-900.00,297.97,0,0,0,261.93,228.86,253.07,279.44
120,5,0.8500,1,JumpLoop,450.00,252.04,-900.00,296.47,0,0,0,265.77,227.36,256.66,277.90
120,5,0.8583,1,JumpLoop,450.00,255.79,-900.00,294.92,0,0,0,269.61,225.78,260.25,276.29
120,5,0.8667,1,JumpLoop,450.00,259.54,-900.00,293.29,0,0,0,273.44,224.14,263.84,274.62
120,5,0.8750,1,JumpLoop,450.00,263.29,-900.00,291.59,0,0,0,277.27,222.43,267.42,272.88
120,5,0.8833,1,JumpLoop,450.00,267.04,-900.00,289.83,0,0,0,281.09,220.66,271.02,271.07
120,5,0.8917,1,JumpLoop,450.00,270.79,-900.00,288.00,0,0,0,284.91,218.82,274.61,269.20
120,5,0.9000,1,JumpLoop,450.00,274.54,-900.00,286.10,0,0,0,288.71,216.91,278.21,267.26
120,5,0.9083,1,JumpLoop,450.00,278.29,-900.00,284.13,0,0,0,292.52,214.93,281.81,265.25
120,5,0.9167,1,JumpLoop,450.00,282.04,-900.00,282.10,0,0,0,296.31,212.89,285.44,263.18
120,5,0.9250,1,JumpLoop,450.00,285.79,-900.00,279.99,0,0,0,300.10,210.77,289.06,261.04
120,5,0.9333,1,JumpLoop,450.00,289.54,-900.00,277.82,0,0,0,303.88,208.60,292.70,258.84
120,5,0.9417,1,JumpLoop,450.00,293.29,-900.00,275.58,0,0,0,307.65,206.35,296.35,256.58
120,5,0.9500,1,JumpLoop,450.00,297.04,-900.00,273.27,0,0,0,311.41,204.04,300.00,254.24
120,5,0.9583,1,JumpLoop,450.00,300.79,-900.00,270.90,0,0,0,315.16,201.65,303.66,251.85
120,5,0.9667,1,JumpLoop,450.00,304.54,-900.00,268.46,0,0,0,318.90,199.20,307.31,249.38
120,5,0.9750,1,JumpLoop,450.00,308.29,-900.00,265.94,0,0,0,322.63,196.69,310.97,246.85
120,5,0.9833,1,JumpLoop,450.00,312.04,-900.00,263.36,0,0,0,326.35,194.10,314.63,244.24
120,5,0.9917,1,JumpLoop,450.00,315.79,-900.00,260.72,0,0,0,330.07,191.44,318.28,241.57
120,5,1.0000,1,JumpLoop,450.00,319.54,-900.00,258.00,0,0,0,333.77,188.72,321.94,238.83
120,5,1.0083,1,JumpLoop,450.00,323.29,-900.00,255.22,0,0,0,337.48,185.93,325.60,236.03
120,5,1.0167,1,JumpLoop,450.00,327.04,-900.00,252.36,0,0,0,341.17,183.08,329.26,233.16
120,5,1.0250,1,JumpLoop,450.00,330.79,-900.00,249.44,0,0,0,344.86,180.15,332.92,230.22
120,5,1.0333,1,JumpLoop,450.00,334.54,-900.00,246.46,0,0,0,348.54,177.16,336.58,227.21
120,5,1.0417,1,JumpLoop,450.00,338.29,-900.00,243.40,0,0,0,352.22,174.10,340.25,224.14
120,5,1.0500,1,JumpLoop,450.00,342.04,-900.00,240.27,0,0,0,355.90,170.98,343.92,221.00
120,5,1.0583,1,JumpLoop,450.00,345.79,-900.00,237.08,0,0,0,359.58,167.79,347.60,217.79
120,5,1.0667,1,JumpLoop,450.00,349.54,-900.00,233.82,0,0,0,363.26,164.53,351.28,214.52
120,5,1.0750,1,JumpLoop,450.00,353.29,-900.00,230.49,0,0,0,366.94,161.21,354.96,211.18
120,5,1.0833,1,JumpLoop,450.00,357.04,-900.00,227.10,0,0,0,370.61,157.82,358.65,207.78
120,5,1.0917,1,JumpLoop,450.00,360.79,-900.00,223.63,0,0,0,374.28,154.36,362.34,204.30
120,5,1.1000,1,JumpLoop,450.00,364.54,-900.00,220.10,0,0,0,377.96,150.84,366.04,200.77
120,5,1.1083,1,JumpLoop,450.00,368.29,-900.00,216.50,0,0,0,381.63,147.25,369.74,197.17
120,5,1.1167,1,JumpLoop,450.00,372.04,-900.00,212.83,0,0,0,385.31,143.60,373.46,193.50
120,5,1.1250,1,JumpLoop,450.00,375.79,-900.00,209.09,0,0,0,388.98,139.88,377.18,189.77
120,5,1.1333,1,JumpLoop,450.00,379.54,-900.00,205.29,0,0,0,392.64,136.10,380.91,185.98
120,5,1.1417,1,JumpLoop,450.00,383.29,-900.00,201.42,0,0,0,396.30,132.24,384.64,182.12
120,5,1.1500,1,JumpLoop,450.00,387.04,-900.00,197.47,0,0,0,399.96,128.32,388.40,178.19
120,5,1.1583,1,JumpLoop,450.00,390.79,-900.00,193.47,0,0,0,403.61,124.33,392.15,174.20
120,5,1.1667,1,JumpLoop,450.00,394.54,-900.00,189.39,0,0,0,407.25,120.27,395.92,170.16
120,5,1.1750,1,JumpLoop,450.00,398.29,-900.00,185.24,0,0,0,410.90,116.15,399.70,166.05
120,5,1.1833,1,JumpLoop,450.00,402.04,-900.00,181.03,0,0,0,414.53,111.97,403.50,161.88
120,5,1.1917,1,JumpLoop,450.00,405.79,-900.00,176.75,0,0,0,418.16,107.71,407.30,157.66
120,5,1.2000,1,JumpLoop,450.00,409.54,-900.00,172.40,0,0,0,421.78,103.39,411.12,153.37
120,5,1.2083,1,JumpLoop,450.00,413.29,-900.00,167.98,0,0,0,425.40,99.00,414.94,149.01
120,5,1.2167,1,JumpLoop,450.00,417.04,-900.00,163.50,0,0,0,429.02,94.54,418.78,144.60
120,5,1.2250,1,JumpLoop,450.00,420.79,-900.00,158.94,0,0,0,432.64,90.01,422.62,140.12
120,5,1.2333,1,JumpLoop,450.00,424.54,-900.00,154.32,0,0,0,436.25,85.42,426.48,135.57
120,5,1.2417,1,JumpLoop,450.00,428.29,-900.00,149.63,0,0,0,439.87,80.76,430.33,130.96
120,5,1.2500,1,JumpLoop,450.00,432.04,-900.00,144.87,0,0,0,443.49,76.02,434.19,126.29
120,5,1.2583,1,JumpLoop,450.00,435.79,-900.00,140.05,0,0,0,447.11,71.22,438.06,121.54
120,5,1.2667,1,JumpLoop,450.00,439.54,-900.00,135.16,0,0,0,450.74,66.35,441.93,116.73
120,5,1.2750,1,JumpLoop,450.00,443.29,-900.00,130.19,0,0,0,454.37,61.41,445.80,111.85
120,5,1.2833,1,JumpLoop,450.00,447.04,-900.00,125.16,0,0,0,458.01,56.41,449.67,106.90
120,5,1.2917,1,JumpLoop,450.00,450.79,-900.00,120.07,0,0,0,461.64,51.33,453.54,101.88
120,5,1.3000,1,JumpLoop,450.00,454.54,-900.00,114.90,0,0,0,465.30,46.18,457.41,96.78
120,5,1.3083,1,JumpLoop,450.00,458.29,-900.00,109.67,0,0,0,468.95,40.97,461.29,91.62
120,5,1.3167,1,JumpLoop,450.00,462.04,-900.00,104.36,0,0,0,472.62,35.68,465.15,86.38
120,5,1.3250,1,JumpLoop,450.00,465.79,-900.00,98.99,0,0,0,476.30,30.33,469.02,81.08
120,5,1.3333,1,JumpLoop,450.00,469.54,-900.00,93.56,0,0,0,479.99,24.90,472.88,75.69
120,5,1.3417,1,JumpLoop,450.00,473.29,-900.00,88.05,0,0,0,483.69,19.40,476.74,70.23
120,5,1.3500,1,JumpEnd,0.00,473.29,-900.00,90.15,0,0,1,483.65,21.50,476.83,72.34
120,5,1.3583,1,JumpEnd,0.00,473.29,-900.00,90.15,0,0,1,483.59,21.46,476.85,72.24
120,5,1.3667,1,JumpEnd,0.00,473.29,-900.00,90.15,0,0,1,483.46,21.24,476.71,71.81
120,5,1.3750,1,JumpEnd,0.00,473.29,-900.00,90.15,0,0,1,483.20,20.80,476.34,70.94
120,5,1.3833,1,JumpEnd,0.00,473.29,-900.00,90.15,0,0,1,483.04,20.04,475.65,69.40
120,5,1.3917,1,JumpEnd,0.00,473.29,-900.00,90.15,0,0,1,482.88,18.99,474.57,67.12
120,5,1.4000,1,JumpEnd,0.00,473.29,-900.00,90.15,0,0,1,482.74,17.62,473.05,64.04
120,5,1.4083,1,JumpEnd,0.00,473.29,-900.00,90.15,0,0,1,482.63,16.04,470.98,60.10
120,5,1.4167,1,Ground,0.00,473.29,-900.00,90.15,0,0,1,482.78,14.35,468.30,54.76
120,5,1.4250,1,Ground,0.00,473.29,-900.00,90.15,0,0,1,483.41,12.58,464.68,47.37
120,5,1.4333,1,Ground,0.00,473.29,-900.00,90.15,0,0,1,484.52,11.25,460.69,39.55
120,5,1.4417,1,Ground,0.00,473.29,-900.00,90.15,0,0,1,486.04,10.15,456.00,31.39
120,5,1.4500,1,Ground,0.00,473.29,-900.00,90.15,0,0,1,487.78,9.45,451.98,24.61
120,5,1.4583,1,Ground,0.00,473.29,-900.00,90.15,0,0,1,489.78,8.93,448.03,18.56
120,5,1.4667,1,Ground,0.00,473.29,-900.00,90.15,0,0,1,491.86,8.58,444.49,13.71
120,5,1.4750,1,Ground,17.07,473.44,-900.00,90.15,0,0,0,494.18,8.40,441.65,10.20
120,5,1.4833,1,Ground,34.13,473.72,-900.00,90.15,0,0,0,496.45,8.37,439.75,8.16
120,5,1.4917,1,Ground,51.20,474.15,-900.00,90.15,0,0,0,498.58,8.47,438.83,7.30
120,5,1.5000,1,Ground,68.27,474.72,-900.00,90.15,0,0,0,500.40,8.65,438.85,7.38
120,5,1.5083,1,Ground,85.33,475.43,-900.00,90.15,0,0,0,501.88,8.85,439.63,7.93
120,5,1.5167,1,Ground,102.40,476.28,-900.00,90.15,0,0,0,503.00,9.02,440.92,8.55
120,5,1.5250,1,Ground,119.47,477.28,-900.00,90.15,0,0,0,503.78,9.12,442.50,8.86
120,5,1.5333,1,Ground,136.53,478.41,-900.00,90.15,0,0,0,504.35,9.13,444.17,8.74
120,5,1.5417,1,Ground,153.60,479.69,-900.00,90.15,0,0,0,505.04,9.14,445.98,8.56
120,5,1.5500,1,Ground,170.67,481.12,-900.00,90.15,0,0,0,505.94,9.17,447.92,8.38
120,5,1.5583,1,Ground,187.73,482.68,-900.00,90.15,0,0,0,507.07,9.22,449.96,8.21
120,5,1.5667,1,Ground,204.80,484.39,-900.00,90.15,0,0,0,508.46,9.30,452.10,8.07
120,5,1.5750,1,Ground,221.87,486.24,-900.00,90.15,0,0,0,510.12,9.43,454.29,7.97
120,5,1.5833,1,Ground,238.93,488.23,-900.00,90.15,0,0,0,512.11,9.63,456.50,7.95
120,5,1.5917,1,Ground,256.00,490.36,-900.00,90.15,0,0,0,514.44,9.90,458.64,8.02
120,5,1.6000,1,Ground,273.07,492.64,-900.00,90.15,0,0,0,517.17,10.30,460.69,8.26
120,5,1.6083,1,Ground,290.13,495.05,-900.00,90.15,0,0,0,520.33,10.80,462.58,8.74
120,5,1.6167,1,Ground,307.20,497.61,-900.00,90.15,0,0,0,524.04,11.55,464.20,9.59
120,5,1.6250,1,Ground,324.27,500.32,-900.00,90.15,0,0,0,528.30,12.43,465.53,10.88
120,5,1.6333,1,Ground,341.33,503.16,-900.00,90.15,0,0,0,533.17,13.53,466.52,12.70
120,6,0.0000,0,Ground,0.00,0.00,-900.00,98.00,0,0,0,29.09,16.80,-36.72,17.28
120,6,0.0083,0,JumpStart,0.00,0.00,-900.00,103.38,0,0,0,28.84,22.06,-36.85,22.61
120,6,0.0167,0,JumpStart,0.00,0.00,-900.00,108.70,0,0,0,27.24,26.71,-37.61,27.65
120,6,0.0250,0,JumpStart,0.00,0.00,-900.00,113.94,0,0,0,23.63,30.59,-39.21,32.54
120,6,0.0333,0,JumpStart,0.00,0.00,-900.00,119.12,0,0,0,17.75,34.30,-41.06,37.59
120,6,0.0417,0,JumpStart,0.00,0.00,-900.00,124.23,0,0,0,12.26,39.80,-40.03,44.52
120,6,0.0500,0,JumpStart,0.00,0.00,-900.00,129.28,0,0,0,7.04,46.42,-37.38,52.53
120,6,0.0583,0,JumpStart,0.00,0.00,-900.00,134.25,0,0,0,3.81,53.92,-33.59,60.93
120,6,0.0667,0,JumpStart,0.00,0.00,-900.00,139.16,0,0,0,1.71,61.55,-29.64,69.57
120,6,0.0750,0,JumpStart,0.00,0.00,-900.00,143.99,0,0,0,0.83,67.78,-25.48,78.07
120,6,0.0833,0,JumpStart,0.00,0.00,-900.00,148.76,0,0,0,0.62,73.40,-22.32,85.90
120,6,0.0917,0,JumpStart,0.00,0.00,-900.00,153.47,0,0,0,1.24,78.31,-18.99,92.68
120,6,0.1000,0,JumpStart,0.00,0.00,-900.00,158.10,0,0,0,1.77,83.83,-15.59,99.64
120,6,0.1083,1,JumpStart,0.00,0.00,-900.00,162.67,0,0,0,3.69,89.35,-12.12,105.59
120,6,0.1167,1,JumpStart,0.00,0.00,-900.00,167.16,0,0,0,5.74,95.57,-8.53,111.99
120,6,0.1250,1,JumpStart,0.00,0.00,-900.00,171.59,0,0,0,7.88,100.25,-4.55,118.68
120,6,0.1333,1,JumpStart,0.00,0.00,-900.00,175.96,0,0,0,10.13,106.48,-0.51,125.66
120,6,0.1417,1,JumpStart,0.00,0.00,-900.00,180.25,0,0,0,11.14,113.15,3.05,132.55
120,6,0.1500,1,JumpStart,0.00,0.00,-900.00,184.48,0,0,0,12.15,119.77,6.55,139.58
120,6,0.1583,1,JumpStart,0.00,0.00,-900.00,188.63,0,0,0,12.11,125.55,9.04,145.99
120,6,0.1667,1,JumpStart,0.00,0.00,-900.00,192.72,0,0,0,12.07,131.32,11.45,152.51
120,6,0.1750,1,JumpStart,0.00,0.00,-900.00,196.74,0,0,0,11.48,136.57,13.22,158.58
120,6,0.1833,1,JumpStart,0.00,0.00,-900.00,200.70,0,0,0,10.89,141.86,14.90,164.72
120,6,0.1917,1,JumpStart,0.00,0.00,-900.00,204.58,0,0,0,10.24,146.98,16.33,170.62
120,6,0.2000,1,JumpStart,0.00,0.00,-900.00,208.40,0,0,0,9.59,152.19,17.64,176.57
120,6,0.2083,1,JumpStart,0.00,0.00,-900.00,212.15,0,0,0,9.34,157.56,19.06,182.52
120,6,0.2167,1,JumpStart,0.00,0.00,-900.00,215.83,0,0,0,9.09,163.07,20.34,188.51
120,6,0.2250,1,JumpStart,0.00,0.00,-900.00,219.44,0,0,0,9.67,169.04,22.06,194.78
120,6,0.2333,1,JumpStart,0.00,0.00,-900.00,222.99,0,0,0,10.19,175.18,23.60,201.07
120,6,0.2417,1,JumpStart,0.00,0.00,-900.00,226.47,0,0,0,11.31,181.76,25.39,207.55
120,6,0.2500,1,JumpStart,0.00,0.00,-900.00,229.88,0,0,0,12.32,188.51,26.98,214.04
120,6,0.2583,1,JumpStart,0.00,0.00,-900.00,233.22,0,0,0,13.35,195.41,28.38,220.37
120,6,0.2667,1,JumpStart,0.00,0.00,-900.00,236.49,0,0,0,14.24,202.45,29.59,226.67
120,6,0.2750,1,JumpStart,0.00,0.00,-900.00,239.69,0,0,0,15.07,209.50,30.60,232.72
120,6,0.2833,1,JumpStart,0.00,0.00,-900.00,242.83,0,0,0,15.72,216.67,31.42,238.72
120,6,0.2917,1,JumpStart,0.00,0.00,-900.00,245.90,0,0,0,16.24,223.65,32.04,244.40
120,6,0.3000,1,JumpStart,0.00,0.00,-900.00,248.90,0,0,0,16.59,230.69,32.49,250.00
120,6,0.3083,1,JumpStart,0.00,0.00,-900.00,251.83,0,0,0,16.82,237.35,32.78,255.21
120,6,0.3167,1,JumpStart,0.00,0.00,-900.00,254.70,0,0,0,16.88,244.02,32.94,260.32
120,6,0.3250,1,JumpStart,0.00,0.00,-900.00,257.49,0,0,0,16.87,250.10,32.96,265.00
120,6,0.3333,1,JumpStart,0.00,0.00,-900.00,260.22,0,0,0,16.74,256.15,32.89,269.59
120,6,0.3417,1,JumpStart,0.00,0.00,-900.00,262.88,0,0,0,16.61,261.42,32.73,273.71
120,6,0.3500,1,JumpStart,0.00,0.00,-900.00,265.48,0,0,0,16.41,266.64,32.52,277.74
120,6,0.3583,1,JumpStart,0.00,0.00,-900.00,268.00,0,0,0,16.30,270.90,32.27,281.29
120,6,0.3667,1,JumpStart,0.00,0.00,-900.00,270.46,0,0,0,16.16,275.10,31.99,284.76
120,6,0.3750,1,JumpStart,0.00,0.00,-900.00,272.84,0,0,0,16.19,278.19,31.71,287.73
120,6,0.3833,1,JumpStart,0.00,0.00,-900.00,275.16,0,0,0,16.22,281.22,31.42,290.63
120,6,0.3917,1,JumpStart,0.00,0.00,-900.00,277.42,0,0,0,16.46,283.29,31.14,293.14
120,6,0.4000,1,JumpStart,0.00,0.00,-900.00,279.60,0,0,0,16.69,285.31,30.86,295.59
120,6,0.4083,1,JumpStart,0.00,0.00,-900.00,281.72,0,0,0,17.08,286.68,30.61,297.76
120,6,0.4167,1,JumpStart,0.00,0.00,-900.00,283.76,0,0,0,17.47,287.99,30.35,299.87
120,6,0.4250,1,JumpStart,0.00,0.00,-900.00,285.74,0,0,0,17.99,288.71,30.10,301.73
120,6,0.4333,1,JumpStart,0.00,0.00,-900.00,287.66,0,0,0,18.50,289.37,29.86,303.53
120,6,0.4417,1,JumpStart,0.00,0.00,-900.00,289.50,0,0,0,19.09,289.50,29.61,305.08
120,6,0.4500,1,JumpStart,0.00,0.00,-900.00,291.28,0,0,0,19.65,289.58,29.36,306.58
120,6,0.4583,1,JumpStart,0.00,0.00,-900.00,292.98,0,0,0,20.26,289.19,29.11,307.85
120,6,0.4667,1,JumpStart,0.00,0.00,-900.00,294.62,0,0,0,20.83,288.75,28.84,309.06
120,6,0.4750,1,JumpStart,0.00,0.00,-900.00,296.19,0,0,0,21.41,287.91,28.56,310.05
120,6,0.4833,1,JumpStart,0.00,0.00,-900.00,297.70,0,0,0,21.93,287.04,28.25,310.99
120,6,0.4917,1,JumpStart,0.00,0.00,-900.00,299.13,0,0,0,22.42,285.84,27.92,311.72
120,6,0.5000,1,JumpStart,0.00,0.00,-900.00,300.50,0,0,0,22.85,284.60,27.56,312.39
120,6,0.5083,1,JumpStart,0.00,0.00,-900.00,301.80,0,0,0,23.22,283.12,27.15,312.86
120,6,0.5167,1,JumpStart,0.00,0.00,-900.00,303.03,0,0,0,23.52,281.62,26.72,313.28
120,6,0.5250,1,JumpStart,0.00,0.00,-900.00,304.19,0,0,0,23.73,279.93,26.23,313.51
120,6,0.5333,1,JumpLoop,0.00,0.00,-900.00,305.29,0,0,0,23.83,277.95,25.64,313.52
120,6,0.5417,1,JumpLoop,0.00,0.00,-900.00,306.32,0,0,0,23.73,275.37,24.82,313.05
120,6,0.5500,1,JumpLoop,0.00,0.00,-900.00,307.28,0,0,0,23.46,272.50,23.84,312.32
120,6,0.5583,1,JumpLoop,0.00,0.00,-900.00,308.17,0,0,0,22.97,269.41,22.66,311.28
120,6,0.5667,1,JumpLoop,0.00,0.00,-900.00,308.99,0,0,0,22.30,266.33,21.34,310.11
120,6,0.5750,1,JumpLoop,0.00,0.00,-900.00,309.74,0,0,0,21.50,263.43,19.94,308.90
120,6,0.5833,1,JumpLoop,0.00,0.00,-900.00,310.43,0,0,0,20.58,260.73,18.46,307.65
120,6,0.5917,1,JumpLoop,0.00,0.00,-900.00,311.05,0,0,0,19.62,258.40,16.99,306.49
120,6,0.6000,1,JumpLoop,0.00,0.00,-900.00,311.60,0,0,0,18.61,256.31,15.50,305.36
120,6,0.6083,1,JumpLoop,0.00,0.00,-900.00,312.08,0,0,0,17.60,254.53,14.06,304.27
120,6,0.6167,1,JumpLoop,0.00,0.00,-900.00,312.50,0,0,0,16.62,252.96,12.68,303.22
120,6,0.6250,1,JumpLoop,0.00,0.00,-900.00,312.84,0,0,0,15.68,251.58,11.38,302.17
120,6,0.6333,1,JumpLoop,0.00,0.00,-900.00,313.12,0,0,0,14.83,250.36,10.20,301.19
120,6,0.6417,1,JumpLoop,0.00,0.00,-900.00,313.33,0,0,0,14.08,249.26,9.13,300.20
120,6,0.6500,1,JumpLoop,0.00,0.00,-900.00,313.48,0,0,0,13.45,248.28,8.22,299.28
120,6,0.6583,1,JumpLoop,0.00,0.00,-900.00,313.55,0,0,0,12.94,247.37,7.46,298.38
120,6,0.6667,1,JumpLoop,0.00,0.00,-900.00,313.56,0,0,0,12.57,246.58,6.87,297.57
120,6,0.6750,1,JumpLoop,0.00,0.00,-900.00,313.49,0,0,0,12.31,245.85,6.43,296.80
120,6,0.6833,1,JumpLoop,0.00,0.00,-900.00,313.36,0,0,0,12.17,245.24,6.14,296.15
120,6,0.6917,1,JumpLoop,0.00,0.00,-900.00,313.17,0,0,0,12.13,244.69,5.98,295.57
120,6,0.7000,1,JumpLoop,0.00,0.00,-900.00,312.90,0,0,0,12.17,244.22,5.92,295.08
120,6,0.7083,1,JumpLoop,0.00,0.00,-900.00,312.57,0,0,0,12.26,243.79,5.94,294.63
120,6,0.7167,1,JumpLoop,0.00,0.00,-900.00,312.16,0,0,0,12.36,243.36,5.98,294.19
120,6,0.7250,1,JumpLoop,0.00,0.00,-900.00,311.69,0,0,0,12.45,242.87,6.01,293.69
120,6,0.7333,1,JumpLoop,0.00,0.00,-900.00,311.16,0,0,0,12.53,242.31,6.01,293.13
120,6,0.7417,1,JumpLoop,0.00,0.00,-900.00,310.55,0,0,0,12.61,241.68,6.01,292.49
120,6,0.7500,1,JumpLoop,0.00,0.00,-900.00,309.87,0,0,0,12.68,240.98,5.98,291.79
120,6,0.7583,1,JumpLoop,0.00,0.00,-900.00,309.13,0,0,0,12.76,240.22,5.95,291.02
120,6,0.7667,1,JumpLoop,0.00,0.00,-900.00,308.32,0,0,0,12.84,239.38,5.88,290.18
120,6,0.7750,1,JumpLoop,0.00,0.00,-900.00,307.44,0,0,0,12.92,238.48,5.81,289.26
120,6,0.7833,1,JumpLoop,0.00,0.00,-900.00,306.50,0,0,0,13.00,237.52,5.71,288.28
120,6,0.7917,1,JumpLoop,0.00,0.00,-900.00,305.48,0,0,0,13.09,236.48,5.61,287.22
120,6,0.8000,1,JumpLoop,0.00,0.00,-900.00,304.40,0,0,0,13.18,235.38,5.49,286.10
120,6,0.8083,1,JumpLoop,0.00,0.00,-900.00,303.25,0,0,0,13.28,234.21,5.37,284.90
120,6,0.8167,1,JumpLoop,0.00,0.00,-900.00,302.03,0,0,0,13.37,232.98,5.23,283.64
120,6,0.8250,1,JumpLoop,0.00,0.00,-900.00,300.74,0,0,0,13.46,231.67,5.09,282.31
120,6,0.8333,1,JumpLoop,0.00,0.00,-900.00,299.39,0,0,0,13.55,230.30,4.93,280.91
120,6,0.8417,1,JumpLoop,0.00,0.00,-900.00,297.97,0,0,0,13.64,228.86,4.78,279.44
120,6,0.8500,1,JumpLoop,0.00,0.00,-900.00,296.47,0,0,0,13.73,227.36,4.62,277.90
120,6,0.8583,1,JumpLoop,0.00,0.00,-900.00,294.92,0,0,0,13.82,225.78,4.46,276.29
120,6,0.8667,1,JumpLoop,0.00,0.00,-900.00,293.29,0,0,0,13.89,224.14,4.29,274.62
120,6,0.8750,1,JumpLoop,0.00,0.00,-900.00,291.59,0,0,0,13.97,222.43,4.13,272.88
120,6,0.8833,1,JumpLoop,0.00,0.00,-900.00,289.83,0,0,0,14.04,220.66,3.97,271.07
120,6,0.8917,1,JumpLoop,0.00,0.00,-900.00,288.00,0,0,0,14.11,218.82,3.82,269.20
120,6,0.9000,1,JumpLoop,0.00,0.00,-900.00,286.10,0,0,0,14.17,216.91,3.67,267.26
120,6,0.9083,1,JumpLoop,0.00,0.00,-900.00,284.13,0,0,0,14.23,214.93,3.52,265.25
120,6,0.9167,1,JumpLoop,0.00,0.00,-900.00,282.10,0,0,0,14.27,212.89,3.39,263.18
120,6,0.9250,1,JumpLoop,0.00,0.00,-900.00,279.99,0,0,0,14.31,210.77,3.26,261.04
120,6,0.9333,1,JumpLoop,0.00,0.00,-900.00,277.82,0,0,0,14.33,208.60,3.16,258.84
120,6,0.9417,1,JumpLoop,0.00,0.00,-900.00,275.58,0,0,0,14.36,206.35,3.05,256.58
120,6,0.9500,1,JumpLoop,0.00,0.00,-900.00,273.27,0,0,0,14.36,204.04,2.96,254.24
120,6,0.9583,1,JumpLoop,0.00,0.00,-900.00,270.90,0,0,0,14.37,201.65,2.86,251.85
120,6,0.9667,1,JumpLoop,0.00,0.00,-900.00,268.46,0,0,0,14.35,199.20,2.77,249.38
120,6,0.9750,1,JumpLoop,0.00,0.00,-900.00,265.94,0,0,0,14.34,196.69,2.68,246.85
120,6,0.9833,1,JumpLoop,0.00,0.00,-900.00,263.36,0,0,0,14.31,194.10,2.58,244.24
120,6,0.9917,1,JumpLoop,0.00,0.00,-900.00,260.72,0,0,0,14.28,191.44,2.49,241.57
120,6,1.0000,1,JumpLoop,0.00,0.00,-900.00,258.00,0,0,0,14.23,188.72,2.39,238.83
120,6,1.0083,1,JumpLoop,0.00,0.00,-900.00,255.22,0,0,0,14.18,185.93,2.30,236.03
120,6,1.0167,1,JumpLoop,0.00,0.00,-900.00,252.36,0,0,0,14.13,183.08,2.21,233.16
120,6,1.0250,1,JumpLoop,0.00,0.00,-900.00,249.44,0,0,0,14.07,180.15,2.13,230.22
120,6,1.0333,1,JumpLoop,0.00,0.00,-900.00,246.46,0,0,0,14.00,177.16,2.04,227.21
120,6,1.0417,1,JumpLoop,0.00,0.00,-900.00,243.40,0,0,0,13.93,174.10,1.95,224.14
120,6,1.0500,1,JumpLoop,0.00,0.00,-900.00,240.27,0,0,0,13.86,170.98,1.88,221.00
120,6,1.0583,1,JumpLoop,0.00,0.00,-900.00,237.08,0,0,0,13.79,167.79,1.80,217.79
120,6,1.0667,1,JumpLoop,0.00,0.00,-900.00,233.82,0,0,0,13.72,164.53,1.73,214.52
120,6,1.0750,1,JumpLoop,0.00,0.00,-900.00,230.49,0,0,0,13.64,161.21,1.66,211.18
120,6,1.0833,1,JumpLoop,0.00,0.00,-900.00,227.10,0,0,0,13.56,157.82,1.60,207.78
120,6,1.0917,1,JumpLoop,0.00,0.00,-900.00,223.63,0,0,0,13.49,154.36,1.54,204.30
120,6,1.1000,1,JumpLoop,0.00,0.00,-900.00,220.10,0,0,0,13.41,150.84,1.50,200.77
120,6,1.1083,1,JumpLoop,0.00,0.00,-900.00,216.50,0,0,0,13.34,147.25,1.45,197.17
120,6,1.1167,1,JumpLoop,0.00,0.00,-900.00,212.83,0,0,0,13.26,143.60,1.42,193.50
120,6,1.1250,1,JumpLoop,0.00,0.00,-900.00,209.09,0,0,0,13.19,139.88,1.39,189.77
120,6,1.1333,1,JumpLoop,0.00,0.00,-900.00,205.29,0,0,0,13.10,136.10,1.37,185.98
120,6,1.1417,1,JumpLoop,0.00,0.00,-900.00,201.42,0,0,0,13.01,132.24,1.35,182.12
120,6,1.1500,1,JumpLoop,0.00,0.00,-900.00,197.47,0,0,0,12.91,128.32,1.35,178.19
120,6,1.1583,1,JumpLoop,0.00,0.00,-900.00,193.47,0,0,0,12.82,124.33,1.35,174.20
120,6,1.1667,1,JumpLoop,0.00,0.00,-900.00,189.39,0,0,0,12.71,120.27,1.38,170.16
120,6,1.1750,1,JumpLoop,0.00,0.00,-900.00,185.24,0,0,0,12.61,116.15,1.40,166.05
120,6,1.1833,1,JumpLoop,0.00,0.00,-900.00,181.03,0,0,0,12.49,111.97,1.45,161.88
120,6,1.1917,1,JumpLoop,0.00,0.00,-900.00,176.75,0,0,0,12.37,107.71,1.50,157.66
120,6,1.2000,1,JumpLoop,0.00,0.00,-900.00,172.40,0,0,0,12.24,103.39,1.58,153.37
120,6,1.2083,1,JumpLoop,0.00,0.00,-900.00,167.98,0,0,0,12.11,99.00,1.65,149.01
120,6,1.2167,1,JumpLoop,0.00,0.00,-900.00,163.50,0,0,0,11.97,94.54,1.74,144.60
120,6,1.2250,1,JumpLoop,0.00,0.00,-900.00,158.94,0,0,0,11.84,90.01,1.83,140.12
120,6,1.2333,1,JumpLoop,0.00,0.00,-900.00,154.32,0,0,0,11.71,85.42,1.93,135.57
120,6,1.2417,1,JumpLoop,0.00,0.00,-900.00,149.63,0,0,0,11.58,80.76,2.04,130.96
120,6,1.2500,1,JumpLoop,0.00,0.00,-900.00,144.87,0,0,0,11.45,76.02,2.15,126.29
120,6,1.2583,1,JumpLoop,0.00,0.00,-900.00,140.05,0,0,0,11.32,71.22,2.26,121.54
120,6,1.2667,1,JumpLoop,0.00,0.00,-900.00,135.16,0,0,0,11.20,66.35,2.38,116.73
120,6,1.2750,1,JumpLoop,0.00,0.00,-900.00,130.19,0,0,0,11.07,61.41,2.50,111.85
120,6,1.2833,1,JumpLoop,0.00,0.00,-900.00,125.16,0,0,0,10.96,56.41,2.63,106.90
120,6,1.2917,1,JumpLoop,0.00,0.00,-900.00,120.07,0,0,0,10.85,51.33,2.75,101.88
120,6,1.3000,1,JumpLoop,0.00,0.00,-900.00,114.90,0,0,0,10.75,46.18,2.87,96.78
120,6,1.3083,1,JumpLoop,0.00,0.00,-900.00,109.67,0,0,0,10.66,40.97,2.99,91.62
120,6,1.3167,1,JumpLoop,0.00,0.00,-900.00,104.36,0,0,0,10.58,35.68,3.11,86.38
120,6,1.3250,1,JumpLoop,0.00,0.00,-900.00,98.99,0,0,0,10.50,30.33,3.23,81.08
120,6,1.3333,1,JumpLoop,0.00,0.00,-900.00,93.56,0,0,0,10.45,24.90,3.34,75.69
120,6,1.3417,1,JumpLoop,0.00,0.00,-900.00,88.05,0,0,0,10.40,19.40,3.45,70.23
120,6,1.3500,1,JumpEnd,0.00,0.00,-900.00,90.15,0,0,1,10.36,21.50,3.54,72.34
120,6,1.3583,1,JumpEnd,0.00,0.00,-900.00,90.15,0,0,1,10.30,21.46,3.56,72.24
120,6,1.3667,1,JumpEnd,0.00,0.00,-900.00,90.15,0,0,1,10.17,21.24,3.42,71.81
120,6,1.3750,1,JumpEnd,0.00,0.00,-900.00,90.15,0,0,1,9.90,20.80,3.05,70.94
120,6,1.3833,1,JumpEnd,0.00,0.00,-900.00,90.15,0,0,1,9.74,20.04,2.36,69.40
120,6,1.3917,1,JumpEnd,0.00,0.00,-900.00,90.15,0,0,1,9.58,18.99,1.28,67.12
120,6,1.4000,1,JumpEnd,0.00,0.00,-900.00,90.15,0,0,1,9.45,17.62,-0.25,64.04
120,6,1.4083,1,JumpEnd,0.00,0.00,-900.00,90.15,0,0,1,9.33,16.04,-2.32,60.10
120,6,1.4167,1,JumpEnd,0.00,0.00,-900.00,90.15,0,0,1,9.27,14.49,-4.82,55.67
120,6,1.4250,1,JumpEnd,0.00,0.00,-900.00,90.15,0,0,1,9.25,13.01,-7.98,50.53
120,6,1.4333,1,JumpEnd,0.00,0.00,-900.00,90.15,0,0,1,9.25,12.02,-11.27,45.65
120,6,1.4417,1,JumpEnd,0.00,0.00,-900.00,90.15,0,0,1,9.24,11.27,-15.13,40.41
120,6,1.4500,1,JumpEnd,0.00,0.00,-900.00,90.15,0,0,1,9.07,10.97,-18.34,36.47
120,6,1.4583,1,JumpEnd,0.00,0.00,-900.00,90.15,0,0,1,8.79,10.84,-21.66,32.58
120,6,1.4667,1,JumpEnd,0.00,0.00,-900.00,90.15,0,0,1,8.27,10.84,-24.85,28.86
120,6,1.4750,1,JumpEnd,0.00,0.00,-900.00,90.15,0,0,0,7.62,10.88,-27.97,25.29
120,6,1.4833,1,JumpEnd,0.00,0.00,-900.00,90.15,0,0,0,6.79,10.94,-30.82,22.01
120,6,1.4917,1,JumpEnd,0.00,0.00,-900.00,90.15,0,0,0,5.90,10.96,-33.42,18.97
120,6,1.5000,1,JumpEnd,0.00,0.00,-900.00,90.15,0,0,0,4.99,10.98,-35.65,16.32
120,6,1.5083,1,JumpEnd,0.00,0.00,-900.00,90.15,0,0,0,4.13,10.99,-37.48,14.02
120,6,1.5167,1,JumpEnd,0.00,0.00,-900.00,90.15,0,0,0,3.41,11.02,-38.87,12.20
120,6,1.5250,1,JumpEnd,0.00,0.00,-900.00,90.15,0,0,0,2.85,11.07,-39.74,10.84
120,6,1.5333,1,JumpEnd,0.00,0.00,-900.00,90.15,0,0,0,2.52,11.20,-40.11,10.04
120,6,1.5417,1,JumpEnd,0.00,0.00,-900.00,90.15,0,0,0,2.39,11.35,-39.88,9.80
120,6,1.5500,1,JumpEnd,0.00,0.00,-900.00,90.15,0,0,0,2.42,11.54,-39.42,9.87
120,6,1.5583,1,JumpEnd,0.00,0.00,-900.00,90.15,0,0,0,2.41,11.73,-38.92,9.96
120,6,1.5667,1,JumpEnd,0.00,0.00,-900.00,90.15,0,0,0,2.43,11.95,-38.51,10.03
120,6,1.5750,1,JumpEnd,0.00,0.00,-900.00,90.15,0,0,0,2.43,12.17,-38.06,10.11
120,6,1.5833,1,JumpEnd,0.00,0.00,-900.00,90.15,0,0,0,2.49,12.42,-37.74,10.13
120,6,1.5917,1,JumpEnd,0.00,0.00,-900.00,90.15,0,0,0,2.52,12.67,-37.39,10.17
120,6,1.6000,1,JumpEnd,0.00,0.00,-900.00,90.15,0,0,0,2.53,12.90,-37.18,10.15
120,6,1.6083,1,JumpEnd,0.00,0.00,-900.00,90.15,0,0,0,2.53,13.12,-36.96,10.14
120,6,1.6167,1,JumpEnd,0.00,0.00,-900.00,90.15,0,0,0,2.54,13.34,-36.84,10.07
120,6,1.6250,1,JumpEnd,0.00,0.00,-900.00,90.15,0,0,0,2.54,13.57,-36.71,10.02
120,6,1.6333,1,JumpEnd,0.00,0.00,-900.00,90.15,0,0,0,2.58,13.80,-36.62,9.96
120,6,1.6417,2,JumpEnd,0.00,0.00,-900.00,90.15,0,0,0,2.62,14.04,-36.52,9.92
120,6,1.6500,2,JumpEnd,0.00,0.00,-900.00,90.15,0,0,0,2.69,14.27,-36.45,9.88
120,6,1.6583,2,JumpEnd,0.00,0.00,-900.00,90.15,0,0,0,2.75,14.51,-36.38,9.86
120,6,1.6667,2,JumpEnd,0.00,0.00,-900.00,90.15,0,0,0,2.83,14.74,-36.32,9.83
120,6,1.6750,2,JumpEnd,0.00,0.00,-900.00,90.15,0,0,0,2.91,14.97,-36.28,9.83
120,6,1.6833,2,JumpEnd,0.00,0.00,-900.00,90.15,0,0,0,3.02,15.18,-36.24,9.80
120,6,1.6917,2,JumpEnd,0.00,0.00,-900.00,90.15,0,0,0,3.12,15.40,-36.22,9.81
120,6,1.7000,2,JumpEnd,0.00,0.00,-900.00,90.15,0,0,0,3.26,15.60,-36.20,9.80
120,6,1.7083,2,JumpEnd,0.00,0.00,-900.00,90.15,0,0,0,3.39,15.80,-36.19,9.81
120,6,1.7167,2,JumpEnd,0.00,0.00,-900.00,90.15,0,0,0,3.56,15.97,-36.19,9.79
120,6,1.7250,2,JumpEnd,0.00,0.00,-900.00,90.15,0,0,0,3.71,16.16,-36.19,9.81
120,6,1.7333,2,JumpEnd,0.00,0.00,-900.00,90.15,0,0,0,3.91,16.31,-36.21,9.78
120,6,1.7417,2,JumpEnd,0.00,0.00,-900.00,90.15,0,0,0,4.09,16.47,-36.23,9.80
120,6,1.7500,2,JumpEnd,0.00,0.00,-900.00,90.15,0,0,0,4.32,16.60,-36.24,9.78
120,6,1.7583,2,JumpEnd,0.00,0.00,-900.00,90.15,0,0,0,4.53,16.73,-36.27,9.80
120,6,1.7667,2,JumpEnd,0.00,0.00,-900.00,90.15,0,0,0,4.80,16.84,-36.28,9.79
120,6,1.7750,2,JumpEnd,0.00,0.00,-900.00,90.15,0,0,0,5.07,16.95,-36.30,9.82
120,6,1.7833,2,JumpEnd,0.00,0.00,-900.00,90.15,0,0,0,5.36,17.02,-36.31,9.82
120,6,1.7917,2,JumpEnd,0.00,0.00,-900.00,90.15,0,0,0,5.65,17.09,-36.31,9.86
120,6,1.8000,2,JumpEnd,0.00,0.00,-900.00,90.15,0,0,0,5.96,17.13,-36.31,9.86
120,6,1.8083,2,JumpEnd,0.00,0.00,-900.00,90.15,0,0,0,6.27,17.16,-36.31,9.90
120,6,1.8167,2,JumpEnd,0.00,0.00,-900.00,90.15,0,0,0,6.60,17.15,-36.29,9.91
120,6,1.8250,2,JumpEnd,0.00,0.00,-900.00,90.15,0,0,0,6.94,17.13,-36.27,9.93
120,6,1.8333,2,JumpEnd,0.00,0.00,-900.00,90.15,0,0,0,7.33,17.05,-36.26,9.93
120,6,1.8417,2,JumpEnd,0.00,0.00,-900.00,90.15,0,0,0,7.73,16.97,-36.24,9.95
120,6,1.8500,2,JumpEnd,0.00,0.00,-900.00,90.15,0,0,0,8.21,16.81,-36.23,9.94
120,6,1.8583,2,JumpEnd,0.00,0.00,-900.00,90.15,0,0,0,8.70,16.64,-36.23,9.94
120,6,1.8667,2,JumpEnd,0.00,0.00,-900.00,90.15,0,0,0,9.26,16.39,-36.23,9.92
120,6,1.8750,2,JumpEnd,0.00,0.00,-900.00,90.15,0,0,0,9.82,16.14,-36.23,9.91
120,6,1.8833,2,JumpEnd,0.00,0.00,-900.00,90.15,0,0,0,10.45,15.81,-36.24,9.89
120,6,1.8917,2,JumpEnd,0.00,0.00,-900.00,90.15,0,0,0,11.08,15.48,-36.25,9.87
120,6,1.9000,2,JumpEnd,0.00,0.00,-900.00,90.15,0,0,0,11.77,15.07,-36.27,9.84
120,6,1.9083,2,JumpEnd,0.00,0.00,-900.00,90.15,0,0,0,12.46,14.66,-36.28,9.82
120,6,1.9167,2,JumpEnd,0.00,0.00,-900.00,90.15,0,0,0,13.21,14.17,-36.30,9.79
120,6,1.9250,2,JumpEnd,0.00,0.00,-900.00,90.15,0,0,0,13.97,13.69,-36.32,9.77
120,6,1.9333,2,JumpEnd,0.00,0.00,-900.00,90.15,0,0,0,14.79,13.15,-36.35,9.73
120,6,1.9417,2,JumpEnd,0.00,0.00,-900.00,90.15,0,0,0,15.62,12.62,-36.36,9.70
120,6,1.9500,2,JumpEnd,0.00,0.00,-900.00,90.15,0,0,0,16.52,12.05,-36.40,9.68
120,6,1.9583,2,JumpEnd,0.00,0.00,-900.00,90.15,0,0,0,17.42,11.50,-36.42,9.65
120,6,1.9667,2,JumpEnd,0.00,0.00,-900.00,90.15,0,0,0,18.46,11.01,-36.45,9.62
120,6,1.9750,2,JumpEnd,0.00,0.00,-900.00,90.15,0,0,0,19.50,10.53,-36.47,9.59
120,6,1.9833,2,JumpEnd,0.00,0.00,-900.00,90.15,0,0,0,20.61,10.12,-36.51,9.56
120,6,1.9917,2,JumpEnd,0.00,0.00,-900.00,90.15,0,0,0,21.72,9.73,-36.54,9.54
120,6,2.0000,2,JumpEnd,0.00,0.00,-900.00,90.15,0,0,0,23.09,9.68,-36.57,9.52
120,6,2.0083,2,JumpEnd,0.00,0.00,-900.00,90.15,0,0,0,24.45,9.64,-36.58,9.50
120,6,2.0167,2,JumpEnd,0.00,0.00,-900.00,90.15,0,0,0,25.73,9.56,-36.61,9.48
120,6,2.0250,2,JumpEnd,0.00,0.00,-900.00,90.15,0,0,0,27.01,9.49,-36.63,9.47
120,6,2.0333,2,JumpEnd,0.00,0.00,-900.00,90.15,0,0,0,28.09,9.27,-36.65,9.46
120,6,2.0417,2,JumpEnd,0.00,0.00,-900.00,90.15,0,0,0,29.17,9.07,-36.66,9.45
120,6,2.0500,2,JumpEnd,0.00,0.00,-900.00,90.15,0,0,0,29.14,9.04,-36.67,9.45
120,6,2.0583,2,JumpEnd,0.00,0.00,-900.00,90.15,0,0,0,29.10,9.01,-36.67,9.45
120,6,2.0667,2,JumpEnd,0.00,0.00,-900.00,90.15,0,0,0,29.08,9.00,-36.68,9.45
120,6,2.0750,2,JumpEnd,0.00,0.00,-900.00,90.15,0,0,0,29.06,8.98,-36.68,9.45
120,6,2.0833,2,JumpEnd,0.00,0.00,-900.00,90.15,0,0,0,29.05,8.97,-36.68,9.45
120,6,2.0917,2,JumpEnd,0.00,0.00,-900.00,90.15,0,0,0,29.04,8.97,-36.68,9.45
120,6,2.1000,2,JumpEnd,0.00,0.00,-900.00,90.15,0,0,0,29.05,8.98,-36.68,9.45
120,6,2.1083,2,JumpEnd,0.00,0.00,-900.00,90.15,0,0,0,29.05,8.98,-36.69,9.45
120,6,2.1167,2,JumpEnd,0.00,0.00,-900.00,90.15,0,0,0,29.05,8.99,-36.68,9.45
120,6,2.1250,2,Ground,0.00,0.00,-900.00,90.15,0,0,0,29.06,9.01,-36.68,9.46
120,6,2.1333,2,Ground,0.00,0.00,-900.00,90.15,0,0,0,29.08,9.03,-36.68,9.45
120,6,2.1417,2,Ground,0.00,0.00,-900.00,90.15,0,0,0,29.10,9.05,-36.68,9.46
120,6,2.1500,2,Ground,0.00,0.00,-900.00,90.15,0,0,0,29.12,9.07,-36.68,9.46
120,6,2.1583,2,Ground,0.00,0.00,-900.00,90.15,0,0,0,29.14,9.10,-36.68,9.46
120,6,2.1667,2,Ground,0.00,0.00,-900.00,90.15,0,0,0,29.15,9.11,-36.68,9.46
120,6,2.1750,2,Ground,0.00,0.00,-900.00,90.15,0,0,0,29.15,9.13,-36.68,9.46
120,6,2.1833,2,Ground,0.00,0.00,-900.00,90.15,0,0,0,29.16,9.14,-36.68,9.45
120,6,2.1917,2,Ground,0.00,0.00,-900.00,90.15,0,0,0,29.16,9.15,-36.69,9.45
120,6,2.2000,2,Ground,0.00,0.00,-900.00,90.15,0,0,0,29.16,9.15,-36.69,9.45
120,6,2.2083,2,Ground,0.00,0.00,-900.00,90.15,0,0,0,29.16,9.14,-36.70,9.44
120,6,2.2167,2,Ground,0.00,0.00,-900.00,90.15,0,0,0,29.15,9.14,-36.70,9.44
120,6,2.2250,2,Ground,0.00,0.00,-900.00,90.15,0,0,0,29.15,9.13,-36.71,9.44
120,6,2.2333,2,Ground,0.00,0.00,-900.00,90.15,0,0,0,29.14,9.12,-36.71,9.43
120,6,2.2417,2,Ground,0.00,0.00,-900.00,90.15,0,0,0,29.15,9.12,-36.71,9.43
120,6,2.2500,2,Ground,0.00,0.00,-900.00,90.15,0,0,0,29.15,9.12,-36.71,9.43
120,6,2.2583,2,Ground,0.00,0.00,-900.00,90.15,0,0,0,29.14,9.12,-36.71,9.43
120,6,2.2667,2,Ground,0.00,0.00,-900.00,90.15,0,0,0,29.14,9.11,-36.71,9.43
120,6,2.2750,2,Ground,0.00,0.00,-900.00,90.15,0,0,0,29.14,9.11,-36.72,9.43
120,6,2.2833,2,Ground,0.00,0.00,-900.00,90.15,0,0,0,29.14,9.11,-36.72,9.43
120,6,2.2917,2,Ground,0.00,0.00,-900.00,90.15,0,0,0,29.14,9.10,-36.72,9.43
120,6,2.3000,2,Ground,0.00,0.00,-900.00,90.15,0,0,0,29.14,9.10,-36.72,9.42
120,6,2.3083,2,Ground,0.00,0.00,-900.00,90.15,0,0,0,29.14,9.10,-36.72,9.42
120,6,2.3167,2,Ground,0.00,0.00,-900.00,90.15,0,0,0,29.13,9.09,-36.72,9.42
120,6,2.3250,2,Ground,0.00,0.00,-900.00,90.15,0,0,0,29.13,9.09,-36.72,9.42
120,6,2.3333,2,Ground,0.00,0.00,-900.00,90.15,0,0,0,29.13,9.09,-36.73,9.42
120,6,2.3417,2,Ground,0.00,0.00,-900.00,90.15,0,0,0,29.13,9.08,-36.73,9.42
120,6,2.3500,2,Ground,0.00,0.00,-900.00,90.15,0,0,0,29.13,9.08,-36.73,9.42
120,7,0.0000,0,Ground,0.00,0.00,-900.00,98.00,0,0,0,29.06,16.79,-36.75,17.26
120,7,0.0083,0,JumpStart,0.00,0.00,-900.00,103.38,0,0,0,28.81,22.05,-36.88,22.58
120,7,0.0167,0,JumpStart,0.00,0.00,-900.00,108.70,0,0,0,27.24,26.65,-37.65,27.57
120,7,0.0250,0,JumpStart,0.00,0.00,-900.00,113.94,0,0,0,23.64,30.49,-39.27,32.40
120,7,0.0333,0,JumpStart,0.00,0.00,-900.00,119.12,0,0,0,17.76,34.16,-41.15,37.40
120,7,0.0417,0,JumpStart,0.00,0.00,-900.00,124.23,0,0,0,12.22,39.67,-40.14,44.33
120,7,0.0500,0,JumpStart,0.00,0.00,-900.00,129.28,0,0,0,6.98,46.32,-37.48,52.40
120,7,0.0583,0,JumpStart,0.00,0.00,-900.00,134.25,0,0,0,3.76,53.86,-33.66,60.85
120,7,0.0667,0,JumpStart,0.00,0.00,-900.00,139.16,0,0,0,1.69,61.52,-29.67,69.53
120,7,0.0750,0,JumpStart,0.00,0.00,-900.00,143.99,0,0,0,0.82,67.78,-25.48,78.06
120,7,0.0833,0,JumpStart,0.00,0.00,-900.00,148.76,0,0,0,0.62,73.40,-22.32,85.90
120,7,0.0917,0,JumpStart,0.00,0.00,-900.00,153.47,0,0,0,1.24,78.31,-18.99,92.68
120,7,0.1000,0,JumpStart,0.00,0.00,-900.00,158.10,0,0,0,1.77,83.83,-15.59,99.64
120,7,0.1083,1,JumpStart,0.00,0.00,-900.00,162.67,0,0,0,3.69,89.35,-12.12,105.59
120,7,0.1167,1,JumpStart,0.00,0.00,-900.00,167.16,0,0,0,5.74,95.57,-8.53,111.99
120,7,0.1250,1,JumpStart,0.00,0.00,-900.00,171.59,0,0,0,7.88,100.25,-4.55,118.68
120,7,0.1333,1,JumpStart,0.00,0.00,-900.00,175.96,0,0,0,10.13,106.48,-0.51,125.66
120,7,0.1417,1,JumpStart,0.00,0.00,-900.00,180.25,0,0,0,11.14,113.15,3.05,132.55
120,7,0.1500,1,JumpStart,0.00,0.00,-900.00,184.48,0,0,0,12.15,119.77,6.55,139.58
120,7,0.1583,1,JumpStart,0.00,0.00,-900.00,188.63,0,0,0,12.11,125.55,9.04,145.99
120,7,0.1667,1,JumpStart,0.00,0.00,-900.00,192.72,0,0,0,12.07,131.32,11.45,152.51
120,7,0.1750,1,JumpStart,0.00,0.00,-900.00,196.74,0,0,0,11.48,136.57,13.22,158.58
120,7,0.1833,1,JumpStart,0.00,0.00,-900.00,200.70,0,0,0,10.89,141.86,14.90,164.72
120,7,0.1917,1,JumpStart,0.00,0.00,-900.00,204.58,0,0,0,10.24,146.98,16.33,170.62
120,7,0.2000,1,JumpStart,0.00,0.00,-900.00,208.40,0,0,0,9.59,152.19,17.64,176.57
120,7,0.2083,1,JumpStart,0.00,0.00,-900.00,212.15,0,0,0,9.34,157.56,19.06,182.52
120,7,0.2167,1,JumpStart,0.00,0.00,-900.00,215.83,0,0,0,9.09,163.07,20.34,188.51
120,7,0.2250,1,JumpStart,0.00,0.00,-900.00,219.44,0,0,0,9.67,169.04,22.06,194.78
120,7,0.2333,1,JumpStart,0.00,0.00,-900.00,222.99,0,0,0,10.19,175.18,23.60,201.07
120,7,0.2417,1,JumpStart,0.00,0.00,-900.00,226.47,0,0,0,11.31,181.76,25.39,207.55
120,7,0.2500,1,JumpStart,0.00,0.00,-900.00,229.88,0,0,0,12.32,188.51,26.98,214.04
120,7,0.2583,1,JumpStart,0.00,0.00,-900.00,233.22,0,0,0,13.35,195.41,28.38,220.37
120,7,0.2667,1,JumpStart,0.00,0.00,-900.00,236.49,0,0,0,14.24,202.45,29.59,226.67
120,7,0.2750,1,JumpStart,0.00,0.00,-900.00,239.69,0,0,0,15.07,209.50,30.60,232.72
120,7,0.2833,1,JumpStart,0.00,0.00,-900.00,242.83,0,0,0,15.72,216.67,31.42,238.72
120,7,0.2917,1,JumpStart,0.00,0.00,-900.00,245.90,0,0,0,16.24,223.65,32.04,244.40
120,7,0.3000,1,JumpStart,0.00,0.00,-900.00,248.90,0,0,0,16.59,230.69,32.49,250.00
120,7,0.3083,1,JumpStart,0.00,0.00,-900.00,251.83,0,0,0,16.82,237.35,32.78,255.21
120,7,0.3167,1,JumpStart,0.00,0.00,-900.00,254.70,0,0,0,16.88,244.02,32.94,260.32
120,7,0.3250,1,JumpStart,0.00,0.00,-900.00,257.49,0,0,0,16.87,250.10,32.96,265.00
120,7,0.3333,1,JumpStart,0.00,0.00,-900.00,260.22,0,0,0,16.74,256.15,32.89,269.59
120,7,0.3417,1,JumpStart,0.00,0.00,-900.00,262.88,0,0,0,16.61,261.42,32.73,273.71
120,7,0.3500,1,JumpStart,0.00,0.00,-900.00,265.48,0,0,0,16.41,266.64,32.52,277.74
120,7,0.3583,1,JumpStart,0.00,0.00,-900.00,268.00,0,0,0,16.30,270.90,32.27,281.29
120,7,0.3667,1,JumpStart,0.00,0.00,-900.00,270.46,0,0,0,16.16,275.10,31.99,284.76
120,7,0.3750,1,JumpStart,0.00,0.00,-900.00,272.84,0,0,0,16.19,278.19,31.71,287.73
120,7,0.3833,1,JumpStart,0.00,0.00,-900.00,275.16,0,0,0,16.22,281.22,31.42,290.63
120,7,0.3917,1,JumpStart,0.00,0.00,-900.00,277.42,0,0,0,16.46,283.29,31.14,293.14
120,7,0.4000,1,JumpStart,0.00,0.00,-900.00,279.60,0,0,0,16.69,285.31,30.86,295.59
120,7,0.4083,1,JumpStart,0.00,0.00,-900.00,281.72,0,0,0,17.08,286.68,30.61,297.76
120,7,0.4167,1,JumpStart,0.00,0.00,-900.00,283.76,0,0,0,17.47,287.99,30.35,299.87
120,7,0.4250,1,JumpStart,0.00,0.00,-900.00,285.74,0,0,0,17.99,288.71,30.10,301.73
120,7,0.4333,1,JumpStart,0.00,0.00,-900.00,287.66,0,0,0,18.50,289.37,29.86,303.53
120,7,0.4417,1,JumpStart,0.00,0.00,-900.00,289.50,0,0,0,19.09,289.50,29.61,305.08
120,7,0.4500,1,JumpStart,0.00,0.00,-900.00,291.28,0,0,0,19.65,289.58,29.36,306.58
120,7,0.4583,1,JumpStart,0.00,0.00,-900.00,292.98,0,0,0,20.26,289.19,29.11,307.85
120,7,0.4667,1,JumpStart,0.00,0.00,-900.00,294.62,0,0,0,20.83,288.75,28.84,309.06
120,7,0.4750,1,JumpStart,0.00,0.00,-900.00,296.19,0,0,0,21.41,287.91,28.56,310.05
120,7,0.4833,1,JumpStart,0.00,0.00,-900.00,297.70,0,0,0,21.93,287.04,28.25,310.99
120,7,0.4917,1,JumpStart,0.00,0.00,-900.00,299.13,0,0,0,22.42,285.84,27.92,311.72
120,7,0.5000,1,JumpStart,0.00,0.00,-900.00,300.50,0,0,0,22.85,284.60,27.56,312.39
120,7,0.5083,1,JumpStart,0.00,0.00,-900.00,301.80,0,0,0,23.22,283.12,27.15,312.86
120,7,0.5167,1,JumpStart,0.00,0.00,-900.00,303.03,0,0,0,23.52,281.62,26.72,313.28
120,7,0.5250,1,JumpStart,0.00,0.00,-900.00,304.19,0,0,0,23.73,279.93,26.23,313.51
120,7,0.5333,1,JumpLoop,0.00,0.00,-900.00,305.29,0,0,0,23.83,277.95,25.64,313.52
120,7,0.5417,1,JumpLoop,0.00,0.00,-900.00,306.32,0,0,0,23.73,275.37,24.82,313.05
120,7,0.5500,1,JumpLoop,0.00,0.00,-900.00,307.28,0,0,0,23.46,272.50,23.84,312.32
120,7,0.5583,1,JumpLoop,0.00,0.00,-900.00,308.17,0,0,0,22.97,269.41,22.66,311.28
120,7,0.5667,1,JumpLoop,0.00,0.00,-900.00,308.99,0,0,0,22.30,266.33,21.34,310.11
120,7,0.5750,1,JumpLoop,0.00,0.00,-900.00,309.74,0,0,0,21.50,263.43,19.94,308.90
120,7,0.5833,1,JumpLoop,0.00,0.00,-900.00,310.43,0,0,0,20.58,260.73,18.46,307.65
120,7,0.5917,1,JumpLoop,0.00,0.00,-900.00,311.05,0,0,0,19.62,258.40,16.99,306.49
120,7,0.6000,1,JumpLoop,0.00,0.00,-900.00,311.60,0,0,0,18.61,256.31,15.50,305.36
120,7,0.6083,1,JumpLoop,0.00,0.00,-900.00,312.08,0,0,0,17.60,254.53,14.06,304.27
120,7,0.6167,1,JumpLoop,0.00,0.00,-900.00,312.50,0,0,0,16.62,252.96,12.68,303.22
120,7,0.6250,1,JumpLoop,0.00,0.00,-900.00,312.84,0,0,0,15.68,251.58,11.38,302.17
120,7,0.6333,1,JumpLoop,0.00,0.00,-900.00,313.12,0,0,0,14.83,250.36,10.20,301.19
120,7,0.6417,1,JumpLoop,0.00,0.00,-900.00,313.33,0,0,0,14.08,249.26,9.13,300.20
120,7,0.6500,1,JumpLoop,0.00,0.00,-900.00,313.48,0,0,0,13.45,248.28,8.22,299.28
120,7,0.6583,1,JumpLoop,0.00,0.00,-900.00,313.55,0,0,0,12.94,247.37,7.46,298.38
120,7,0.6667,1,JumpLoop,0.00,0.00,-900.00,313.56,0,0,0,12.57,246.58,6.87,297.57
120,7,0.6750,1,JumpLoop,0.00,0.00,-900.00,313.49,0,0,0,12.31,245.85,6.43,296.80
120,7,0.6833,1,JumpLoop,0.00,0.00,-900.00,313.36,0,0,0,12.17,245.24,6.14,296.15
120,7,0.6917,1,JumpLoop,0.00,0.00,-900.00,313.17,0,0,0,12.13,244.69,5.98,295.57
120,7,0.7000,1,JumpLoop,0.00,0.00,-900.00,312.90,0,0,0,12.17,244.22,5.92,295.08
120,7,0.7083,1,JumpLoop,0.00,0.00,-900.00,312.57,0,0,0,12.26,243.79,5.94,294.63
120,7,0.7167,1,JumpLoop,0.00,0.00,-900.00,312.16,0,0,0,12.36,243.36,5.98,294.19
120,7,0.7250,1,JumpLoop,0.00,0.00,-900.00,311.69,0,0,0,12.45,242.87,6.01,293.69
120,7,0.7333,1,JumpLoop,0.00,0.00,-900.00,311.16,0,0,0,12.53,242.31,6.01,293.13
120,7,0.7417,1,JumpLoop,0.00,0.00,-900.00,310.55,0,0,0,12.61,241.68,6.01,292.49
120,7,0.7500,1,JumpLoop,0.00,0.00,-900.00,309.87,0,0,0,12.68,240.98,5.98,291.79
120,7,0.7583,1,JumpLoop,0.00,0.00,-900.00,309.13,0,0,0,12.76,240.22,5.95,291.02
120,7,0.7667,1,JumpLoop,0.00,0.00,-900.00,308.32,0,0,0,12.84,239.38,5.88,290.18
120,7,0.7750,1,JumpLoop,0.00,0.00,-900.00,307.44,0,0,0,12.92,238.48,5.81,289.26
120,7,0.7833,1,JumpLoop,0.00,0.00,-900.00,306.50,0,0,0,13.00,237.52,5.71,288.28
120,7,0.7917,1,JumpLoop,0.00,0.00,-900.00,305.48,0,0,0,13.09,236.48,5.61,287.22
120,7,0.8000,1,JumpLoop,0.00,0.00,-900.00,304.40,0,0,0,13.18,235.38,5.49,286.10
120,7,0.8083,1,JumpLoop,0.00,0.00,-900.00,303.25,0,0,0,13.28,234.21,5.37,284.90
120,7,0.8167,1,JumpLoop,0.00,0.00,-900.00,302.03,0,0,0,13.37,232.98,5.23,283.64
120,7,0.8250,1,JumpLoop,0.00,0.00,-900.00,300.74,0,0,0,13.46,231.67,5.09,282.31
120,7,0.8333,1,JumpLoop,0.00,0.00,-900.00,299.39,0,0,0,13.55,230.30,4.93,280.91
120,7,0.8417,1,JumpLoop,0.00,0.00,-900.00,297.97,0,0,0,13.64,228.86,4.78,279.44
120,7,0.8500,1,JumpLoop,0.00,0.00,-900.00,296.47,0,0,0,13.73,227.36,4.62,277.90
120,7,0.8583,1,JumpLoop,0.00,0.00,-900.00,294.92,0,0,0,13.82,225.78,4.46,276.29
120,7,0.8667,1,JumpLoop,0.00,0.00,-900.00,293.29,0,0,0,13.89,224.14,4.29,274.62
120,7,0.8750,1,JumpLoop,0.00,0.00,-900.00,291.59,0,0,0,13.97,222.43,4.13,272.88
120,7,0.8833,1,JumpLoop,0.00,0.00,-900.00,289.83,0,0,0,14.04,220.66,3.97,271.07
120,7,0.8917,1,JumpLoop,0.00,0.00,-900.00,288.00,0,0,0,14.11,218.82,3.82,269.20
120,7,0.9000,1,JumpLoop,0.00,0.00,-900.00,286.10,0,0,0,14.17,216.91,3.67,267.26
120,7,0.9083,1,JumpLoop,0.00,0.00,-900.00,284.13,0,0,0,14.23,214.93,3.52,265.25
120,7,0.9167,1,JumpLoop,0.00,0.00,-900.00,282.10,0,0,0,14.27,212.89,3.39,263.18
120,7,0.9250,1,JumpLoop,0.00,0.00,-900.00,279.99,0,0,0,14.31,210.77,3.26,261.04
120,7,0.9333,1,JumpLoop,0.00,0.00,-900.00,277.82,0,0,0,14.33,208.60,3.16,258.84
120,7,0.9417,1,JumpLoop,0.00,0.00,-900.00,275.58,0,0,0,14.36,206.35,3.05,256.58
120,7,0.9500,1,JumpLoop,0.00,0.00,-900.00,273.27,0,0,0,14.36,204.04,2.96,254.24
120,7,0.9583,1,JumpLoop,0.00,0.00,-900.00,270.90,0,0,0,14.37,201.65,2.86,251.85
120,7,0.9667,1,JumpLoop,0.00,0.00,-900.00,268.46,0,0,0,14.35,199.20,2.77,249.38
120,7,0.9750,1,JumpLoop,0.00,0.00,-900.00,265.94,0,0,0,14.34,196.69,2.68,246.85
120,7,0.9833,1,JumpLoop,0.00,0.00,-900.00,263.36,0,0,0,14.31,194.10,2.58,244.24
120,7,0.9917,1,JumpLoop,0.00,0.00,-900.00,260.72,0,0,0,14.28,191.44,2.49,241.57
120,7,1.0000,1,JumpLoop,0.00,0.00,-900.00,258.00,0,0,0,14.23,188.72,2.39,238.83
120,7,1.0083,1,JumpLoop,0.00,0.00,-900.00,255.22,0,0,0,14.18,185.93,2.30,236.03
120,7,1.0167,1,JumpLoop,0.00,0.00,-900.00,252.36,0,0,0,14.13,183.08,2.21,233.16
120,7,1.0250,1,JumpLoop,0.00,0.00,-900.00,249.44,0,0,0,14.07,180.15,2.13,230.22
120,7,1.0333,1,JumpLoop,0.00,0.00,-900.00,246.46,0,0,0,14.00,177.16,2.04,227.21
120,7,1.0417,1,JumpLoop,0.00,0.00,-900.00,243.40,0,0,0,13.93,174.10,1.95,224.14
120,7,1.0500,1,JumpLoop,0.00,0.00,-900.00,240.27,0,0,0,13.86,170.98,1.88,221.00
120,7,1.0583,1,JumpLoop,0.00,0.00,-900.00,237.08,0,0,0,13.79,167.79,1.80,217.79
120,7,1.0667,1,JumpLoop,0.00,0.00,-900.00,233.82,0,0,0,13.72,164.53,1.73,214.52
120,7,1.0750,1,JumpLoop,0.00,0.00,-900.00,230.49,0,0,0,13.64,161.21,1.66,211.18
120,7,1.0833,1,JumpLoop,0.00,0.00,-900.00,227.10,0,0,0,13.56,157.82,1.60,207.78
120,7,1.0917,1,JumpLoop,0.00,0.00,-900.00,223.63,0,0,0,13.49,154.36,1.54,204.30
120,7,1.1000,1,JumpLoop,0.00,0.00,-900.00,220.10,0,0,0,13.41,150.84,1.50,200.77
120,7,1.1083,1,JumpLoop,0.00,0.00,-900.00,216.50,0,0,0,13.34,147.25,1.45,197.17
120,7,1.1167,1,JumpLoop,0.00,0.00,-900.00,212.83,0,0,0,13.26,143.60,1.42,193.50
120,7,1.1250,1,JumpLoop,0.00,0.00,-900.00,209.09,0,0,0,13.19,139.88,1.39,189.77
120,7,1.1333,1,JumpLoop,0.00,0.00,-900.00,205.29,0,0,0,13.10,136.10,1.37,185.98
120,7,1.1417,1,JumpLoop,0.00,0.00,-900.00,201.42,0,0,0,13.01,132.24,1.35,182.12
120,7,1.1500,1,JumpLoop,0.00,0.00,-900.00,197.47,0,0,0,12.91,128.32,1.35,178.19
120,7,1.1583,1,JumpLoop,0.00,0.00,-900.00,193.47,0,0,0,12.82,124.33,1.35,174.20
120,7,1.1667,1,JumpLoop,0.00,0.00,-900.00,189.39,0,0,0,12.71,120.27,1.38,170.16
120,7,1.1750,1,JumpLoop,0.00,0.00,-900.00,185.24,0,0,0,12.61,116.15,1.40,166.05
120,7,1.1833,1,JumpLoop,0.00,0.00,-900.00,181.03,0,0,0,12.49,111.97,1.45,161.88
120,7,1.1917,1,JumpLoop,0.00,0.00,-900.00,176.75,0,0,0,12.37,107.71,1.50,157.66
120,7,1.2000,1,JumpLoop,0.00,0.00,-900.00,172.40,0,0,0,12.24,103.39,1.58,153.37
120,7,1.2083,1,JumpLoop,0.00,0.00,-900.00,167.98,0,0,0,12.11,99.00,1.65,149.01
120,7,1.2167,1,JumpLoop,0.00,0.00,-900.00,163.50,0,0,0,11.97,94.54,1.74,144.60
120,7,1.2250,1,JumpLoop,0.00,0.00,-900.00,158.94,0,0,0,11.84,90.01,1.83,140.12
120,7,1.2333,1,JumpLoop,0.00,0.00,-900.00,154.32,0,0,0,11.71,85.42,1.93,135.57
120,7,1.2417,1,JumpLoop,0.00,0.00,-900.00,149.63,0,0,0,11.58,80.76,2.04,130.96
120,7,1.2500,1,JumpLoop,0.00,0.00,-900.00,144.87,0,0,0,11.45,76.02,2.15,126.29
120,7,1.2583,1,JumpLoop,0.00,0.00,-900.00,140.05,0,0,0,11.32,71.22,2.26,121.54
120,7,1.2667,1,JumpLoop,0.00,0.00,-900.00,135.16,0,0,0,11.20,66.35,2.38,116.73
120,7,1.2750,1,JumpLoop,0.00,0.00,-900.00,130.19,0,0,0,11.07,61.41,2.50,111.85
120,7,1.2833,1,JumpLoop,0.00,0.00,-900.00,125.16,0,0,0,10.96,56.41,2.63,106.90
120,7,1.2917,1,JumpLoop,0.00,0.00,-900.00,120.07,0,0,0,10.85,51.33,2.75,101.88
120,7,1.3000,1,JumpLoop,0.00,0.00,-900.00,114.90,0,0,0,10.75,46.18,2.87,96.78
120,7,1.3083,1,JumpLoop,0.00,0.00,-900.00,109.67,0,0,0,10.66,40.97,2.99,91.62
120,7,1.3167,1,JumpLoop,0.00,0.00,-900.00,104.36,0,0,0,10.58,35.68,3.11,86.38
120,7,1.3250,1,JumpLoop,0.00,0.00,-900.00,98.99,0,0,0,10.50,30.33,3.23,81.08
120,7,1.3333,1,JumpLoop,0.00,0.00,-900.00,93.56,0,0,0,10.45,24.90,3.34,75.69
120,7,1.3417,1,JumpLoop,0.00,0.00,-900.00,88.05,0,0,0,10.40,19.40,3.45,70.23
120,7,1.3500,1,JumpEnd,0.00,0.00,-900.00,90.15,0,0,1,10.36,21.50,3.54,72.34
120,7,1.3583,1,JumpEnd,0.00,0.00,-900.00,90.15,0,0,1,10.30,21.46,3.56,72.24
120,7,1.3667,1,JumpEnd,0.00,0.00,-900.00,90.15,0,0,1,10.17,21.24,3.42,71.81
120,7,1.3750,1,JumpEnd,0.00,0.00,-900.00,90.15,0,0,1,9.90,20.80,3.05,70.94
120,7,1.3833,2,JumpStart,0.00,0.00,-900.00,95.53,0,0,0,10.03,24.69,1.81,72.37
120,7,1.3917,2,JumpStart,0.00,0.00,-900.00,100.85,0,0,0,10.45,26.95,-1.23,69.67
120,7,1.4000,2,JumpStart,0.00,0.00,-900.00,106.09,0,0,0,10.10,28.76,-6.29,64.12
120,7,1.4083,2,JumpStart,0.00,0.00,-900.00,111.27,0,0,0,7.97,31.44,-13.19,57.90
120,7,1.4167,2,JumpStart,0.00,0.00,-900.00,116.38,0,0,0,5.48,36.37,-19.42,55.05
120,7,1.4250,2,JumpStart,0.00,0.00,-900.00,121.43,0,0,0,2.80,42.15,-24.31,55.21
120,7,1.4333,2,JumpStart,0.00,0.00,-900.00,126.40,0,0,0,1.52,48.33,-26.92,58.05
120,7,1.4417,2,JumpStart,0.00,0.00,-900.00,131.31,0,0,0,0.81,54.67,-27.31,63.37
120,7,1.4500,2,JumpStart,0.00,0.00,-900.00,136.14,0,0,0,0.69,60.07,-25.18,70.43
120,7,1.4583,2,JumpStart,0.00,0.00,-900.00,140.91,0,0,0,0.62,65.55,-22.32,78.05
120,7,1.4667,2,JumpStart,0.00,0.00,-900.00,145.62,0,0,0,1.24,70.46,-18.99,84.83
120,7,1.4750,2,JumpStart,0.00,0.00,-900.00,150.25,0,0,0,1.77,75.98,-15.59,91.79
120,7,1.4833,2,JumpStart,0.00,0.00,-900.00,154.82,0,0,0,3.69,81.50,-12.12,97.74
120,7,1.4917,2,JumpStart,0.00,0.00,-900.00,159.31,0,0,0,5.74,87.72,-8.53,104.14
120,7,1.5000,2,JumpStart,0.00,0.00,-900.00,163.74,0,0,0,7.88,92.40,-4.55,110.83
120,8,0.0000,0,JumpStart,0.00,0.00,-900.00,98.00,0,0,0,17.99,100.97,30.10,113.99
120,8,0.0083,0,JumpStart,11.95,0.05,-900.00,97.97,0,0,0,18.55,99.68,29.91,113.84
120,8,0.0167,0,JumpStart,23.89,0.20,-900.00,97.86,0,0,0,19.29,97.87,29.81,113.45
120,8,0.0250,0,JumpStart,35.84,0.45,-900.00,97.69,0,0,0,20.10,95.99,29.81,113.00
120,8,0.0333,0,JumpStart,41.81,0.77,-900.00,97.46,0,0,0,21.03,93.66,29.88,112.32
120,8,0.0417,0,JumpStart,47.79,1.14,-900.00,97.15,0,0,0,21.98,91.28,29.99,111.59
120,8,0.0500,0,JumpStart,53.76,1.57,-900.00,96.77,0,0,0,22.97,88.50,30.12,110.63
120,8,0.0583,0,JumpStart,59.73,2.04,-900.00,96.33,0,0,0,23.97,85.67,30.29,109.62
120,8,0.0667,0,JumpStart,65.71,2.56,-900.00,95.82,0,0,0,24.98,82.52,30.48,108.41
120,8,0.0750,0,JumpStart,71.68,3.14,-900.00,95.24,0,0,0,25.99,79.35,30.70,107.13
120,8,0.0833,0,JumpStart,77.65,3.76,-900.00,94.60,0,0,0,26.98,75.92,30.91,105.66
120,8,0.0917,0,JumpStart,83.63,4.43,-900.00,93.88,0,0,0,27.95,72.47,31.15,104.13
120,8,0.1000,0,JumpStart,89.60,5.15,-900.00,93.10,0,0,0,28.88,68.84,31.38,102.42
120,8,0.1083,0,JumpLoop,95.57,5.92,-900.00,92.25,0,0,0,29.75,64.91,31.56,100.48
120,8,0.1167,0,JumpLoop,101.55,6.74,-900.00,91.33,0,0,0,30.48,60.39,31.57,98.07
120,8,0.1250,0,JumpLoop,107.52,7.62,-900.00,90.34,0,0,0,31.08,55.57,31.46,95.39
120,8,0.1333,0,JumpLoop,113.49,8.54,-900.00,89.29,0,0,0,31.50,50.53,31.20,92.41
120,8,0.1417,0,JumpLoop,119.47,9.51,-900.00,88.17,0,0,0,31.81,45.50,30.85,89.29
120,8,0.1500,0,JumpEnd,0.00,9.55,-900.00,90.15,0,0,1,30.99,43.70,29.41,89.18
120,8,0.1583,0,JumpEnd,0.00,9.55,-900.00,90.15,0,0,1,29.90,40.03,27.69,86.86
120,8,0.1667,0,JumpEnd,0.00,9.55,-900.00,90.15,0,0,1,28.58,36.66,25.77,84.32
120,8,0.1750,0,JumpEnd,0.00,9.55,-900.00,90.15,0,0,1,27.01,33.45,23.61,81.42
120,8,0.1833,0,JumpEnd,0.00,9.55,-900.00,90.15,0,0,1,25.49,30.41,21.19,77.99
120,8,0.1917,0,JumpEnd,0.00,9.55,-900.00,90.15,0,0,1,24.02,27.40,18.47,74.01
120,8,0.2000,0,JumpEnd,0.00,9.55,-900.00,90.15,0,0,1,22.70,24.29,15.45,69.39
120,8,0.2083,0,JumpEnd,0.00,9.55,-900.00,90.15,0,0,1,21.59,21.20,12.05,64.15
120,8,0.2167,0,Ground,0.00,9.55,-900.00,90.15,0,0,1,20.91,18.09,8.21,57.62
120,8,0.2250,0,Ground,0.00,9.55,-900.00,90.15,0,0,1,20.91,15.06,3.61,49.23
120,8,0.2333,0,Ground,0.00,9.55,-900.00,90.15,0,0,1,21.57,12.73,-1.21,40.63
120,8,0.2417,0,Ground,0.00,9.55,-900.00,90.15,0,0,1,22.82,10.93,-6.56,31.94
120,8,0.2500,0,Ground,0.00,9.55,-900.00,90.15,0,0,1,24.39,9.80,-11.06,24.83
120,8,0.2583,0,Ground,0.00,9.55,-900.00,90.15,0,0,1,26.28,9.04,-15.33,18.62
120,8,0.2667,0,Ground,0.00,9.55,-900.00,90.15,0,0,1,28.29,8.60,-19.05,13.69
120,8,0.2750,0,Ground,17.07,9.69,-900.00,90.15,0,0,0,30.55,8.39,-21.99,10.17
120,8,0.2833,0,Ground,34.13,9.97,-900.00,90.15,0,0,0,32.78,8.36,-23.95,8.13
120,8,0.2917,0,Ground,51.20,10.40,-900.00,90.15,0,0,0,34.87,8.46,-24.89,7.29
120,8,0.3000,0,Ground,68.27,10.97,-900.00,90.15,0,0,0,36.67,8.64,-24.89,7.37
120,8,0.3083,1,Crouch,85.33,11.68,-900.00,42.15,0,0,0,37.69,8.67,-23.55,7.68
120,8,0.3167,1,Crouch,100.00,12.51,-900.00,42.15,0,0,0,37.66,8.40,-20.79,7.55
120,8,0.3250,1,Crouch,100.00,13.35,-900.00,42.15,0,0,0,36.79,8.02,-17.31,6.77
120,8,0.3333,1,Crouch,100.00,14.18,-900.00,42.15,0,0,0,35.50,7.82,-13.58,5.62
120,8,0.3417,1,Crouch,100.00,15.01,-900.00,42.15,0,0,0,34.38,8.02,-9.83,4.69
120,8,0.3500,1,Crouch,100.00,15.85,-900.00,42.15,0,0,0,33.63,8.68,-6.25,4.17
120,8,0.3583,1,Crouch,100.00,16.68,-900.00,42.15,0,0,0,33.34,9.75,-3.00,4.15
120,8,0.3667,1,Crouch,100.00,17.51,-900.00,42.15,0,0,0,33.50,11.11,-0.12,4.61
120,8,0.3750,1,Crouch,100.00,18.35,-900.00,42.15,0,0,0,34.08,12.57,2.36,5.43
120,8,0.3833,1,Crouch,100.00,19.18,-900.00,42.15,0,0,0,35.03,13.96,4.44,6.46
120,8,0.3917,1,Crouch,100.00,20.01,-900.00,42.15,0,0,0,36.26,15.09,6.14,7.50
120,8,0.4000,1,Crouch,100.00,20.85,-900.00,42.15,0,0,0,37.77,15.90,7.48,8.42
120,8,0.4083,1,Crouch,100.00,21.68,-900.00,42.15,0,0,0,39.52,16.29,8.46,9.12
120,8,0.4167,1,Crouch,100.00,22.51,-900.00,42.15,0,0,0,41.54,16.26,9.03,9.51
120,8,0.4250,1,Crouch,100.00,23.35,-900.00,42.15,0,0,0,43.79,15.89,9.24,9.59
120,8,0.4333,1,Crouch,100.00,24.18,-900.00,42.15,0,0,0,46.08,15.45,9.41,9.68
120,8,0.4417,1,Crouch,100.00,25.01,-900.00,42.15,0,0,0,48.40,15.03,9.57,9.78
120,8,0.4500,1,Crouch,100.00,25.85,-900.00,42.15,0,0,0,50.72,14.58,9.74,9.93
120,8,0.4583,1,Crouch,100.00,26.68,-900.00,42.15,0,0,0,53.05,14.14,9.90,10.09
120,8,0.4667,1,Crouch,100.00,27.51,-900.00,42.15,0,0,0,55.39,13.72,10.07,10.26
120,8,0.4750,1,Crouch,100.00,28.35,-900.00,42.15,0,0,0,57.72,13.28,10.23,10.43
120,8,0.4833,1,Crouch,100.00,29.18,-900.00,42.15,0,0,0,60.07,12.88,10.39,10.60
120,8,0.4917,1,Crouch,100.00,30.01,-900.00,42.15,0,0,0,62.39,12.47,10.55,10.76
120,8,0.5000,1,Crouch,100.00,30.85,-900.00,42.15,0,0,0,64.71,12.09,10.71,10.93
120,8,0.5083,2,Ground,117.07,31.82,-900.00,90.15,0,0,0,67.19,11.57,10.91,10.87
120,8,0.5167,2,Ground,134.13,32.94,-900.00,90.15,0,0,0,68.44,11.35,11.18,10.38
120,8,0.5250,2,Ground,151.20,34.20,-900.00,90.15,0,0,0,69.39,11.11,11.50,9.60
120,8,0.5333,2,Ground,168.27,35.60,-900.00,90.15,0,0,0,69.64,11.11,12.01,8.59
120,8,0.5417,2,Ground,185.33,37.15,-900.00,90.15,0,0,0,69.27,11.41,12.81,7.46
120,8,0.5500,2,Ground,202.40,38.83,-900.00,90.15,0,0,0,68.39,12.13,14.01,6.38
120,8,0.5583,2,Ground,219.47,40.66,-900.00,90.15,0,0,0,67.22,13.31,15.65,5.58
120,8,0.5667,2,Ground,236.53,42.63,-900.00,90.15,0,0,0,65.81,14.68,17.52,5.28
120,8,0.5750,2,Ground,253.60,44.75,-900.00,90.15,0,0,0,64.39,16.19,19.41,5.60
120,8,0.5833,2,Ground,270.67,47.00,-900.00,90.15,0,0,0,63.42,17.95,21.20,6.49
120,8,0.5917,2,Ground,287.73,49.40,-900.00,90.15,0,0,0,63.17,19.77,22.78,7.85
120,8,0.6000,2,Ground,304.80,51.94,-900.00,90.15,0,0,0,63.82,21.45,24.17,9.40
120,8,0.6083,2,Ground,321.87,54.62,-900.00,90.15,0,0,0,65.55,22.77,25.38,10.88
120,8,0.6167,2,Ground,338.93,57.45,-900.00,90.15,0,0,0,68.30,23.47,26.56,12.02
120,8,0.6250,2,Ground,356.00,60.41,-900.00,90.15,0,0,0,72.14,23.54,27.75,12.75
120,8,0.6333,2,Ground,373.07,63.52,-900.00,90.15,0,0,0,76.05,23.53,29.07,13.43
120,8,0.6417,2,Ground,390.13,66.77,-900.00,90.15,0,0,0,80.11,23.53,30.48,14.19
120,8,0.6500,2,Ground,407.20,70.17,-900.00,90.15,0,0,0,84.74,23.72,32.19,15.03
120,8,0.6583,2,Ground,424.27,73.70,-900.00,90.15,0,0,0,89.59,23.96,33.99,15.96
120,8,0.6667,2,Ground,441.33,77.38,-900.00,90.15,0,0,0,94.80,24.16,35.83,16.95
120,8,0.6750,2,Ground,450.00,81.13,-900.00,90.15,0,0,0,100.22,24.39,37.70,18.05
120,8,0.6833,2,Ground,450.00,84.88,-900.00,90.15,0,0,0,105.76,24.55,39.46,19.25
120,8,0.6917,2,Ground,450.00,88.63,-900.00,90.15,0,0,0,111.49,24.78,41.17,20.59
120,8,0.7000,2,Ground,450.00,92.38,-900.00,90.15,0,0,0,116.86,25.04,42.90,21.94
120,8,0.7083,2,Ground,450.00,96.13,-900.00,90.15,0,0,0,122.36,25.37,44.53,23.46
120,8,0.7167,2,Ground,450.00,99.88,-900.00,90.15,0,0,0,127.97,25.56,46.26,25.08
120,8,0.7250,2,Ground,450.00,103.63,-900.00,90.15,0,0,0,133.55,25.53,48.12,26.82
120,8,0.7333,2,Ground,450.00,107.38,-900.00,90.15,0,0,0,139.33,25.45,50.09,28.60
120,8,0.7417,2,Ground,450.00,111.13,-900.00,90.15,0,0,0,144.75,25.00,52.24,30.42
120,8,0.7500,2,Ground,450.00,114.88,-900.00,90.15,0,0,0,150.27,24.49,54.51,32.25
120,9,0.0000,0,Ground,0.00,0.00,-900.00,98.00,0,0,0,29.10,16.80,-36.71,17.28
120,9,0.0083,0,CrouchIn,0.00,0.00,-900.00,42.15,0,0,1,29.10,8.96,-36.71,9.43
120,9,0.0167,0,CrouchIn,0.00,0.00,-900.00,42.15,0,0,1,29.06,8.97,-36.71,9.43
120,9,0.0250,0,CrouchIn,0.00,0.00,-900.00,42.15,0,0,1,28.95,8.98,-36.72,9.43
120,9,0.0333,0,CrouchIn,0.00,0.00,-900.00,42.15,0,0,1,28.76,9.00,-36.73,9.43
120,9,0.0417,0,CrouchIn,0.00,0.00,-900.00,42.15,0,0,1,28.50,9.03,-36.76,9.43
120,9,0.0500,0,CrouchIn,0.00,0.00,-900.00,42.15,0,0,1,28.17,9.14,-36.79,9.45
120,9,0.0583,0,CrouchIn,0.00,0.00,-900.00,42.15,0,0,1,27.84,9.30,-36.83,9.47
120,9,0.0667,0,CrouchIn,0.00,0.00,-900.00,42.15,0,0,1,27.53,9.56,-36.85,9.52
120,9,0.0750,0,CrouchIn,0.00,0.00,-900.00,42.15,0,0,1,27.28,9.77,-36.87,9.56
120,9,0.0833,0,CrouchIn,0.00,0.00,-900.00,42.15,0,0,1,27.11,9.92,-36.87,9.60
120,9,0.0917,0,CrouchIn,0.00,0.00,-900.00,42.15,0,0,0,26.97,9.95,-36.89,9.61
120,9,0.1000,0,CrouchIn,0.00,0.00,-900.00,42.15,0,0,0,26.83,10.03,-36.90,9.63
120,9,0.1083,0,CrouchIn,0.00,0.00,-900.00,42.15,0,0,0,26.72,10.02,-36.94,9.64
120,9,0.1167,0,CrouchIn,0.00,0.00,-900.00,42.15,0,0,0,26.60,10.04,-36.95,9.66
120,9,0.1250,0,CrouchIn,0.00,0.00,-900.00,42.15,0,0,0,26.51,10.00,-36.79,9.70
120,9,0.1333,0,CrouchIn,0.00,0.00,-900.00,42.15,0,0,0,26.41,9.98,-36.60,9.78
120,9,0.1417,0,CrouchIn,0.00,0.00,-900.00,42.15,0,0,0,26.35,9.97,-36.48,9.80
120,9,0.1500,0,CrouchIn,0.00,0.00,-900.00,42.15,0,0,0,26.28,9.99,-36.33,9.86
120,9,0.1583,0,CrouchIn,0.00,0.00,-900.00,42.15,0,0,0,26.25,10.00,-36.11,9.95
120,9,0.1667,0,CrouchIn,0.00,0.00,-900.00,42.15,0,0,0,26.20,10.04,-35.86,10.09
120,9,0.1750,0,CrouchIn,0.00,0.00,-900.00,42.15,0,0,0,26.19,10.05,-35.60,10.22
120,9,0.1833,0,CrouchIn,0.00,0.00,-900.00,42.15,0,0,0,26.14,10.09,-35.31,10.38
120,9,0.1917,1,Crouch,0.00,0.00,-900.00,42.15,0,0,1,26.12,10.03,-34.82,10.49
120,9,0.2000,1,Crouch,0.00,0.00,-900.00,42.15,0,0,1,26.03,9.93,-33.99,10.60
120,9,0.2083,1,Crouch,0.00,0.00,-900.00,42.15,0,0,1,25.99,9.78,-32.92,10.71
120,9,0.2167,1,Crouch,0.00,0.00,-900.00,42.15,0,0,1,25.91,9.68,-31.72,10.91
120,9,0.2250,1,Crouch,0.00,0.00,-900.00,42.15,0,0,1,25.90,9.61,-30.49,11.16
120,9,0.2333,1,Crouch,0.00,0.00,-900.00,42.15,0,0,1,25.89,9.61,-29.31,11.52
120,9,0.2417,1,Crouch,0.00,0.00,-900.00,42.15,0,0,1,25.95,9.65,-28.26,11.94
120,9,0.2500,1,Crouch,0.00,0.00,-900.00,42.15,0,0,1,26.03,9.74,-27.36,12.41
120,9,0.2583,1,Crouch,17.07,0.14,-900.00,42.15,0,0,0,26.28,9.86,-26.46,12.88
120,9,0.2667,1,Crouch,34.13,0.43,-900.00,42.15,0,0,0,26.58,10.06,-25.52,13.27
120,9,0.2750,1,Crouch,51.20,0.85,-900.00,42.15,0,0,0,26.91,10.33,-24.49,13.50
120,9,0.2833,1,Crouch,68.27,1.42,-900.00,42.15,0,0,0,27.26,10.69,-23.34,13.54
120,9,0.2917,1,Crouch,85.33,2.13,-900.00,42.15,0,0,0,27.68,11.10,-22.03,13.37
120,9,0.3000,1,Crouch,100.00,2.97,-900.00,42.15,0,0,0,28.19,11.54,-20.58,13.01
120,9,0.3083,1,Crouch,100.00,3.80,-900.00,42.15,0,0,0,28.81,11.95,-19.17,12.56
120,9,0.3167,1,Crouch,100.00,4.63,-900.00,42.15,0,0,0,29.60,12.31,-17.77,12.13
120,9,0.3250,1,Crouch,100.00,5.47,-900.00,42.15,0,0,0,30.58,12.59,-16.42,11.76
120,9,0.3333,1,Crouch,100.00,6.30,-900.00,42.15,0,0,0,31.79,12.79,-15.14,11.47
120,9,0.3417,1,Crouch,100.00,7.13,-900.00,42.15,0,0,0,33.19,12.86,-13.96,11.27
120,9,0.3500,1,Crouch,100.00,7.97,-900.00,42.15,0,0,0,34.79,12.85,-12.89,11.14
120,9,0.3583,1,Crouch,100.00,8.80,-900.00,42.15,0,0,0,36.54,12.74,-11.94,11.07
120,9,0.3667,1,Crouch,100.00,9.63,-900.00,42.15,0,0,0,38.45,12.57,-11.11,11.06
120,9,0.3750,1,Crouch,100.00,10.47,-900.00,42.15,0,0,0,40.48,12.35,-10.38,11.09
120,9,0.3833,1,Crouch,100.00,11.30,-900.00,42.15,0,0,0,42.59,12.08,-9.74,11.14
120,9,0.3917,1,Crouch,100.00,12.13,-900.00,42.15,0,0,0,44.79,11.81,-9.19,11.22
120,9,0.4000,1,Crouch,100.00,12.97,-900.00,42.15,0,0,0,47.02,11.50,-8.71,11.32
120,10,0.0000,0,Ground,0.00,0.00,-900.00,98.00,0,0,0,29.09,16.84,-36.76,17.25
120,10,0.0083,0,Ground,0.00,0.00,-900.00,90.15,0,0,0,29.08,8.98,-36.76,9.40
120,10,0.0167,0,Ground,0.00,0.00,-900.00,90.15,0,0,0,29.08,8.98,-36.76,9.40
120,10,0.0250,0,Ground,0.00,0.00,-900.00,90.15,0,0,0,29.08,8.97,-36.76,9.40
120,10,0.0333,0,Ground,0.00,0.00,-900.00,90.15,0,0,0,29.08,8.97,-36.76,9.40
120,10,0.0417,0,Ground,0.00,0.00,-900.00,90.15,0,0,0,29.08,8.96,-36.75,9.40
120,10,0.0500,0,Ground,0.00,0.00,-900.00,90.15,0,0,0,29.07,8.96,-36.75,9.41
120,10,0.0583,0,Ground,0.00,0.00,-900.00,90.15,0,0,0,29.07,8.96,-36.75,9.41
120,10,0.0667,0,Ground,0.00,0.00,-900.00,90.15,0,0,0,29.07,8.95,-36.75,9.41
120,10,0.0750,0,Ground,0.00,0.00,-900.00,90.15,0,0,0,29.07,8.95,-36.75,9.41
120,10,0.0833,0,Ground,0.00,0.00,-900.00,90.15,0,0,0,29.06,8.95,-36.75,9.41
120,10,0.0917,0,Ground,0.00,0.00,-900.00,90.15,0,0,0,29.06,8.94,-36.75,9.41
120,10,0.1000,0,Ground,0.00,0.00,-900.00,90.15,0,0,0,29.06,8.94,-36.75,9.41
120,10,0.1083,0,Ground,0.00,0.00,-900.00,90.15,0,0,0,29.06,8.93,-36.75,9.41
120,10,0.1167,0,Ground,0.00,0.00,-900.00,90.15,0,0,0,29.06,8.93,-36.75,9.41
120,10,0.1250,0,Ground,0.00,0.00,-900.00,90.15,0,0,0,29.06,8.93,-36.75,9.41
120,10,0.1333,0,Ground,0.00,0.00,-900.00,90.15,0,0,0,29.06,8.93,-36.75,9.41
120,10,0.1417,0,Ground,0.00,0.00,-900.00,90.15,0,0,0,29.06,8.93,-36.74,9.42
120,10,0.1500,0,Ground,0.00,0.00,-900.00,90.15,0,0,0,29.06,8.93,-36.74,9.42
120,10,0.1583,0,Ground,0.00,0.00,-900.00,90.15,0,0,0,29.06,8.93,-36.74,9.42
120,10,0.1667,0,Ground,0.00,0.00,-900.00,90.15,0,0,0,29.06,8.93,-36.74,9.42
120,10,0.1750,0,Ground,0.00,0.00,-900.00,90.15,0,0,0,29.06,8.93,-36.74,9.42
120,10,0.1833,0,Ground,0.00,0.00,-900.00,90.15,0,0,0,29.06,8.93,-36.74,9.42
120,10,0.1917,0,Ground,0.00,0.00,-900.00,90.15,0,0,0,29.07,8.93,-36.74,9.42
120,10,0.2000,0,Ground,0.00,0.00,-900.00,90.15,0,0,0,29.07,8.93,-36.74,9.42
120,10,0.2083,0,Ground,0.00,0.00,-900.00,90.15,0,0,0,29.07,8.93,-36.74,9.42
120,10,0.2167,0,Ground,0.00,0.00,-900.00,90.15,0,0,0,29.07,8.93,-36.74,9.42
120,10,0.2250,0,Ground,0.00,0.00,-900.00,90.15,0,0,0,29.07,8.93,-36.74,9.43
120,10,0.2333,0,Ground,0.00,0.00,-900.00,90.15,0,0,0,29.08,8.93,-36.73,9.43
120,10,0.2417,0,Ground,0.00,0.00,-900.00,90.15,0,0,0,29.08,8.94,-36.73,9.43
120,10,0.2500,0,Ground,0.00,0.00,-900.00,90.15,0,0,0,29.08,8.94,-36.73,9.43
120,10,0.2583,0,Ground,0.00,0.00,-900.00,90.15,0,0,0,29.08,8.93,-36.73,9.43
120,10,0.2667,0,Ground,0.00,0.00,-900.00,90.15,0,0,0,29.08,8.93,-36.73,9.43
120,10,0.2750,0,Ground,0.00,0.00,-900.00,90.15,0,0,0,29.08,8.94,-36.73,9.43
120,10,0.2833,0,Ground,0.00,0.00,-900.00,90.15,0,0,0,29.08,8.94,-36.73,9.43
120,10,0.2917,0,Ground,0.00,0.00,-900.00,90.15,0,0,0,29.08,8.94,-36.73,9.43
120,10,0.3000,0,Ground,0.00,0.00,-900.00,90.15,0,0,0,29.08,8.94,-36.73,9.43
120,10,0.3083,0,Ground,0.00,0.00,-900.00,90.15,0,0,0,29.09,8.94,-36.72,9.43
120,10,0.3167,0,Ground,0.00,0.00,-900.00,90.15,0,0,0,29.09,8.94,-36.72,9.43
120,10,0.3250,0,Ground,0.00,0.00,-900.00,90.15,0,0,0,29.09,8.94,-36.72,9.43
120,10,0.3333,0,Ground,0.00,0.00,-900.00,90.15,0,0,0,29.09,8.94,-36.72,9.43
120,10,0.3417,0,Ground,0.00,0.00,-900.00,90.15,0,0,0,29.09,8.94,-36.72,9.43
120,10,0.3500,0,Ground,0.00,0.00,-900.00,90.15,0,0,0,29.09,8.95,-36.72,9.43
120,10,0.3583,0,Ground,0.00,0.00,-900.00,90.15,0,0,0,29.09,8.95,-36.72,9.43
120,10,0.3667,0,Ground,0.00,0.00,-900.00,90.15,0,0,0,29.09,8.95,-36.72,9.43
120,10,0.3750,0,Ground,0.00,0.00,-900.00,90.15,0,0,0,29.09,8.95,-36.72,9.43
120,10,0.3833,0,Ground,0.00,0.00,-900.00,90.15,0,0,0,29.10,8.95,-36.72,9.43
120,10,0.3917,0,Ground,0.00,0.00,-900.00,90.15,0,0,0,29.10,8.95,-36.72,9.43
120,10,0.4000,0,Ground,0.00,0.00,-900.00,90.15,0,0,0,29.10,8.95,-36.71,9.43
120,10,0.4083,0,Ground,0.00,0.00,-900.00,90.15,0,0,0,29.10,8.95,-36.71,9.43
120,10,0.4167,0,Ground,0.00,0.00,-900.00,90.15,0,0,0,29.10,8.95,-36.71,9.43
120,10,0.4250,0,Ground,0.00,0.00,-900.00,90.15,0,0,0,29.10,8.96,-36.71,9.44
120,10,0.4333,0,Ground,0.00,0.00,-900.00,90.15,0,0,0,29.10,8.96,-36.71,9.44
120,10,0.4417,0,Ground,0.00,0.00,-900.00,90.15,0,0,0,29.10,8.96,-36.71,9.44
120,10,0.4500,0,Ground,0.00,0.00,-900.00,90.15,0,0,0,29.11,8.96,-36.70,9.43
120,10,0.4583,0,Ground,0.00,0.00,-900.00,90.15,0,0,0,29.11,8.96,-36.70,9.43
120,10,0.4667,0,Ground,0.00,0.00,-900.00,90.15,0,0,0,29.11,8.96,-36.70,9.44
120,10,0.4750,0,Ground,0.00,0.00,-900.00,90.15,0,0,0,29.11,8.96,-36.70,9.44
120,10,0.4833,0,Ground,0.00,0.00,-900.00,90.15,0,0,0,29.11,8.96,-36.70,9.44
120,10,0.4917,0,Ground,0.00,0.00,-900.00,90.15,0,0,0,29.11,8.97,-36.70,9.44
120,10,0.5000,0,Ground,0.00,0.00,-900.00,90.15,0,0,0,29.11,8.97,-36.70,9.44
120,10,0.5083,0,Ground,0.00,0.00,-900.00,90.15,0,0,0,29.11,8.97,-36.70,9.44
120,10,0.5167,0,Ground,0.00,0.00,-900.00,90.15,0,0,0,29.11,8.97,-36.70,9.44
120,10,0.5250,0,Ground,0.00,0.00,-900.00,90.15,0,0,0,29.11,8.97,-36.69,9.44
120,10,0.5333,0,Ground,0.00,0.00,-900.00,90.15,0,0,0,29.12,8.97,-36.69,9.44
120,10,0.5417,0,Ground,0.00,0.00,-900.00,90.15,0,0,0,29.12,8.97,-36.69,9.44
120,10,0.5500,0,Ground,0.00,0.00,-900.00,90.15,0,0,0,29.12,8.98,-36.69,9.44
120,10,0.5583,0,Ground,0.00,0.00,-900.00,90.15,0,0,0,29.12,8.98,-36.69,9.44
120,10,0.5667,0,Ground,0.00,0.00,-900.00,90.15,0,0,0,29.12,8.98,-36.69,9.44
120,10,0.5750,0,Ground,0.00,0.00,-900.00,90.15,0,0,0,29.12,8.98,-36.69,9.44
120,10,0.5833,0,Ground,0.00,0.00,-900.00,90.15,0,0,0,29.12,8.98,-36.69,9.44
120,10,0.5917,0,Ground,0.00,0.00,-900.00,90.15,0,0,0,29.12,8.98,-36.68,9.44
120,10,0.6000,0,Ground,0.00,0.00,-900.00,90.15,0,0,0,29.12,8.98,-36.68,9.44
120,10,0.6083,0,Ground,0.00,0.00,-900.00,90.15,0,0,0,29.12,8.98,-36.68,9.43
120,10,0.6167,0,Ground,0.00,0.00,-900.00,90.15,0,0,0,29.12,8.98,-36.68,9.43
120,10,0.6250,0,Ground,0.00,0.00,-900.00,90.15,0,0,0,29.12,8.98,-36.68,9.43
120,10,0.6333,0,Ground,0.00,0.00,-900.00,90.15,0,0,0,29.12,8.98,-36.68,9.43
120,10,0.6417,0,Ground,0.00,0.00,-900.00,90.15,0,0,0,29.12,8.99,-36.68,9.43
120,10,0.6500,0,Ground,0.00,0.00,-900.00,90.15,0,0,0,29.13,8.99,-36.68,9.43
120,10,0.6583,0,Ground,0.00,0.00,-900.00,90.15,0,0,0,29.13,8.99,-36.67,9.43
120,10,0.6667,0,Ground,0.00,0.00,-900.00,90.15,0,0,0,29.13,8.99,-36.67,9.43
120,10,0.6750,0,Ground,0.00,0.00,-900.00,90.15,0,0,0,29.13,8.99,-36.67,9.43
120,10,0.6833,0,Ground,0.00,0.00,-900.00,90.15,0,0,0,29.13,8.99,-36.67,9.43
120,10,0.6917,0,Ground,0.00,0.00,-900.00,90.15,0,0,0,29.13,8.99,-36.67,9.43
120,10,0.7000,0,Ground,0.00,0.00,-900.00,90.15,0,0,0,29.13,8.99,-36.67,9.43
120,10,0.7083,0,Ground,0.00,0.00,-900.00,90.15,0,0,0,29.13,8.99,-36.67,9.43
120,10,0.7167,0,Ground,0.00,0.00,-900.00,90.15,0,0,0,29.13,9.00,-36.67,9.43
120,10,0.7250,0,Ground,0.00,0.00,-900.00,90.15,0,0,0,29.13,9.00,-36.66,9.43
120,10,0.7333,0,Ground,0.00,0.00,-900.00,90.15,0,0,0,29.13,9.00,-36.66,9.43
120,10,0.7417,0,Ground,0.00,0.00,-900.00,90.15,0,0,0,29.13,9.00,-36.66,9.43
120,10,0.7500,0,Ground,0.00,0.00,-900.00,90.15,0,0,0,29.13,9.00,-36.66,9.43
120,10,0.7583,0,Ground,0.00,0.00,-900.00,90.15,0,0,0,29.13,9.00,-36.66,9.43
120,10,0.7667,0,Ground,0.00,0.00,-900.00,90.15,0,0,0,29.13,9.00,-36.66,9.43
120,10,0.7750,0,Ground,0.00,0.00,-900.00,90.15,0,0,0,29.13,9.00,-36.66,9.43
120,10,0.7833,0,Ground,0.00,0.00,-900.00,90.15,0,0,0,29.13,9.00,-36.66,9.43
120,10,0.7917,0,Ground,0.00,0.00,-900.00,90.15,0,0,0,29.13,9.00,-36.66,9.43
120,10,0.8000,0,Ground,0.00,0.00,-900.00,90.15,0,0,0,29.13,9.01,-36.65,9.43
120,10,0.8083,0,Ground,0.00,0.00,-900.00,90.15,0,0,0,29.13,9.01,-36.65,9.43
120,10,0.8167,0,Ground,0.00,0.00,-900.00,90.15,0,0,0,29.13,9.00,-36.65,9.43
120,10,0.8250,0,Ground,0.00,0.00,-900.00,90.15,0,0,0,29.13,9.01,-36.65,9.43
120,10,0.8333,0,Ground,0.00,0.00,-900.00,90.15,0,0,0,29.13,9.01,-36.65,9.43
120,10,0.8417,0,Ground,0.00,0.00,-900.00,90.15,0,0,0,29.13,9.01,-36.65,9.42
120,10,0.8500,0,Ground,0.00,0.00,-900.00,90.15,0,0,0,29.13,9.01,-36.65,9.42
120,10,0.8583,0,Ground,0.00,0.00,-900.00,90.15,0,0,0,29.14,9.02,-36.65,9.43
120,10,0.8667,0,Ground,0.00,0.00,-900.00,90.15,0,0,0,29.14,9.02,-36.65,9.43
120,10,0.8750,0,Ground,0.00,0.00,-900.00,90.15,0,0,0,29.14,9.03,-36.64,9.43
120,10,0.8833,0,Ground,0.00,0.00,-900.00,90.15,0,0,0,29.15,9.03,-36.64,9.43
120,10,0.8917,0,Ground,0.00,0.00,-900.00,90.15,0,0,0,29.15,9.03,-36.64,9.43
120,10,0.9000,0,Ground,0.00,0.00,-900.00,90.15,0,0,0,29.15,9.04,-36.63,9.43
120,10,0.9083,0,Ground,0.00,0.00,-900.00,90.15,0,0,0,29.15,9.04,-36.63,9.44
120,10,0.9167,0,Ground,0.00,0.00,-900.00,90.15,0,0,0,29.15,9.04,-36.63,9.44
120,10,0.9250,0,Ground,0.00,0.00,-900.00,90.15,0,0,0,29.16,9.05,-36.62,9.44
120,10,0.9333,0,Ground,0.00,0.00,-900.00,90.15,0,0,0,29.16,9.05,-36.61,9.44
120,10,0.9417,0,Ground,0.00,0.00,-900.00,90.15,0,0,0,29.16,9.06,-36.61,9.44
120,10,0.9500,0,Ground,0.00,0.00,-900.00,90.15,0,0,0,29.17,9.06,-36.61,9.44
120,10,0.9583,0,Ground,0.00,0.00,-900.00,90.15,0,0,0,29.17,9.06,-36.60,9.45
120,10,0.9667,0,Ground,0.00,0.00,-900.00,90.15,0,0,0,29.17,9.07,-36.60,9.45
120,10,0.9750,0,Ground,0.00,0.00,-900.00,90.15,0,0,0,29.17,9.08,-36.60,9.45
120,10,0.9833,0,Ground,0.00,0.00,-900.00,90.15,0,0,0,29.18,9.08,-36.59,9.46
120,10,0.9917,0,Ground,0.00,0.00,-900.00,90.15,0,0,0,29.18,9.09,-36.59,9.46
120,10,1.0000,0,Ground,0.00,0.00,-900.00,90.15,0,0,0,29.18,9.09,-36.58,9.46
120,10,1.0083,0,Ground,0.00,0.00,-900.00,90.15,0,0,0,29.19,9.09,-36.58,9.46
120,10,1.0167,0,Ground,0.00,0.00,-900.00,90.15,0,0,0,29.19,9.10,-36.58,9.47
120,10,1.0250,0,Ground,0.00,0.00,-900.00,90.15,0,0,0,29.19,9.10,-36.57,9.47
120,10,1.0333,0,Ground,0.00,0.00,-900.00,90.15,0,0,0,29.20,9.11,-36.57,9.47
120,10,1.0417,0,Ground,0.00,0.00,-900.00,90.15,0,0,0,29.20,9.11,-36.56,9.47
120,10,1.0500,0,Ground,0.00,0.00,-900.00,90.15,0,0,0,29.20,9.12,-36.56,9.47
120,10,1.0583,0,Ground,0.00,0.00,-900.00,90.15,0,0,0,29.20,9.12,-36.56,9.48
120,10,1.0667,0,Ground,0.00,0.00,-900.00,90.15,0,0,0,29.20,9.13,-36.55,9.48
120,10,1.0750,0,Ground,0.00,0.00,-900.00,90.15,0,0,0,29.21,9.13,-36.55,9.48
120,10,1.0833,0,Ground,0.00,0.00,-900.00,90.15,0,0,0,29.21,9.14,-36.55,9.49
120,10,1.0917,0,Ground,0.00,0.00,-900.00,90.15,0,0,0,29.21,9.14,-36.55,9.49
120,10,1.1000,0,Ground,0.00,0.00,-900.00,90.15,0,0,0,29.21,9.14,-36.54,9.49
120,10,1.1083,1,Ground,0.00,0.00,-900.00,90.15,0,0,0,29.21,9.15,-36.54,9.49
120,10,1.1167,1,Ground,0.00,0.00,-900.00,90.15,0,0,0,29.21,9.15,-36.54,9.49
120,10,1.1250,1,Ground,0.00,0.00,-900.00,90.15,0,0,0,29.22,9.15,-36.54,9.50
120,10,1.1333,1,Ground,0.00,0.00,-900.00,90.15,0,0,0,29.22,9.16,-36.53,9.50
120,10,1.1417,1,Ground,0.00,0.00,-900.00,90.15,0,0,0,29.22,9.16,-36.53,9.50
120,10,1.1500,1,Ground,0.00,0.00,-900.00,90.15,0,0,0,29.22,9.17,-36.53,9.50
120,10,1.1583,1,Ground,0.00,0.00,-900.00,90.15,0,0,0,29.22,9.17,-36.53,9.50
120,10,1.1667,1,Ground,0.00,0.00,-900.00,90.15,0,0,0,29.23,9.17,-36.53,9.50
120,10,1.1750,1,Ground,0.00,0.00,-900.00,90.15,0,0,0,29.23,9.17,-36.53,9.50
120,10,1.1833,1,Ground,0.00,0.00,-900.00,90.15,0,0,0,29.23,9.17,-36.53,9.50
120,10,1.1917,1,Ground,0.00,0.00,-900.00,90.15,0,0,0,29.23,9.17,-36.53,9.50
120,10,1.2000,1,Ground,0.00,0.00,-900.00,90.15,0,0,0,29.23,9.18,-36.53,9.50
120,10,1.2083,1,Ground,0.00,0.00,-900.00,90.15,0,0,0,29.23,9.18,-36.53,9.50
120,10,1.2167,1,Ground,0.00,0.00,-900.00,90.15,0,0,0,29.23,9.18,-36.53,9.51
120,10,1.2250,1,Ground,0.00,0.00,-900.00,90.15,0,0,0,29.23,9.18,-36.53,9.51
120,10,1.2333,1,Ground,0.00,0.00,-900.00,90.15,0,0,0,29.23,9.18,-36.53,9.51
120,10,1.2417,1,Ground,0.00,0.00,-900.00,90.15,0,0,0,29.23,9.19,-36.53,9.51
120,10,1.2500,1,Ground,0.00,0.00,-900.00,90.15,0,0,0,29.23,9.19,-36.53,9.51
120,10,1.2583,1,Ground,0.00,0.00,-900.00,90.15,0,0,0,29.23,9.19,-36.53,9.51
120,10,1.2667,1,Ground,0.00,0.00,-900.00,90.15,0,0,0,29.23,9.19,-36.53,9.51
120,10,1.2750,1,Ground,0.00,0.00,-900.00,90.15,0,0,0,29.23,9.19,-36.53,9.51
120,10,1.2833,1,Ground,0.00,0.00,-900.00,90.15,0,0,0,29.22,9.19,-36.53,9.51
120,10,1.2917,1,Ground,0.00,0.00,-900.00,90.15,0,0,0,29.22,9.19,-36.53,9.51
120,10,1.3000,1,Ground,0.00,0.00,-900.00,90.15,0,0,0,29.22,9.19,-36.53,9.51
120,10,1.3083,1,Ground,0.00,0.00,-900.00,90.15,0,0,0,29.23,9.19,-36.53,9.51
120,10,1.3167,1,Ground,0.00,0.00,-900.00,90.15,0,0,0,29.23,9.20,-36.53,9.51
120,10,1.3250,1,Ground,0.00,0.00,-900.00,90.15,0,0,0,29.23,9.19,-36.54,9.51
120,10,1.3333,1,Ground,0.00,0.00,-900.00,90.15,0,0,0,29.23,9.19,-36.54,9.50
120,10,1.3417,1,Ground,0.00,0.00,-900.00,90.15,0,0,0,29.23,9.20,-36.54,9.50
120,10,1.3500,1,Ground,0.00,0.00,-900.00,90.15,0,0,0,29.23,9.20,-36.54,9.50
120,10,1.3583,1,Ground,0.00,0.00,-900.00,90.15,0,0,0,29.22,9.20,-36.55,9.50
120,10,1.3667,1,Ground,0.00,0.00,-900.00,90.15,0,0,0,29.22,9.20,-36.55,9.50
120,10,1.3750,1,Ground,0.00,0.00,-900.00,90.15,0,0,0,29.22,9.20,-36.55,9.50
120,10,1.3833,1,Ground,0.00,0.00,-900.00,90.15,0,0,0,29.22,9.20,-36.55,9.50
120,10,1.3917,1,Ground,0.00,0.00,-900.00,90.15,0,0,0,29.22,9.20,-36.56,9.50
120,10,1.4000,1,Ground,0.00,0.00,-900.00,90.15,0,0,0,29.22,9.20,-36.56,9.50
120,10,1.4083,1,Ground,0.00,0.00,-900.00,90.15,0,0,0,29.22,9.20,-36.56,9.50
120,10,1.4167,1,Ground,0.00,0.00,-900.00,90.15,0,0,0,29.22,9.20,-36.56,9.50
120,10,1.4250,1,Ground,0.00,0.00,-900.00,90.15,0,0,0,29.22,9.20,-36.57,9.50
120,10,1.4333,1,Ground,0.00,0.00,-900.00,90.15,0,0,0,29.22,9.20,-36.57,9.50
120,10,1.4417,1,Ground,0.00,0.00,-900.00,90.15,0,0,0,29.22,9.20,-36.57,9.50
120,10,1.4500,1,Ground,0.00,0.00,-900.00,90.15,0,0,0,29.22,9.20,-36.57,9.49
120,10,1.4583,1,Ground,0.00,0.00,-900.00,90.15,0,0,0,29.22,9.20,-36.57,9.49
120,10,1.4667,1,Ground,0.00,0.00,-900.00,90.15,0,0,0,29.22,9.20,-36.57,9.49
120,10,1.4750,1,Ground,0.00,0.00,-900.00,90.15,0,0,0,29.22,9.20,-36.58,9.49
120,10,1.4833,1,Ground,0.00,0.00,-900.00,90.15,0,0,0,29.22,9.20,-36.58,9.49
120,10,1.4917,1,Ground,0.00,0.00,-900.00,90.15,0,0,0,29.22,9.20,-36.58,9.49
120,10,1.5000,1,Ground,0.00,0.00,-900.00,90.15,0,0,0,29.22,9.20,-36.58,9.49
120,11,0.0000,0,Ground,0.00,0.00,-900.00,98.00,0,0,0,29.16,16.99,-36.69,17.30
120,11,0.0083,0,Ground,0.00,0.00,-900.00,90.15,0,0,0,29.15,9.14,-36.70,9.45
120,11,0.0167,0,Ground,0.00,0.00,-900.00,90.15,0,0,0,29.15,9.14,-36.70,9.44
120,11,0.0250,0,Ground,0.00,0.00,-900.00,90.15,0,0,0,29.15,9.14,-36.70,9.44
120,11,0.0333,0,Ground,0.00,0.00,-900.00,90.15,0,0,0,29.15,9.13,-36.71,9.44
120,11,0.0417,0,Ground,0.00,0.00,-900.00,90.15,0,0,0,29.15,9.13,-36.71,9.44
120,11,0.0500,0,Ground,0.00,0.00,-900.00,90.15,0,0,0,29.14,9.12,-36.71,9.43
120,11,0.0583,0,Ground,0.00,0.00,-900.00,90.15,0,0,0,29.15,9.12,-36.71,9.43
120,11,0.0667,0,Ground,0.00,0.00,-900.00,90.15,0,0,0,29.15,9.12,-36.71,9.43
120,11,0.0750,0,Ground,0.00,0.00,-900.00,90.15,0,0,0,29.14,9.12,-36.71,9.43
120,11,0.0833,0,Ground,0.00,0.00,-900.00,90.15,0,0,0,29.14,9.11,-36.71,9.43
120,11,0.0917,0,Ground,0.00,0.00,-900.00,90.15,0,0,0,29.14,9.11,-36.72,9.43
120,11,0.1000,0,Ground,0.00,0.00,-900.00,90.15,0,0,0,29.14,9.11,-36.72,9.43
120,11,0.1083,0,Ground,0.00,0.00,-900.00,90.15,0,0,0,29.14,9.10,-36.72,9.43
120,11,0.1167,0,Ground,0.00,0.00,-900.00,90.15,0,0,0,29.14,9.10,-36.72,9.42
120,11,0.1250,0,Ground,0.00,0.00,-900.00,90.15,0,0,0,29.14,9.10,-36.72,9.42
120,11,0.1333,0,Ground,0.00,0.00,-900.00,90.15,0,0,0,29.13,9.09,-36.72,9.42
120,11,0.1417,0,Ground,0.00,0.00,-900.00,90.15,0,0,0,29.13,9.09,-36.72,9.42
120,11,0.1500,0,Ground,0.00,0.00,-900.00,90.15,0,0,0,29.13,9.09,-36.73,9.42
120,11,0.1583,0,Ground,0.00,0.00,-900.00,90.15,0,0,0,29.13,9.08,-36.73,9.42
120,11,0.1667,0,Ground,0.00,0.00,-900.00,90.15,0,0,0,29.13,9.08,-36.73,9.42
120,11,0.1750,0,Ground,0.00,0.00,-900.00,90.15,0,0,0,29.13,9.08,-36.73,9.41
120,11,0.1833,0,Ground,0.00,0.00,-900.00,90.15,0,0,0,29.13,9.07,-36.74,9.41
120,11,0.1917,0,Ground,0.00,0.00,-900.00,90.15,0,0,0,29.13,9.07,-36.74,9.41
120,11,0.2000,0,Ground,0.00,0.00,-900.00,90.15,0,0,0,29.12,9.07,-36.74,9.41
120,11,0.2083,0,Ground,0.00,0.00,-900.00,90.15,0,0,0,29.12,9.06,-36.74,9.41
120,11,0.2167,0,Ground,0.00,0.00,-900.00,90.15,0,0,0,29.12,9.05,-36.74,9.40
120,11,0.2250,0,Ground,0.00,0.00,-900.00,90.15,0,0,0,29.12,9.05,-36.75,9.40
120,11,0.2333,0,Ground,0.00,0.00,-900.00,90.15,0,0,0,29.12,9.05,-36.75,9.40
120,11,0.2417,0,Ground,0.00,0.00,-900.00,90.15,0,0,0,29.11,9.04,-36.75,9.40
120,11,0.2500,0,Ground,0.00,0.00,-900.00,90.15,0,0,0,29.11,9.04,-36.75,9.39
120,11,0.2583,0,Ground,0.00,0.00,-900.00,90.15,0,0,0,29.11,9.03,-36.76,9.39
120,11,0.2667,0,Ground,0.00,0.00,-900.00,90.15,0,0,0,29.11,9.03,-36.76,9.39
120,11,0.2750,0,Ground,0.00,0.00,-900.00,90.15,0,0,0,29.11,9.02,-36.76,9.39
120,11,0.2833,0,Ground,0.00,0.00,-900.00,90.15,0,0,0,29.10,9.02,-36.76,9.38
120,11,0.2917,0,Ground,0.00,0.00,-900.00,90.15,0,0,0,29.10,9.02,-36.76,9.38
120,11,0.3000,0,Ground,0.00,0.00,-900.00,90.15,0,0,0,29.10,9.01,-36.76,9.38
120,11,0.3083,0,Ground,0.00,0.00,-900.00,90.15,0,0,0,29.10,9.01,-36.76,9.39
120,11,0.3167,0,Ground,0.00,0.00,-900.00,90.15,0,0,0,29.10,9.01,-36.76,9.39
120,11,0.3250,0,Ground,0.00,0.00,-900.00,90.15,0,0,0,29.09,9.01,-36.76,9.40
120,11,0.3333,0,Ground,0.00,0.00,-900.00,90.15,0,0,0,29.09,9.00,-36.76,9.40
120,11,0.3417,0,Ground,0.00,0.00,-900.00,90.15,0,0,0,29.09,9.00,-36.76,9.40
120,11,0.3500,0,Ground,0.00,0.00,-900.00,90.15,0,0,0,29.09,8.99,-36.76,9.40
120,11,0.3583,0,Ground,0.00,0.00,-900.00,90.15,0,0,0,29.09,8.99,-36.76,9.40
120,11,0.3667,0,Ground,0.00,0.00,-900.00,90.15,0,0,0,29.09,8.99,-36.76,9.40
120,11,0.3750,0,Ground,0.00,0.00,-900.00,90.15,0,0,0,29.08,8.98,-36.76,9.40
120,11,0.3833,0,Ground,0.00,0.00,-900.00,90.15,0,0,0,29.08,8.98,-36.76,9.40
120,11,0.3917,0,Ground,0.00,0.00,-900.00,90.15,0,0,0,29.08,8.97,-36.76,9.40
120,11,0.4000,0,Ground,0.00,0.00,-900.00,90.15,0,0,0,29.08,8.97,-36.76,9.40
120,11,0.4083,0,Ground,0.00,0.00,-900.00,90.15,0,0,0,29.08,8.96,-36.75,9.40
120,11,0.4167,0,Ground,0.00,0.00,-900.00,90.15,0,0,0,29.07,8.96,-36.75,9.41
120,11,0.4250,0,Ground,0.00,0.00,-900.00,90.15,0,0,0,29.07,8.96,-36.75,9.41
120,11,0.4333,0,Ground,0.00,0.00,-900.00,90.15,0,0,0,29.07,8.95,-36.75,9.41
120,11,0.4417,0,Ground,0.00,0.00,-900.00,90.15,0,0,0,29.07,8.95,-36.75,9.41
120,11,0.4500,0,Ground,0.00,0.00,-900.00,90.15,0,0,0,29.06,8.95,-36.75,9.41
120,11,0.4583,0,Ground,0.00,0.00,-900.00,90.15,0,0,0,29.06,8.94,-36.75,9.41
120,11,0.4667,0,Ground,0.00,0.00,-900.00,90.15,0,0,0,29.06,8.94,-36.75,9.41
120,11,0.4750,0,Ground,0.00,0.00,-900.00,90.15,0,0,0,29.06,8.93,-36.75,9.41
120,11,0.4833,0,Ground,0.00,0.00,-900.00,90.15,0,0,0,29.06,8.93,-36.75,9.41
120,11,0.4917,0,Ground,0.00,0.00,-900.00,90.15,0,0,0,29.06,8.93,-36.75,9.41
120,11,0.5000,0,Ground,0.00,0.00,-900.00,90.15,0,0,0,29.06,8.93,-36.75,9.41
120,11,0.5083,0,Ground,0.00,0.00,-900.00,90.15,0,0,0,29.06,8.93,-36.74,9.42
120,11,0.5167,0,Ground,0.00,0.00,-900.00,90.15,0,0,0,29.06,8.93,-36.74,9.42
120,11,0.5250,0,Ground,0.00,0.00,-900.00,90.15,0,0,0,29.06,8.93,-36.74,9.42
120,11,0.5333,0,Ground,0.00,0.00,-900.00,90.15,0,0,0,29.06,8.93,-36.74,9.42
120,11,0.5417,0,Ground,0.00,0.00,-900.00,90.15,0,0,0,29.06,8.93,-36.74,9.42
120,11,0.5500,0,Ground,0.00,0.00,-900.00,90.15,0,0,0,29.06,8.93,-36.74,9.42
120,11,0.5583,0,Ground,0.00,0.00,-900.00,90.15,0,0,0,29.07,8.93,-36.74,9.42
120,11,0.5667,0,Ground,0.00,0.00,-900.00,90.15,0,0,0,29.07,8.93,-36.74,9.42
120,11,0.5750,0,Ground,0.00,0.00,-900.00,90.15,0,0,0,29.07,8.93,-36.74,9.42
120,11,0.5833,0,Ground,0.00,0.00,-900.00,90.15,0,0,0,29.07,8.93,-36.74,9.42
120,11,0.5917,0,Ground,0.00,0.00,-900.00,90.15,0,0,0,29.07,8.93,-36.74,9.43
120,11,0.6000,0,Ground,0.00,0.00,-900.00,90.15,0,0,0,29.08,8.93,-36.73,9.43
120,11,0.6083,0,Ground,0.00,0.00,-900.00,90.15,0,0,0,29.08,8.94,-36.73,9.43
120,11,0.6167,0,Ground,0.00,0.00,-900.00,90.15,0,0,0,29.08,8.94,-36.73,9.43
120,11,0.6250,0,Ground,0.00,0.00,-900.00,90.15,0,0,0,29.08,8.93,-36.73,9.43
120,11,0.6333,0,Ground,0.00,0.00,-900.00,90.15,0,0,0,29.08,8.93,-36.73,9.43
120,11,0.6417,0,Ground,0.00,0.00,-900.00,90.15,0,0,0,29.08,8.94,-36.73,9.43
120,11,0.6500,0,Ground,0.00,0.00,-900.00,90.15,0,0,0,29.08,8.94,-36.73,9.43
120,11,0.6583,0,Ground,0.00,0.00,-900.00,90.15,0,0,0,29.08,8.94,-36.73,9.43
120,11,0.6667,0,Ground,0.00,0.00,-900.00,90.15,0,0,0,29.08,8.94,-36.73,9.43
120,11,0.6750,0,Ground,0.00,0.00,-900.00,90.15,0,0,0,29.09,8.94,-36.72,9.43
120,11,0.6833,0,Ground,0.00,0.00,-900.00,90.15,0,0,0,29.09,8.94,-36.72,9.43
120,11,0.6917,0,Ground,0.00,0.00,-900.00,90.15,0,0,0,29.09,8.94,-36.72,9.43
120,11,0.7000,0,Ground,0.00,0.00,-900.00,90.15,0,0,0,29.09,8.94,-36.72,9.43
120,11,0.7083,0,Ground,0.00,0.00,-900.00,90.15,0,0,0,29.09,8.94,-36.72,9.43
120,11,0.7167,0,Ground,0.00,0.00,-900.00,90.15,0,0,0,29.09,8.95,-36.72,9.43
120,11,0.7250,0,Ground,0.00,0.00,-900.00,90.15,0,0,0,29.09,8.95,-36.72,9.43
120,11,0.7333,0,Ground,0.00,0.00,-900.00,90.15,0,0,0,29.09,8.95,-36.72,9.43
120,11,0.7417,0,Ground,0.00,0.00,-900.00,90.15,0,0,0,29.09,8.95,-36.72,9.43
120,11,0.7500,0,Ground,0.00,0.00,-900.00,90.15,0,0,0,29.10,8.95,-36.72,9.43
120,11,0.7583,0,Ground,0.00,0.00,-900.00,90.15,0,0,0,29.10,8.95,-36.72,9.43
120,11,0.7667,0,Ground,0.00,0.00,-900.00,90.15,0,0,0,29.10,8.95,-36.71,9.43
120,11,0.7750,0,Ground,0.00,0.00,-900.00,90.15,0,0,0,29.10,8.95,-36.71,9.43
120,11,0.7833,0,Ground,0.00,0.00,-900.00,90.15,0,0,0,29.10,8.95,-36.71,9.43
120,11,0.7917,0,Ground,0.00,0.00,-900.00,90.15,0,0,0,29.10,8.96,-36.71,9.44
120,11,0.8000,0,Ground,0.00,0.00,-900.00,90.15,0,0,0,29.10,8.96,-36.71,9.44
120,11,0.8083,0,Ground,0.00,0.00,-900.00,90.15,0,0,0,29.10,8.96,-36.71,9.44
120,11,0.8167,0,Ground,0.00,0.00,-900.00,90.15,0,0,0,29.11,8.96,-36.70,9.43
120,11,0.8250,0,Ground,0.00,0.00,-900.00,90.15,0,0,0,29.11,8.96,-36.70,9.43
120,11,0.8333,0,Ground,0.00,0.00,-900.00,90.15,0,0,0,29.11,8.96,-36.70,9.44
120,11,0.8417,0,Ground,0.00,0.00,-900.00,90.15,0,0,0,29.11,8.96,-36.70,9.44
120,11,0.8500,0,Ground,0.00,0.00,-900.00,90.15,0,0,0,29.11,8.96,-36.70,9.44
120,11,0.8583,0,Ground,0.00,0.00,-900.00,90.15,0,0,0,29.11,8.97,-36.70,9.44
120,11,0.8667,0,Ground,0.00,0.00,-900.00,90.15,0,0,0,29.11,8.97,-36.70,9.44
120,11,0.8750,0,Ground,0.00,0.00,-900.00,90.15,0,0,0,29.11,8.97,-36.70,9.44
120,11,0.8833,0,Ground,0.00,0.00,-900.00,90.15,0,0,0,29.11,8.97,-36.70,9.44
120,11,0.8917,0,Ground,0.00,0.00,-900.00,90.15,0,0,0,29.11,8.97,-36.69,9.44
120,11,0.9000,0,Ground,0.00,0.00,-900.00,90.15,0,0,0,29.12,8.97,-36.69,9.44
120,11,0.9083,0,Ground,0.00,0.00,-900.00,90.15,0,0,0,29.12,8.97,-36.69,9.44
120,11,0.9167,0,Ground,0.00,0.00,-900.00,90.15,0,0,0,29.12,8.98,-36.69,9.44
120,11,0.9250,0,Ground,0.00,0.00,-900.00,90.15,0,0,0,29.12,8.98,-36.69,9.44
120,11,0.9333,0,Ground,0.00,0.00,-900.00,90.15,0,0,0,29.12,8.98,-36.69,9.44
120,11,0.9417,0,Ground,0.00,0.00,-900.00,90.15,0,0,0,29.12,8.98,-36.69,9.44
120,11,0.9500,0,Ground,0.00,0.00,-900.00,90.15,0,0,0,29.12,8.98,-36.69,9.44
120,11,0.9583,0,Ground,0.00,0.00,-900.00,90.15,0,0,0,29.12,8.98,-36.68,9.44
120,11,0.9667,0,Ground,0.00,0.00,-900.00,90.15,0,0,0,29.12,8.98,-36.68,9.44
120,11,0.9750,0,Ground,0.00,0.00,-900.00,90.15,0,0,0,29.12,8.98,-36.68,9.43
120,11,0.9833,0,Ground,0.00,0.00,-900.00,90.15,0,0,0,29.12,8.98,-36.68,9.43
120,11,0.9917,0,Ground,0.00,0.00,-900.00,90.15,0,0,0,29.12,8.98,-36.68,9.43
120,11,1.0000,0,Ground,0.00,0.00,-900.00,90.15,0,0,0,29.12,8.98,-36.68,9.43
120,11,1.0083,0,Ground,0.00,0.00,-900.00,90.15,0,0,0,29.12,8.99,-36.68,9.43
120,11,1.0167,0,Ground,0.00,0.00,-900.00,90.15,0,0,0,29.13,8.99,-36.68,9.43
120,11,1.0250,0,Ground,0.00,0.00,-900.00,90.15,0,0,0,29.13,8.99,-36.67,9.43
120,11,1.0333,0,Ground,0.00,0.00,-900.00,90.15,0,0,0,29.13,8.99,-36.67,9.44
120,11,1.0417,0,Ground,0.00,0.00,-900.00,90.15,0,0,0,29.13,8.99,-36.67,9.43
120,11,1.0500,0,Ground,0.00,0.00,-900.00,90.15,0,0,0,29.13,8.99,-36.67,9.43
120,11,1.0583,0,Ground,0.00,0.00,-900.00,90.15,0,0,0,29.13,8.99,-36.67,9.43
120,11,1.0667,0,Ground,0.00,0.00,-900.00,90.15,0,0,0,29.13,8.99,-36.67,9.43
120,11,1.0750,0,Ground,0.00,0.00,-900.00,90.15,0,0,0,29.13,8.99,-36.67,9.43
120,11,1.0833,0,Ground,0.00,0.00,-900.00,90.15,0,0,0,29.13,9.00,-36.67,9.43
120,11,1.0917,0,Ground,0.00,0.00,-900.00,90.15,0,0,0,29.13,9.00,-36.66,9.43
120,11,1.1000,0,Ground,0.00,0.00,-900.00,90.15,0,0,0,29.13,9.00,-36.66,9.43
120,11,1.1083,0,Ground,0.00,0.00,-900.00,90.15,0,0,0,29.13,9.00,-36.66,9.43
120,11,1.1167,0,Ground,0.00,0.00,-900.00,90.15,0,0,0,29.13,9.00,-36.66,9.43
120,11,1.1250,0,Ground,0.00,0.00,-900.00,90.15,0,0,0,29.13,9.00,-36.66,9.43
120,11,1.1333,0,Ground,0.00,0.00,-900.00,90.15,0,0,0,29.13,9.00,-36.66,9.43
120,11,1.1417,0,Ground,0.00,0.00,-900.00,90.15,0,0,0,29.13,9.00,-36.66,9.43
120,11,1.1500,0,Ground,0.00,0.00,-900.00,90.15,0,0,0,29.13,9.00,-36.66,9.43
120,11,1.1583,0,Ground,0.00,0.00,-900.00,90.15,0,0,0,29.13,9.00,-36.66,9.43
120,11,1.1667,0,Ground,0.00,0.00,-900.00,90.15,0,0,0,29.13,9.01,-36.65,9.43
120,11,1.1750,0,Ground,0.00,0.00,-900.00,90.15,0,0,0,29.13,9.01,-36.65,9.43
120,11,1.1833,0,Ground,0.00,0.00,-900.00,90.15,0,0,0,29.13,9.00,-36.65,9.43
120,11,1.1917,0,Ground,0.00,0.00,-900.00,90.15,0,0,0,29.13,9.01,-36.65,9.43
120,11,1.2000,0,Ground,0.00,0.00,-900.00,90.15,0,0,0,29.13,9.01,-36.65,9.43
120,11,1.2083,0,Ground,0.00,0.00,-900.00,90.15,0,0,0,29.13,9.01,-36.65,9.42
120,11,1.2167,0,Ground,0.00,0.00,-900.00,90.15,0,0,0,29.13,9.01,-36.65,9.42
120,11,1.2250,0,Ground,0.00,0.00,-900.00,90.15,0,0,0,29.14,9.02,-36.65,9.43
120,11,1.2333,0,Ground,0.00,0.00,-900.00,90.15,0,0,0,29.14,9.02,-36.65,9.43
120,11,1.2417,0,Ground,0.00,0.00,-900.00,90.15,0,0,0,29.14,9.03,-36.64,9.43
120,11,1.2500,0,Ground,0.00,0.00,-900.00,90.15,0,0,0,29.15,9.03,-36.64,9.43
120,11,1.2583,0,Ground,0.00,0.00,-900.00,90.15,0,0,0,29.15,9.03,-36.64,9.43
120,11,1.2667,0,Ground,0.00,0.00,-900.00,90.15,0,0,0,29.15,9.04,-36.63,9.43
120,11,1.2750,0,Ground,0.00,0.00,-900.00,90.15,0,0,0,29.15,9.04,-36.63,9.44
120,11,1.2833,0,Ground,0.00,0.00,-900.00,90.15,0,0,0,29.15,9.04,-36.63,9.44
120,11,1.2917,0,Ground,0.00,0.00,-900.00,90.15,0,0,0,29.16,9.05,-36.62,9.44
120,11,1.3000,0,Ground,0.00,0.00,-900.00,90.15,0,0,0,29.16,9.05,-36.61,9.44
120,11,1.3083,0,Ground,0.00,0.00,-900.00,90.15,0,0,0,29.16,9.06,-36.61,9.44
120,11,1.3167,0,Ground,0.00,0.00,-900.00,90.15,0,0,0,29.17,9.06,-36.61,9.44
120,11,1.3250,0,Ground,0.00,0.00,-900.00,90.15,0,0,0,29.17,9.06,-36.60,9.45
120,11,1.3333,0,Ground,0.00,0.00,-900.00,90.15,0,0,0,29.17,9.07,-36.60,9.45
120,11,1.3417,0,Ground,0.00,0.00,-900.00,90.15,0,0,0,29.17,9.08,-36.60,9.45
120,11,1.3500,0,Ground,0.00,0.00,-900.00,90.15,0,0,0,29.18,9.08,-36.59,9.46
120,11,1.3583,0,Ground,0.00,0.00,-900.00,90.15,0,0,0,29.18,9.09,-36.59,9.46
120,11,1.3667,0,Ground,0.00,0.00,-900.00,90.15,0,0,0,29.18,9.09,-36.58,9.46
120,11,1.3750,0,Ground,0.00,0.00,-900.00,90.15,0,0,0,29.19,9.09,-36.58,9.46
120,11,1.3833,0,Ground,0.00,0.00,-900.00,90.15,0,0,0,29.19,9.10,-36.58,9.47
120,11,1.3917,0,Ground,0.00,0.00,-900.00,90.15,0,0,0,29.19,9.10,-36.57,9.47
120,11,1.4000,0,Ground,0.00,0.00,-900.00,90.15,0,0,0,29.20,9.11,-36.57,9.47
120,11,1.4083,0,Ground,0.00,0.00,-900.00,90.15,0,0,0,29.20,9.11,-36.56,9.47
120,11,1.4167,0,Ground,0.00,0.00,-900.00,90.15,0,0,0,29.20,9.12,-36.56,9.47
120,11,1.4250,0,Ground,0.00,0.00,-900.00,90.15,0,0,0,29.20,9.12,-36.56,9.48
120,11,1.4333,0,Ground,0.00,0.00,-900.00,90.15,0,0,0,29.20,9.13,-36.55,9.48
120,11,1.4417,0,Ground,0.00,0.00,-900.00,90.15,0,0,0,29.21,9.13,-36.55,9.48
120,11,1.4500,0,Ground,0.00,0.00,-900.00,90.15,0,0,0,29.21,9.14,-36.55,9.49
120,11,1.4583,0,Ground,0.00,0.00,-900.00,90.15,0,0,0,29.21,9.14,-36.55,9.49
120,11,1.4667,0,Ground,0.00,0.00,-900.00,90.15,0,0,0,29.21,9.14,-36.54,9.49
120,11,1.4750,0,Ground,0.00,0.00,-900.00,90.15,0,0,0,29.21,9.15,-36.54,9.49
120,11,1.4833,0,Ground,0.00,0.00,-900.00,90.15,0,0,0,29.21,9.15,-36.54,9.49
120,11,1.4917,0,Ground,0.00,0.00,-900.00,90.15,0,0,0,29.22,9.15,-36.54,9.50
120,11,1.5000,0,Ground,0.00,0.00,-900.00,90.15,0,0,0,29.22,9.16,-36.53,9.50
120,11,1.5083,0,Ground,0.00,0.00,-900.00,90.15,0,0,0,29.22,9.16,-36.53,9.50
120,11,1.5167,0,Ground,0.00,0.00,-900.00,90.15,0,0,0,29.22,9.17,-36.53,9.50
120,11,1.5250,0,Ground,0.00,0.00,-900.00,90.15,0,0,0,29.22,9.17,-36.53,9.50
120,11,1.5333,0,Ground,0.00,0.00,-900.00,90.15,0,0,0,29.23,9.17,-36.53,9.50
120,11,1.5417,0,Ground,0.00,0.00,-900.00,90.15,0,0,0,29.23,9.17,-36.53,9.50
120,11,1.5500,0,Ground,0.00,0.00,-900.00,90.15,0,0,0,29.23,9.17,-36.53,9.50
120,11,1.5583,0,Ground,0.00,0.00,-900.00,90.15,0,0,0,29.23,9.17,-36.53,9.50
120,11,1.5667,0,Ground,0.00,0.00,-900.00,90.15,0,0,0,29.23,9.18,-36.53,9.50
120,11,1.5750,0,Ground,0.00,0.00,-900.00,90.15,0,0,0,29.23,9.18,-36.53,9.50
120,11,1.5833,0,Ground,0.00,0.00,-900.00,90.15,0,0,0,29.23,9.18,-36.53,9.51
120,11,1.5917,0,Ground,0.00,0.00,-900.00,90.15,0,0,0,29.23,9.18,-36.53,9.51
120,11,1.6000,0,Ground,0.00,0.00,-900.00,90.15,0,0,0,29.23,9.18,-36.53,9.51
120,11,1.6083,0,Ground,0.00,0.00,-900.00,90.15,0,0,0,29.23,9.19,-36.53,9.51
120,11,1.6167,0,Ground,0.00,0.00,-900.00,90.15,0,0,0,29.23,9.19,-36.53,9.51
120,11,1.6250,0,Ground,0.00,0.00,-900.00,90.15,0,0,0,29.23,9.19,-36.53,9.51
120,11,1.6333,0,Ground,0.00,0.00,-900.00,90.15,0,0,0,29.23,9.19,-36.53,9.51
120,11,1.6417,0,Ground,0.00,0.00,-900.00,90.15,0,0,0,29.23,9.19,-36.53,9.51
120,11,1.6500,0,Ground,0.00,0.00,-900.00,90.15,0,0,0,29.22,9.19,-36.53,9.51
120,11,1.6583,0,Ground,0.00,0.00,-900.00,90.15,0,0,0,29.22,9.19,-36.53,9.51
120,11,1.6667,0,Ground,0.00,0.00,-900.00,90.15,0,0,0,29.22,9.19,-36.53,9.51
120,11,1.6750,0,Ground,0.00,0.00,-900.00,90.15,0,0,0,29.23,9.19,-36.53,9.51
120,11,1.6833,0,Ground,0.00,0.00,-900.00,90.15,0,0,0,29.23,9.20,-36.53,9.51
120,11,1.6917,0,Ground,0.00,0.00,-900.00,90.15,0,0,0,29.23,9.19,-36.54,9.51
120,11,1.7000,0,Ground,0.00,0.00,-900.00,90.15,0,0,0,29.23,9.19,-36.54,9.50
120,11,1.7083,0,Ground,0.00,0.00,-900.00,90.15,0,0,0,29.23,9.20,-36.54,9.50
120,11,1.7167,0,Ground,0.00,0.00,-900.00,90.15,0,0,0,29.23,9.20,-36.54,9.50
120,11,1.7250,0,Ground,0.00,0.00,-900.00,90.15,0,0,0,29.22,9.20,-36.55,9.50
120,11,1.7333,0,Ground,0.00,0.00,-900.00,90.15,0,0,0,29.22,9.20,-36.55,9.50
120,11,1.7417,0,Ground,0.00,0.00,-900.00,90.15,0,0,0,29.22,9.20,-36.55,9.50
120,11,1.7500,0,Ground,0.00,0.00,-900.00,90.15,0,0,0,29.22,9.20,-36.55,9.50
120,11,1.7583,0,Ground,0.00,0.00,-900.00,90.15,0,0,0,29.22,9.20,-36.56,9.50
120,11,1.7667,0,Ground,0.00,0.00,-900.00,90.15,0,0,0,29.22,9.20,-36.56,9.50
120,11,1.7750,0,Ground,0.00,0.00,-900.00,90.15,0,0,0,29.22,9.20,-36.56,9.50
120,11,1.7833,0,Ground,0.00,0.00,-900.00,90.15,0,0,0,29.22,9.20,-36.56,9.50
120,11,1.7917,0,Ground,0.00,0.00,-900.00,90.15,0,0,0,29.22,9.20,-36.57,9.50
120,11,1.8000,0,Ground,0.00,0.00,-900.00,90.15,0,0,0,29.22,9.20,-36.57,9.50
120,11,1.8083,0,Ground,0.00,0.00,-900.00,90.15,0,0,0,29.22,9.20,-36.57,9.50
120,11,1.8167,0,Ground,0.00,0.00,-900.00,90.15,0,0,0,29.22,9.20,-36.57,9.49
120,11,1.8250,0,Ground,0.00,0.00,-900.00,90.15,0,0,0,29.22,9.20,-36.57,9.49
120,11,1.8333,0,Ground,0.00,0.00,-900.00,90.15,0,0,0,29.22,9.20,-36.57,9.49
120,11,1.8417,0,Ground,0.00,0.00,-900.00,90.15,0,0,0,29.22,9.20,-36.58,9.49
120,11,1.8500,0,Ground,0.00,0.00,-900.00,90.15,0,0,0,29.22,9.20,-36.58,9.49
120,11,1.8583,0,Ground,0.00,0.00,-900.00,90.15,0,0,0,29.22,9.20,-36.58,9.49
120,11,1.8667,0,Ground,0.00,0.00,-900.00,90.15,0,0,0,29.22,9.20,-36.58,9.49
120,11,1.8750,0,Ground,0.00,0.00,-900.00,90.15,0,0,0,29.21,9.20,-36.58,9.49
120,11,1.8833,0,Ground,0.00,0.00,-900.00,90.15,0,0,0,29.21,9.20,-36.59,9.49
120,11,1.8917,0,Ground,0.00,0.00,-900.00,90.15,0,0,0,29.21,9.20,-36.59,9.49
120,11,1.9000,0,Ground,0.00,0.00,-900.00,90.15,0,0,0,29.21,9.20,-36.59,9.49
120,11,1.9083,0,Ground,0.00,0.00,-900.00,90.15,0,0,0,29.21,9.20,-36.59,9.49
120,11,1.9167,0,Ground,0.00,0.00,-900.00,90.15,0,0,0,29.21,9.20,-36.60,9.49
120,11,1.9250,0,Ground,0.00,0.00,-900.00,90.15,0,0,0,29.20,9.20,-36.60,9.49
120,11,1.9333,0,Ground,0.00,0.00,-900.00,90.15,0,0,0,29.20,9.20,-36.61,9.49
120,11,1.9417,0,Ground,0.00,0.00,-900.00,90.15,0,0,0,29.20,9.20,-36.61,9.49
120,11,1.9500,0,Ground,0.00,0.00,-900.00,90.15,0,0,0,29.20,9.20,-36.61,9.49
120,11,1.9583,0,Ground,0.00,0.00,-900.00,90.15,0,0,0,29.20,9.20,-36.61,9.49
120,11,1.9667,0,Ground,0.00,0.00,-900.00,90.15,0,0,0,29.20,9.20,-36.62,9.49
120,11,1.9750,0,Ground,0.00,0.00,-900.00,90.15,0,0,0,29.20,9.20,-36.62,9.49
120,11,1.9833,0,Ground,0.00,0.00,-900.00,90.15,0,0,0,29.21,9.20,-36.62,9.48
120,11,1.9917,0,Ground,0.00,0.00,-900.00,90.15,0,0,0,29.20,9.20,-36.62,9.48
120,11,2.0000,0,Ground,0.00,0.00,-900.00,90.15,0,0,0,29.20,9.20,-36.63,9.48
120,11,2.0083,0,Ground,0.00,0.00,-900.00,90.15,0,0,0,29.20,9.20,-36.63,9.48
120,11,2.0167,0,Ground,0.00,0.00,-900.00,90.15,0,0,0,29.20,9.20,-36.63,9.48
120,11,2.0250,0,Ground,0.00,0.00,-900.00,90.15,0,0,0,29.20,9.20,-36.63,9.48
120,11,2.0333,0,Ground,0.00,0.00,-900.00,90.15,0,0,0,29.20,9.20,-36.64,9.48
120,11,2.0417,0,Ground,0.00,0.00,-900.00,90.15,0,0,0,29.20,9.19,-36.64,9.48
120,11,2.0500,0,Ground,0.00,0.00,-900.00,90.15,0,0,0,29.19,9.19,-36.64,9.47
120,11,2.0583,0,Ground,0.00,0.00,-900.00,90.15,0,0,0,29.19,9.19,-36.65,9.47
120,11,2.0667,0,Ground,0.00,0.00,-900.00,90.15,0,0,0,29.18,9.19,-36.65,9.47
120,11,2.0750,0,Ground,0.00,0.00,-900.00,90.15,0,0,0,29.19,9.19,-36.66,9.47
120,11,2.0833,0,Ground,0.00,0.00,-900.00,90.15,0,0,0,29.19,9.18,-36.66,9.47
120,11,2.0917,0,Ground,0.00,0.00,-900.00,90.15,0,0,0,29.18,9.18,-36.66,9.47
120,11,2.1000,0,Ground,0.00,0.00,-900.00,90.15,0,0,0,29.18,9.18,-36.67,9.46
120,11,2.1083,0,Ground,0.00,0.00,-900.00,90.15,0,0,0,29.17,9.17,-36.67,9.46
120,11,2.1167,0,Ground,0.00,0.00,-900.00,90.15,0,0,0,29.17,9.17,-36.68,9.46
120,11,2.1250,0,Ground,0.00,0.00,-900.00,90.15,0,0,0,29.17,9.16,-36.68,9.46
120,11,2.1333,0,Ground,0.00,0.00,-900.00,90.15,0,0,0,29.17,9.16,-36.68,9.45
120,11,2.1417,0,Ground,0.00,0.00,-900.00,90.15,0,0,0,29.16,9.16,-36.68,9.45
120,11,2.1500,0,Ground,0.00,0.00,-900.00,90.15,0,0,0,29.16,9.15,-36.69,9.45
120,11,2.1583,0,Ground,0.00,0.00,-900.00,90.15,0,0,0,29.16,9.15,-36.69,9.45
120,11,2.1667,0,Ground,0.00,0.00,-900.00,90.15,0,0,0,29.16,9.14,-36.69,9.45
120,11,2.1750,0,Ground,0.00,0.00,-900.00,90.15,0,0,0,29.15,9.14,-36.70,9.45
120,11,2.1833,0,Ground,0.00,0.00,-900.00,90.15,0,0,0,29.15,9.14,-36.70,9.44
120,11,2.1917,0,Ground,0.00,0.00,-900.00,90.15,0,0,0,29.15,9.14,-36.70,9.44
120,11,2.2000,0,Ground,0.00,0.00,-900.00,90.15,0,0,0,29.15,9.13,-36.71,9.44
120,11,2.2083,0,Ground,0.00,0.00,-900.00,90.15,0,0,0,29.15,9.13,-36.71,9.44
120,11,2.2167,0,Ground,0.00,0.00,-900.00,90.15,0,0,0,29.14,9.12,-36.71,9.43
120,11,2.2250,0,Ground,0.00,0.00,-900.00,90.15,0,0,0,29.15,9.12,-36.71,9.43
120,11,2.2333,0,Ground,0.00,0.00,-900.00,90.15,0,0,0,29.15,9.12,-36.71,9.43
120,11,2.2417,0,Ground,0.00,0.00,-900.00,90.15,0,0,0,29.14,9.12,-36.71,9.43
120,11,2.2500,0,Ground,0.00,0.00,-900.00,90.15,0,0,0,29.14,9.11,-36.71,9.43
120,11,2.2583,0,Ground,0.00,0.00,-900.00,90.15,0,0,0,29.14,9.11,-36.72,9.43
120,11,2.2667,0,Ground,0.00,0.00,-900.00,90.15,0,0,0,29.14,9.11,-36.72,9.43
120,11,2.2750,0,Ground,0.00,0.00,-900.00,90.15,0,0,0,29.14,9.10,-36.72,9.43
120,11,2.2833,0,Ground,0.00,0.00,-900.00,90.15,0,0,0,29.14,9.10,-36.72,9.42
120,11,2.2917,0,Ground,0.00,0.00,-900.00,90.15,0,0,0,29.14,9.10,-36.72,9.42
120,11,2.3000,0,Ground,0.00,0.00,-900.00,90.15,0,0,0,29.13,9.09,-36.72,9.42
120,11,2.3083,0,Ground,0.00,0.00,-900.00,90.15,0,0,0,29.13,9.09,-36.72,9.42
120,11,2.3167,0,Ground,0.00,0.00,-900.00,90.15,0,0,0,29.13,9.09,-36.73,9.42
120,11,2.3250,0,Ground,0.00,0.00,-900.00,90.15,0,0,0,29.13,9.08,-36.73,9.42
120,11,2.3333,0,Ground,0.00,0.00,-900.00,90.15,0,0,0,29.13,9.08,-36.73,9.42
120,11,2.3417,0,Ground,0.00,0.00,-900.00,90.15,0,0,0,29.13,9.08,-36.73,9.41
120,11,2.3500,0,Ground,0.00,0.00,-900.00,90.15,0,0,0,29.13,9.07,-36.74,9.41
120,11,2.3583,0,Ground,0.00,0.00,-900.00,90.15,0,0,0,29.13,9.07,-36.74,9.41
120,11,2.3667,0,Ground,0.00,0.00,-900.00,90.15,0,0,0,29.12,9.07,-36.74,9.41
120,11,2.3750,0,Ground,0.00,0.00,-900.00,90.15,0,0,0,29.12,9.06,-36.74,9.41
120,11,2.3833,0,Ground,0.00,0.00,-900.00,90.15,0,0,0,29.12,9.05,-36.74,9.40
120,11,2.3917,0,Ground,0.00,0.00,-900.00,90.15,0,0,0,29.12,9.05,-36.75,9.40
120,11,2.4000,0,Ground,0.00,0.00,-900.00,90.15,0,0,0,29.12,9.05,-36.75,9.40
120,11,2.4083,0,Ground,0.00,0.00,-900.00,90.15,0,0,0,29.11,9.04,-36.75,9.40
120,11,2.4167,0,Ground,0.00,0.00,-900.00,90.15,0,0,0,29.11,9.04,-36.75,9.39
120,11,2.4250,0,Ground,0.00,0.00,-900.00,90.15,0,0,0,29.11,9.03,-36.76,9.39
120,11,2.4333,0,Ground,0.00,0.00,-900.00,90.15,0,0,0,29.11,9.03,-36.76,9.39
120,11,2.4417,0,Ground,0.00,0.00,-900.00,90.15,0,0,0,29.11,9.02,-36.76,9.39
120,11,2.4500,0,Ground,0.00,0.00,-900.00,90.15,0,0,0,29.10,9.02,-36.76,9.38
120,11,2.4583,0,Ground,0.00,0.00,-900.00,90.15,0,0,0,29.10,9.02,-36.76,9.38
120,11,2.4667,0,Ground,0.00,0.00,-900.00,90.15,0,0,0,29.10,9.01,-36.76,9.38
120,11,2.4750,0,Ground,0.00,0.00,-900.00,90.15,0,0,0,29.10,9.01,-36.76,9.39
120,11,2.4833,0,Ground,0.00,0.00,-900.00,90.15,0,0,0,29.10,9.01,-36.76,9.39
120,11,2.4917,0,Ground,0.00,0.00,-900.00,90.15,0,0,0,29.09,9.01,-36.76,9.40
120,11,2.5000,0,Ground,0.00,0.00,-900.00,90.15,0,0,0,29.09,9.00,-36.76,9.40
120,11,2.5083,0,Ground,0.00,0.00,-900.00,90.15,0,0,0,29.09,9.00,-36.76,9.40
120,11,2.5167,0,Ground,0.00,0.00,-900.00,90.15,0,0,0,29.09,8.99,-36.76,9.40
120,11,2.5250,0,Ground,0.00,0.00,-900.00,90.15,0,0,0,29.09,8.99,-36.76,9.40
120,11,2.5333,0,Ground,0.00,0.00,-900.00,90.15,0,0,0,29.09,8.99,-36.76,9.40
120,11,2.5417,0,Ground,0.00,0.00,-900.00,90.15,0,0,0,29.08,8.98,-36.76,9.40
120,11,2.5500,0,Ground,0.00,0.00,-900.00,90.15,0,0,0,29.08,8.98,-36.76,9.40
120,11,2.5583,0,Ground,0.00,0.00,-900.00,90.15,0,0,0,29.08,8.97,-36.76,9.40
120,11,2.5667,0,Ground,0.00,0.00,-900.00,90.15,0,0,0,29.08,8.97,-36.76,9.40
120,11,2.5750,0,Ground,0.00,0.00,-900.00,90.15,0,0,0,29.08,8.96,-36.75,9.40
120,11,2.5833,0,Ground,0.00,0.00,-900.00,90.15,0,0,0,29.07,8.96,-36.75,9.41
120,11,2.5917,0,Ground,0.00,0.00,-900.00,90.15,0,0,0,29.07,8.96,-36.75,9.41
120,11,2.6000,0,Ground,0.00,0.00,-900.00,90.15,0,0,0,29.07,8.95,-36.75,9.41
120,11,2.6083,0,Ground,0.00,0.00,-900.00,90.15,0,0,0,29.07,8.95,-36.75,9.41
120,11,2.6167,0,Ground,0.00,0.00,-900.00,90.15,0,0,0,29.06,8.95,-36.75,9.41
120,11,2.6250,0,Ground,0.00,0.00,-900.00,90.15,0,0,0,29.06,8.94,-36.75,9.41
120,11,2.6333,0,Ground,0.00,0.00,-900.00,90.15,0,0,0,29.06,8.94,-36.75,9.41
120,11,2.6417,0,Ground,0.00,0.00,-900.00,90.15,0,0,0,29.06,8.93,-36.75,9.41
120,11,2.6500,0,Ground,0.00,0.00,-900.00,90.15,0,0,0,29.06,8.93,-36.75,9.41
120,11,2.6583,0,Ground,0.00,0.00,-900.00,90.15,0,0,0,29.06,8.93,-36.75,9.41
120,11,2.6667,0,Ground,0.00,0.00,-900.00,90.15,0,0,0,29.06,8.93,-36.75,9.41
120,11,2.6750,0,Ground,0.00,0.00,-900.00,90.15,0,0,0,29.06,8.93,-36.74,9.42
120,11,2.6833,0,Ground,0.00,0.00,-900.00,90.15,0,0,0,29.06,8.93,-36.74,9.42
120,11,2.6917,0,Ground,0.00,0.00,-900.00,90.15,0,0,0,29.06,8.93,-36.74,9.42
120,11,2.7000,0,Ground,0.00,0.00,-900.00,90.15,0,0,0,29.06,8.93,-36.74,9.42
120,11,2.7083,0,Ground,0.00,0.00,-900.00,90.15,0,0,0,29.06,8.93,-36.74,9.42
120,11,2.7167,0,Ground,0.00,0.00,-900.00,90.15,0,0,0,29.06,8.93,-36.74,9.42
120,11,2.7250,0,Ground,0.00,0.00,-900.00,90.15,0,0,0,29.07,8.93,-36.74,9.42
120,11,2.7333,0,Ground,0.00,0.00,-900.00,90.15,0,0,0,29.07,8.93,-36.74,9.42
120,11,2.7417,0,Ground,0.00,0.00,-900.00,90.15,0,0,0,29.07,8.93,-36.74,9.42
120,11,2.7500,0,Ground,0.00,0.00,-900.00,90.15,0,0,0,29.07,8.93,-36.74,9.42
120,11,2.7583,0,Ground,0.00,0.00,-900.00,90.15,0,0,0,29.07,8.93,-36.74,9.43
120,11,2.7667,0,Ground,0.00,0.00,-900.00,90.15,0,0,0,29.08,8.93,-36.73,9.43
120,11,2.7750,0,Ground,0.00,0.00,-900.00,90.15,0,0,0,29.08,8.94,-36.73,9.43
120,11,2.7833,0,Ground,0.00,0.00,-900.00,90.15,0,0,0,29.08,8.94,-36.73,9.43
120,11,2.7917,0,Ground,0.00,0.00,-900.00,90.15,0,0,0,29.08,8.93,-36.73,9.43
120,11,2.8000,0,Ground,0.00,0.00,-900.00,90.15,0,0,0,29.08,8.93,-36.73,9.43
120,11,2.8083,0,Ground,0.00,0.00,-900.00,90.15,0,0,0,29.08,8.94,-36.73,9.43
120,11,2.8167,0,Ground,0.00,0.00,-900.00,90.15,0,0,0,29.08,8.94,-36.73,9.43
120,11,2.8250,0,Ground,0.00,0.00,-900.00,90.15,0,0,0,29.08,8.94,-36.73,9.43
120,11,2.8333,0,Ground,0.00,0.00,-900.00,90.15,0,0,0,29.08,8.94,-36.73,9.43
120,11,2.8417,0,Ground,0.00,0.00,-900.00,90.15,0,0,0,29.09,8.94,-36.72,9.43
120,11,2.8500,0,Ground,0.00,0.00,-900.00,90.15,0,0,0,29.09,8.94,-36.72,9.43
120,11,2.8583,0,Ground,0.00,0.00,-900.00,90.15,0,0,0,29.09,8.94,-36.72,9.43
120,11,2.8667,0,Ground,0.00,0.00,-900.00,90.15,0,0,0,29.09,8.94,-36.72,9.43
120,11,2.8750,0,Ground,0.00,0.00,-900.00,90.15,0,0,0,29.09,8.94,-36.72,9.43
120,11,2.8833,0,Ground,0.00,0.00,-900.00,90.15,0,0,0,29.09,8.95,-36.72,9.43
120,11,2.8917,0,Ground,0.00,0.00,-900.00,90.15,0,0,0,29.09,8.95,-36.72,9.43
120,11,2.9000,0,Ground,0.00,0.00,-900.00,90.15,0,0,0,29.09,8.95,-36.72,9.43
120,11,2.9083,0,Ground,0.00,0.00,-900.00,90.15,0,0,0,29.09,8.95,-36.72,9.43
120,11,2.9167,0,Ground,0.00,0.00,-900.00,90.15,0,0,0,29.10,8.95,-36.72,9.43
120,11,2.9250,0,Ground,0.00,0.00,-900.00,90.15,0,0,0,29.10,8.95,-36.72,9.43
120,11,2.9333,0,Ground,0.00,0.00,-900.00,90.15,0,0,0,29.10,8.95,-36.71,9.43
120,11,2.9417,0,Ground,0.00,0.00,-900.00,90.15,0,0,0,29.10,8.95,-36.71,9.43
120,11,2.9500,0,Ground,0.00,0.00,-900.00,90.15,0,0,0,29.10,8.95,-36.71,9.43
120,11,2.9583,0,Ground,0.00,0.00,-900.00,90.15,0,0,0,29.10,8.96,-36.71,9.44
120,11,2.9667,0,Ground,0.00,0.00,-900.00,90.15,0,0,0,29.10,8.96,-36.71,9.44
120,11,2.9750,0,Ground,0.00,0.00,-900.00,90.15,0,0,0,29.10,8.96,-36.71,9.44
120,11,2.9833,0,Ground,0.00,0.00,-900.00,90.15,0,0,0,29.11,8.96,-36.70,9.43
120,11,2.9917,0,Ground,0.00,0.00,-900.00,90.15,0,0,0,29.11,8.96,-36.70,9.43
120,11,3.0000,0,Ground,0.00,0.00,-900.00,90.15,0,0,0,29.11,8.96,-36.70,9.44
120,11,3.0083,0,Ground,0.00,0.00,-900.00,90.15,0,0,0,29.11,8.96,-36.70,9.44
120,11,3.0167,0,Ground,0.00,0.00,-900.00,90.15,0,0,0,29.11,8.96,-36.70,9.44
120,11,3.0250,0,Ground,0.00,0.00,-900.00,90.15,0,0,0,29.11,8.97,-36.70,9.44
120,11,3.0333,0,Ground,0.00,0.00,-900.00,90.15,0,0,0,29.11,8.97,-36.70,9.44
120,11,3.0417,0,Ground,0.00,0.00,-900.00,90.15,0,0,0,29.11,8.97,-36.70,9.44
120,11,3.0500,0,Ground,0.00,0.00,-900.00,90.15,0,0,0,29.11,8.97,-36.70,9.44
120,11,3.0583,0,Ground,0.00,0.00,-900.00,90.15,0,0,0,29.11,8.97,-36.69,9.44
120,11,3.0667,0,Ground,0.00,0.00,-900.00,90.15,0,0,0,29.12,8.97,-36.69,9.44
120,11,3.0750,0,Ground,0.00,0.00,-900.00,90.15,0,0,0,29.12,8.97,-36.69,9.44
120,11,3.0833,0,Ground,0.00,0.00,-900.00,90.15,0,0,0,29.12,8.98,-36.69,9.44
120,11,3.0917,0,Ground,0.00,0.00,-900.00,90.15,0,0,0,29.12,8.98,-36.69,9.44
120,11,3.1000,0,Ground,0.00,0.00,-900.00,90.15,0,0,0,29.12,8.98,-36.69,9.44
120,11,3.1083,0,Ground,0.00,0.00,-900.00,90.15,0,0,0,29.12,8.98,-36.69,9.44
120,11,3.1167,0,Ground,0.00,0.00,-900.00,90.15,0,0,0,29.12,8.98,-36.69,9.44
120,11,3.1250,0,Ground,0.00,0.00,-900.00,90.15,0,0,0,29.12,8.98,-36.68,9.44
120,11,3.1333,0,Ground,0.00,0.00,-900.00,90.15,0,0,0,29.12,8.98,-36.68,9.44
120,11,3.1417,0,Ground,0.00,0.00,-900.00,90.15,0,0,0,29.12,8.98,-36.68,9.43
120,11,3.1500,0,Ground,0.00,0.00,-900.00,90.15,0,0,0,29.12,8.98,-36.68,9.43
120,11,3.1583,0,Ground,0.00,0.00,-900.00,90.15,0,0,0,29.12,8.98,-36.68,9.43
120,11,3.1667,0,Ground,0.00,0.00,-900.00,90.15,0,0,0,29.12,8.98,-36.68,9.43
120,11,3.1750,0,Ground,0.00,0.00,-900.00,90.15,0,0,0,29.12,8.99,-36.68,9.43
120,11,3.1833,0,Ground,0.00,0.00,-900.00,90.15,0,0,0,29.13,8.99,-36.68,9.43
120,11,3.1917,0,Ground,0.00,0.00,-900.00,90.15,0,0,0,29.13,8.99,-36.67,9.43
120,11,3.2000,0,Ground,0.00,0.00,-900.00,90.15,0,0,0,29.13,8.99,-36.67,9.43
120,11,3.2083,0,Ground,0.00,0.00,-900.00,90.15,0,0,0,29.13,8.99,-36.67,9.43
120,11,3.2167,0,Ground,0.00,0.00,-900.00,90.15,0,0,0,29.13,8.99,-36.67,9.43
120,11,3.2250,0,Ground,0.00,0.00,-900.00,90.15,0,0,0,29.13,8.99,-36.67,9.43
120,11,3.2333,0,Ground,0.00,0.00,-900.00,90.15,0,0,0,29.13,8.99,-36.67,9.43
120,11,3.2417,0,Ground,0.00,0.00,-900.00,90.15,0,0,0,29.13,8.99,-36.67,9.43
120,11,3.2500,0,Ground,0.00,0.00,-900.00,90.15,0,0,0,29.13,9.00,-36.67,9.43
120,11,3.2583,0,Ground,0.00,0.00,-900.00,90.15,0,0,0,29.13,9.00,-36.66,9.43
120,11,3.2667,0,Ground,0.00,0.00,-900.00,90.15,0,0,0,29.13,9.00,-36.66,9.43
120,11,3.2750,0,Ground,0.00,0.00,-900.00,90.15,0,0,0,29.13,9.00,-36.66,9.43
120,11,3.2833,0,Ground,0.00,0.00,-900.00,90.15,0,0,0,29.13,9.00,-36.66,9.43
120,11,3.2917,0,Ground,0.00,0.00,-900.00,90.15,0,0,0,29.13,9.00,-36.66,9.43
120,11,3.3000,0,Ground,0.00,0.00,-900.00,90.15,0,0,0,29.13,9.00,-36.66,9.43
120,11,3.3083,0,Ground,0.00,0.00,-900.00,90.15,0,0,0,29.13,9.00,-36.66,9.43
120,11,3.3167,0,Ground,0.00,0.00,-900.00,90.15,0,0,0,29.13,9.00,-36.66,9.43
120,11,3.3250,0,Ground,0.00,0.00,-900.00,90.15,0,0,0,29.13,9.00,-36.66,9.43
120,11,3.3333,0,Ground,0.00,0.00,-900.00,90.15,0,0,0,29.13,9.01,-36.65,9.43
120,11,3.3417,0,Ground,0.00,0.00,-900.00,90.15,0,0,0,29.13,9.01,-36.65,9.43
120,11,3.3500,0,Ground,0.00,0.00,-900.00,90.15,0,0,0,29.13,9.00,-36.65,9.43
120,11,3.3583,0,Ground,0.00,0.00,-900.00,90.15,0,0,0,29.13,9.01,-36.65,9.43
120,11,3.3667,0,Ground,0.00,0.00,-900.00,90.15,0,0,0,29.13,9.01,-36.65,9.43
120,11,3.3750,0,Ground,0.00,0.00,-900.00,90.15,0,0,0,29.13,9.01,-36.65,9.42
120,11,3.3833,0,Ground,0.00,0.00,-900.00,90.15,0,0,0,29.13,9.01,-36.65,9.42
120,11,3.3917,0,Ground,0.00,0.00,-900.00,90.15,0,0,0,29.14,9.02,-36.65,9.43
120,11,3.4000,0,Ground,0.00,0.00,-900.00,90.15,0,0,0,29.14,9.02,-36.65,9.43
120,11,3.4083,0,Ground,0.00,0.00,-900.00,90.15,0,0,0,29.14,9.03,-36.64,9.43
120,11,3.4167,0,Ground,0.00,0.00,-900.00,90.15,0,0,0,29.15,9.03,-36.64,9.43
120,11,3.4250,0,Ground,0.00,0.00,-900.00,90.15,0,0,0,29.15,9.03,-36.64,9.43
120,11,3.4333,0,Ground,0.00,0.00,-900.00,90.15,0,0,0,29.15,9.04,-36.63,9.43
120,11,3.4417,0,Ground,0.00,0.00,-900.00,90.15,0,0,0,29.15,9.04,-36.63,9.44
120,11,3.4500,0,Ground,0.00,0.00,-900.00,90.15,0,0,0,29.15,9.04,-36.63,9.44
120,11,3.4583,0,Ground,0.00,0.00,-900.00,90.15,0,0,0,29.16,9.05,-36.62,9.44
120,11,3.4667,0,Ground,0.00,0.00,-900.00,90.15,0,0,0,29.16,9.05,-36.61,9.44
120,11,3.4750,0,Ground,0.00,0.00,-900.00,90.15,0,0,0,29.16,9.06,-36.61,9.44
120,11,3.4833,0,Ground,0.00,0.00,-900.00,90.15,0,0,0,29.17,9.06,-36.61,9.44
120,11,3.4917,0,Ground,0.00,0.00,-900.00,90.15,0,0,0,29.17,9.06,-36.60,9.45
120,11,3.5000,0,Ground,0.00,0.00,-900.00,90.15,0,0,0,29.17,9.07,-36.60,9.45
120,11,3.5083,0,Ground,0.00,0.00,-900.00,90.15,0,0,0,29.17,9.08,-36.60,9.45
120,11,3.5167,0,Ground,0.00,0.00,-900.00,90.15,0,0,0,29.18,9.08,-36.59,9.46
120,11,3.5250,0,Ground,0.00,0.00,-900.00,90.15,0,0,0,29.18,9.09,-36.59,9.46
120,11,3.5333,0,Ground,0.00,0.00,-900.00,90.15,0,0,0,29.18,9.09,-36.58,9.46
120,11,3.5417,0,Ground,0.00,0.00,-900.00,90.15,0,0,0,29.19,9.09,-36.58,9.46
120,11,3.5500,0,Ground,0.00,0.00,-900.00,90.15,0,0,0,29.19,9.10,-36.58,9.47
120,11,3.5583,0,Ground,0.00,0.00,-900.00,90.15,0,0,0,29.19,9.10,-36.57,9.47
120,11,3.5667,0,Ground,0.00,0.00,-900.00,90.15,0,0,0,29.20,9.11,-36.57,9.47
120,11,3.5750,0,Ground,0.00,0.00,-900.00,90.15,0,0,0,29.20,9.11,-36.56,9.47
120,11,3.5833,0,Ground,0.00,0.00,-900.00,90.15,0,0,0,29.20,9.12,-36.56,9.47
120,11,3.5917,0,Ground,0.00,0.00,-900.00,90.15,0,0,0,29.20,9.12,-36.56,9.48
120,11,3.6000,0,Ground,0.00,0.00,-900.00,90.15,0,0,0,29.20,9.13,-36.55,9.48
120,11,3.6083,0,Ground,0.00,0.00,-900.00,90.15,0,0,0,29.21,9.13,-36.55,9.48
120,11,3.6167,0,Ground,0.00,0.00,-900.00,90.15,0,0,0,29.21,9.14,-36.55,9.49
120,11,3.6250,0,Ground,0.00,0.00,-900.00,90.15,0,0,0,29.21,9.14,-36.55,9.49
120,11,3.6333,0,Ground,0.00,0.00,-900.00,90.15,0,0,0,29.21,9.14,-36.54,9.49
120,11,3.6417,0,Ground,0.00,0.00,-900.00,90.15,0,0,0,29.21,9.15,-36.54,9.49
120,11,3.6500,0,Ground,0.00,0.00,-900.00,90.15,0,0,0,29.21,9.15,-36.54,9.49
120,11,3.6583,0,Ground,0.00,0.00,-900.00,90.15,0,0,0,29.22,9.15,-36.54,9.50
120,11,3.6667,0,Ground,0.00,0.00,-900.00,90.15,0,0,0,29.22,9.16,-36.53,9.50
120,11,3.6750,0,Ground,0.00,0.00,-900.00,90.15,0,0,0,29.22,9.16,-36.53,9.50
120,11,3.6833,0,Ground,0.00,0.00,-900.00,90.15,0,0,0,29.22,9.17,-36.53,9.50
120,11,3.6917,0,Ground,0.00,0.00,-900.00,90.15,0,0,0,29.22,9.17,-36.53,9.50
120,11,3.7000,0,Ground,0.00,0.00,-900.00,90.15,0,0,0,29.23,9.17,-36.53,9.50
120,11,3.7083,0,Ground,0.00,0.00,-900.00,90.15,0,0,0,29.23,9.17,-36.53,9.50
120,11,3.7167,0,Ground,0.00,0.00,-900.00,90.15,0,0,0,29.23,9.17,-36.53,9.50
120,11,3.7250,0,Ground,0.00,0.00,-900.00,90.15,0,0,0,29.23,9.17,-36.53,9.50
120,11,3.7333,0,Ground,0.00,0.00,-900.00,90.15,0,0,0,29.23,9.18,-36.53,9.50
120,11,3.7417,0,Ground,0.00,0.00,-900.00,90.15,0,0,0,29.23,9.18,-36.53,9.50
120,11,3.7500,0,Ground,0.00,0.00,-900.00,90.15,0,0,0,29.23,9.18,-36.53,9.51
120,11,3.7583,0,Ground,0.00,0.00,-900.00,90.15,0,0,0,29.23,9.18,-36.53,9.51
120,11,3.7667,0,Ground,0.00,0.00,-900.00,90.15,0,0,0,29.23,9.18,-36.53,9.51
120,11,3.7750,0,Ground,0.00,0.00,-900.00,90.15,0,0,0,29.23,9.19,-36.53,9.51
120,11,3.7833,0,Ground,0.00,0.00,-900.00,90.15,0,0,0,29.23,9.19,-36.53,9.51
120,11,3.7917,0,Ground,0.00,0.00,-900.00,90.15,0,0,0,29.23,9.19,-36.53,9.51
120,11,3.8000,0,Ground,0.00,0.00,-900.00,90.15,0,0,0,29.23,9.19,-36.53,9.51
120,11,3.8083,0,Ground,0.00,0.00,-900.00,90.15,0,0,0,29.23,9.19,-36.53,9.51
120,11,3.8167,0,Ground,0.00,0.00,-900.00,90.15,0,0,0,29.22,9.19,-36.53,9.51
120,11,3.8250,0,Ground,0.00,0.00,-900.00,90.15,0,0,0,29.22,9.19,-36.53,9.51
120,11,3.8333,0,Ground,0.00,0.00,-900.00,90.15,0,0,0,29.22,9.19,-36.53,9.51
120,11,3.8417,0,Ground,0.00,0.00,-900.00,90.15,0,0,0,29.23,9.19,-36.53,9.51
120,11,3.8500,0,Ground,0.00,0.00,-900.00,90.15,0,0,0,29.23,9.20,-36.53,9.51
120,11,3.8583,0,Ground,0.00,0.00,-900.00,90.15,0,0,0,29.23,9.19,-36.54,9.51
120,11,3.8667,0,Ground,0.00,0.00,-900.00,90.15,0,0,0,29.23,9.19,-36.54,9.50
120,11,3.8750,0,Ground,0.00,0.00,-900.00,90.15,0,0,0,29.23,9.20,-36.54,9.50
120,11,3.8833,0,Ground,0.00,0.00,-900.00,90.15,0,0,0,29.22,9.20,-36.54,9.50
120,11,3.8917,0,Ground,0.00,0.00,-900.00,90.15,0,0,0,29.22,9.20,-36.55,9.50
120,11,3.9000,0,Ground,0.00,0.00,-900.00,90.15,0,0,0,29.22,9.20,-36.55,9.50
120,11,3.9083,0,Ground,0.00,0.00,-900.00,90.15,0,0,0,29.22,9.20,-36.55,9.50
120,11,3.9167,0,Ground,0.00,0.00,-900.00,90.15,0,0,0,29.22,9.20,-36.55,9.50
120,11,3.9250,0,Ground,0.00,0.00,-900.00,90.15,0,0,0,29.22,9.20,-36.56,9.50
120,11,3.9333,0,Ground,0.00,0.00,-900.00,90.15,0,0,0,29.22,9.20,-36.56,9.50
120,11,3.9417,0,Ground,0.00,0.00,-900.00,90.15,0,0,0,29.22,9.20,-36.56,9.50
120,11,3.9500,0,Ground,0.00,0.00,-900.00,90.15,0,0,0,29.22,9.20,-36.56,9.50
120,11,3.9583,0,Ground,0.00,0.00,-900.00,90.15,0,0,0,29.22,9.20,-36.57,9.50
120,11,3.9667,0,Ground,0.00,0.00,-900.00,90.15,0,0,0,29.22,9.20,-36.57,9.50
120,11,3.9750,0,Ground,0.00,0.00,-900.00,90.15,0,0,0,29.22,9.20,-36.57,9.50
120,11,3.9833,0,Ground,0.00,0.00,-900.00,90.15,0,0,0,29.22,9.20,-36.57,9.49
120,11,3.9917,0,Ground,0.00,0.00,-900.00,90.15,0,0,0,29.22,9.20,-36.57,9.49
120,11,4.0000,0,Ground,0.00,0.00,-900.00,90.15,0,0,0,29.22,9.20,-36.57,9.49
120,11,4.0083,0,Ground,0.00,0.00,-900.00,90.15,0,0,0,29.22,9.20,-36.58,9.49
120,11,4.0167,0,Ground,0.00,0.00,-900.00,90.15,0,0,0,29.22,9.20,-36.58,9.49
120,11,4.0250,0,Ground,0.00,0.00,-900.00,90.15,0,0,0,29.22,9.20,-36.58,9.49
120,11,4.0333,0,Ground,0.00,0.00,-900.00,90.15,0,0,0,29.22,9.20,-36.58,9.49
120,11,4.0417,0,Ground,0.00,0.00,-900.00,90.15,0,0,0,29.21,9.20,-36.58,9.49
120,11,4.0500,0,Ground,0.00,0.00,-900.00,90.15,0,0,0,29.21,9.20,-36.59,9.49
120,11,4.0583,0,Ground,0.00,0.00,-900.00,90.15,0,0,0,29.21,9.20,-36.59,9.49
120,11,4.0667,0,Ground,0.00,0.00,-900.00,90.15,0,0,0,29.21,9.20,-36.59,9.49
120,11,4.0750,0,Ground,0.00,0.00,-900.00,90.15,0,0,0,29.21,9.20,-36.59,9.49
120,11,4.0833,0,Ground,0.00,0.00,-900.00,90.15,0,0,0,29.21,9.20,-36.60,9.49
120,11,4.0917,0,Ground,0.00,0.00,-900.00,90.15,0,0,0,29.20,9.20,-36.60,9.49
120,11,4.1000,0,Ground,0.00,0.00,-900.00,90.15,0,0,0,29.20,9.20,-36.61,9.49
120,11,4.1083,0,Ground,0.00,0.00,-900.00,90.15,0,0,0,29.20,9.20,-36.61,9.49
120,11,4.1167,0,Ground,0.00,0.00,-900.00,90.15,0,0,0,29.20,9.20,-36.61,9.49
120,11,4.1250,0,Ground,0.00,0.00,-900.00,90.15,0,0,0,29.20,9.20,-36.61,9.49
120,11,4.1333,0,Ground,0.00,0.00,-900.00,90.15,0,0,0,29.20,9.20,-36.62,9.49
120,11,4.1417,0,Ground,0.00,0.00,-900.00,90.15,0,0,0,29.20,9.20,-36.62,9.49
120,11,4.1500,0,Ground,0.00,0.00,-900.00,90.15,0,0,0,29.21,9.20,-36.62,9.48
120,11,4.1583,0,Ground,0.00,0.00,-900.00,90.15,0,0,0,29.20,9.20,-36.62,9.48
120,11,4.1667,0,Ground,0.00,0.00,-900.00,90.15,0,0,0,29.20,9.20,-36.63,9.48
120,11,4.1750,0,Ground,0.00,0.00,-900.00,90.15,0,0,0,29.20,9.20,-36.63,9.48
120,11,4.1833,0,Ground,0.00,0.00,-900.00,90.15,0,0,0,29.20,9.20,-36.63,9.48
120,11,4.1917,0,Ground,0.00,0.00,-900.00,90.15,0,0,0,29.20,9.20,-36.63,9.48
120,11,4.2000,0,Ground,0.00,0.00,-900.00,90.15,0,0,0,29.20,9.20,-36.64,9.48
120,11,4.2083,0,Ground,0.00,0.00,-900.00,90.15,0,0,0,29.20,9.19,-36.64,9.48
120,11,4.2167,0,Ground,0.00,0.00,-900.00,90.15,0,0,0,29.19,9.19,-36.64,9.47
120,11,4.2250,0,Ground,0.00,0.00,-900.00,90.15,0,0,0,29.19,9.19,-36.65,9.47
120,11,4.2333,0,Ground,0.00,0.00,-900.00,90.15,0,0,0,29.18,9.19,-36.65,9.47
120,11,4.2417,0,Ground,0.00,0.00,-900.00,90.15,0,0,0,29.19,9.19,-36.66,9.47
120,11,4.2500,0,Ground,0.00,0.00,-900.00,90.15,0,0,0,29.19,9.18,-36.66,9.47
120,11,4.2583,0,Ground,0.00,0.00,-900.00,90.15,0,0,0,29.18,9.18,-36.66,9.47
120,11,4.2667,0,Ground,0.00,0.00,-900.00,90.15,0,0,0,29.18,9.18,-36.67,9.46
120,11,4.2750,0,Ground,0.00,0.00,-900.00,90.15,0,0,0,29.17,9.17,-36.67,9.46
120,11,4.2833,0,Ground,0.00,0.00,-900.00,90.15,0,0,0,29.17,9.17,-36.68,9.46
120,11,4.2917,0,Ground,0.00,0.00,-900.00,90.15,0,0,0,29.17,9.16,-36.68,9.46
120,11,4.3000,0,Ground,0.00,0.00,-900.00,90.15,0,0,0,29.17,9.16,-36.68,9.45
120,11,4.3083,0,Ground,0.00,0.00,-900.00,90.15,0,0,0,29.16,9.16,-36.68,9.45
120,11,4.3167,0,Ground,0.00,0.00,-900.00,90.15,0,0,0,29.16,9.15,-36.69,9.45
120,11,4.3250,0,Ground,0.00,0.00,-900.00,90.15,0,0,0,29.16,9.15,-36.69,9.45
120,11,4.3333,0,Ground,0.00,0.00,-900.00,90.15,0,0,0,29.16,9.14,-36.69,9.45
120,11,4.3417,0,Ground,0.00,0.00,-900.00,90.15,0,0,0,29.15,9.14,-36.70,9.45
120,11,4.3500,0,Ground,0.00,0.00,-900.00,90.15,0,0,0,29.15,9.14,-36.70,9.44
120,11,4.3583,0,Ground,0.00,0.00,-900.00,90.15,0,0,0,29.15,9.14,-36.70,9.44
120,11,4.3667,0,Ground,0.00,0.00,-900.00,90.15,0,0,0,29.15,9.13,-36.71,9.44
120,11,4.3750,0,Ground,0.00,0.00,-900.00,90.15,0,0,0,29.15,9.13,-36.71,9.44
120,11,4.3833,0,Ground,0.00,0.00,-900.00,90.15,0,0,0,29.14,9.12,-36.71,9.43
120,11,4.3917,0,Ground,0.00,0.00,-900.00,90.15,0,0,0,29.15,9.12,-36.71,9.43
120,11,4.4000,0,Ground,0.00,0.00,-900.00,90.15,0,0,0,29.15,9.12,-36.71,9.43
120,11,4.4083,0,Ground,0.00,0.00,-900.00,90.15,0,0,0,29.14,9.12,-36.71,9.43
120,11,4.4167,0,Ground,0.00,0.00,-900.00,90.15,0,0,0,29.14,9.11,-36.71,9.43
120,11,4.4250,0,Ground,0.00,0.00,-900.00,90.15,0,0,0,29.14,9.11,-36.72,9.43
120,11,4.4333,0,Ground,0.00,0.00,-900.00,90.15,0,0,0,29.14,9.11,-36.72,9.43
120,11,4.4417,0,Ground,0.00,0.00,-900.00,90.15,0,0,0,29.14,9.10,-36.72,9.43
120,11,4.4500,0,Ground,0.00,0.00,-900.00,90.15,0,0,0,29.14,9.10,-36.72,9.42
120,11,4.4583,0,Ground,0.00,0.00,-900.00,90.15,0,0,0,29.14,9.10,-36.72,9.42
120,11,4.4667,0,Ground,0.00,0.00,-900.00,90.15,0,0,0,29.13,9.09,-36.72,9.42
120,11,4.4750,0,Ground,0.00,0.00,-900.00,90.15,0,0,0,29.13,9.09,-36.72,9.42
120,11,4.4833,0,Ground,0.00,0.00,-900.00,90.15,0,0,0,29.13,9.09,-36.73,9.42
120,11,4.4917,0,Ground,0.00,0.00,-900.00,90.15,0,0,0,29.13,9.08,-36.73,9.42
120,11,4.5000,0,Ground,0.00,0.00,-900.00,90.15,0,0,0,29.13,9.08,-36.73,9.42
120,11,4.5083,0,Ground,0.00,0.00,-900.00,90.15,0,0,0,29.13,9.08,-36.73,9.41
120,11,4.5167,0,Ground,0.00,0.00,-900.00,90.15,0,0,0,29.13,9.07,-36.74,9.41
120,11,4.5250,0,Ground,0.00,0.00,-900.00,90.15,0,0,0,29.13,9.07,-36.74,9.41
120,11,4.5333,0,Ground,0.00,0.00,-900.00,90.15,0,0,0,29.12,9.07,-36.74,9.41
120,11,4.5417,0,Ground,0.00,0.00,-900.00,90.15,0,0,0,29.12,9.06,-36.74,9.41
120,11,4.5500,0,Ground,0.00,0.00,-900.00,90.15,0,0,0,29.12,9.05,-36.74,9.40
120,11,4.5583,0,Ground,0.00,0.00,-900.00,90.15,0,0,0,29.12,9.05,-36.75,9.40
120,11,4.5667,0,Ground,0.00,0.00,-900.00,90.15,0,0,0,29.12,9.05,-36.75,9.40
120,11,4.5750,0,Ground,0.00,0.00,-900.00,90.15,0,0,0,29.11,9.04,-36.75,9.40
120,11,4.5833,0,Ground,0.00,0.00,-900.00,90.15,0,0,0,29.11,9.04,-36.75,9.39
120,11,4.5917,0,Ground,0.00,0.00,-900.00,90.15,0,0,0,29.11,9.03,-36.76,9.39
120,11,4.6000,0,Ground,0.00,0.00,-900.00,90.15,0,0,0,29.11,9.03,-36.76,9.39
120,11,4.6083,0,Ground,0.00,0.00,-900.00,90.15,0,0,0,29.11,9.02,-36.76,9.39
120,11,4.6167,0,Ground,0.00,0.00,-900.00,90.15,0,0,0,29.10,9.02,-36.76,9.38
120,11,4.6250,0,Ground,0.00,0.00,-900.00,90.15,0,0,0,29.10,9.02,-36.76,9.38
120,11,4.6333,0,Ground,0.00,0.00,-900.00,90.15,0,0,0,29.10,9.01,-36.76,9.38
120,11,4.6417,0,Ground,0.00,0.00,-900.00,90.15,0,0,0,29.10,9.01,-36.76,9.39
120,11,4.6500,0,Ground,0.00,0.00,-900.00,90.15,0,0,0,29.10,9.01,-36.76,9.39
120,11,4.6583,0,Ground,0.00,0.00,-900.00,90.15,0,0,0,29.09,9.01,-36.76,9.40
120,11,4.6667,0,Ground,0.00,0.00,-900.00,90.15,0,0,0,29.09,9.00,-36.76,9.40
120,11,4.6750,0,Ground,0.00,0.00,-900.00,90.15,0,0,0,29.09,9.00,-36.76,9.40
120,11,4.6833,0,Ground,0.00,0.00,-900.00,90.15,0,0,0,29.09,8.99,-36.76,9.40
120,11,4.6917,0,Ground,0.00,0.00,-900.00,90.15,0,0,0,29.09,8.99,-36.76,9.40
120,11,4.7000,0,Ground,0.00,0.00,-900.00,90.15,0,0,0,29.09,8.99,-36.76,9.40
120,11,4.7083,0,Ground,0.00,0.00,-900.00,90.15,0,0,0,29.08,8.98,-36.76,9.40
120,11,4.7167,0,Ground,0.00,0.00,-900.00,90.15,0,0,0,29.08,8.98,-36.76,9.40
120,11,4.7250,0,Ground,0.00,0.00,-900.00,90.15,0,0,0,29.08,8.97,-36.76,9.40
120,11,4.7333,0,Ground,0.00,0.00,-900.00,90.15,0,0,0,29.08,8.97,-36.76,9.40
120,11,4.7417,0,Ground,0.00,0.00,-900.00,90.15,0,0,0,29.08,8.96,-36.75,9.40
120,11,4.7500,0,Ground,0.00,0.00,-900.00,90.15,0,0,0,29.07,8.96,-36.75,9.41
120,11,4.7583,0,Ground,0.00,0.00,-900.00,90.15,0,0,0,29.07,8.96,-36.75,9.41
120,11,4.7667,0,Ground,0.00,0.00,-900.00,90.15,0,0,0,29.07,8.95,-36.75,9.41
120,11,4.7750,0,Ground,0.00,0.00,-900.00,90.15,0,0,0,29.07,8.95,-36.75,9.41
120,11,4.7833,0,Ground,0.00,0.00,-900.00,90.15,0,0,0,29.06,8.95,-36.75,9.41
120,11,4.7917,0,Ground,0.00,0.00,-900.00,90.15,0,0,0,29.06,8.94,-36.75,9.41
120,11,4.8000,0,Ground,0.00,0.00,-900.00,90.15,0,0,0,29.06,8.94,-36.75,9.41
120,11,4.8083,0,Ground,0.00,0.00,-900.00,90.15,0,0,0,29.06,8.93,-36.75,9.41
120,11,4.8167,0,Ground,0.00,0.00,-900.00,90.15,0,0,0,29.06,8.93,-36.75,9.41
120,11,4.8250,0,Ground,0.00,0.00,-900.00,90.15,0,0,0,29.06,8.93,-36.75,9.41
120,11,4.8333,0,Ground,0.00,0.00,-900.00,90.15,0,0,0,29.06,8.93,-36.75,9.41
120,11,4.8417,0,Ground,0.00,0.00,-900.00,90.15,0,0,0,29.06,8.93,-36.74,9.42
120,11,4.8500,0,Ground,0.00,0.00,-900.00,90.15,0,0,0,29.06,8.93,-36.74,9.42
120,11,4.8583,0,Ground,0.00,0.00,-900.00,90.15,0,0,0,29.06,8.93,-36.74,9.42
120,11,4.8667,0,Ground,0.00,0.00,-900.00,90.15,0,0,0,29.06,8.93,-36.74,9.42
120,11,4.8750,0,Ground,0.00,0.00,-900.00,90.15,0,0,0,29.06,8.93,-36.74,9.42
120,11,4.8833,0,Ground,0.00,0.00,-900.00,90.15,0,0,0,29.06,8.93,-36.74,9.42
120,11,4.8917,0,Ground,0.00,0.00,-900.00,90.15,0,0,0,29.07,8.93,-36.74,9.42
120,11,4.9000,0,Ground,0.00,0.00,-900.00,90.15,0,0,0,29.07,8.93,-36.74,9.42
120,11,4.9083,0,Ground,0.00,0.00,-900.00,90.15,0,0,0,29.07,8.93,-36.74,9.42
120,11,4.9167,0,Ground,0.00,0.00,-900.00,90.15,0,0,0,29.07,8.93,-36.74,9.42
120,11,4.9250,0,Ground,0.00,0.00,-900.00,90.15,0,0,0,29.07,8.93,-36.74,9.43
120,11,4.9333,0,Ground,0.00,0.00,-900.00,90.15,0,0,0,29.08,8.93,-36.73,9.43
120,11,4.9417,0,Ground,0.00,0.00,-900.00,90.15,0,0,0,29.08,8.94,-36.73,9.43
120,11,4.9500,0,Ground,0.00,0.00,-900.00,90.15,0,0,0,29.08,8.94,-36.73,9.43
120,11,4.9583,0,Ground,0.00,0.00,-900.00,90.15,0,0,0,29.08,8.93,-36.73,9.43
120,11,4.9667,0,Ground,0.00,0.00,-900.00,90.15,0,0,0,29.08,8.93,-36.73,9.43
120,11,4.9750,0,Ground,0.00,0.00,-900.00,90.15,0,0,0,29.08,8.94,-36.73,9.43
120,11,4.9833,0,Ground,0.00,0.00,-900.00,90.15,0,0,0,29.08,8.94,-36.73,9.43
120,11,4.9917,0,Ground,0.00,0.00,-900.00,90.15,0,0,0,29.08,8.94,-36.73,9.43
120,11,5.0000,0,Ground,0.00,0.00,-900.00,90.15,0,0,0,29.08,8.94,-36.73,9.43
120,11,5.0083,0,Ground,0.00,0.00,-900.00,90.15,0,0,0,29.09,8.94,-36.72,9.43
120,11,5.0167,0,Ground,0.00,0.00,-900.00,90.15,0,0,0,29.09,8.94,-36.72,9.43
120,11,5.0250,0,Ground,0.00,0.00,-900.00,90.15,0,0,0,29.09,8.94,-36.72,9.43
120,11,5.0333,0,Ground,0.00,0.00,-900.00,90.15,0,0,0,29.09,8.94,-36.72,9.43
120,11,5.0417,0,Ground,0.00,0.00,-900.00,90.15,0,0,0,29.09,8.94,-36.72,9.43
120,11,5.0500,0,Ground,0.00,0.00,-900.00,90.15,0,0,0,29.09,8.95,-36.72,9.43
120,11,5.0583,0,Ground,0.00,0.00,-900.00,90.15,0,0,0,29.09,8.95,-36.72,9.43
120,11,5.0667,0,Ground,0.00,0.00,-900.00,90.15,0,0,0,29.09,8.95,-36.72,9.43
120,11,5.0750,0,Ground,0.00,0.00,-900.00,90.15,0,0,0,29.09,8.95,-36.72,9.43
120,11,5.0833,0,Ground,0.00,0.00,-900.00,90.15,0,0,0,29.10,8.95,-36.72,9.43
120,11,5.0917,0,Ground,0.00,0.00,-900.00,90.15,0,0,0,29.10,8.95,-36.72,9.43
120,11,5.1000,0,Ground,0.00,0.00,-900.00,90.15,0,0,0,29.10,8.95,-36.71,9.43
120,11,5.1083,0,Ground,0.00,0.00,-900.00,90.15,0,0,0,29.10,8.95,-36.71,9.43
120,11,5.1167,0,Ground,0.00,0.00,-900.00,90.15,0,0,0,29.10,8.95,-36.71,9.43
120,11,5.1250,0,Ground,0.00,0.00,-900.00,90.15,0,0,0,29.10,8.96,-36.71,9.44
120,11,5.1333,0,Ground,0.00,0.00,-900.00,90.15,0,0,0,29.10,8.96,-36.71,9.44
120,11,5.1417,1,Ground,0.00,0.00,-900.00,90.15,0,0,0,29.10,8.96,-36.71,9.44
120,11,5.1500,1,Ground,0.00,0.00,-900.00,90.15,0,0,0,29.11,8.96,-36.70,9.43
120,11,5.1583,1,Ground,0.00,0.00,-900.00,90.15,0,0,0,29.11,8.96,-36.70,9.43
120,11,5.1667,1,Ground,0.00,0.00,-900.00,90.15,0,0,0,29.11,8.96,-36.70,9.44
120,11,5.1750,1,Ground,0.00,0.00,-900.00,90.15,0,0,0,29.11,8.96,-36.70,9.44
120,11,5.1833,1,Ground,0.00,0.00,-900.00,90.15,0,0,0,29.11,8.96,-36.70,9.44
120,11,5.1917,1,Ground,0.00,0.00,-900.00,90.15,0,0,0,29.11,8.97,-36.70,9.44
120,11,5.2000,1,Ground,0.00,0.00,-900.00,90.15,0,0,0,29.11,8.97,-36.70,9.44
120,11,5.2083,1,Ground,0.00,0.00,-900.00,90.15,0,0,0,29.11,8.97,-36.70,9.44
120,11,5.2167,1,Ground,0.00,0.00,-900.00,90.15,0,0,0,29.11,8.97,-36.70,9.44
120,11,5.2250,1,Ground,0.00,0.00,-900.00,90.15,0,0,0,29.11,8.97,-36.69,9.44
120,11,5.2333,1,Ground,0.00,0.00,-900.00,90.15,0,0,0,29.12,8.97,-36.69,9.44
120,11,5.2417,1,Ground,0.00,0.00,-900.00,90.15,0,0,0,29.12,8.97,-36.69,9.44
120,11,5.2500,1,Ground,0.00,0.00,-900.00,90.15,0,0,0,29.12,8.98,-36.69,9.44
120,11,5.2583,1,Ground,0.00,0.00,-900.00,90.15,0,0,0,29.12,8.98,-36.69,9.44
120,11,5.2667,1,Ground,0.00,0.00,-900.00,90.15,0,0,0,29.12,8.98,-36.69,9.44
120,11,5.2750,1,Ground,0.00,0.00,-900.00,90.15,0,0,0,29.12,8.98,-36.69,9.44
120,11,5.2833,1,Ground,0.00,0.00,-900.00,90.15,0,0,0,29.12,8.98,-36.69,9.44
120,11,5.2917,1,Ground,0.00,0.00,-900.00,90.15,0,0,0,29.12,8.98,-36.68,9.44
120,11,5.3000,1,Ground,0.00,0.00,-900.00,90.15,0,0,0,29.12,8.98,-36.68,9.44
120,11,5.3083,1,Ground,0.00,0.00,-900.00,90.15,0,0,0,29.12,8.98,-36.68,9.43
120,11,5.3167,1,Ground,0.00,0.00,-900.00,90.15,0,0,0,29.12,8.98,-36.68,9.43
120,11,5.3250,1,Ground,0.00,0.00,-900.00,90.15,0,0,0,29.12,8.98,-36.68,9.43
120,11,5.3333,1,Ground,0.00,0.00,-900.00,90.15,0,0,0,29.12,8.98,-36.68,9.43
120,11,5.3417,1,Ground,0.00,0.00,-900.00,90.15,0,0,0,29.12,8.99,-36.68,9.43
120,11,5.3500,1,Ground,0.00,0.00,-900.00,90.15,0,0,0,29.13,8.99,-36.68,9.43
120,11,5.3583,1,Ground,0.00,0.00,-900.00,90.15,0,0,0,29.13,8.99,-36.67,9.43
120,11,5.3667,1,Ground,0.00,0.00,-900.00,90.15,0,0,0,29.13,8.99,-36.67,9.43
120,11,5.3750,1,Ground,0.00,0.00,-900.00,90.15,0,0,0,29.13,8.99,-36.67,9.43
120,11,5.3833,1,Ground,0.00,0.00,-900.00,90.15,0,0,0,29.13,8.99,-36.67,9.43
120,11,5.3917,1,Ground,0.00,0.00,-900.00,90.15,0,0,0,29.13,8.99,-36.67,9.43
120,11,5.4000,1,Ground,0.00,0.00,-900.00,90.15,0,0,0,29.13,8.99,-36.67,9.43
120,11,5.4083,1,Ground,0.00,0.00,-900.00,90.15,0,0,0,29.13,8.99,-36.67,9.43
120,11,5.4167,1,Ground,0.00,0.00,-900.00,90.15,0,0,0,29.13,9.00,-36.67,9.43
120,11,5.4250,1,Ground,0.00,0.00,-900.00,90.15,0,0,0,29.13,9.00,-36.66,9.43
120,11,5.4333,1,Ground,0.00,0.00,-900.00,90.15,0,0,0,29.13,9.00,-36.66,9.43
120,11,5.4417,1,Ground,0.00,0.00,-900.00,90.15,0,0,0,29.13,9.00,-36.66,9.43
120,11,5.4500,1,Ground,0.00,0.00,-900.00,90.15,0,0,0,29.13,9.00,-36.66,9.43
120,11,5.4583,1,Ground,0.00,0.00,-900.00,90.15,0,0,0,29.13,9.00,-36.66,9.43
120,11,5.4667,1,Ground,0.00,0.00,-900.00,90.15,0,0,0,29.13,9.00,-36.66,9.43
120,11,5.4750,1,Ground,0.00,0.00,-900.00,90.15,0,0,0,29.13,9.00,-36.66,9.43
120,11,5.4833,1,Ground,0.00,0.00,-900.00,90.15,0,0,0,29.13,9.00,-36.66,9.43
120,11,5.4917,1,Ground,0.00,0.00,-900.00,90.15,0,0,0,29.13,9.00,-36.66,9.43
120,11,5.5000,1,Ground,0.00,0.00,-900.00,90.15,0,0,0,29.13,9.01,-36.65,9.43
120,11,5.5083,1,Ground,0.00,0.00,-900.00,90.15,0,0,0,29.13,9.01,-36.65,9.43
120,11,5.5167,1,Ground,0.00,0.00,-900.00,90.15,0,0,0,29.13,9.00,-36.65,9.43
120,11,5.5250,1,Ground,0.00,0.00,-900.00,90.15,0,0,0,29.13,9.01,-36.65,9.43
120,11,5.5333,1,Ground,0.00,0.00,-900.00,90.15,0,0,0,29.13,9.01,-36.65,9.43
120,11,5.5417,2,Ground,0.00,0.00,-900.00,90.15,0,0,0,29.13,9.01,-36.65,9.42
120,11,5.5500,2,Ground,0.00,0.00,-900.00,90.15,0,0,0,29.13,9.01,-36.65,9.42
120,11,5.5583,2,Ground,0.00,0.00,-900.00,90.15,0,0,0,29.14,9.02,-36.65,9.43
120,11,5.5667,2,Ground,0.00,0.00,-900.00,90.15,0,0,0,29.14,9.02,-36.65,9.43
120,11,5.5750,2,Ground,0.00,0.00,-900.00,90.15,0,0,0,29.14,9.03,-36.64,9.43
120,11,5.5833,2,Ground,0.00,0.00,-900.00,90.15,0,0,0,29.15,9.03,-36.64,9.43
120,11,5.5917,2,Ground,0.00,0.00,-900.00,90.15,0,0,0,29.15,9.03,-36.64,9.43
120,11,5.6000,2,Ground,0.00,0.00,-900.00,90.15,0,0,0,29.15,9.04,-36.63,9.43
120,11,5.6083,2,Ground,0.00,0.00,-900.00,90.15,0,0,0,29.15,9.04,-36.63,9.44
120,11,5.6167,2,Ground,0.00,0.00,-900.00,90.15,0,0,0,29.15,9.04,-36.63,9.44
120,11,5.6250,2,Ground,0.00,0.00,-900.00,90.15,0,0,0,29.16,9.05,-36.62,9.44
120,11,5.6333,2,Ground,0.00,0.00,-900.00,90.15,0,0,0,29.16,9.05,-36.61,9.44
120,11,5.6417,2,Ground,0.00,0.00,-900.00,90.15,0,0,0,29.16,9.06,-36.61,9.44
120,11,5.6500,2,Ground,0.00,0.00,-900.00,90.15,0,0,0,29.17,9.06,-36.61,9.44
120,11,5.6583,2,Ground,0.00,0.00,-900.00,90.15,0,0,0,29.17,9.06,-36.60,9.45
120,11,5.6667,2,Ground,0.00,0.00,-900.00,90.15,0,0,0,29.17,9.07,-36.60,9.45
120,11,5.6750,2,Ground,0.00,0.00,-900.00,90.15,0,0,0,29.17,9.08,-36.60,9.45
120,11,5.6833,2,Ground,0.00,0.00,-900.00,90.15,0,0,0,29.18,9.08,-36.59,9.46
120,11,5.6917,2,Ground,0.00,0.00,-900.00,90.15,0,0,0,29.18,9.09,-36.59,9.46
120,11,5.7000,2,Ground,0.00,0.00,-900.00,90.15,0,0,0,29.18,9.09,-36.58,9.46
120,11,5.7083,2,Ground,0.00,0.00,-900.00,90.15,0,0,0,29.19,9.09,-36.58,9.46
120,11,5.7167,2,Ground,0.00,0.00,-900.00,90.15,0,0,0,29.19,9.10,-36.58,9.47
120,11,5.7250,2,Ground,0.00,0.00,-900.00,90.15,0,0,0,29.19,9.10,-36.57,9.47
120,11,5.7333,2,Ground,0.00,0.00,-900.00,90.15,0,0,0,29.20,9.11,-36.57,9.47
120,11,5.7417,2,Ground,0.00,0.00,-900.00,90.15,0,0,0,29.20,9.11,-36.56,9.47
120,11,5.7500,2,Ground,0.00,0.00,-900.00,90.15,0,0,0,29.20,9.12,-36.56,9.47
120,11,5.7583,2,Ground,0.00,0.00,-900.00,90.15,0,0,0,29.20,9.12,-36.56,9.48
120,11,5.7667,2,Ground,0.00,0.00,-900.00,90.15,0,0,0,29.20,9.13,-36.55,9.48
120,11,5.7750,2,Ground,0.00,0.00,-900.00,90.15,0,0,0,29.21,9.13,-36.55,9.48
120,11,5.7833,2,Ground,0.00,0.00,-900.00,90.15,0,0,0,29.21,9.14,-36.55,9.49
120,11,5.7917,2,Ground,0.00,0.00,-900.00,90.15,0,0,0,29.21,9.14,-36.55,9.49
120,11,5.8000,2,Ground,0.00,0.00,-900.00,90.15,0,0,0,29.21,9.14,-36.54,9.49
120,11,5.8083,2,Ground,0.00,0.00,-900.00,90.15,0,0,0,29.21,9.15,-36.54,9.49
120,11,5.8167,2,Ground,0.00,0.00,-900.00,90.15,0,0,0,29.21,9.15,-36.54,9.49
120,11,5.8250,2,Ground,0.00,0.00,-900.00,90.15,0,0,0,29.22,9.15,-36.54,9.50
120,11,5.8333,2,Ground,0.00,0.00,-900.00,90.15,0,0,0,29.22,9.16,-36.53,9.50
120,11,5.8417,2,Ground,0.00,0.00,-900.00,90.15,0,0,0,29.22,9.16,-36.53,9.50
120,11,5.8500,2,Ground,0.00,0.00,-900.00,90.15,0,0,0,29.22,9.17,-36.53,9.50
120,11,5.8583,2,Ground,0.00,0.00,-900.00,90.15,0,0,0,29.22,9.17,-36.53,9.50
120,11,5.8667,2,Ground,0.00,0.00,-900.00,90.15,0,0,0,29.23,9.17,-36.53,9.50
120,11,5.8750,2,Ground,0.00,0.00,-900.00,90.15,0,0,0,29.23,9.17,-36.53,9.50
120,11,5.8833,2,Ground,0.00,0.00,-900.00,90.15,0,0,0,29.23,9.17,-36.53,9.50
120,11,5.8917,2,Ground,0.00,0.00,-900.00,90.15,0,0,0,29.23,9.17,-36.53,9.50
120,11,5.9000,2,Ground,0.00,0.00,-900.00,90.15,0,0,0,29.23,9.18,-36.53,9.50
120,11,5.9083,2,Ground,0.00,0.00,-900.00,90.15,0,0,0,29.23,9.18,-36.53,9.50
120,11,5.9167,2,Ground,0.00,0.00,-900.00,90.15,0,0,0,29.23,9.18,-36.53,9.51
120,11,5.9250,2,Ground,0.00,0.00,-900.00,90.15,0,0,0,29.23,9.18,-36.53,9.51
120,11,5.9333,2,Ground,0.00,0.00,-900.00,90.15,0,0,0,29.23,9.18,-36.53,9.51
120,11,5.9417,3,Ground,0.00,0.00,-900.00,90.15,0,0,0,29.23,9.19,-36.53,9.51
120,11,5.9500,3,Ground,0.00,0.00,-900.00,90.15,0,0,0,29.23,9.19,-36.53,9.51
120,11,5.9583,3,Ground,0.00,0.00,-900.00,90.15,0,0,0,29.23,9.19,-36.53,9.51
120,11,5.9667,3,Ground,0.00,0.00,-900.00,90.15,0,0,0,29.23,9.19,-36.53,9.51
120,11,5.9750,3,Ground,0.00,0.00,-900.00,90.15,0,0,0,29.23,9.19,-36.53,9.51
120,11,5.9833,3,Ground,0.00,0.00,-900.00,90.15,0,0,0,29.22,9.19,-36.53,9.51
120,11,5.9917,3,Ground,0.00,0.00,-900.00,90.15,0,0,0,29.22,9.19,-36.53,9.51
120,11,6.0000,3,Ground,0.00,0.00,-900.00,90.15,0,0,0,29.22,9.19,-36.53,9.51
120,11,6.0083,3,Ground,0.00,0.00,-900.00,90.15,0,0,0,29.23,9.19,-36.53,9.51
120,11,6.0167,3,Ground,0.00,0.00,-900.00,90.15,0,0,0,29.23,9.20,-36.53,9.51
120,11,6.0250,3,Ground,0.00,0.00,-900.00,90.15,0,0,0,29.23,9.19,-36.54,9.51
120,11,6.0333,4,Ground,0.00,0.00,-900.00,90.15,0,0,0,29.23,9.19,-36.54,9.50
120,11,6.0417,4,Ground,0.00,0.00,-900.00,90.15,0,0,0,29.23,9.20,-36.54,9.50
120,11,6.0500,4,Ground,0.00,0.00,-900.00,90.15,0,0,0,29.23,9.20,-36.54,9.50
120,11,6.0583,4,Ground,0.00,0.00,-900.00,90.15,0,0,0,29.22,9.20,-36.55,9.50
120,11,6.0667,4,Ground,0.00,0.00,-900.00,90.15,0,0,0,29.22,9.20,-36.55,9.50
120,11,6.0750,4,Ground,0.00,0.00,-900.00,90.15,0,0,0,29.22,9.20,-36.55,9.50
120,11,6.0833,4,Ground,0.00,0.00,-900.00,90.15,0,0,0,29.22,9.20,-36.55,9.50
120,11,6.0917,4,Ground,0.00,0.00,-900.00,90.15,0,0,0,29.22,9.20,-36.56,9.50
120,11,6.1000,4,Ground,0.00,0.00,-900.00,90.15,0,0,0,29.22,9.20,-36.56,9.50
120,11,6.1083,4,Ground,0.00,0.00,-900.00,90.15,0,0,0,29.22,9.20,-36.56,9.50
120,11,6.1167,4,Ground,0.00,0.00,-900.00,90.15,0,0,0,29.22,9.20,-36.56,9.50
120,11,6.1250,4,Ground,0.00,0.00,-900.00,90.15,0,0,0,29.22,9.20,-36.57,9.50
120,11,6.1333,4,Ground,0.00,0.00,-900.00,90.15,0,0,0,29.22,9.20,-36.57,9.50
120,11,6.1417,4,Ground,0.00,0.00,-900.00,90.15,0,0,0,29.22,9.20,-36.57,9.50
120,11,6.1500,4,Ground,0.00,0.00,-900.00,90.15,0,0,0,29.22,9.20,-36.57,9.49
120,11,6.1583,4,Ground,0.00,0.00,-900.00,90.15,0,0,0,29.22,9.20,-36.57,9.49
120,11,6.1667,4,Ground,0.00,0.00,-900.00,90.15,0,0,0,29.22,9.20,-36.57,9.49
120,11,6.1750,4,Ground,0.00,0.00,-900.00,90.15,0,0,0,29.22,9.20,-36.58,9.49
120,11,6.1833,4,Ground,0.00,0.00,-900.00,90.15,0,0,0,29.22,9.20,-36.58,9.49
120,11,6.1917,4,Ground,0.00,0.00,-900.00,90.15,0,0,0,29.22,9.20,-36.58,9.49
120,11,6.2000,4,Ground,0.00,0.00,-900.00,90.15,0,0,0,29.22,9.20,-36.58,9.49
120,11,6.2083,4,Ground,0.00,0.00,-900.00,90.15,0,0,0,29.21,9.20,-36.58,9.49
120,11,6.2167,4,Ground,0.00,0.00,-900.00,90.15,0,0,0,29.21,9.20,-36.59,9.49
120,11,6.2250,4,Ground,0.00,0.00,-900.00,90.15,0,0,0,29.21,9.20,-36.59,9.49
120,11,6.2333,4,Ground,0.00,0.00,-900.00,90.15,0,0,0,29.21,9.20,-36.59,9.49
120,11,6.2417,4,Ground,0.00,0.00,-900.00,90.15,0,0,0,29.21,9.20,-36.59,9.49
120,11,6.2500,4,Ground,0.00,0.00,-900.00,90.15,0,0,0,29.21,9.20,-36.60,9.49
120,11,6.2583,4,Ground,0.00,0.00,-900.00,90.15,0,0,0,29.20,9.20,-36.60,9.49
120,11,6.2667,4,Ground,0.00,0.00,-900.00,90.15,0,0,0,29.20,9.20,-36.61,9.49
120,11,6.2750,4,Ground,0.00,0.00,-900.00,90.15,0,0,0,29.20,9.20,-36.61,9.49
120,11,6.2833,4,Ground,0.00,0.00,-900.00,90.15,0,0,0,29.20,9.20,-36.61,9.49
120,11,6.2917,4,Ground,0.00,0.00,-900.00,90.15,0,0,0,29.20,9.20,-36.61,9.49
120,11,6.3000,4,Ground,0.00,0.00,-900.00,90.15,0,0,0,29.20,9.20,-36.62,9.49
120,11,6.3083,4,Ground,0.00,0.00,-900.00,90.15,0,0,0,29.20,9.20,-36.62,9.49
120,11,6.3167,4,Ground,0.00,0.00,-900.00,90.15,0,0,0,29.21,9.20,-36.62,9.48
120,11,6.3250,4,Ground,0.00,0.00,-900.00,90.15,0,0,0,29.20,9.20,-36.62,9.48
120,11,6.3333,4,Ground,0.00,0.00,-900.00,90.15,0,0,0,29.20,9.20,-36.63,9.48
120,11,6.3417,4,Ground,0.00,0.00,-900.00,90.15,0,0,0,29.20,9.20,-36.63,9.48
120,11,6.3500,4,Ground,0.00,0.00,-900.00,90.15,0,0,0,29.20,9.20,-36.63,9.48
120,11,6.3583,4,Ground,0.00,0.00,-900.00,90.15,0,0,0,29.20,9.20,-36.63,9.48
120,11,6.3667,4,Ground,0.00,0.00,-900.00,90.15,0,0,0,29.20,9.20,-36.64,9.48
120,11,6.3750,4,Ground,0.00,0.00,-900.00,90.15,0,0,0,29.20,9.19,-36.64,9.48
120,11,6.3833,4,Ground,0.00,0.00,-900.00,90.15,0,0,0,29.19,9.19,-36.64,9.47
120,11,6.3917,4,Ground,0.00,0.00,-900.00,90.15,0,0,0,29.19,9.19,-36.65,9.47
120,11,6.4000,4,Ground,0.00,0.00,-900.00,90.15,0,0,0,29.18,9.19,-36.65,9.47
120,11,6.4083,4,Ground,0.00,0.00,-900.00,90.15,0,0,0,29.19,9.19,-36.66,9.47
120,11,6.4167,4,Ground,0.00,0.00,-900.00,90.15,0,0,0,29.19,9.18,-36.66,9.47
120,11,6.4250,4,Ground,0.00,0.00,-900.00,90.15,0,0,0,29.18,9.18,-36.66,9.47
120,11,6.4333,4,Ground,0.00,0.00,-900.00,90.15,0,0,0,29.18,9.18,-36.67,9.46
120,11,6.4417,4,Ground,0.00,0.00,-900.00,90.15,0,0,0,29.17,9.17,-36.67,9.46
120,11,6.4500,4,Ground,0.00,0.00,-900.00,90.15,0,0,0,29.17,9.17,-36.68,9.46
120,11,6.4583,4,Ground,0.00,0.00,-900.00,90.15,0,0,0,29.17,9.16,-36.68,9.46
120,11,6.4667,4,Ground,0.00,0.00,-900.00,90.15,0,0,0,29.17,9.16,-36.68,9.45
120,11,6.4750,4,Ground,0.00,0.00,-900.00,90.15,0,0,0,29.16,9.16,-36.68,9.45
120,11,6.4833,4,Ground,0.00,0.00,-900.00,90.15,0,0,0,29.16,9.15,-36.69,9.45
120,11,6.4917,4,Ground,0.00,0.00,-900.00,90.15,0,0,0,29.16,9.15,-36.69,9.45
120,11,6.5000,4,Ground,0.00,0.00,-900.00,90.15,0,0,0,29.16,9.14,-36.69,9.45
120,11,6.5083,4,Ground,0.00,0.00,-900.00,90.15,0,0,0,29.15,9.14,-36.70,9.45
120,11,6.5167,4,Ground,0.00,0.00,-900.00,90.15,0,0,0,29.15,9.14,-36.70,9.44
120,11,6.5250,4,Ground,0.00,0.00,-900.00,90.15,0,0,0,29.15,9.14,-36.70,9.44
120,11,6.5333,4,Ground,0.00,0.00,-900.00,90.15,0,0,0,29.15,9.13,-36.71,9.44
120,11,6.5417,4,Ground,0.00,0.00,-900.00,90.15,0,0,0,29.15,9.13,-36.71,9.44
120,11,6.5500,4,Ground,0.00,0.00,-900.00,90.15,0,0,0,29.14,9.12,-36.71,9.43
120,11,6.5583,4,Ground,0.00,0.00,-900.00,90.15,0,0,0,29.15,9.12,-36.71,9.43
120,11,6.5667,4,Ground,0.00,0.00,-900.00,90.15,0,0,0,29.15,9.12,-36.71,9.43
120,11,6.5750,4,Ground,0.00,0.00,-900.00,90.15,0,0,0,29.14,9.12,-36.71,9.43
120,11,6.5833,4,Ground,0.00,0.00,-900.00,90.15,0,0,0,29.14,9.11,-36.71,9.43
120,11,6.5917,4,Ground,0.00,0.00,-900.00,90.15,0,0,0,29.14,9.11,-36.72,9.43
120,11,6.6000,4,Ground,0.00,0.00,-900.00,90.15,0,0,0,29.14,9.11,-36.72,9.43
120,11,6.6083,4,Ground,0.00,0.00,-900.00,90.15,0,0,0,29.14,9.10,-36.72,9.43
120,11,6.6167,4,Ground,0.00,0.00,-900.00,90.15,0,0,0,29.14,9.10,-36.72,9.42
120,11,6.6250,4,Ground,0.00,0.00,-900.00,90.15,0,0,0,29.14,9.10,-36.72,9.42
120,11,6.6333,4,Ground,0.00,0.00,-900.00,90.15,0,0,0,29.13,9.09,-36.72,9.42
120,11,6.6417,4,Ground,0.00,0.00,-900.00,90.15,0,0,0,29.13,9.09,-36.72,9.42
120,11,6.6500,4,Ground,0.00,0.00,-900.00,90.15,0,0,0,29.13,9.09,-36.73,9.42
120,11,6.6583,4,Ground,0.00,0.00,-900.00,90.15,0,0,0,29.13,9.08,-36.73,9.42
120,11,6.6667,4,Ground,0.00,0.00,-900.00,90.15,0,0,0,29.13,9.08,-36.73,9.42
120,11,6.6750,4,Ground,0.00,0.00,-900.00,90.15,0,0,0,29.13,9.08,-36.73,9.41
120,11,6.6833,4,Ground,0.00,0.00,-900.00,90.15,0,0,0,29.13,9.07,-36.74,9.41
120,11,6.6917,4,Ground,0.00,0.00,-900.00,90.15,0,0,0,29.13,9.07,-36.74,9.41
120,11,6.7000,4,Ground,0.00,0.00,-900.00,90.15,0,0,0,29.12,9.07,-36.74,9.41
120,11,6.7083,4,Ground,0.00,0.00,-900.00,90.15,0,0,0,29.12,9.06,-36.74,9.41
120,11,6.7167,4,Ground,0.00,0.00,-900.00,90.15,0,0,0,29.12,9.05,-36.74,9.40
120,11,6.7250,4,Ground,0.00,0.00,-900.00,90.15,0,0,0,29.12,9.05,-36.75,9.40
120,11,6.7333,4,Ground,0.00,0.00,-900.00,90.15,0,0,0,29.12,9.05,-36.75,9.40
120,11,6.7417,4,Ground,0.00,0.00,-900.00,90.15,0,0,0,29.11,9.04,-36.75,9.40
120,11,6.7500,4,Ground,0.00,0.00,-900.00,90.15,0,0,0,29.11,9.04,-36.75,9.39
120,11,6.7583,4,Ground,0.00,0.00,-900.00,90.15,0,0,0,29.11,9.03,-36.76,9.39
120,11,6.7667,4,Ground,0.00,0.00,-900.00,90.15,0,0,0,29.11,9.03,-36.76,9.39
120,11,6.7750,4,Ground,0.00,0.00,-900.00,90.15,0,0,0,29.11,9.02,-36.76,9.39
120,11,6.7833,4,Ground,0.00,0.00,-900.00,90.15,0,0,0,29.10,9.02,-36.76,9.38
120,11,6.7917,4,Ground,0.00,0.00,-900.00,90.15,0,0,0,29.10,9.02,-36.76,9.38
120,11,6.8000,4,Ground,0.00,0.00,-900.00,90.15,0,0,0,29.10,9.01,-36.76,9.38
120,11,6.8083,4,Ground,0.00,0.00,-900.00,90.15,0,0,0,29.10,9.01,-36.76,9.39
120,11,6.8167,4,Ground,0.00,0.00,-900.00,90.15,0,0,0,29.10,9.01,-36.76,9.39
120,11,6.8250,4,Ground,0.00,0.00,-900.00,90.15,0,0,0,29.09,9.01,-36.76,9.40
120,11,6.8333,5,Ground,0.00,0.00,-900.00,90.15,0,0,0,29.09,9.00,-36.76,9.40
120,11,6.8417,5,Ground,0.00,0.00,-900.00,90.15,0,0,0,29.09,9.00,-36.76,9.40
120,11,6.8500,5,Ground,0.00,0.00,-900.00,90.15,0,0,0,29.09,8.99,-36.76,9.40
120,11,6.8583,5,Ground,0.00,0.00,-900.00,90.15,0,0,0,29.09,8.99,-36.76,9.40
120,11,6.8667,5,Ground,0.00,0.00,-900.00,90.15,0,0,0,29.09,8.99,-36.76,9.40
120,11,6.8750,5,Ground,0.00,0.00,-900.00,90.15,0,0,0,29.08,8.98,-36.76,9.40
120,11,6.8833,5,Ground,0.00,0.00,-900.00,90.15,0,0,0,29.08,8.98,-36.76,9.40
120,11,6.8917,5,Ground,0.00,0.00,-900.00,90.15,0,0,0,29.08,8.97,-36.76,9.40
120,11,6.9000,5,Ground,0.00,0.00,-900.00,90.15,0,0,0,29.08,8.97,-36.76,9.40
120,11,6.9083,5,Ground,0.00,0.00,-900.00,90.15,0,0,0,29.08,8.96,-36.75,9.40
120,11,6.9167,5,Ground,0.00,0.00,-900.00,90.15,0,0,0,29.07,8.96,-36.75,9.41
120,11,6.9250,6,Ground,0.00,0.00,-900.00,90.15,0,0,0,29.07,8.96,-36.75,9.41
120,11,6.9333,6,Ground,0.00,0.00,-900.00,90.15,0,0,0,29.07,8.95,-36.75,9.41
120,11,6.9417,6,Ground,0.00,0.00,-900.00,90.15,0,0,0,29.07,8.95,-36.75,9.41
120,11,6.9500,6,Ground,0.00,0.00,-900.00,90.15,0,0,0,29.06,8.95,-36.75,9.41
120,11,6.9583,6,Ground,0.00,0.00,-900.00,90.15,0,0,0,29.06,8.94,-36.75,9.41
120,11,6.9667,6,Ground,0.00,0.00,-900.00,90.15,0,0,0,29.06,8.94,-36.75,9.41
120,11,6.9750,6,Ground,0.00,0.00,-900.00,90.15,0,0,0,29.06,8.93,-36.75,9.41
120,11,6.9833,6,Ground,0.00,0.00,-900.00,90.15,0,0,0,29.06,8.93,-36.75,9.41
120,11,6.9917,6,Ground,0.00,0.00,-900.00,90.15,0,0,0,29.06,8.93,-36.75,9.41
120,11,7.0000,6,Ground,0.00,0.00,-900.00,90.15,0,0,0,29.06,8.93,-36.75,9.41
120,11,7.0083,6,Ground,0.00,0.00,-900.00,90.15,0,0,0,29.06,8.93,-36.74,9.42
120,11,7.0167,6,Ground,0.00,0.00,-900.00,90.15,0,0,0,29.06,8.93,-36.74,9.42
120,11,7.0250,6,Ground,0.00,0.00,-900.00,90.15,0,0,0,29.06,8.93,-36.74,9.42
120,11,7.0333,6,Ground,0.00,0.00,-900.00,90.15,0,0,0,29.06,8.93,-36.74,9.42
120,11,7.0417,6,Ground,0.00,0.00,-900.00,90.15,0,0,0,29.06,8.93,-36.74,9.42
120,11,7.0500,6,Ground,0.00,0.00,-900.00,90.15,0,0,0,29.06,8.93,-36.74,9.42
120,11,7.0583,6,Ground,0.00,0.00,-900.00,90.15,0,0,0,29.07,8.93,-36.74,9.42
120,11,7.0667,6,Ground,0.00,0.00,-900.00,90.15,0,0,0,29.07,8.93,-36.74,9.42
120,11,7.0750,6,Ground,0.00,0.00,-900.00,90.15,0,0,0,29.07,8.93,-36.74,9.42
120,11,7.0833,6,Ground,0.00,0.00,-900.00,90.15,0,0,0,29.07,8.93,-36.74,9.42
120,11,7.0917,6,Ground,0.00,0.00,-900.00,90.15,0,0,0,29.07,8.93,-36.74,9.43
120,11,7.1000,6,Ground,0.00,0.00,-900.00,90.15,0,0,0,29.08,8.93,-36.73,9.43
120,11,7.1083,6,Ground,0.00,0.00,-900.00,90.15,0,0,0,29.08,8.94,-36.73,9.43
120,11,7.1167,6,Ground,0.00,0.00,-900.00,90.15,0,0,0,29.08,8.94,-36.73,9.43
120,11,7.1250,6,Ground,0.00,0.00,-900.00,90.15,0,0,0,29.08,8.93,-36.73,9.43
120,11,7.1333,6,Ground,0.00,0.00,-900.00,90.15,0,0,0,29.08,8.93,-36.73,9.43
120,11,7.1417,6,Ground,0.00,0.00,-900.00,90.15,0,0,0,29.08,8.94,-36.73,9.43
120,11,7.1500,6,Ground,0.00,0.00,-900.00,90.15,0,0,0,29.08,8.94,-36.73,9.43
120,11,7.1583,6,Ground,0.00,0.00,-900.00,90.15,0,0,0,29.08,8.94,-36.73,9.43
120,11,7.1667,6,Ground,0.00,0.00,-900.00,90.15,0,0,0,29.08,8.94,-36.73,9.43
120,11,7.1750,6,Ground,0.00,0.00,-900.00,90.15,0,0,0,29.09,8.94,-36.72,9.43
120,11,7.1833,6,Ground,0.00,0.00,-900.00,90.15,0,0,0,29.09,8.94,-36.72,9.43
120,11,7.1917,6,Ground,0.00,0.00,-900.00,90.15,0,0,0,29.09,8.94,-36.72,9.43
120,11,7.2000,6,Ground,0.00,0.00,-900.00,90.15,0,0,0,29.09,8.94,-36.72,9.43
120,11,7.2083,6,Ground,0.00,0.00,-900.00,90.15,0,0,0,29.09,8.94,-36.72,9.43
120,11,7.2167,6,Ground,0.00,0.00,-900.00,90.15,0,0,0,29.09,8.95,-36.72,9.43
120,11,7.2250,6,Ground,0.00,0.00,-900.00,90.15,0,0,0,29.09,8.95,-36.72,9.43
120,11,7.2333,6,Ground,0.00,0.00,-900.00,90.15,0,0,0,29.09,8.95,-36.72,9.43
120,11,7.2417,6,Ground,0.00,0.00,-900.00,90.15,0,0,0,29.09,8.95,-36.72,9.43
120,11,7.2500,6,Ground,0.00,0.00,-900.00,90.15,0,0,0,29.10,8.95,-36.72,9.43
120,11,7.2583,6,Ground,0.00,0.00,-900.00,90.15,0,0,0,29.10,8.95,-36.72,9.43
120,11,7.2667,6,Ground,0.00,0.00,-900.00,90.15,0,0,0,29.10,8.95,-36.71,9.43
120,11,7.2750,6,Ground,0.00,0.00,-900.00,90.15,0,0,0,29.10,8.95,-36.71,9.43
120,11,7.2833,6,Ground,0.00,0.00,-900.00,90.15,0,0,0,29.10,8.95,-36.71,9.43
120,11,7.2917,6,Ground,0.00,0.00,-900.00,90.15,0,0,0,29.10,8.96,-36.71,9.44
120,11,7.3000,6,Ground,0.00,0.00,-900.00,90.15,0,0,0,29.10,8.96,-36.71,9.44
120,11,7.3083,6,Ground,0.00,0.00,-900.00,90.15,0,0,0,29.10,8.96,-36.71,9.44
120,11,7.3167,6,Ground,0.00,0.00,-900.00,90.15,0,0,0,29.11,8.96,-36.70,9.43
120,11,7.3250,6,Ground,0.00,0.00,-900.00,90.15,0,0,0,29.11,8.96,-36.70,9.43
120,11,7.3333,6,Ground,0.00,0.00,-900.00,90.15,0,0,0,29.11,8.96,-36.70,9.44
120,11,7.3417,6,Ground,0.00,0.00,-900.00,90.15,0,0,0,29.11,8.96,-36.70,9.44
120,11,7.3500,6,Ground,0.00,0.00,-900.00,90.15,0,0,0,29.11,8.96,-36.70,9.44
120,11,7.3583,6,Ground,0.00,0.00,-900.00,90.15,0,0,0,29.11,8.97,-36.70,9.44
120,11,7.3667,6,Ground,0.00,0.00,-900.00,90.15,0,0,0,29.11,8.97,-36.70,9.44
120,11,7.3750,6,Ground,0.00,0.00,-900.00,90.15,0,0,0,29.11,8.97,-36.70,9.44
120,11,7.3833,6,Ground,0.00,0.00,-900.00,90.15,0,0,0,29.11,8.97,-36.70,9.44
120,11,7.3917,6,Ground,0.00,0.00,-900.00,90.15,0,0,0,29.11,8.97,-36.69,9.44
120,11,7.4000,6,Ground,0.00,0.00,-900.00,90.15,0,0,0,29.12,8.97,-36.69,9.44
120,11,7.4083,6,Ground,0.00,0.00,-900.00,90.15,0,0,0,29.12,8.97,-36.69,9.44
120,11,7.4167,6,Ground,0.00,0.00,-900.00,90.15,0,0,0,29.12,8.98,-36.69,9.44
120,11,7.4250,6,Ground,0.00,0.00,-900.00,90.15,0,0,0,29.12,8.98,-36.69,9.44
120,11,7.4333,6,Ground,0.00,0.00,-900.00,90.15,0,0,0,29.12,8.98,-36.69,9.44
120,11,7.4417,6,Ground,0.00,0.00,-900.00,90.15,0,0,0,29.12,8.98,-36.69,9.44
120,11,7.4500,6,Ground,0.00,0.00,-900.00,90.15,0,0,0,29.12,8.98,-36.69,9.44
120,11,7.4583,6,Ground,0.00,0.00,-900.00,90.15,0,0,0,29.12,8.98,-36.68,9.44
120,11,7.4667,6,Ground,0.00,0.00,-900.00,90.15,0,0,0,29.12,8.98,-36.68,9.44
120,11,7.4750,6,Ground,0.00,0.00,-900.00,90.15,0,0,0,29.12,8.98,-36.68,9.43
120,11,7.4833,6,Ground,0.00,0.00,-900.00,90.15,0,0,0,29.12,8.98,-36.68,9.43
120,11,7.4917,6,Ground,0.00,0.00,-900.00,90.15,0,0,0,29.12,8.98,-36.68,9.43
120,11,7.5000,6,Ground,0.00,0.00,-900.00,90.15,0,0,0,29.12,8.98,-36.68,9.43
120,11,7.5083,6,Ground,0.00,0.00,-900.00,90.15,0,0,0,29.12,8.99,-36.68,9.43
120,11,7.5167,6,Ground,0.00,0.00,-900.00,90.15,0,0,0,29.13,8.99,-36.68,9.43
120,11,7.5250,6,Ground,0.00,0.00,-900.00,90.15,0,0,0,29.13,8.99,-36.67,9.43
120,11,7.5333,6,Ground,0.00,0.00,-900.00,90.15,0,0,0,29.13,8.99,-36.67,9.43
120,11,7.5417,6,Ground,0.00,0.00,-900.00,90.15,0,0,0,29.13,8.99,-36.67,9.43
120,11,7.5500,6,Ground,0.00,0.00,-900.00,90.15,0,0,0,29.13,8.99,-36.67,9.43
120,11,7.5583,6,Ground,0.00,0.00,-900.00,90.15,0,0,0,29.13,8.99,-36.67,9.43
120,11,7.5667,6,Ground,0.00,0.00,-900.00,90.15,0,0,0,29.13,8.99,-36.67,9.43
120,11,7.5750,6,Ground,0.00,0.00,-900.00,90.15,0,0,0,29.13,8.99,-36.67,9.43
120,11,7.5833,6,Ground,0.00,0.00,-900.00,90.15,0,0,0,29.13,9.00,-36.67,9.43
120,11,7.5917,6,Ground,0.00,0.00,-900.00,90.15,0,0,0,29.13,9.00,-36.66,9.43
120,11,7.6000,6,Ground,0.00,0.00,-900.00,90.15,0,0,0,29.13,9.00,-36.66,9.43
120,11,7.6083,6,Ground,0.00,0.00,-900.00,90.15,0,0,0,29.13,9.00,-36.66,9.43
120,11,7.6167,6,Ground,0.00,0.00,-900.00,90.15,0,0,0,29.13,9.00,-36.66,9.43
120,11,7.6250,6,Ground,0.00,0.00,-900.00,90.15,0,0,0,29.13,9.00,-36.66,9.43
120,11,7.6333,6,Ground,0.00,0.00,-900.00,90.15,0,0,0,29.13,9.00,-36.66,9.43
120,11,7.6417,6,Ground,0.00,0.00,-900.00,90.15,0,0,0,29.13,9.00,-36.66,9.43
120,11,7.6500,6,Ground,0.00,0.00,-900.00,90.15,0,0,0,29.13,9.00,-36.66,9.43
120,11,7.6583,6,Ground,0.00,0.00,-900.00,90.15,0,0,0,29.13,9.00,-36.66,9.43
120,11,7.6667,6,Ground,0.00,0.00,-900.00,90.15,0,0,0,29.13,9.01,-36.65,9.43
120,11,7.6750,6,Ground,0.00,0.00,-900.00,90.15,0,0,0,29.13,9.01,-36.65,9.43
120,11,7.6833,6,Ground,0.00,0.00,-900.00,90.15,0,0,0,29.13,9.00,-36.65,9.43
120,11,7.6917,6,Ground,0.00,0.00,-900.00,90.15,0,0,0,29.13,9.01,-36.65,9.43
120,11,7.7000,6,Ground,0.00,0.00,-900.00,90.15,0,0,0,29.13,9.01,-36.65,9.43
120,11,7.7083,6,Ground,0.00,0.00,-900.00,90.15,0,0,0,29.13,9.01,-36.65,9.42
120,11,7.7167,6,Ground,0.00,0.00,-900.00,90.15,0,0,0,29.13,9.01,-36.65,9.42
120,11,7.7250,6,Ground,0.00,0.00,-900.00,90.15,0,0,0,29.14,9.02,-36.65,9.43
120,11,7.7333,6,Ground,0.00,0.00,-900.00,90.15,0,0,0,29.14,9.02,-36.65,9.43
120,11,7.7417,6,Ground,0.00,0.00,-900.00,90.15,0,0,0,29.14,9.03,-36.64,9.43
120,11,7.7500,6,Ground,0.00,0.00,-900.00,90.15,0,0,0,29.15,9.03,-36.64,9.43
120,11,7.7583,6,Ground,0.00,0.00,-900.00,90.15,0,0,0,29.15,9.03,-36.64,9.43
120,11,7.7667,6,Ground,0.00,0.00,-900.00,90.15,0,0,0,29.15,9.04,-36.63,9.43
120,11,7.7750,6,Ground,0.00,0.00,-900.00,90.15,0,0,0,29.15,9.04,-36.63,9.44
120,11,7.7833,6,Ground,0.00,0.00,-900.00,90.15,0,0,0,29.15,9.04,-36.63,9.44
120,11,7.7917,6,Ground,0.00,0.00,-900.00,90.15,0,0,0,29.16,9.05,-36.62,9.44
120,11,7.8000,6,Ground,0.00,0.00,-900.00,90.15,0,0,0,29.16,9.05,-36.61,9.44
120,11,7.8083,6,Ground,0.00,0.00,-900.00,90.15,0,0,0,29.16,9.06,-36.61,9.44
120,11,7.8167,6,Ground,0.00,0.00,-900.00,90.15,0,0,0,29.17,9.06,-36.61,9.44
120,11,7.8250,6,Ground,0.00,0.00,-900.00,90.15,0,0,0,29.17,9.06,-36.60,9.45
120,11,7.8333,6,Ground,0.00,0.00,-900.00,90.15,0,0,0,29.17,9.07,-36.60,9.45
120,11,7.8417,6,Ground,0.00,0.00,-900.00,90.15,0,0,0,29.17,9.08,-36.60,9.45
120,11,7.8500,6,Ground,0.00,0.00,-900.00,90.15,0,0,0,29.18,9.08,-36.59,9.46
120,11,7.8583,6,Ground,0.00,0.00,-900.00,90.15,0,0,0,29.18,9.09,-36.59,9.46
120,11,7.8667,6,Ground,0.00,0.00,-900.00,90.15,0,0,0,29.18,9.09,-36.58,9.46
120,11,7.8750,6,Ground,0.00,0.00,-900.00,90.15,0,0,0,29.19,9.09,-36.58,9.46
120,11,7.8833,6,Ground,0.00,0.00,-900.00,90.15,0,0,0,29.19,9.10,-36.58,9.47
120,11,7.8917,6,Ground,0.00,0.00,-900.00,90.15,0,0,0,29.19,9.10,-36.57,9.47
120,11,7.9000,6,Ground,0.00,0.00,-900.00,90.15,0,0,0,29.20,9.11,-36.57,9.47
120,11,7.9083,6,Ground,0.00,0.00,-900.00,90.15,0,0,0,29.20,9.11,-36.56,9.47
120,11,7.9167,6,Ground,0.00,0.00,-900.00,90.15,0,0,0,29.20,9.12,-36.56,9.47
120,11,7.9250,6,Ground,0.00,0.00,-900.00,90.15,0,0,0,29.20,9.12,-36.56,9.48
120,11,7.9333,6,Ground,0.00,0.00,-900.00,90.15,0,0,0,29.20,9.13,-36.55,9.48
120,11,7.9417,6,Ground,0.00,0.00,-900.00,90.15,0,0,0,29.21,9.13,-36.55,9.48
120,11,7.9500,6,Ground,0.00,0.00,-900.00,90.15,0,0,0,29.21,9.14,-36.55,9.49
120,11,7.9583,6,Ground,0.00,0.00,-900.00,90.15,0,0,0,29.21,9.14,-36.55,9.49
120,11,7.9667,6,Ground,0.00,0.00,-900.00,90.15,0,0,0,29.21,9.14,-36.54,9.49
120,11,7.9750,6,Ground,0.00,0.00,-900.00,90.15,0,0,0,29.21,9.15,-36.54,9.49
120,11,7.9833,6,Ground,0.00,0.00,-900.00,90.15,0,0,0,29.21,9.15,-36.54,9.49
120,11,7.9917,6,Ground,0.00,0.00,-900.00,90.15,0,0,0,29.22,9.15,-36.54,9.50
120,11,8.0000,6,Ground,0.00,0.00,-900.00,90.15,0,0,0,29.22,9.16,-36.53,9.50
120,11,8.0083,6,Ground,0.00,0.00,-900.00,90.15,0,0,0,29.22,9.16,-36.53,9.50
120,11,8.0167,6,Ground,0.00,0.00,-900.00,90.15,0,0,0,29.22,9.17,-36.53,9.50
120,11,8.0250,6,Ground,0.00,0.00,-900.00,90.15,0,0,0,29.22,9.17,-36.53,9.50
120,11,8.0333,6,Ground,0.00,0.00,-900.00,90.15,0,0,0,29.23,9.17,-36.53,9.50
120,11,8.0417,6,Ground,0.00,0.00,-900.00,90.15,0,0,0,29.23,9.17,-36.53,9.50
120,11,8.0500,6,Ground,0.00,0.00,-900.00,90.15,0,0,0,29.23,9.17,-36.53,9.50
120,11,8.0583,6,Ground,0.00,0.00,-900.00,90.15,0,0,0,29.23,9.17,-36.53,9.50
120,11,8.0667,6,Ground,0.00,0.00,-900.00,90.15,0,0,0,29.23,9.18,-36.53,9.50
120,11,8.0750,6,Ground,0.00,0.00,-900.00,90.15,0,0,0,29.23,9.18,-36.53,9.50
120,11,8.0833,6,Ground,0.00,0.00,-900.00,90.15,0,0,0,29.23,9.18,-36.53,9.51
120,11,8.0917,6,Ground,0.00,0.00,-900.00,90.15,0,0,0,29.23,9.18,-36.53,9.51
120,11,8.1000,6,Ground,0.00,0.00,-900.00,90.15,0,0,0,29.23,9.18,-36.53,9.51
120,11,8.1083,6,Ground,0.00,0.00,-900.00,90.15,0,0,0,29.23,9.19,-36.53,9.51
120,11,8.1167,6,Ground,0.00,0.00,-900.00,90.15,0,0,0,29.23,9.19,-36.53,9.51
120,11,8.1250,6,Ground,0.00,0.00,-900.00,90.15,0,0,0,29.23,9.19,-36.53,9.51
120,11,8.1333,6,Ground,0.00,0.00,-900.00,90.15,0,0,0,29.23,9.19,-36.53,9.51
120,11,8.1417,6,Ground,0.00,0.00,-900.00,90.15,0,0,0,29.23,9.19,-36.53,9.51
120,11,8.1500,6,Ground,0.00,0.00,-900.00,90.15,0,0,0,29.22,9.19,-36.53,9.51
120,11,8.1583,6,Ground,0.00,0.00,-900.00,90.15,0,0,0,29.22,9.19,-36.53,9.51
120,11,8.1667,6,Ground,0.00,0.00,-900.00,90.15,0,0,0,29.22,9.19,-36.53,9.51
120,11,8.1750,6,Ground,0.00,0.00,-900.00,90.15,0,0,0,29.23,9.19,-36.53,9.51
120,11,8.1833,6,Ground,0.00,0.00,-900.00,90.15,0,0,0,29.23,9.20,-36.53,9.51
120,11,8.1917,6,Ground,0.00,0.00,-900.00,90.15,0,0,0,29.23,9.19,-36.54,9.51
120,11,8.2000,6,Ground,0.00,0.00,-900.00,90.15,0,0,0,29.23,9.19,-36.54,9.50
120,11,8.2083,6,Ground,0.00,0.00,-900.00,90.15,0,0,0,29.23,9.20,-36.54,9.50
120,11,8.2167,6,Ground,0.00,0.00,-900.00,90.15,0,0,0,29.23,9.20,-36.54,9.50
120,11,8.2250,6,Ground,0.00,0.00,-900.00,90.15,0,0,0,29.22,9.20,-36.55,9.50
120,11,8.2333,6,Ground,0.00,0.00,-900.00,90.15,0,0,0,29.22,9.20,-36.55,9.50
120,11,8.2417,6,Ground,0.00,0.00,-900.00,90.15,0,0,0,29.22,9.20,-36.55,9.50
120,11,8.2500,6,Ground,0.00,0.00,-900.00,90.15,0,0,0,29.22,9.20,-36.55,9.50
120,11,8.2583,6,Ground,0.00,0.00,-900.00,90.15,0,0,0,29.22,9.20,-36.56,9.50
120,11,8.2667,6,Ground,0.00,0.00,-900.00,90.15,0,0,0,29.22,9.20,-36.56,9.50
120,11,8.2750,6,Ground,0.00,0.00,-900.00,90.15,0,0,0,29.22,9.20,-36.56,9.50
120,11,8.2833,6,Ground,0.00,0.00,-900.00,90.15,0,0,0,29.22,9.20,-36.56,9.50
120,11,8.2917,6,Ground,0.00,0.00,-900.00,90.15,0,0,0,29.22,9.20,-36.57,9.50
120,11,8.3000,6,Ground,0.00,0.00,-900.00,90.15,0,0,0,29.22,9.20,-36.57,9.50
120,11,8.3083,6,Ground,0.00,0.00,-900.00,90.15,0,0,0,29.22,9.20,-36.57,9.50
120,11,8.3167,6,Ground,0.00,0.00,-900.00,90.15,0,0,0,29.22,9.20,-36.57,9.49
120,11,8.3250,6,Ground,0.00,0.00,-900.00,90.15,0,0,0,29.22,9.20,-36.57,9.49
120,11,8.3333,6,Ground,0.00,0.00,-900.00,90.15,0,0,0,29.22,9.20,-36.57,9.49
120,11,8.3417,6,Ground,0.00,0.00,-900.00,90.15,0,0,0,29.22,9.20,-36.58,9.49
120,11,8.3500,6,Ground,0.00,0.00,-900.00,90.15,0,0,0,29.22,9.20,-36.58,9.49
120,11,8.3583,6,Ground,0.00,0.00,-900.00,90.15,0,0,0,29.22,9.20,-36.58,9.49
120,11,8.3667,6,Ground,0.00,0.00,-900.00,90.15,0,0,0,29.22,9.20,-36.58,9.49
120,11,8.3750,6,Ground,0.00,0.00,-900.00,90.15,0,0,0,29.21,9.20,-36.58,9.49
120,11,8.3833,6,Ground,0.00,0.00,-900.00,90.15,0,0,0,29.21,9.20,-36.59,9.49
120,11,8.3917,6,Ground,0.00,0.00,-900.00,90.15,0,0,0,29.21,9.20,-36.59,9.49
120,11,8.4000,6,Ground,0.00,0.00,-900.00,90.15,0,0,0,29.21,9.20,-36.59,9.49
120,11,8.4083,6,Ground,0.00,0.00,-900.00,90.15,0,0,0,29.21,9.20,-36.59,9.49
120,11,8.4167,6,Ground,0.00,0.00,-900.00,90.15,0,0,0,29.21,9.20,-36.60,9.49
120,11,8.4250,6,Ground,0.00,0.00,-900.00,90.15,0,0,0,29.20,9.20,-36.60,9.49
120,11,8.4333,6,Ground,0.00,0.00,-900.00,90.15,0,0,0,29.20,9.20,-36.61,9.49
120,11,8.4417,6,Ground,0.00,0.00,-900.00,90.15,0,0,0,29.20,9.20,-36.61,9.49
120,11,8.4500,6,Ground,0.00,0.00,-900.00,90.15,0,0,0,29.20,9.20,-36.61,9.49
120,11,8.4583,6,Ground,0.00,0.00,-900.00,90.15,0,0,0,29.20,9.20,-36.61,9.49
120,11,8.4667,6,Ground,0.00,0.00,-900.00,90.15,0,0,0,29.20,9.20,-36.62,9.49
120,11,8.4750,6,Ground,0.00,0.00,-900.00,90.15,0,0,0,29.20,9.20,-36.62,9.49
120,11,8.4833,6,Ground,0.00,0.00,-900.00,90.15,0,0,0,29.21,9.20,-36.62,9.48
120,11,8.4917,6,Ground,0.00,0.00,-900.00,90.15,0,0,0,29.20,9.20,-36.62,9.48
120,11,8.5000,6,Ground,0.00,0.00,-900.00,90.15,0,0,0,29.20,9.20,-36.63,9.48
120,11,8.5083,6,Ground,0.00,0.00,-900.00,90.15,0,0,0,29.20,9.20,-36.63,9.48
120,11,8.5167,6,Ground,0.00,0.00,-900.00,90.15,0,0,0,29.20,9.20,-36.63,9.48
120,11,8.5250,6,Ground,0.00,0.00,-900.00,90.15,0,0,0,29.20,9.20,-36.63,9.48
120,11,8.5333,6,Ground,0.00,0.00,-900.00,90.15,0,0,0,29.20,9.20,-36.64,9.48
120,11,8.5417,6,Ground,0.00,0.00,-900.00,90.15,0,0,0,29.20,9.19,-36.64,9.48
120,11,8.5500,6,Ground,0.00,0.00,-900.00,90.15,0,0,0,29.19,9.19,-36.64,9.47
120,11,8.5583,6,Ground,0.00,0.00,-900.00,90.15,0,0,0,29.19,9.19,-36.65,9.47
120,11,8.5667,6,Ground,0.00,0.00,-900.00,90.15,0,0,0,29.18,9.19,-36.65,9.47
120,11,8.5750,6,Ground,0.00,0.00,-900.00,90.15,0,0,0,29.19,9.19,-36.66,9.47
120,11,8.5833,6,Ground,0.00,0.00,-900.00,90.15,0,0,0,29.19,9.18,-36.66,9.47
120,11,8.5917,6,Ground,0.00,0.00,-900.00,90.15,0,0,0,29.18,9.18,-36.66,9.47
120,11,8.6000,6,Ground,0.00,0.00,-900.00,90.15,0,0,0,29.18,9.18,-36.67,9.46
120,11,8.6083,6,Ground,0.00,0.00,-900.00,90.15,0,0,0,29.17,9.17,-36.67,9.46
120,11,8.6167,6,Ground,0.00,0.00,-900.00,90.15,0,0,0,29.17,9.17,-36.68,9.46
120,11,8.6250,6,Ground,0.00,0.00,-900.00,90.15,0,0,0,29.17,9.16,-36.68,9.46
120,11,8.6333,6,Ground,0.00,0.00,-900.00,90.15,0,0,0,29.17,9.16,-36.68,9.45
120,11,8.6417,6,Ground,0.00,0.00,-900.00,90.15,0,0,0,29.16,9.16,-36.68,9.45
120,11,8.6500,6,Ground,0.00,0.00,-900.00,90.15,0,0,0,29.16,9.15,-36.69,9.45
120,11,8.6583,6,Ground,0.00,0.00,-900.00,90.15,0,0,0,29.16,9.15,-36.69,9.45
120,11,8.6667,6,Ground,0.00,0.00,-900.00,90.15,0,0,0,29.16,9.14,-36.69,9.45
120,11,8.6750,6,Ground,0.00,0.00,-900.00,90.15,0,0,0,29.15,9.14,-36.70,9.45
120,11,8.6833,6,Ground,0.00,0.00,-900.00,90.15,0,0,0,29.15,9.14,-36.70,9.44
120,11,8.6917,6,Ground,0.00,0.00,-900.00,90.15,0,0,0,29.15,9.14,-36.70,9.44
120,11,8.7000,6,Ground,0.00,0.00,-900.00,90.15,0,0,0,29.15,9.13,-36.71,9.44
120,11,8.7083,6,Ground,0.00,0.00,-900.00,90.15,0,0,0,29.15,9.13,-36.71,9.44
120,11,8.7167,6,Ground,0.00,0.00,-900.00,90.15,0,0,0,29.14,9.12,-36.71,9.43
120,11,8.7250,6,Ground,0.00,0.00,-900.00,90.15,0,0,0,29.15,9.12,-36.71,9.43
120,11,8.7333,6,Ground,0.00,0.00,-900.00,90.15,0,0,0,29.15,9.12,-36.71,9.43
120,11,8.7417,6,Ground,0.00,0.00,-900.00,90.15,0,0,0,29.14,9.12,-36.71,9.43
120,11,8.7500,6,Ground,0.00,0.00,-900.00,90.15,0,0,0,29.14,9.11,-36.71,9.43
120,11,8.7583,6,Ground,0.00,0.00,-900.00,90.15,0,0,0,29.14,9.11,-36.72,9.43
120,11,8.7667,6,Ground,0.00,0.00,-900.00,90.15,0,0,0,29.14,9.11,-36.72,9.43
120,11,8.7750,6,Ground,0.00,0.00,-900.00,90.15,0,0,0,29.14,9.10,-36.72,9.43
120,11,8.7833,6,Ground,0.00,0.00,-900.00,90.15,0,0,0,29.14,9.10,-36.72,9.42
120,11,8.7917,6,Ground,0.00,0.00,-900.00,90.15,0,0,0,29.14,9.10,-36.72,9.42
120,11,8.8000,6,Ground,0.00,0.00,-900.00,90.15,0,0,0,29.13,9.09,-36.72,9.42
120,11,8.8083,6,Ground,0.00,0.00,-900.00,90.15,0,0,0,29.13,9.09,-36.72,9.42
120,11,8.8167,6,Ground,0.00,0.00,-900.00,90.15,0,0,0,29.13,9.09,-36.73,9.42
120,11,8.8250,6,Ground,0.00,0.00,-900.00,90.15,0,0,0,29.13,9.08,-36.73,9.42
120,11,8.8333,6,Ground,0.00,0.00,-900.00,90.15,0,0,0,29.13,9.08,-36.73,9.42
120,11,8.8417,6,Ground,0.00,0.00,-900.00,90.15,0,0,0,29.13,9.08,-36.73,9.41
120,11,8.8500,6,Ground,0.00,0.00,-900.00,90.15,0,0,0,29.13,9.07,-36.74,9.41
120,11,8.8583,6,Ground,0.00,0.00,-900.00,90.15,0,0,0,29.13,9.07,-36.74,9.41
120,11,8.8667,6,Ground,0.00,0.00,-900.00,90.15,0,0,0,29.12,9.07,-36.74,9.41
120,11,8.8750,6,Ground,0.00,0.00,-900.00,90.15,0,0,0,29.12,9.06,-36.74,9.41
120,11,8.8833,6,Ground,0.00,0.00,-900.00,90.15,0,0,0,29.12,9.05,-36.74,9.40
120,11,8.8917,6,Ground,0.00,0.00,-900.00,90.15,0,0,0,29.12,9.05,-36.75,9.40
120,11,8.9000,6,Ground,0.00,0.00,-900.00,90.15,0,0,0,29.12,9.05,-36.75,9.40
120,11,8.9083,6,Ground,0.00,0.00,-900.00,90.15,0,0,0,29.11,9.04,-36.75,9.40
120,11,8.9167,6,Ground,0.00,0.00,-900.00,90.15,0,0,0,29.11,9.04,-36.75,9.39
120,11,8.9250,6,Ground,0.00,0.00,-900.00,90.15,0,0,0,29.11,9.03,-36.76,9.39
120,11,8.9333,6,Ground,0.00,0.00,-900.00,90.15,0,0,0,29.11,9.03,-36.76,9.39
120,11,8.9417,6,Ground,0.00,0.00,-900.00,90.15,0,0,0,29.11,9.02,-36.76,9.39
120,11,8.9500,6,Ground,0.00,0.00,-900.00,90.15,0,0,0,29.10,9.02,-36.76,9.38
120,11,8.9583,6,Ground,0.00,0.00,-900.00,90.15,0,0,0,29.10,9.02,-36.76,9.38
120,11,8.9667,6,Ground,0.00,0.00,-900.00,90.15,0,0,0,29.10,9.01,-36.76,9.38
120,11,8.9750,6,Ground,0.00,0.00,-900.00,90.15,0,0,0,29.10,9.01,-36.76,9.39
120,11,8.9833,6,Ground,0.00,0.00,-900.00,90.15,0,0,0,29.10,9.01,-36.76,9.39
120,11,8.9917,6,Ground,0.00,0.00,-900.00,90.15,0,0,0,29.09,9.01,-36.76,9.40
120,11,9.0000,6,Ground,0.00,0.00,-900.00,90.15,0,0,0,29.09,9.00,-36.76,9.40
120,11,9.0083,6,Ground,0.00,0.00,-900.00,90.15,0,0,0,29.09,9.00,-36.76,9.40
120,11,9.0167,6,Ground,0.00,0.00,-900.00,90.15,0,0,0,29.09,8.99,-36.76,9.40
120,11,9.0250,7,Ground,0.00,0.00,-900.00,90.15,0,0,0,29.09,8.99,-36.76,9.40
120,11,9.0333,7,Ground,0.00,0.00,-900.00,90.15,0,0,0,29.09,8.99,-36.76,9.40
120,11,9.0417,7,Ground,0.00,0.00,-900.00,90.15,0,0,0,29.08,8.98,-36.76,9.40
120,11,9.0500,7,Ground,0.00,0.00,-900.00,90.15,0,0,0,29.08,8.98,-36.76,9.40
120,11,9.0583,7,Ground,0.00,0.00,-900.00,90.15,0,0,0,29.08,8.97,-36.76,9.40
120,11,9.0667,7,Ground,0.00,0.00,-900.00,90.15,0,0,0,29.08,8.97,-36.76,9.40
120,11,9.0750,7,Ground,0.00,0.00,-900.00,90.15,0,0,0,29.08,8.96,-36.75,9.40
120,11,9.0833,7,Ground,0.00,0.00,-900.00,90.15,0,0,0,29.07,8.96,-36.75,9.41
120,11,9.0917,7,Ground,0.00,0.00,-900.00,90.15,0,0,0,29.07,8.96,-36.75,9.41
120,11,9.1000,7,Ground,0.00,0.00,-900.00,90.15,0,0,0,29.07,8.95,-36.75,9.41
120,11,9.1083,7,Ground,0.00,0.00,-900.00,90.15,0,0,0,29.07,8.95,-36.75,9.41
120,11,9.1167,7,Ground,0.00,0.00,-900.00,90.15,0,0,0,29.06,8.95,-36.75,9.41
120,11,9.1250,7,Ground,0.00,0.00,-900.00,90.15,0,0,0,29.06,8.94,-36.75,9.41
120,11,9.1333,7,Ground,0.00,0.00,-900.00,90.15,0,0,0,29.06,8.94,-36.75,9.41
120,11,9.1417,7,Ground,0.00,0.00,-900.00,90.15,0,0,0,29.06,8.93,-36.75,9.41
120,11,9.1500,7,Ground,0.00,0.00,-900.00,90.15,0,0,0,29.06,8.93,-36.75,9.41
120,11,9.1583,7,Ground,0.00,0.00,-900.00,90.15,0,0,0,29.06,8.93,-36.75,9.41
120,11,9.1667,7,Ground,0.00,0.00,-900.00,90.15,0,0,0,29.06,8.93,-36.75,9.41
120,11,9.1750,7,Ground,0.00,0.00,-900.00,90.15,0,0,0,29.06,8.93,-36.74,9.42
120,11,9.1833,7,Ground,0.00,0.00,-900.00,90.15,0,0,0,29.06,8.93,-36.74,9.42
120,11,9.1917,7,Ground,0.00,0.00,-900.00,90.15,0,0,0,29.06,8.93,-36.74,9.42
120,11,9.2000,7,Ground,0.00,0.00,-900.00,90.15,0,0,0,29.06,8.93,-36.74,9.42
120,11,9.2083,7,Ground,0.00,0.00,-900.00,90.15,0,0,0,29.06,8.93,-36.74,9.42
120,11,9.2167,7,Ground,0.00,0.00,-900.00,90.15,0,0,0,29.06,8.93,-36.74,9.42
120,11,9.2250,7,Ground,0.00,0.00,-900.00,90.15,0,0,0,29.07,8.93,-36.74,9.42
120,11,9.2333,7,Ground,0.00,0.00,-900.00,90.15,0,0,0,29.07,8.93,-36.74,9.42
120,11,9.2417,7,Ground,0.00,0.00,-900.00,90.15,0,0,0,29.07,8.93,-36.74,9.42
120,11,9.2500,7,Ground,0.00,0.00,-900.00,90.15,0,0,0,29.07,8.93,-36.74,9.42
120,11,9.2583,7,Ground,0.00,0.00,-900.00,90.15,0,0,0,29.07,8.93,-36.74,9.43
120,11,9.2667,7,Ground,0.00,0.00,-900.00,90.15,0,0,0,29.08,8.93,-36.73,9.43
120,11,9.2750,7,Ground,0.00,0.00,-900.00,90.15,0,0,0,29.08,8.94,-36.73,9.43
120,11,9.2833,7,Ground,0.00,0.00,-900.00,90.15,0,0,0,29.08,8.94,-36.73,9.43
120,11,9.2917,7,Ground,0.00,0.00,-900.00,90.15,0,0,0,29.08,8.93,-36.73,9.43
120,11,9.3000,7,Ground,0.00,0.00,-900.00,90.15,0,0,0,29.08,8.93,-36.73,9.43
120,11,9.3083,7,Ground,0.00,0.00,-900.00,90.15,0,0,0,29.08,8.94,-36.73,9.43
120,11,9.3167,7,Ground,0.00,0.00,-900.00,90.15,0,0,0,29.08,8.94,-36.73,9.43
120,11,9.3250,7,Ground,0.00,0.00,-900.00,90.15,0,0,0,29.08,8.94,-36.73,9.43
120,11,9.3333,7,Ground,0.00,0.00,-900.00,90.15,0,0,0,29.08,8.94,-36.73,9.43
120,11,9.3417,7,Ground,0.00,0.00,-900.00,90.15,0,0,0,29.09,8.94,-36.72,9.43
120,11,9.3500,7,Ground,0.00,0.00,-900.00,90.15,0,0,0,29.09,8.94,-36.72,9.43
120,11,9.3583,7,Ground,0.00,0.00,-900.00,90.15,0,0,0,29.09,8.94,-36.72,9.43
120,11,9.3667,7,Ground,0.00,0.00,-900.00,90.15,0,0,0,29.09,8.94,-36.72,9.43
120,11,9.3750,7,Ground,0.00,0.00,-900.00,90.15,0,0,0,29.09,8.94,-36.72,9.43
120,11,9.3833,7,Ground,0.00,0.00,-900.00,90.15,0,0,0,29.09,8.95,-36.72,9.43
120,11,9.3917,7,Ground,0.00,0.00,-900.00,90.15,0,0,0,29.09,8.95,-36.72,9.43
120,11,9.4000,7,Ground,0.00,0.00,-900.00,90.15,0,0,0,29.09,8.95,-36.72,9.43
120,11,9.4083,7,Ground,0.00,0.00,-900.00,90.15,0,0,0,29.09,8.95,-36.72,9.43
120,11,9.4167,7,Ground,0.00,0.00,-900.00,90.15,0,0,0,29.10,8.95,-36.72,9.43
120,11,9.4250,7,Ground,0.00,0.00,-900.00,90.15,0,0,0,29.10,8.95,-36.72,9.43
120,11,9.4333,7,Ground,0.00,0.00,-900.00,90.15,0,0,0,29.10,8.95,-36.71,9.43
120,11,9.4417,7,Ground,0.00,0.00,-900.00,90.15,0,0,0,29.10,8.95,-36.71,9.43
120,11,9.4500,7,Ground,0.00,0.00,-900.00,90.15,0,0,0,29.10,8.95,-36.71,9.43
120,11,9.4583,7,Ground,0.00,0.00,-900.00,90.15,0,0,0,29.10,8.96,-36.71,9.44
120,11,9.4667,7,Ground,0.00,0.00,-900.00,90.15,0,0,0,29.10,8.96,-36.71,9.44
120,11,9.4750,7,Ground,0.00,0.00,-900.00,90.15,0,0,0,29.10,8.96,-36.71,9.44
120,11,9.4833,7,Ground,0.00,0.00,-900.00,90.15,0,0,0,29.11,8.96,-36.70,9.43
120,11,9.4917,7,Ground,0.00,0.00,-900.00,90.15,0,0,0,29.11,8.96,-36.70,9.43
120,11,9.5000,7,Ground,0.00,0.00,-900.00,90.15,0,0,0,29.11,8.96,-36.70,9.44
120,11,9.5083,7,Ground,0.00,0.00,-900.00,90.15,0,0,0,29.11,8.96,-36.70,9.44
120,11,9.5167,7,Ground,0.00,0.00,-900.00,90.15,0,0,0,29.11,8.96,-36.70,9.44
