fps,case,time,step,x,y,z,vx,vy,vz,attack,action,position,input_paused
30,0,0.00000,0,-500.000,-900.000,98.000,0.000,0.000,0.000,0,0,0.0000,0
30,0,0.03333,0,-497.724,-900.000,90.150,68.267,0.000,0.000,0,0,0.0000,0
30,0,0.06667,0,-493.173,-900.000,90.150,136.533,0.000,0.000,0,0,0.0000,0
30,0,0.10000,0,-486.347,-900.000,90.150,204.800,0.000,0.000,0,0,0.0000,0
30,0,0.13333,0,-477.244,-900.000,90.150,273.067,0.000,0.000,0,0,0.0000,0
30,0,0.16667,0,-465.867,-900.000,90.150,341.333,0.000,0.000,0,0,0.0000,0
30,0,0.20000,0,-452.213,-900.000,90.150,409.600,0.000,0.000,0,0,0.0000,0
30,0,0.23333,0,-437.213,-900.000,90.150,450.000,0.000,0.000,0,0,0.0000,0
30,0,0.26667,0,-422.213,-900.000,90.150,450.000,0.000,0.000,0,0,0.0000,0
30,0,0.30000,0,-407.213,-900.000,90.150,450.000,0.000,0.000,0,0,0.0000,0
30,0,0.33333,0,-392.213,-900.000,90.150,450.000,0.000,0.000,0,0,0.0000,0
30,0,0.36667,0,-377.213,-900.000,90.150,450.000,0.000,0.000,0,0,0.0000,0
30,0,0.40000,0,-362.213,-900.000,90.150,450.000,0.000,0.000,0,0,0.0000,0
30,0,0.43333,1,-347.213,-900.000,111.272,450.000,0.000,617.333,0,0,0.0000,0
30,0,0.46667,1,-332.213,-900.000,131.306,450.000,0.000,584.667,0,0,0.0000,0
30,0,0.50000,1,-317.213,-900.000,150.250,450.000,0.000,552.000,0,0,0.0000,0
30,0,0.53333,2,-302.213,-900.000,168.106,450.000,0.000,519.333,1,1,0.0333,0
30,0,0.56667,2,-287.213,-900.000,184.872,450.000,0.000,486.667,1,1,0.0667,0
30,0,0.60000,2,-272.213,-900.000,200.550,450.000,0.000,454.000,1,1,0.1000,0
30,0,0.63333,2,-257.213,-900.000,215.139,450.000,0.000,421.333,1,1,0.1333,0
30,0,0.66667,2,-242.213,-900.000,228.639,450.000,0.000,388.667,1,1,0.1667,0
30,0,0.70000,2,-227.213,-900.000,241.050,450.000,0.000,356.000,1,1,0.2000,0
30,0,0.73333,2,-212.213,-900.000,252.372,450.000,0.000,323.333,1,1,0.2333,0
30,0,0.76667,3,-197.213,-900.000,262.606,450.000,0.000,290.667,1,1,0.2667,0
30,0,0.80000,3,-182.213,-900.000,271.750,450.000,0.000,258.000,1,1,0.3000,0
30,0,0.83333,3,-167.213,-900.000,279.806,450.000,0.000,225.333,1,1,0.3333,0
30,0,0.86667,3,-152.213,-900.000,286.772,450.000,0.000,192.667,1,1,0.3667,0
30,0,0.90000,3,-137.213,-900.000,292.650,450.000,0.000,160.000,1,1,0.4000,0
30,0,0.93333,3,-122.213,-900.000,297.439,450.000,0.000,127.333,1,1,0.4333,0
30,0,0.96667,3,-107.213,-900.000,301.139,450.000,0.000,94.667,1,1,0.4667,0
30,0,1.00000,3,-92.213,-900.000,303.750,450.000,0.000,62.000,1,1,0.5000,0
30,0,1.03333,3,-77.213,-900.000,305.272,450.000,0.000,29.333,1,1,0.5333,0
30,0,1.06667,3,-62.213,-900.000,305.706,450.000,0.000,-3.333,1,1,0.5667,0
30,0,1.10000,3,-47.213,-900.000,305.050,450.000,0.000,-36.000,1,1,0.6000,0
30,0,1.13333,3,-32.213,-900.000,303.306,450.000,0.000,-68.667,1,1,0.6333,0
30,0,1.16667,3,-17.213,-900.000,300.472,450.000,0.000,-101.333,1,1,0.6667,0
30,0,1.20000,3,-2.213,-900.000,296.550,450.000,0.000,-134.000,1,1,0.7000,0
30,0,1.23333,3,12.787,-900.000,291.539,450.000,0.000,-166.667,1,1,0.7333,0
30,0,1.26667,3,27.787,-900.000,285.439,450.000,0.000,-199.333,1,1,0.7667,0
30,0,1.30000,3,42.787,-900.000,278.250,450.000,0.000,-232.000,0,0,0.0000,0
30,0,1.33333,3,57.787,-900.000,269.972,450.000,0.000,-264.667,0,0,0.0000,0
30,0,1.36667,3,72.787,-900.000,260.606,450.000,0.000,-297.333,0,0,0.0000,0
30,0,1.40000,3,87.787,-900.000,250.150,450.000,0.000,-330.000,0,0,0.0000,0
30,0,1.43333,3,102.787,-900.000,238.606,450.000,0.000,-362.667,0,0,0.0000,0
30,0,1.46667,3,117.787,-900.000,225.972,450.000,0.000,-395.333,0,0,0.0000,0
30,0,1.50000,3,132.787,-900.000,212.250,450.000,0.000,-428.000,0,0,0.0000,0
30,0,1.53333,3,147.787,-900.000,197.439,450.000,0.000,-460.667,0,0,0.0000,0
30,0,1.56667,3,162.787,-900.000,181.539,450.000,0.000,-493.333,0,0,0.0000,0
30,0,1.60000,3,177.787,-900.000,164.550,450.000,0.000,-526.000,0,0,0.0000,0
30,0,1.63333,3,192.787,-900.000,146.472,450.000,0.000,-558.667,0,0,0.0000,0
30,0,1.66667,3,207.787,-900.000,127.306,450.000,0.000,-591.333,0,0,0.0000,0
30,0,1.70000,3,222.787,-900.000,107.050,450.000,0.000,-624.000,0,0,0.0000,0
30,0,1.73333,3,237.744,-900.000,90.150,441.276,0.000,0.000,0,0,0.0000,1
30,0,1.76667,3,250.617,-900.000,90.150,386.193,0.000,0.000,0,0,0.0000,1
30,0,1.80000,3,261.883,-900.000,90.150,337.986,0.000,0.000,0,0,0.0000,1
30,0,1.83333,3,271.743,-900.000,90.150,295.796,0.000,0.000,0,0,0.0000,1
30,0,1.86667,3,283.879,-900.000,90.150,364.063,0.000,0.000,0,0,0.0000,0
30,0,1.90000,3,298.290,-900.000,90.150,432.329,0.000,0.000,0,0,0.0000,0
30,0,1.93333,3,313.290,-900.000,90.150,450.000,0.000,0.000,0,0,0.0000,0
30,0,1.96667,4,328.290,-900.000,90.150,450.000,0.000,0.000,0,0,0.0000,0
30,0,2.00000,4,343.290,-900.000,90.150,450.000,0.000,0.000,0,0,0.0000,0
30,0,2.03333,4,358.290,-900.000,90.150,450.000,0.000,0.000,0,0,0.0000,0
30,0,2.06667,4,373.290,-900.000,90.150,450.000,0.000,0.000,0,0,0.0000,0
30,0,2.10000,4,388.290,-900.000,90.150,450.000,0.000,0.000,0,0,0.0000,0
30,0,2.13333,4,403.290,-900.000,90.150,450.000,0.000,0.000,0,0,0.0000,0
30,0,2.16667,4,418.290,-900.000,90.150,450.000,0.000,0.000,0,0,0.0000,0
30,0,2.20000,4,433.290,-900.000,90.150,450.000,0.000,0.000,0,0,0.0000,0
30,0,2.23333,4,448.290,-900.000,90.150,450.000,0.000,0.000,0,0,0.0000,0
30,0,2.26667,4,463.290,-900.000,90.150,450.000,0.000,0.000,0,0,0.0000,0
30,0,2.30000,4,478.290,-900.000,90.150,450.000,0.000,0.000,0,0,0.0000,0
30,0,2.33333,4,493.290,-900.000,90.150,450.000,0.000,0.000,0,0,0.0000,0
30,0,2.36667,4,508.290,-900.000,90.150,450.000,0.000,0.000,0,0,0.0000,0
30,0,2.40000,4,523.290,-900.000,90.150,450.000,0.000,0.000,0,0,0.0000,0
30,0,2.43333,4,538.290,-900.000,90.150,450.000,0.000,0.000,0,0,0.0000,0
30,0,2.46667,4,553.290,-900.000,90.150,450.000,0.000,0.000,0,0,0.0000,0
30,0,2.50000,4,568.290,-900.000,90.150,450.000,0.000,0.000,0,0,0.0000,0
30,1,0.00000,0,-500.000,-900.000,98.000,0.000,0.000,0.000,0,0,0.0000,0
30,1,0.03333,0,-497.724,-900.000,90.150,68.267,0.000,0.000,0,0,0.0000,0
30,1,0.06667,0,-493.173,-900.000,90.150,136.533,0.000,0.000,0,0,0.0000,0
30,1,0.10000,0,-486.347,-900.000,90.150,204.800,0.000,0.000,0,0,0.0000,0
30,1,0.13333,0,-477.244,-900.000,90.150,273.067,0.000,0.000,0,0,0.0000,0
30,1,0.16667,0,-465.867,-900.000,90.150,341.333,0.000,0.000,0,0,0.0000,0
30,1,0.20000,0,-452.213,-900.000,90.150,409.600,0.000,0.000,0,0,0.0000,0
30,1,0.23333,0,-437.213,-900.000,90.150,450.000,0.000,0.000,0,0,0.0000,0
30,1,0.26667,0,-422.213,-900.000,90.150,450.000,0.000,0.000,0,0,0.0000,0
30,1,0.30000,0,-407.213,-900.000,90.150,450.000,0.000,0.000,0,0,0.0000,0
30,1,0.33333,0,-392.213,-900.000,90.150,450.000,0.000,0.000,0,0,0.0000,0
30,1,0.36667,0,-377.213,-900.000,90.150,450.000,0.000,0.000,0,0,0.0000,0
30,1,0.40000,0,-362.213,-900.000,90.150,450.000,0.000,0.000,0,0,0.0000,0
30,1,0.43333,1,-347.213,-900.000,111.272,450.000,0.000,617.333,0,0,0.0000,0
30,1,0.46667,1,-332.213,-900.000,131.306,450.000,0.000,584.667,0,0,0.0000,0
30,1,0.50000,1,-317.213,-900.000,150.250,450.000,0.000,552.000,0,0,0.0000,0
30,1,0.53333,2,-302.213,-900.000,168.106,450.000,0.000,519.333,0,0,0.0000,0
30,1,0.56667,2,-287.213,-900.000,184.872,450.000,0.000,486.667,0,0,0.0000,0
30,1,0.60000,2,-272.213,-900.000,200.550,450.000,0.000,454.000,0,0,0.0000,0
30,1,0.63333,2,-257.213,-900.000,215.139,450.000,0.000,421.333,0,0,0.0000,0
30,1,0.66667,2,-242.213,-900.000,228.639,450.000,0.000,388.667,0,0,0.0000,0
30,1,0.70000,2,-227.213,-900.000,241.050,450.000,0.000,356.000,0,0,0.0000,0
30,1,0.73333,2,-212.213,-900.000,252.372,450.000,0.000,323.333,0,0,0.0000,0
30,1,0.76667,2,-197.213,-900.000,262.606,450.000,0.000,290.667,0,0,0.0000,0
30,1,0.80000,2,-182.213,-900.000,271.750,450.000,0.000,258.000,0,0,0.0000,0
30,1,0.83333,2,-167.213,-900.000,279.806,450.000,0.000,225.333,0,0,0.0000,0
30,1,0.86667,2,-152.213,-900.000,286.772,450.000,0.000,192.667,0,0,0.0000,0
30,1,0.90000,2,-137.213,-900.000,292.650,450.000,0.000,160.000,0,0,0.0000,0
30,1,0.93333,2,-122.213,-900.000,297.439,450.000,0.000,127.333,0,0,0.0000,0
30,1,0.96667,2,-107.213,-900.000,301.139,450.000,0.000,94.667,0,0,0.0000,0
30,1,1.00000,2,-92.213,-900.000,303.750,450.000,0.000,62.000,0,0,0.0000,0
30,1,1.03333,2,-77.213,-900.000,305.272,450.000,0.000,29.333,0,0,0.0000,0
30,1,1.06667,2,-62.213,-900.000,305.706,450.000,0.000,-3.333,0,0,0.0000,0
30,1,1.10000,2,-47.213,-900.000,305.050,450.000,0.000,-36.000,0,0,0.0000,0
30,1,1.13333,2,-32.213,-900.000,303.306,450.000,0.000,-68.667,0,0,0.0000,0
30,1,1.16667,2,-17.213,-900.000,300.472,450.000,0.000,-101.333,0,0,0.0000,0
30,1,1.20000,2,-2.213,-900.000,296.550,450.000,0.000,-134.000,0,0,0.0000,0
30,1,1.23333,2,12.787,-900.000,291.539,450.000,0.000,-166.667,0,0,0.0000,0
30,1,1.26667,2,27.787,-900.000,285.439,450.000,0.000,-199.333,0,0,0.0000,0
30,1,1.30000,2,42.787,-900.000,278.250,450.000,0.000,-232.000,0,0,0.0000,0
30,1,1.33333,2,57.787,-900.000,269.972,450.000,0.000,-264.667,0,0,0.0000,0
30,1,1.36667,2,72.787,-900.000,260.606,450.000,0.000,-297.333,0,0,0.0000,0
30,1,1.40000,2,87.787,-900.000,250.150,450.000,0.000,-330.000,0,0,0.0000,0
30,1,1.43333,2,102.787,-900.000,238.606,450.000,0.000,-362.667,0,0,0.0000,0
30,1,1.46667,2,117.787,-900.000,225.972,450.000,0.000,-395.333,0,0,0.0000,0
30,1,1.50000,2,132.787,-900.000,212.250,450.000,0.000,-428.000,0,0,0.0000,0
30,1,1.53333,2,147.787,-900.000,197.439,450.000,0.000,-460.667,0,0,0.0000,0
30,1,1.56667,2,162.787,-900.000,181.539,450.000,0.000,-493.333,0,0,0.0000,0
30,1,1.60000,2,177.787,-900.000,164.550,450.000,0.000,-526.000,0,0,0.0000,0
30,1,1.63333,2,192.787,-900.000,146.472,450.000,0.000,-558.667,0,0,0.0000,0
30,1,1.66667,2,207.787,-900.000,127.306,450.000,0.000,-591.333,0,0,0.0000,0
30,1,1.70000,2,222.787,-900.000,107.050,450.000,0.000,-624.000,0,0,0.0000,0
30,1,1.73333,2,237.744,-900.000,90.150,441.276,0.000,0.000,0,0,0.0000,1
30,1,1.76667,2,250.617,-900.000,90.150,386.193,0.000,0.000,0,0,0.0000,1
30,1,1.80000,2,261.883,-900.000,90.150,337.986,0.000,0.000,0,0,0.0000,1
30,1,1.83333,2,271.743,-900.000,90.150,295.796,0.000,0.000,0,0,0.0000,1
30,1,1.86667,2,283.879,-900.000,90.150,364.063,0.000,0.000,0,0,0.0000,0
30,1,1.90000,2,298.290,-900.000,90.150,432.329,0.000,0.000,0,0,0.0000,0
30,1,1.93333,2,313.290,-900.000,90.150,450.000,0.000,0.000,0,0,0.0000,0
30,1,1.96667,4,328.290,-900.000,90.150,450.000,0.000,0.000,0,0,0.0000,0
30,1,2.00000,4,343.290,-900.000,90.150,450.000,0.000,0.000,0,0,0.0000,0
30,1,2.03333,4,358.290,-900.000,90.150,450.000,0.000,0.000,0,0,0.0000,0
30,1,2.06667,4,373.290,-900.000,90.150,450.000,0.000,0.000,0,0,0.0000,0
30,1,2.10000,4,388.290,-900.000,90.150,450.000,0.000,0.000,0,0,0.0000,0
30,1,2.13333,4,403.290,-900.000,90.150,450.000,0.000,0.000,0,0,0.0000,0
30,1,2.16667,4,418.290,-900.000,90.150,450.000,0.000,0.000,0,0,0.0000,0
30,1,2.20000,4,433.290,-900.000,90.150,450.000,0.000,0.000,0,0,0.0000,0
30,1,2.23333,4,448.290,-900.000,90.150,450.000,0.000,0.000,0,0,0.0000,0
30,1,2.26667,4,463.290,-900.000,90.150,450.000,0.000,0.000,0,0,0.0000,0
30,1,2.30000,4,478.290,-900.000,90.150,450.000,0.000,0.000,0,0,0.0000,0
30,1,2.33333,4,493.290,-900.000,90.150,450.000,0.000,0.000,0,0,0.0000,0
30,1,2.36667,4,508.290,-900.000,90.150,450.000,0.000,0.000,0,0,0.0000,0
30,1,2.40000,4,523.290,-900.000,90.150,450.000,0.000,0.000,0,0,0.0000,0
30,1,2.43333,4,538.290,-900.000,90.150,450.000,0.000,0.000,0,0,0.0000,0
30,1,2.46667,4,553.290,-900.000,90.150,450.000,0.000,0.000,0,0,0.0000,0
30,1,2.50000,4,568.290,-900.000,90.150,450.000,0.000,0.000,0,0,0.0000,0
30,2,0.00000,0,-500.000,-900.000,98.000,0.000,0.000,0.000,0,0,0.0000,0
30,2,0.03333,0,-497.724,-900.000,90.150,68.267,0.000,0.000,0,0,0.0000,0
30,2,0.06667,0,-493.173,-900.000,90.150,136.533,0.000,0.000,0,0,0.0000,0
30,2,0.10000,0,-486.347,-900.000,90.150,204.800,0.000,0.000,0,0,0.0000,0
30,2,0.13333,0,-477.244,-900.000,90.150,273.067,0.000,0.000,0,0,0.0000,0
30,2,0.16667,0,-465.867,-900.000,90.150,341.333,0.000,0.000,0,0,0.0000,0
30,2,0.20000,0,-452.213,-900.000,90.150,409.600,0.000,0.000,0,0,0.0000,0
30,2,0.23333,0,-437.213,-900.000,90.150,450.000,0.000,0.000,0,0,0.0000,0
30,2,0.26667,0,-422.213,-900.000,90.150,450.000,0.000,0.000,0,0,0.0000,0
30,2,0.30000,0,-407.213,-900.000,90.150,450.000,0.000,0.000,0,0,0.0000,0
30,2,0.33333,0,-392.213,-900.000,90.150,450.000,0.000,0.000,0,0,0.0000,0
30,2,0.36667,0,-377.213,-900.000,90.150,450.000,0.000,0.000,0,0,0.0000,0
30,2,0.40000,0,-362.213,-900.000,90.150,450.000,0.000,0.000,0,0,0.0000,0
30,2,0.43333,1,-347.213,-900.000,111.272,450.000,0.000,617.333,0,0,0.0000,0
30,2,0.46667,1,-332.213,-900.000,131.306,450.000,0.000,584.667,0,0,0.0000,0
30,2,0.50000,1,-317.213,-900.000,150.250,450.000,0.000,552.000,0,0,0.0000,0
30,2,0.53333,2,-302.213,-900.000,168.106,450.000,0.000,519.333,0,0,0.0000,0
30,2,0.56667,2,-287.213,-900.000,184.872,450.000,0.000,486.667,0,0,0.0000,0
30,2,0.60000,2,-272.213,-900.000,200.550,450.000,0.000,454.000,0,0,0.0000,0
30,2,0.63333,2,-257.213,-900.000,215.139,450.000,0.000,421.333,0,0,0.0000,0
30,2,0.66667,2,-242.213,-900.000,228.639,450.000,0.000,388.667,0,0,0.0000,0
30,2,0.70000,2,-227.213,-900.000,241.050,450.000,0.000,356.000,0,0,0.0000,0
30,2,0.73333,2,-212.213,-900.000,252.372,450.000,0.000,323.333,0,0,0.0000,0
30,2,0.76667,2,-197.213,-900.000,262.606,450.000,0.000,290.667,0,0,0.0000,0
30,2,0.80000,2,-182.213,-900.000,271.750,450.000,0.000,258.000,0,0,0.0000,0
30,2,0.83333,2,-167.213,-900.000,279.806,450.000,0.000,225.333,0,0,0.0000,0
30,2,0.86667,2,-152.213,-900.000,286.772,450.000,0.000,192.667,0,0,0.0000,0
30,2,0.90000,2,-137.213,-900.000,292.650,450.000,0.000,160.000,0,0,0.0000,0
30,2,0.93333,2,-122.213,-900.000,297.439,450.000,0.000,127.333,0,0,0.0000,0
30,2,0.96667,2,-107.213,-900.000,301.139,450.000,0.000,94.667,0,0,0.0000,0
30,2,1.00000,2,-92.213,-900.000,303.750,450.000,0.000,62.000,0,0,0.0000,0
30,2,1.03333,2,-77.213,-900.000,305.272,450.000,0.000,29.333,0,0,0.0000,0
30,2,1.06667,2,-62.213,-900.000,305.706,450.000,0.000,-3.333,0,0,0.0000,0
30,2,1.10000,2,-47.213,-900.000,305.050,450.000,0.000,-36.000,0,0,0.0000,0
30,2,1.13333,2,-32.213,-900.000,303.306,450.000,0.000,-68.667,0,0,0.0000,0
30,2,1.16667,2,-17.213,-900.000,300.472,450.000,0.000,-101.333,0,0,0.0000,0
30,2,1.20000,2,-2.213,-900.000,296.550,450.000,0.000,-134.000,0,0,0.0000,0
30,2,1.23333,2,12.787,-900.000,291.539,450.000,0.000,-166.667,0,0,0.0000,0
30,2,1.26667,2,27.787,-900.000,285.439,450.000,0.000,-199.333,0,0,0.0000,0
30,2,1.30000,2,42.787,-900.000,278.250,450.000,0.000,-232.000,0,0,0.0000,0
30,2,1.33333,2,57.787,-900.000,269.972,450.000,0.000,-264.667,0,0,0.0000,0
30,2,1.36667,2,72.787,-900.000,260.606,450.000,0.000,-297.333,0,0,0.0000,0
30,2,1.40000,2,87.787,-900.000,250.150,450.000,0.000,-330.000,0,0,0.0000,0
30,2,1.43333,2,102.787,-900.000,238.606,450.000,0.000,-362.667,0,0,0.0000,0
30,2,1.46667,2,117.787,-900.000,225.972,450.000,0.000,-395.333,0,0,0.0000,0
30,2,1.50000,2,132.787,-900.000,212.250,450.000,0.000,-428.000,0,0,0.0000,0
30,2,1.53333,2,147.787,-900.000,197.439,450.000,0.000,-460.667,0,0,0.0000,0
30,2,1.56667,2,162.787,-900.000,181.539,450.000,0.000,-493.333,0,0,0.0000,0
30,2,1.60000,2,177.787,-900.000,164.550,450.000,0.000,-526.000,0,0,0.0000,0
30,2,1.63333,2,192.787,-900.000,146.472,450.000,0.000,-558.667,0,0,0.0000,0
30,2,1.66667,2,207.787,-900.000,127.306,450.000,0.000,-591.333,0,0,0.0000,0
30,2,1.70000,2,222.787,-900.000,107.050,450.000,0.000,-624.000,0,0,0.0000,0
30,2,1.73333,2,237.744,-900.000,90.150,441.276,0.000,0.000,0,0,0.0000,1
30,2,1.76667,2,250.617,-900.000,90.150,386.193,0.000,0.000,0,0,0.0000,1
30,2,1.80000,2,261.883,-900.000,90.150,337.986,0.000,0.000,0,0,0.0000,1
30,2,1.83333,2,271.743,-900.000,90.150,295.796,0.000,0.000,0,0,0.0000,1
30,2,1.86667,2,275.073,-900.000,90.150,99.908,0.000,0.000,0,0,0.0000,0
30,2,1.90000,2,275.073,-900.000,90.150,0.000,0.000,0.000,0,0,0.0000,0
30,2,1.93333,2,275.073,-900.000,90.150,0.000,0.000,0.000,0,0,0.0000,0
30,2,1.96667,4,275.073,-900.000,90.150,0.000,0.000,0.000,0,0,0.0000,0
30,2,2.00000,4,275.073,-900.000,90.150,0.000,0.000,0.000,0,0,0.0000,0
30,2,2.03333,4,275.073,-900.000,90.150,0.000,0.000,0.000,0,0,0.0000,0
30,2,2.06667,4,275.073,-900.000,90.150,0.000,0.000,0.000,0,0,0.0000,0
30,2,2.10000,4,275.073,-900.000,90.150,0.000,0.000,0.000,0,0,0.0000,0
30,2,2.13333,4,275.073,-900.000,90.150,0.000,0.000,0.000,0,0,0.0000,0
30,2,2.16667,4,275.073,-900.000,90.150,0.000,0.000,0.000,0,0,0.0000,0
30,2,2.20000,4,275.073,-900.000,90.150,0.000,0.000,0.000,0,0,0.0000,0
30,2,2.23333,4,275.073,-900.000,90.150,0.000,0.000,0.000,0,0,0.0000,0
30,2,2.26667,4,275.073,-900.000,90.150,0.000,0.000,0.000,0,0,0.0000,0
30,2,2.30000,4,275.073,-900.000,90.150,0.000,0.000,0.000,0,0,0.0000,0
30,2,2.33333,4,275.073,-900.000,90.150,0.000,0.000,0.000,0,0,0.0000,0
30,2,2.36667,4,275.073,-900.000,90.150,0.000,0.000,0.000,0,0,0.0000,0
30,2,2.40000,4,275.073,-900.000,90.150,0.000,0.000,0.000,0,0,0.0000,0
30,2,2.43333,4,275.073,-900.000,90.150,0.000,0.000,0.000,0,0,0.0000,0
30,2,2.46667,4,275.073,-900.000,90.150,0.000,0.000,0.000,0,0,0.0000,0
30,2,2.50000,4,275.073,-900.000,90.150,0.000,0.000,0.000,0,0,0.0000,0
30,3,0.00000,0,-500.000,-900.000,98.000,0.000,0.000,0.000,0,0,0.0000,0
30,3,0.03333,0,-497.724,-900.000,90.150,68.267,0.000,0.000,0,0,0.0000,0
30,3,0.06667,0,-493.173,-900.000,90.150,136.533,0.000,0.000,0,0,0.0000,0
30,3,0.10000,0,-486.347,-900.000,90.150,204.800,0.000,0.000,0,0,0.0000,0
30,3,0.13333,0,-477.244,-900.000,90.150,273.067,0.000,0.000,0,0,0.0000,0
30,3,0.16667,0,-465.867,-900.000,90.150,341.333,0.000,0.000,0,0,0.0000,0
30,3,0.20000,0,-452.213,-900.000,90.150,409.600,0.000,0.000,0,0,0.0000,0
30,3,0.23333,0,-437.213,-900.000,90.150,450.000,0.000,0.000,0,0,0.0000,0
30,3,0.26667,0,-419.938,-900.000,90.150,518.267,0.000,0.000,0,0,0.0000,0
30,3,0.30000,0,-400.387,-900.000,90.150,586.533,0.000,0.000,0,0,0.0000,0
30,3,0.33333,0,-378.720,-900.000,90.150,650.000,0.000,0.000,0,0,0.0000,0
30,3,0.36667,0,-357.053,-900.000,90.150,650.000,0.000,0.000,0,0,0.0000,0
30,3,0.40000,0,-335.387,-900.000,90.150,650.000,0.000,0.000,0,0,0.0000,0
30,3,0.43333,0,-313.720,-900.000,90.150,650.000,0.000,0.000,0,0,0.0000,0
30,3,0.46667,0,-292.053,-900.000,90.150,650.000,0.000,0.000,0,0,0.0000,0
30,3,0.50000,0,-270.387,-900.000,90.150,650.000,0.000,0.000,0,0,0.0000,0
30,3,0.53333,1,-249.486,-900.000,90.150,627.033,0.000,0.000,1,1,0.0333,0
30,3,0.56667,1,-228.780,-900.000,90.150,621.171,0.000,0.000,1,1,0.0667,0
30,3,0.60000,1,-208.034,-900.000,90.150,622.370,0.000,0.000,1,1,0.1000,0
30,3,0.63333,2,-187.018,-900.000,90.150,630.496,0.000,0.000,1,1,0.1333,0
30,3,0.66667,2,-165.499,-900.000,90.150,645.549,0.000,0.000,1,1,0.1667,0
30,3,0.70000,2,-139.008,-900.000,90.150,794.747,0.000,0.000,1,1,0.2000,0
30,3,0.73333,2,-124.887,-900.000,90.150,423.617,0.000,0.000,1,1,0.2333,0
30,3,0.76667,2,-130.606,-900.000,90.150,-171.578,0.000,0.000,1,1,0.2667,0
30,3,0.80000,2,-133.497,-900.000,90.150,-86.721,0.000,0.000,1,1,0.3000,0
30,3,0.83333,2,-134.548,-900.000,90.150,-31.527,0.000,0.000,1,1,0.3333,0
30,3,0.86667,2,-135.212,-900.000,90.150,-19.931,0.000,0.000,1,1,0.3667,0
30,3,0.90000,2,-135.853,-900.000,90.150,-19.228,0.000,0.000,1,1,0.4000,0
30,3,0.93333,2,-136.440,-900.000,90.150,-17.586,0.000,0.000,1,1,0.4333,0
30,3,0.96667,2,-136.877,-900.000,90.150,-13.131,0.000,0.000,1,1,0.4667,0
30,3,1.00000,2,-137.120,-900.000,90.150,-7.269,0.000,0.000,1,1,0.5000,0
30,3,1.03333,2,-137.151,-900.000,90.150,-0.938,0.000,0.000,1,1,0.5333,0
30,3,1.06667,2,-137.034,-900.000,90.150,3.517,0.000,0.000,1,1,0.5667,0
30,3,1.10000,2,-136.854,-900.000,90.150,5.393,0.000,0.000,1,1,0.6000,0
30,3,1.13333,2,-136.713,-900.000,90.150,4.221,0.000,0.000,1,1,0.6333,0
30,3,1.16667,2,-136.700,-900.000,90.150,0.403,0.000,0.000,1,1,0.6667,0
30,3,1.20000,2,-136.790,-900.000,90.150,-2.701,0.000,0.000,1,1,0.7000,0
30,3,1.23333,2,-136.994,-900.000,90.150,-6.113,0.000,0.000,1,1,0.7333,0
30,3,1.26667,2,-137.467,-900.000,90.150,-14.216,0.000,0.000,1,1,0.7667,0
30,3,1.30000,2,-137.467,-900.000,90.150,0.000,0.000,0.000,1,1,0.8000,0
30,3,1.33333,2,-137.467,-900.000,90.150,0.000,0.000,0.000,1,1,0.8333,0
30,3,1.36667,2,-137.467,-900.000,90.150,0.000,0.000,0.000,1,1,0.8667,0
30,3,1.40000,2,-137.467,-900.000,90.150,0.000,0.000,0.000,0,0,0.0000,0
30,3,1.43333,2,-135.192,-900.000,90.150,68.267,0.000,0.000,0,0,0.0000,0
30,3,1.46667,2,-130.641,-900.000,90.150,136.533,0.000,0.000,0,0,0.0000,0
30,3,1.50000,2,-123.814,-900.000,90.150,204.800,0.000,0.000,0,0,0.0000,0
30,3,1.53333,2,-114.712,-900.000,90.150,273.067,0.000,0.000,0,0,0.0000,0
30,3,1.56667,2,-103.334,-900.000,90.150,341.333,0.000,0.000,0,0,0.0000,0
30,4,0.00000,0,500.000,-900.000,98.000,0.000,0.000,0.000,0,0,0.0000,0
30,4,0.03333,0,500.000,-900.000,90.150,0.000,0.000,0.000,0,0,0.0000,0
30,4,0.06667,0,500.000,-900.000,90.150,0.000,0.000,0.000,0,0,0.0000,0
30,4,0.10000,0,500.000,-900.000,90.150,0.000,0.000,0.000,0,0,0.0000,0
30,4,0.13333,0,500.000,-900.000,90.150,0.000,0.000,0.000,0,0,0.0000,0
30,4,0.16667,0,500.000,-900.000,90.150,0.000,0.000,0.000,0,0,0.0000,0
30,4,0.20000,0,500.000,-900.000,90.150,0.000,0.000,0.000,0,0,0.0000,0
30,4,0.23333,0,500.000,-900.000,90.150,0.000,0.000,0.000,0,0,0.0000,0
30,4,0.26667,0,500.000,-900.000,90.150,0.000,0.000,0.000,0,0,0.0000,0
30,4,0.30000,0,500.000,-900.000,90.150,0.000,0.000,0.000,0,0,0.0000,0
30,4,0.33333,0,500.000,-900.000,90.150,0.000,0.000,0.000,0,0,0.0000,0
30,4,0.36667,0,500.000,-900.000,90.150,0.000,0.000,0.000,0,0,0.0000,0
30,4,0.40000,0,500.000,-900.000,90.150,0.000,0.000,0.000,0,0,0.0000,0
30,4,0.43333,0,500.000,-900.000,90.150,0.000,0.000,0.000,0,0,0.0000,0
30,4,0.46667,0,500.000,-900.000,90.150,0.000,0.000,0.000,0,0,0.0000,0
30,4,0.50000,0,500.000,-900.000,90.150,0.000,0.000,0.000,0,0,0.0000,0
30,4,0.53333,0,500.000,-900.000,90.150,0.000,0.000,0.000,0,0,0.0000,0
30,4,0.56667,0,500.000,-900.000,90.150,0.000,0.000,0.000,0,0,0.0000,0
30,4,0.60000,0,500.000,-900.000,90.150,0.000,0.000,0.000,0,0,0.0000,0
30,4,0.63333,0,500.000,-900.000,90.150,0.000,0.000,0.000,0,0,0.0000,0
30,4,0.66667,0,500.000,-900.000,90.150,0.000,0.000,0.000,0,0,0.0000,0
30,4,0.70000,0,500.000,-900.000,90.150,0.000,0.000,0.000,0,0,0.0000,0
30,4,0.73333,0,500.000,-900.000,90.150,0.000,0.000,0.000,0,0,0.0000,0
30,4,0.76667,0,500.000,-900.000,90.150,0.000,0.000,0.000,0,0,0.0000,0
30,4,0.80000,0,500.000,-900.000,90.150,0.000,0.000,0.000,0,0,0.0000,0
30,4,0.83333,0,500.000,-900.000,90.150,0.000,0.000,0.000,0,0,0.0000,0
30,4,0.86667,0,500.000,-900.000,90.150,0.000,0.000,0.000,0,0,0.0000,0
30,4,0.90000,0,500.000,-900.000,90.150,0.000,0.000,0.000,0,0,0.0000,0
30,4,0.93333,0,500.000,-900.000,90.150,0.000,0.000,0.000,0,0,0.0000,0
30,4,0.96667,0,500.000,-900.000,90.150,0.000,0.000,0.000,0,0,0.0000,0
30,4,1.00000,0,500.000,-900.000,90.150,0.000,0.000,0.000,0,0,0.0000,0
30,4,1.03333,0,500.000,-900.000,90.150,0.000,0.000,0.000,0,0,0.0000,0
30,4,1.06667,0,500.000,-900.000,90.150,0.000,0.000,0.000,0,0,0.0000,0
30,4,1.10000,0,500.000,-900.000,90.150,0.000,0.000,0.000,0,0,0.0000,0
30,4,1.13333,0,500.000,-900.000,90.150,0.000,0.000,0.000,0,0,0.0000,0
30,4,1.16667,0,500.000,-900.000,90.150,0.000,0.000,0.000,0,0,0.0000,0
30,4,1.20000,0,500.000,-900.000,90.150,0.000,0.000,0.000,0,0,0.0000,0
30,4,1.23333,0,500.000,-900.000,90.150,0.000,0.000,0.000,0,0,0.0000,0
30,4,1.26667,0,500.000,-900.000,90.150,0.000,0.000,0.000,0,0,0.0000,0
30,4,1.30000,0,500.000,-900.000,90.150,0.000,0.000,0.000,0,0,0.0000,0
30,4,1.33333,0,500.000,-900.000,90.150,0.000,0.000,0.000,0,0,0.0000,0
30,4,1.36667,0,500.000,-900.000,90.150,0.000,0.000,0.000,0,0,0.0000,0
30,4,1.40000,0,500.000,-900.000,90.150,0.000,0.000,0.000,0,0,0.0000,0
30,4,1.43333,0,500.000,-900.000,90.150,0.000,0.000,0.000,0,0,0.0000,0
30,4,1.46667,0,500.000,-900.000,90.150,0.000,0.000,0.000,0,0,0.0000,0
30,4,1.50000,0,500.000,-900.000,90.150,0.000,0.000,0.000,0,0,0.0000,0
30,4,1.53333,0,500.000,-900.000,90.150,0.000,0.000,0.000,0,0,0.0000,0
30,4,1.56667,0,500.000,-900.000,90.150,0.000,0.000,0.000,0,0,0.0000,0
30,4,1.60000,0,500.000,-900.000,90.150,0.000,0.000,0.000,0,0,0.0000,0
30,4,1.63333,0,500.000,-900.000,90.150,0.000,0.000,0.000,0,0,0.0000,0
30,4,1.66667,0,500.000,-900.000,90.150,0.000,0.000,0.000,0,0,0.0000,0
30,4,1.70000,0,500.000,-900.000,90.150,0.000,0.000,0.000,0,0,0.0000,0
30,4,1.73333,0,500.000,-900.000,90.150,0.000,0.000,0.000,0,0,0.0000,0
60,0,0.00000,0,-500.000,-900.000,98.000,0.000,0.000,0.000,0,0,0.0000,0
60,0,0.01667,0,-499.431,-900.000,90.150,34.133,0.000,0.000,0,0,0.0000,0
60,0,0.03333,0,-498.293,-900.000,90.150,68.267,0.000,0.000,0,0,0.0000,0
60,0,0.05000,0,-496.587,-900.000,90.150,102.400,0.000,0.000,0,0,0.0000,0
60,0,0.06667,0,-494.311,-900.000,90.150,136.533,0.000,0.000,0,0,0.0000,0
60,0,0.08333,0,-491.467,-900.000,90.150,170.667,0.000,0.000,0,0,0.0000,0
60,0,0.10000,0,-488.053,-900.000,90.150,204.800,0.000,0.000,0,0,0.0000,0
60,0,0.11667,0,-484.071,-900.000,90.150,238.933,0.000,0.000,0,0,0.0000,0
60,0,0.13333,0,-479.520,-900.000,90.150,273.067,0.000,0.000,0,0,0.0000,0
60,0,0.15000,0,-474.400,-900.000,90.150,307.200,0.000,0.000,0,0,0.0000,0
60,0,0.16667,0,-468.711,-900.000,90.150,341.333,0.000,0.000,0,0,0.0000,0
60,0,0.18333,0,-462.453,-900.000,90.150,375.467,0.000,0.000,0,0,0.0000,0
60,0,0.20000,0,-455.627,-900.000,90.150,409.600,0.000,0.000,0,0,0.0000,0
60,0,0.21667,0,-448.231,-900.000,90.150,443.733,0.000,0.000,0,0,0.0000,0
60,0,0.23333,0,-440.731,-900.000,90.150,450.000,0.000,0.000,0,0,0.0000,0
60,0,0.25000,0,-433.231,-900.000,90.150,450.000,0.000,0.000,0,0,0.0000,0
60,0,0.26667,0,-425.731,-900.000,90.150,450.000,0.000,0.000,0,0,0.0000,0
60,0,0.28333,0,-418.231,-900.000,90.150,450.000,0.000,0.000,0,0,0.0000,0
60,0,0.30000,0,-410.731,-900.000,90.150,450.000,0.000,0.000,0,0,0.0000,0
60,0,0.31667,0,-403.231,-900.000,90.150,450.000,0.000,0.000,0,0,0.0000,0
60,0,0.33333,0,-395.731,-900.000,90.150,450.000,0.000,0.000,0,0,0.0000,0
60,0,0.35000,0,-388.231,-900.000,90.150,450.000,0.000,0.000,0,0,0.0000,0
60,0,0.36667,0,-380.731,-900.000,90.150,450.000,0.000,0.000,0,0,0.0000,0
60,0,0.38333,0,-373.231,-900.000,90.150,450.000,0.000,0.000,0,0,0.0000,0
60,0,0.40000,0,-365.731,-900.000,90.150,450.000,0.000,0.000,0,0,0.0000,0
60,0,0.41667,1,-358.231,-900.000,100.847,450.000,0.000,633.667,0,0,0.0000,0
60,0,0.43333,1,-350.731,-900.000,111.272,450.000,0.000,617.333,0,0,0.0000,0
60,0,0.45000,1,-343.231,-900.000,121.425,450.000,0.000,601.000,0,0,0.0000,0
60,0,0.46667,1,-335.731,-900.000,131.306,450.000,0.000,584.667,0,0,0.0000,0
60,0,0.48333,1,-328.231,-900.000,140.914,450.000,0.000,568.333,0,0,0.0000,0
60,0,0.50000,1,-320.731,-900.000,150.250,450.000,0.000,552.000,0,0,0.0000,0
60,0,0.51667,2,-313.231,-900.000,159.314,450.000,0.000,535.667,1,1,0.0167,0
60,0,0.53333,2,-305.731,-900.000,168.106,450.000,0.000,519.333,1,1,0.0333,0
60,0,0.55000,2,-298.231,-900.000,176.625,450.000,0.000,503.000,1,1,0.0500,0
60,0,0.56667,2,-290.731,-900.000,184.872,450.000,0.000,486.667,1,1,0.0667,0
60,0,0.58333,2,-283.231,-900.000,192.847,450.000,0.000,470.333,1,1,0.0833,0
60,0,0.60000,2,-275.731,-900.000,200.550,450.000,0.000,454.000,1,1,0.1000,0
60,0,0.61667,2,-268.231,-900.000,207.981,450.000,0.000,437.667,1,1,0.1167,0
60,0,0.63333,2,-260.731,-900.000,215.139,450.000,0.000,421.333,1,1,0.1333,0
60,0,0.65000,2,-253.231,-900.000,222.025,450.000,0.000,405.000,1,1,0.1500,0
60,0,0.66667,2,-245.731,-900.000,228.639,450.000,0.000,388.667,1,1,0.1667,0
60,0,0.68333,2,-238.231,-900.000,234.981,450.000,0.000,372.333,1,1,0.1833,0
60,0,0.70000,2,-230.731,-900.000,241.050,450.000,0.000,356.000,1,1,0.2000,0
60,0,0.71667,2,-223.231,-900.000,246.847,450.000,0.000,339.667,1,1,0.2167,0
60,0,0.73333,2,-215.731,-900.000,252.372,450.000,0.000,323.333,1,1,0.2333,0
60,0,0.75000,3,-208.231,-900.000,257.625,450.000,0.000,307.000,1,1,0.2500,0
60,0,0.76667,3,-200.731,-900.000,262.606,450.000,0.000,290.667,1,1,0.2667,0
60,0,0.78333,3,-193.231,-900.000,267.314,450.000,0.000,274.333,1,1,0.2833,0
60,0,0.80000,3,-185.731,-900.000,271.750,450.000,0.000,258.000,1,1,0.3000,0
60,0,0.81667,3,-178.231,-900.000,275.914,450.000,0.000,241.667,1,1,0.3167,0
60,0,0.83333,3,-170.731,-900.000,279.806,450.000,0.000,225.333,1,1,0.3333,0
60,0,0.85000,3,-163.231,-900.000,283.425,450.000,0.000,209.000,1,1,0.3500,0
60,0,0.86667,3,-155.731,-900.000,286.772,450.000,0.000,192.667,1,1,0.3667,0
60,0,0.88333,3,-148.231,-900.000,289.847,450.000,0.000,176.333,1,1,0.3833,0
60,0,0.90000,3,-140.731,-900.000,292.650,450.000,0.000,160.000,1,1,0.4000,0
60,0,0.91667,3,-133.231,-900.000,295.181,450.000,0.000,143.667,1,1,0.4167,0
60,0,0.93333,3,-125.731,-900.000,297.439,450.000,0.000,127.333,1,1,0.4333,0
60,0,0.95000,3,-118.231,-900.000,299.425,450.000,0.000,111.000,1,1,0.4500,0
60,0,0.96667,3,-110.731,-900.000,301.139,450.000,0.000,94.667,1,1,0.4667,0
60,0,0.98333,3,-103.231,-900.000,302.581,450.000,0.000,78.333,1,1,0.4833,0
60,0,1.00000,3,-95.731,-900.000,303.750,450.000,0.000,62.000,1,1,0.5000,0
60,0,1.01667,3,-88.231,-900.000,304.647,450.000,0.000,45.667,1,1,0.5167,0
60,0,1.03333,3,-80.731,-900.000,305.272,450.000,0.000,29.333,1,1,0.5333,0
60,0,1.05000,3,-73.231,-900.000,305.625,450.000,0.000,13.000,1,1,0.5500,0
60,0,1.06667,3,-65.731,-900.000,305.706,450.000,0.000,-3.333,1,1,0.5667,0
60,0,1.08333,3,-58.231,-900.000,305.514,450.000,0.000,-19.667,1,1,0.5833,0
60,0,1.10000,3,-50.731,-900.000,305.050,450.000,0.000,-36.000,1,1,0.6000,0
60,0,1.11667,3,-43.231,-900.000,304.314,450.000,0.000,-52.333,1,1,0.6167,0
60,0,1.13333,3,-35.731,-900.000,303.306,450.000,0.000,-68.667,1,1,0.6333,0
60,0,1.15000,3,-28.231,-900.000,302.025,450.000,0.000,-85.000,1,1,0.6500,0
60,0,1.16667,3,-20.731,-900.000,300.472,450.000,0.000,-101.333,1,1,0.6667,0
60,0,1.18333,3,-13.231,-900.000,298.647,450.000,0.000,-117.667,1,1,0.6833,0
60,0,1.20000,3,-5.731,-900.000,296.550,450.000,0.000,-134.000,1,1,0.7000,0
60,0,1.21667,3,1.769,-900.000,294.181,450.000,0.000,-150.333,1,1,0.7167,0
60,0,1.23333,3,9.269,-900.000,291.539,450.000,0.000,-166.667,1,1,0.7333,0
60,0,1.25000,3,16.769,-900.000,288.625,450.000,0.000,-183.000,1,1,0.7500,0
60,0,1.26667,3,24.269,-900.000,285.439,450.000,0.000,-199.333,1,1,0.7667,0
60,0,1.28333,3,31.769,-900.000,281.981,450.000,0.000,-215.667,0,0,0.0000,0
60,0,1.30000,3,39.269,-900.000,278.250,450.000,0.000,-232.000,0,0,0.0000,0
60,0,1.31667,3,46.769,-900.000,274.247,450.000,0.000,-248.333,0,0,0.0000,0
60,0,1.33333,3,54.269,-900.000,269.972,450.000,0.000,-264.667,0,0,0.0000,0
60,0,1.35000,3,61.769,-900.000,265.425,450.000,0.000,-281.000,0,0,0.0000,0
60,0,1.36667,3,69.269,-900.000,260.606,450.000,0.000,-297.333,0,0,0.0000,0
60,0,1.38333,3,76.769,-900.000,255.514,450.000,0.000,-313.667,0,0,0.0000,0
60,0,1.40000,3,84.269,-900.000,250.150,450.000,0.000,-330.000,0,0,0.0000,0
60,0,1.41667,3,91.769,-900.000,244.514,450.000,0.000,-346.333,0,0,0.0000,0
60,0,1.43333,3,99.269,-900.000,238.606,450.000,0.000,-362.667,0,0,0.0000,0
60,0,1.45000,3,106.769,-900.000,232.425,450.000,0.000,-379.000,0,0,0.0000,0
60,0,1.46667,3,114.269,-900.000,225.972,450.000,0.000,-395.333,0,0,0.0000,0
60,0,1.48333,3,121.769,-900.000,219.247,450.000,0.000,-411.667,0,0,0.0000,0
60,0,1.50000,3,129.269,-900.000,212.250,450.000,0.000,-428.000,0,0,0.0000,0
60,0,1.51667,3,136.769,-900.000,204.981,450.000,0.000,-444.333,0,0,0.0000,0
60,0,1.53333,3,144.269,-900.000,197.439,450.000,0.000,-460.667,0,0,0.0000,0
60,0,1.55000,3,151.769,-900.000,189.625,450.000,0.000,-477.000,0,0,0.0000,0
60,0,1.56667,3,159.269,-900.000,181.539,450.000,0.000,-493.333,0,0,0.0000,0
60,0,1.58333,3,166.769,-900.000,173.181,450.000,0.000,-509.667,0,0,0.0000,0
60,0,1.60000,3,174.269,-900.000,164.550,450.000,0.000,-526.000,0,0,0.0000,0
60,0,1.61667,3,181.769,-900.000,155.647,450.000,0.000,-542.333,0,0,0.0000,0
60,0,1.63333,3,189.269,-900.000,146.472,450.000,0.000,-558.667,0,0,0.0000,0
60,0,1.65000,3,196.769,-900.000,137.025,450.000,0.000,-575.000,0,0,0.0000,0
60,0,1.66667,3,204.269,-900.000,127.306,450.000,0.000,-591.333,0,0,0.0000,0
60,0,1.68333,3,211.769,-900.000,117.314,450.000,0.000,-607.667,0,0,0.0000,0
60,0,1.70000,3,219.269,-900.000,107.050,450.000,0.000,-624.000,0,0,0.0000,0
60,0,1.71667,3,226.769,-900.000,96.514,450.000,0.000,-640.333,0,0,0.0000,0
60,0,1.73333,3,234.227,-900.000,90.150,441.404,0.000,0.000,0,0,0.0000,1
60,0,1.75000,3,241.110,-900.000,90.150,412.937,0.000,0.000,0,0,0.0000,1
60,0,1.76667,3,247.548,-900.000,90.150,386.305,0.000,0.000,0,0,0.0000,1
60,0,1.78333,3,253.571,-900.000,90.150,361.391,0.000,0.000,0,0,0.0000,1
60,0,1.80000,3,259.206,-900.000,90.150,338.084,0.000,0.000,0,0,0.0000,1
60,0,1.81667,3,264.477,-900.000,90.150,316.280,0.000,0.000,0,0,0.0000,1
60,0,1.83333,3,269.409,-900.000,90.150,295.882,0.000,0.000,0,0,0.0000,1
60,0,1.85000,3,274.022,-900.000,90.150,276.800,0.000,0.000,0,0,0.0000,1
60,0,1.86667,3,279.204,-900.000,90.150,310.933,0.000,0.000,0,0,0.0000,0
60,0,1.88333,3,284.955,-900.000,90.150,345.066,0.000,0.000,0,0,0.0000,0
60,0,1.90000,3,291.275,-900.000,90.150,379.200,0.000,0.000,0,0,0.0000,0
60,0,1.91667,3,298.164,-900.000,90.150,413.333,0.000,0.000,0,0,0.0000,0
60,0,1.93333,3,305.622,-900.000,90.150,447.466,0.000,0.000,0,0,0.0000,0
60,0,1.95000,4,313.122,-900.000,90.150,450.000,0.000,0.000,0,0,0.0000,0
60,0,1.96667,4,320.622,-900.000,90.150,450.000,0.000,0.000,0,0,0.0000,0
60,0,1.98333,4,328.122,-900.000,90.150,450.000,0.000,0.000,0,0,0.0000,0
60,0,2.00000,4,335.622,-900.000,90.150,450.000,0.000,0.000,0,0,0.0000,0
60,0,2.01667,4,343.122,-900.000,90.150,450.000,0.000,0.000,0,0,0.0000,0
60,0,2.03333,4,350.622,-900.000,90.150,450.000,0.000,0.000,0,0,0.0000,0
60,0,2.05000,4,358.122,-900.000,90.150,450.000,0.000,0.000,0,0,0.0000,0
60,0,2.06667,4,365.622,-900.000,90.150,450.000,0.000,0.000,0,0,0.0000,0
60,0,2.08333,4,373.122,-900.000,90.150,450.000,0.000,0.000,0,0,0.0000,0
60,0,2.10000,4,380.622,-900.000,90.150,450.000,0.000,0.000,0,0,0.0000,0
60,0,2.11667,4,388.122,-900.000,90.150,450.000,0.000,0.000,0,0,0.0000,0
60,0,2.13333,4,395.622,-900.000,90.150,450.000,0.000,0.000,0,0,0.0000,0
60,0,2.15000,4,403.122,-900.000,90.150,450.000,0.000,0.000,0,0,0.0000,0
60,0,2.16667,4,410.622,-900.000,90.150,450.000,0.000,0.000,0,0,0.0000,0
60,0,2.18333,4,418.122,-900.000,90.150,450.000,0.000,0.000,0,0,0.0000,0
60,0,2.20000,4,425.622,-900.000,90.150,450.000,0.000,0.000,0,0,0.0000,0
60,0,2.21667,4,433.122,-900.000,90.150,450.000,0.000,0.000,0,0,0.0000,0
60,0,2.23333,4,440.622,-900.000,90.150,450.000,0.000,0.000,0,0,0.0000,0
60,0,2.25000,4,448.122,-900.000,90.150,450.000,0.000,0.000,0,0,0.0000,0
60,0,2.26667,4,455.622,-900.000,90.150,450.000,0.000,0.000,0,0,0.0000,0
60,0,2.28333,4,463.122,-900.000,90.150,450.000,0.000,0.000,0,0,0.0000,0
60,0,2.30000,4,470.622,-900.000,90.150,450.000,0.000,0.000,0,0,0.0000,0
60,0,2.31667,4,478.122,-900.000,90.150,450.000,0.000,0.000,0,0,0.0000,0
60,0,2.33333,4,485.622,-900.000,90.150,450.000,0.000,0.000,0,0,0.0000,0
60,0,2.35000,4,493.122,-900.000,90.150,450.000,0.000,0.000,0,0,0.0000,0
60,0,2.36667,4,500.622,-900.000,90.150,450.000,0.000,0.000,0,0,0.0000,0
60,0,2.38333,4,508.122,-900.000,90.150,450.000,0.000,0.000,0,0,0.0000,0
60,0,2.40000,4,515.622,-900.000,90.150,450.000,0.000,0.000,0,0,0.0000,0
60,0,2.41667,4,523.122,-900.000,90.150,450.000,0.000,0.000,0,0,0.0000,0
60,0,2.43333,4,530.622,-900.000,90.150,450.000,0.000,0.000,0,0,0.0000,0
60,0,2.45000,4,538.122,-900.000,90.150,450.000,0.000,0.000,0,0,0.0000,0
60,0,2.46667,4,545.622,-900.000,90.150,450.000,0.000,0.000,0,0,0.0000,0
60,0,2.48333,4,553.122,-900.000,90.150,450.000,0.000,0.000,0,0,0.0000,0
60,1,0.00000,0,-500.000,-900.000,98.000,0.000,0.000,0.000,0,0,0.0000,0
60,1,0.01667,0,-499.431,-900.000,90.150,34.133,0.000,0.000,0,0,0.0000,0
60,1,0.03333,0,-498.293,-900.000,90.150,68.267,0.000,0.000,0,0,0.0000,0
60,1,0.05000,0,-496.587,-900.000,90.150,102.400,0.000,0.000,0,0,0.0000,0
60,1,0.06667,0,-494.311,-900.000,90.150,136.533,0.000,0.000,0,0,0.0000,0
60,1,0.08333,0,-491.467,-900.000,90.150,170.667,0.000,0.000,0,0,0.0000,0
60,1,0.10000,0,-488.053,-900.000,90.150,204.800,0.000,0.000,0,0,0.0000,0
60,1,0.11667,0,-484.071,-900.000,90.150,238.933,0.000,0.000,0,0,0.0000,0
60,1,0.13333,0,-479.520,-900.000,90.150,273.067,0.000,0.000,0,0,0.0000,0
60,1,0.15000,0,-474.400,-900.000,90.150,307.200,0.000,0.000,0,0,0.0000,0
60,1,0.16667,0,-468.711,-900.000,90.150,341.333,0.000,0.000,0,0,0.0000,0
60,1,0.18333,0,-462.453,-900.000,90.150,375.467,0.000,0.000,0,0,0.0000,0
60,1,0.20000,0,-455.627,-900.000,90.150,409.600,0.000,0.000,0,0,0.0000,0
60,1,0.21667,0,-448.231,-900.000,90.150,443.733,0.000,0.000,0,0,0.0000,0
60,1,0.23333,0,-440.731,-900.000,90.150,450.000,0.000,0.000,0,0,0.0000,0
60,1,0.25000,0,-433.231,-900.000,90.150,450.000,0.000,0.000,0,0,0.0000,0
60,1,0.26667,0,-425.731,-900.000,90.150,450.000,0.000,0.000,0,0,0.0000,0
60,1,0.28333,0,-418.231,-900.000,90.150,450.000,0.000,0.000,0,0,0.0000,0
60,1,0.30000,0,-410.731,-900.000,90.150,450.000,0.000,0.000,0,0,0.0000,0
60,1,0.31667,0,-403.231,-900.000,90.150,450.000,0.000,0.000,0,0,0.0000,0
60,1,0.33333,0,-395.731,-900.000,90.150,450.000,0.000,0.000,0,0,0.0000,0
60,1,0.35000,0,-388.231,-900.000,90.150,450.000,0.000,0.000,0,0,0.0000,0
60,1,0.36667,0,-380.731,-900.000,90.150,450.000,0.000,0.000,0,0,0.0000,0
60,1,0.38333,0,-373.231,-900.000,90.150,450.000,0.000,0.000,0,0,0.0000,0
60,1,0.40000,0,-365.731,-900.000,90.150,450.000,0.000,0.000,0,0,0.0000,0
60,1,0.41667,1,-358.231,-900.000,100.847,450.000,0.000,633.667,0,0,0.0000,0
60,1,0.43333,1,-350.731,-900.000,111.272,450.000,0.000,617.333,0,0,0.0000,0
60,1,0.45000,1,-343.231,-900.000,121.425,450.000,0.000,601.000,0,0,0.0000,0
60,1,0.46667,1,-335.731,-900.000,131.306,450.000,0.000,584.667,0,0,0.0000,0
60,1,0.48333,1,-328.231,-900.000,140.914,450.000,0.000,568.333,0,0,0.0000,0
60,1,0.50000,1,-320.731,-900.000,150.250,450.000,0.000,552.000,0,0,0.0000,0
60,1,0.51667,2,-313.231,-900.000,159.314,450.000,0.000,535.667,0,0,0.0000,0
60,1,0.53333,2,-305.731,-900.000,168.106,450.000,0.000,519.333,0,0,0.0000,0
60,1,0.55000,2,-298.231,-900.000,176.625,450.000,0.000,503.000,0,0,0.0000,0
60,1,0.56667,2,-290.731,-900.000,184.872,450.000,0.000,486.667,0,0,0.0000,0
60,1,0.58333,2,-283.231,-900.000,192.847,450.000,0.000,470.333,0,0,0.0000,0
60,1,0.60000,2,-275.731,-900.000,200.550,450.000,0.000,454.000,0,0,0.0000,0
60,1,0.61667,2,-268.231,-900.000,207.981,450.000,0.000,437.667,0,0,0.0000,0
60,1,0.63333,2,-260.731,-900.000,215.139,450.000,0.000,421.333,0,0,0.0000,0
60,1,0.65000,2,-253.231,-900.000,222.025,450.000,0.000,405.000,0,0,0.0000,0
60,1,0.66667,2,-245.731,-900.000,228.639,450.000,0.000,388.667,0,0,0.0000,0
60,1,0.68333,2,-238.231,-900.000,234.981,450.000,0.000,372.333,0,0,0.0000,0
60,1,0.70000,2,-230.731,-900.000,241.050,450.000,0.000,356.000,0,0,0.0000,0
60,1,0.71667,2,-223.231,-900.000,246.847,450.000,0.000,339.667,0,0,0.0000,0
60,1,0.73333,2,-215.731,-900.000,252.372,450.000,0.000,323.333,0,0,0.0000,0
60,1,0.75000,2,-208.231,-900.000,257.625,450.000,0.000,307.000,0,0,0.0000,0
60,1,0.76667,2,-200.731,-900.000,262.606,450.000,0.000,290.667,0,0,0.0000,0
60,1,0.78333,2,-193.231,-900.000,267.314,450.000,0.000,274.333,0,0,0.0000,0
60,1,0.80000,2,-185.731,-900.000,271.750,450.000,0.000,258.000,0,0,0.0000,0
60,1,0.81667,2,-178.231,-900.000,275.914,450.000,0.000,241.667,0,0,0.0000,0
60,1,0.83333,2,-170.731,-900.000,279.806,450.000,0.000,225.333,0,0,0.0000,0
60,1,0.85000,2,-163.231,-900.000,283.425,450.000,0.000,209.000,0,0,0.0000,0
60,1,0.86667,2,-155.731,-900.000,286.772,450.000,0.000,192.667,0,0,0.0000,0
60,1,0.88333,2,-148.231,-900.000,289.847,450.000,0.000,176.333,0,0,0.0000,0
60,1,0.90000,2,-140.731,-900.000,292.650,450.000,0.000,160.000,0,0,0.0000,0
60,1,0.91667,2,-133.231,-900.000,295.181,450.000,0.000,143.667,0,0,0.0000,0
60,1,0.93333,2,-125.731,-900.000,297.439,450.000,0.000,127.333,0,0,0.0000,0
60,1,0.95000,2,-118.231,-900.000,299.425,450.000,0.000,111.000,0,0,0.0000,0
60,1,0.96667,2,-110.731,-900.000,301.139,450.000,0.000,94.667,0,0,0.0000,0
60,1,0.98333,2,-103.231,-900.000,302.581,450.000,0.000,78.333,0,0,0.0000,0
60,1,1.00000,2,-95.731,-900.000,303.750,450.000,0.000,62.000,0,0,0.0000,0
60,1,1.01667,2,-88.231,-900.000,304.647,450.000,0.000,45.667,0,0,0.0000,0
60,1,1.03333,2,-80.731,-900.000,305.272,450.000,0.000,29.333,0,0,0.0000,0
60,1,1.05000,2,-73.231,-900.000,305.625,450.000,0.000,13.000,0,0,0.0000,0
60,1,1.06667,2,-65.731,-900.000,305.706,450.000,0.000,-3.333,0,0,0.0000,0
60,1,1.08333,2,-58.231,-900.000,305.514,450.000,0.000,-19.667,0,0,0.0000,0
60,1,1.10000,2,-50.731,-900.000,305.050,450.000,0.000,-36.000,0,0,0.0000,0
60,1,1.11667,2,-43.231,-900.000,304.314,450.000,0.000,-52.333,0,0,0.0000,0
60,1,1.13333,2,-35.731,-900.000,303.306,450.000,0.000,-68.667,0,0,0.0000,0
60,1,1.15000,2,-28.231,-900.000,302.025,450.000,0.000,-85.000,0,0,0.0000,0
60,1,1.16667,2,-20.731,-900.000,300.472,450.000,0.000,-101.333,0,0,0.0000,0
60,1,1.18333,2,-13.231,-900.000,298.647,450.000,0.000,-117.667,0,0,0.0000,0
60,1,1.20000,2,-5.731,-900.000,296.550,450.000,0.000,-134.000,0,0,0.0000,0
60,1,1.21667,2,1.769,-900.000,294.181,450.000,0.000,-150.333,0,0,0.0000,0
60,1,1.23333,2,9.269,-900.000,291.539,450.000,0.000,-166.667,0,0,0.0000,0
60,1,1.25000,2,16.769,-900.000,288.625,450.000,0.000,-183.000,0,0,0.0000,0
60,1,1.26667,2,24.269,-900.000,285.439,450.000,0.000,-199.333,0,0,0.0000,0
60,1,1.28333,2,31.769,-900.000,281.981,450.000,0.000,-215.667,0,0,0.0000,0
60,1,1.30000,2,39.269,-900.000,278.250,450.000,0.000,-232.000,0,0,0.0000,0
60,1,1.31667,2,46.769,-900.000,274.247,450.000,0.000,-248.333,0,0,0.0000,0
60,1,1.33333,2,54.269,-900.000,269.972,450.000,0.000,-264.667,0,0,0.0000,0
60,1,1.35000,2,61.769,-900.000,265.425,450.000,0.000,-281.000,0,0,0.0000,0
60,1,1.36667,2,69.269,-900.000,260.606,450.000,0.000,-297.333,0,0,0.0000,0
60,1,1.38333,2,76.769,-900.000,255.514,450.000,0.000,-313.667,0,0,0.0000,0
60,1,1.40000,2,84.269,-900.000,250.150,450.000,0.000,-330.000,0,0,0.0000,0
60,1,1.41667,2,91.769,-900.000,244.514,450.000,0.000,-346.333,0,0,0.0000,0
60,1,1.43333,2,99.269,-900.000,238.606,450.000,0.000,-362.667,0,0,0.0000,0
60,1,1.45000,2,106.769,-900.000,232.425,450.000,0.000,-379.000,0,0,0.0000,0
60,1,1.46667,2,114.269,-900.000,225.972,450.000,0.000,-395.333,0,0,0.0000,0
60,1,1.48333,2,121.769,-900.000,219.247,450.000,0.000,-411.667,0,0,0.0000,0
60,1,1.50000,2,129.269,-900.000,212.250,450.000,0.000,-428.000,0,0,0.0000,0
60,1,1.51667,2,136.769,-900.000,204.981,450.000,0.000,-444.333,0,0,0.0000,0
60,1,1.53333,2,144.269,-900.000,197.439,450.000,0.000,-460.667,0,0,0.0000,0
60,1,1.55000,2,151.769,-900.000,189.625,450.000,0.000,-477.000,0,0,0.0000,0
60,1,1.56667,2,159.269,-900.000,181.539,450.000,0.000,-493.333,0,0,0.0000,0
60,1,1.58333,2,166.769,-900.000,173.181,450.000,0.000,-509.667,0,0,0.0000,0
60,1,1.60000,2,174.269,-900.000,164.550,450.000,0.000,-526.000,0,0,0.0000,0
60,1,1.61667,2,181.769,-900.000,155.647,450.000,0.000,-542.333,0,0,0.0000,0
60,1,1.63333,2,189.269,-900.000,146.472,450.000,0.000,-558.667,0,0,0.0000,0
60,1,1.65000,2,196.769,-900.000,137.025,450.000,0.000,-575.000,0,0,0.0000,0
60,1,1.66667,2,204.269,-900.000,127.306,450.000,0.000,-591.333,0,0,0.0000,0
60,1,1.68333,2,211.769,-900.000,117.314,450.000,0.000,-607.667,0,0,0.0000,0
60,1,1.70000,2,219.269,-900.000,107.050,450.000,0.000,-624.000,0,0,0.0000,0
60,1,1.71667,2,226.769,-900.000,96.514,450.000,0.000,-640.333,0,0,0.0000,0
60,1,1.73333,2,234.227,-900.000,90.150,441.404,0.000,0.000,0,0,0.0000,1
60,1,1.75000,2,241.110,-900.000,90.150,412.937,0.000,0.000,0,0,0.0000,1
60,1,1.76667,2,247.548,-900.000,90.150,386.305,0.000,0.000,0,0,0.0000,1
60,1,1.78333,2,253.571,-900.000,90.150,361.391,0.000,0.000,0,0,0.0000,1
60,1,1.80000,2,259.206,-900.000,90.150,338.084,0.000,0.000,0,0,0.0000,1
60,1,1.81667,2,264.477,-900.000,90.150,316.280,0.000,0.000,0,0,0.0000,1
60,1,1.83333,2,269.409,-900.000,90.150,295.882,0.000,0.000,0,0,0.0000,1
60,1,1.85000,2,274.022,-900.000,90.150,276.800,0.000,0.000,0,0,0.0000,1
60,1,1.86667,2,279.204,-900.000,90.150,310.933,0.000,0.000,0,0,0.0000,0
60,1,1.88333,2,284.955,-900.000,90.150,345.066,0.000,0.000,0,0,0.0000,0
60,1,1.90000,2,291.275,-900.000,90.150,379.200,0.000,0.000,0,0,0.0000,0
60,1,1.91667,2,298.164,-900.000,90.150,413.333,0.000,0.000,0,0,0.0000,0
60,1,1.93333,2,305.622,-900.000,90.150,447.466,0.000,0.000,0,0,0.0000,0
60,1,1.95000,4,313.122,-900.000,90.150,450.000,0.000,0.000,0,0,0.0000,0
60,1,1.96667,4,320.622,-900.000,90.150,450.000,0.000,0.000,0,0,0.0000,0
60,1,1.98333,4,328.122,-900.000,90.150,450.000,0.000,0.000,0,0,0.0000,0
60,1,2.00000,4,335.622,-900.000,90.150,450.000,0.000,0.000,0,0,0.0000,0
60,1,2.01667,4,343.122,-900.000,90.150,450.000,0.000,0.000,0,0,0.0000,0
60,1,2.03333,4,350.622,-900.000,90.150,450.000,0.000,0.000,0,0,0.0000,0
60,1,2.05000,4,358.122,-900.000,90.150,450.000,0.000,0.000,0,0,0.0000,0
60,1,2.06667,4,365.622,-900.000,90.150,450.000,0.000,0.000,0,0,0.0000,0
60,1,2.08333,4,373.122,-900.000,90.150,450.000,0.000,0.000,0,0,0.0000,0
60,1,2.10000,4,380.622,-900.000,90.150,450.000,0.000,0.000,0,0,0.0000,0
60,1,2.11667,4,388.122,-900.000,90.150,450.000,0.000,0.000,0,0,0.0000,0
60,1,2.13333,4,395.622,-900.000,90.150,450.000,0.000,0.000,0,0,0.0000,0
60,1,2.15000,4,403.122,-900.000,90.150,450.000,0.000,0.000,0,0,0.0000,0
60,1,2.16667,4,410.622,-900.000,90.150,450.000,0.000,0.000,0,0,0.0000,0
60,1,2.18333,4,418.122,-900.000,90.150,450.000,0.000,0.000,0,0,0.0000,0
60,1,2.20000,4,425.622,-900.000,90.150,450.000,0.000,0.000,0,0,0.0000,0
60,1,2.21667,4,433.122,-900.000,90.150,450.000,0.000,0.000,0,0,0.0000,0
60,1,2.23333,4,440.622,-900.000,90.150,450.000,0.000,0.000,0,0,0.0000,0
60,1,2.25000,4,448.122,-900.000,90.150,450.000,0.000,0.000,0,0,0.0000,0
60,1,2.26667,4,455.622,-900.000,90.150,450.000,0.000,0.000,0,0,0.0000,0
60,1,2.28333,4,463.122,-900.000,90.150,450.000,0.000,0.000,0,0,0.0000,0
60,1,2.30000,4,470.622,-900.000,90.150,450.000,0.000,0.000,0,0,0.0000,0
60,1,2.31667,4,478.122,-900.000,90.150,450.000,0.000,0.000,0,0,0.0000,0
60,1,2.33333,4,485.622,-900.000,90.150,450.000,0.000,0.000,0,0,0.0000,0
60,1,2.35000,4,493.122,-900.000,90.150,450.000,0.000,0.000,0,0,0.0000,0
60,1,2.36667,4,500.622,-900.000,90.150,450.000,0.000,0.000,0,0,0.0000,0
60,1,2.38333,4,508.122,-900.000,90.150,450.000,0.000,0.000,0,0,0.0000,0
60,1,2.40000,4,515.622,-900.000,90.150,450.000,0.000,0.000,0,0,0.0000,0
60,1,2.41667,4,523.122,-900.000,90.150,450.000,0.000,0.000,0,0,0.0000,0
60,1,2.43333,4,530.622,-900.000,90.150,450.000,0.000,0.000,0,0,0.0000,0
60,1,2.45000,4,538.122,-900.000,90.150,450.000,0.000,0.000,0,0,0.0000,0
60,1,2.46667,4,545.622,-900.000,90.150,450.000,0.000,0.000,0,0,0.0000,0
60,1,2.48333,4,553.122,-900.000,90.150,450.000,0.000,0.000,0,0,0.0000,0
60,2,0.00000,0,-500.000,-900.000,98.000,0.000,0.000,0.000,0,0,0.0000,0
60,2,0.01667,0,-499.431,-900.000,90.150,34.133,0.000,0.000,0,0,0.0000,0
60,2,0.03333,0,-498.293,-900.000,90.150,68.267,0.000,0.000,0,0,0.0000,0
60,2,0.05000,0,-496.587,-900.000,90.150,102.400,0.000,0.000,0,0,0.0000,0
60,2,0.06667,0,-494.311,-900.000,90.150,136.533,0.000,0.000,0,0,0.0000,0
60,2,0.08333,0,-491.467,-900.000,90.150,170.667,0.000,0.000,0,0,0.0000,0
60,2,0.10000,0,-488.053,-900.000,90.150,204.800,0.000,0.000,0,0,0.0000,0
60,2,0.11667,0,-484.071,-900.000,90.150,238.933,0.000,0.000,0,0,0.0000,0
60,2,0.13333,0,-479.520,-900.000,90.150,273.067,0.000,0.000,0,0,0.0000,0
60,2,0.15000,0,-474.400,-900.000,90.150,307.200,0.000,0.000,0,0,0.0000,0
60,2,0.16667,0,-468.711,-900.000,90.150,341.333,0.000,0.000,0,0,0.0000,0
60,2,0.18333,0,-462.453,-900.000,90.150,375.467,0.000,0.000,0,0,0.0000,0
60,2,0.20000,0,-455.627,-900.000,90.150,409.600,0.000,0.000,0,0,0.0000,0
60,2,0.21667,0,-448.231,-900.000,90.150,443.733,0.000,0.000,0,0,0.0000,0
60,2,0.23333,0,-440.731,-900.000,90.150,450.000,0.000,0.000,0,0,0.0000,0
60,2,0.25000,0,-433.231,-900.000,90.150,450.000,0.000,0.000,0,0,0.0000,0
60,2,0.26667,0,-425.731,-900.000,90.150,450.000,0.000,0.000,0,0,0.0000,0
60,2,0.28333,0,-418.231,-900.000,90.150,450.000,0.000,0.000,0,0,0.0000,0
60,2,0.30000,0,-410.731,-900.000,90.150,450.000,0.000,0.000,0,0,0.0000,0
60,2,0.31667,0,-403.231,-900.000,90.150,450.000,0.000,0.000,0,0,0.0000,0
60,2,0.33333,0,-395.731,-900.000,90.150,450.000,0.000,0.000,0,0,0.0000,0
60,2,0.35000,0,-388.231,-900.000,90.150,450.000,0.000,0.000,0,0,0.0000,0
60,2,0.36667,0,-380.731,-900.000,90.150,450.000,0.000,0.000,0,0,0.0000,0
60,2,0.38333,0,-373.231,-900.000,90.150,450.000,0.000,0.000,0,0,0.0000,0
60,2,0.40000,0,-365.731,-900.000,90.150,450.000,0.000,0.000,0,0,0.0000,0
60,2,0.41667,1,-358.231,-900.000,100.847,450.000,0.000,633.667,0,0,0.0000,0
60,2,0.43333,1,-350.731,-900.000,111.272,450.000,0.000,617.333,0,0,0.0000,0
60,2,0.45000,1,-343.231,-900.000,121.425,450.000,0.000,601.000,0,0,0.0000,0
60,2,0.46667,1,-335.731,-900.000,131.306,450.000,0.000,584.667,0,0,0.0000,0
60,2,0.48333,1,-328.231,-900.000,140.914,450.000,0.000,568.333,0,0,0.0000,0
60,2,0.50000,1,-320.731,-900.000,150.250,450.000,0.000,552.000,0,0,0.0000,0
60,2,0.51667,2,-313.231,-900.000,159.314,450.000,0.000,535.667,0,0,0.0000,0
60,2,0.53333,2,-305.731,-900.000,168.106,450.000,0.000,519.333,0,0,0.0000,0
60,2,0.55000,2,-298.231,-900.000,176.625,450.000,0.000,503.000,0,0,0.0000,0
60,2,0.56667,2,-290.731,-900.000,184.872,450.000,0.000,486.667,0,0,0.0000,0
60,2,0.58333,2,-283.231,-900.000,192.847,450.000,0.000,470.333,0,0,0.0000,0
60,2,0.60000,2,-275.731,-900.000,200.550,450.000,0.000,454.000,0,0,0.0000,0
60,2,0.61667,2,-268.231,-900.000,207.981,450.000,0.000,437.667,0,0,0.0000,0
60,2,0.63333,2,-260.731,-900.000,215.139,450.000,0.000,421.333,0,0,0.0000,0
60,2,0.65000,2,-253.231,-900.000,222.025,450.000,0.000,405.000,0,0,0.0000,0
60,2,0.66667,2,-245.731,-900.000,228.639,450.000,0.000,388.667,0,0,0.0000,0
60,2,0.68333,2,-238.231,-900.000,234.981,450.000,0.000,372.333,0,0,0.0000,0
60,2,0.70000,2,-230.731,-900.000,241.050,450.000,0.000,356.000,0,0,0.0000,0
60,2,0.71667,2,-223.231,-900.000,246.847,450.000,0.000,339.667,0,0,0.0000,0
60,2,0.73333,2,-215.731,-900.000,252.372,450.000,0.000,323.333,0,0,0.0000,0
60,2,0.75000,2,-208.231,-900.000,257.625,450.000,0.000,307.000,0,0,0.0000,0
60,2,0.76667,2,-200.731,-900.000,262.606,450.000,0.000,290.667,0,0,0.0000,0
60,2,0.78333,2,-193.231,-900.000,267.314,450.000,0.000,274.333,0,0,0.0000,0
60,2,0.80000,2,-185.731,-900.000,271.750,450.000,0.000,258.000,0,0,0.0000,0
60,2,0.81667,2,-178.231,-900.000,275.914,450.000,0.000,241.667,0,0,0.0000,0
60,2,0.83333,2,-170.731,-900.000,279.806,450.000,0.000,225.333,0,0,0.0000,0
60,2,0.85000,2,-163.231,-900.000,283.425,450.000,0.000,209.000,0,0,0.0000,0
60,2,0.86667,2,-155.731,-900.000,286.772,450.000,0.000,192.667,0,0,0.0000,0
60,2,0.88333,2,-148.231,-900.000,289.847,450.000,0.000,176.333,0,0,0.0000,0
60,2,0.90000,2,-140.731,-900.000,292.650,450.000,0.000,160.000,0,0,0.0000,0
60,2,0.91667,2,-133.231,-900.000,295.181,450.000,0.000,143.667,0,0,0.0000,0
60,2,0.93333,2,-125.731,-900.000,297.439,450.000,0.000,127.333,0,0,0.0000,0
60,2,0.95000,2,-118.231,-900.000,299.425,450.000,0.000,111.000,0,0,0.0000,0
60,2,0.96667,2,-110.731,-900.000,301.139,450.000,0.000,94.667,0,0,0.0000,0
60,2,0.98333,2,-103.231,-900.000,302.581,450.000,0.000,78.333,0,0,0.0000,0
60,2,1.00000,2,-95.731,-900.000,303.750,450.000,0.000,62.000,0,0,0.0000,0
60,2,1.01667,2,-88.231,-900.000,304.647,450.000,0.000,45.667,0,0,0.0000,0
60,2,1.03333,2,-80.731,-900.000,305.272,450.000,0.000,29.333,0,0,0.0000,0
60,2,1.05000,2,-73.231,-900.000,305.625,450.000,0.000,13.000,0,0,0.0000,0
60,2,1.06667,2,-65.731,-900.000,305.706,450.000,0.000,-3.333,0,0,0.0000,0
60,2,1.08333,2,-58.231,-900.000,305.514,450.000,0.000,-19.667,0,0,0.0000,0
60,2,1.10000,2,-50.731,-900.000,305.050,450.000,0.000,-36.000,0,0,0.0000,0
60,2,1.11667,2,-43.231,-900.000,304.314,450.000,0.000,-52.333,0,0,0.0000,0
60,2,1.13333,2,-35.731,-900.000,303.306,450.000,0.000,-68.667,0,0,0.0000,0
60,2,1.15000,2,-28.231,-900.000,302.025,450.000,0.000,-85.000,0,0,0.0000,0
60,2,1.16667,2,-20.731,-900.000,300.472,450.000,0.000,-101.333,0,0,0.0000,0
60,2,1.18333,2,-13.231,-900.000,298.647,450.000,0.000,-117.667,0,0,0.0000,0
60,2,1.20000,2,-5.731,-900.000,296.550,450.000,0.000,-134.000,0,0,0.0000,0
60,2,1.21667,2,1.769,-900.000,294.181,450.000,0.000,-150.333,0,0,0.0000,0
60,2,1.23333,2,9.269,-900.000,291.539,450.000,0.000,-166.667,0,0,0.0000,0
60,2,1.25000,2,16.769,-900.000,288.625,450.000,0.000,-183.000,0,0,0.0000,0
60,2,1.26667,2,24.269,-900.000,285.439,450.000,0.000,-199.333,0,0,0.0000,0
60,2,1.28333,2,31.769,-900.000,281.981,450.000,0.000,-215.667,0,0,0.0000,0
60,2,1.30000,2,39.269,-900.000,278.250,450.000,0.000,-232.000,0,0,0.0000,0
60,2,1.31667,2,46.769,-900.000,274.247,450.000,0.000,-248.333,0,0,0.0000,0
60,2,1.33333,2,54.269,-900.000,269.972,450.000,0.000,-264.667,0,0,0.0000,0
60,2,1.35000,2,61.769,-900.000,265.425,450.000,0.000,-281.000,0,0,0.0000,0
60,2,1.36667,2,69.269,-900.000,260.606,450.000,0.000,-297.333,0,0,0.0000,0
60,2,1.38333,2,76.769,-900.000,255.514,450.000,0.000,-313.667,0,0,0.0000,0
60,2,1.40000,2,84.269,-900.000,250.150,450.000,0.000,-330.000,0,0,0.0000,0
60,2,1.41667,2,91.769,-900.000,244.514,450.000,0.000,-346.333,0,0,0.0000,0
60,2,1.43333,2,99.269,-900.000,238.606,450.000,0.000,-362.667,0,0,0.0000,0
60,2,1.45000,2,106.769,-900.000,232.425,450.000,0.000,-379.000,0,0,0.0000,0
60,2,1.46667,2,114.269,-900.000,225.972,450.000,0.000,-395.333,0,0,0.0000,0
60,2,1.48333,2,121.769,-900.000,219.247,450.000,0.000,-411.667,0,0,0.0000,0
60,2,1.50000,2,129.269,-900.000,212.250,450.000,0.000,-428.000,0,0,0.0000,0
60,2,1.51667,2,136.769,-900.000,204.981,450.000,0.000,-444.333,0,0,0.0000,0
60,2,1.53333,2,144.269,-900.000,197.439,450.000,0.000,-460.667,0,0,0.0000,0
60,2,1.55000,2,151.769,-900.000,189.625,450.000,0.000,-477.000,0,0,0.0000,0
60,2,1.56667,2,159.269,-900.000,181.539,450.000,0.000,-493.333,0,0,0.0000,0
60,2,1.58333,2,166.769,-900.000,173.181,450.000,0.000,-509.667,0,0,0.0000,0
60,2,1.60000,2,174.269,-900.000,164.550,450.000,0.000,-526.000,0,0,0.0000,0
60,2,1.61667,2,181.769,-900.000,155.647,450.000,0.000,-542.333,0,0,0.0000,0
60,2,1.63333,2,189.269,-900.000,146.472,450.000,0.000,-558.667,0,0,0.0000,0
60,2,1.65000,2,196.769,-900.000,137.025,450.000,0.000,-575.000,0,0,0.0000,0
60,2,1.66667,2,204.269,-900.000,127.306,450.000,0.000,-591.333,0,0,0.0000,0
60,2,1.68333,2,211.769,-900.000,117.314,450.000,0.000,-607.667,0,0,0.0000,0
60,2,1.70000,2,219.269,-900.000,107.050,450.000,0.000,-624.000,0,0,0.0000,0
60,2,1.71667,2,226.769,-900.000,96.514,450.000,0.000,-640.333,0,0,0.0000,0
60,2,1.73333,2,234.227,-900.000,90.150,441.404,0.000,0.000,0,0,0.0000,1
60,2,1.75000,2,241.110,-900.000,90.150,412.937,0.000,0.000,0,0,0.0000,1
60,2,1.76667,2,247.548,-900.000,90.150,386.305,0.000,0.000,0,0,0.0000,1
60,2,1.78333,2,253.571,-900.000,90.150,361.391,0.000,0.000,0,0,0.0000,1
60,2,1.80000,2,259.206,-900.000,90.150,338.084,0.000,0.000,0,0,0.0000,1
60,2,1.81667,2,264.477,-900.000,90.150,316.280,0.000,0.000,0,0,0.0000,1
60,2,1.83333,2,269.409,-900.000,90.150,295.882,0.000,0.000,0,0,0.0000,1
60,2,1.85000,2,274.022,-900.000,90.150,276.800,0.000,0.000,0,0,0.0000,1
60,2,1.86667,2,276.836,-900.000,90.150,168.853,0.000,0.000,0,0,0.0000,0
60,2,1.88333,2,278.331,-900.000,90.150,89.692,0.000,0.000,0,0,0.0000,0
60,2,1.90000,2,278.859,-900.000,90.150,31.641,0.000,0.000,0,0,0.0000,0
60,2,1.91667,2,278.859,-900.000,90.150,0.000,0.000,0.000,0,0,0.0000,0
60,2,1.93333,2,278.859,-900.000,90.150,0.000,0.000,0.000,0,0,0.0000,0
60,2,1.95000,4,278.859,-900.000,90.150,0.000,0.000,0.000,0,0,0.0000,0
60,2,1.96667,4,278.859,-900.000,90.150,0.000,0.000,0.000,0,0,0.0000,0
60,2,1.98333,4,278.859,-900.000,90.150,0.000,0.000,0.000,0,0,0.0000,0
60,2,2.00000,4,278.859,-900.000,90.150,0.000,0.000,0.000,0,0,0.0000,0
60,2,2.01667,4,278.859,-900.000,90.150,0.000,0.000,0.000,0,0,0.0000,0
60,2,2.03333,4,278.859,-900.000,90.150,0.000,0.000,0.000,0,0,0.0000,0
60,2,2.05000,4,278.859,-900.000,90.150,0.000,0.000,0.000,0,0,0.0000,0
60,2,2.06667,4,278.859,-900.000,90.150,0.000,0.000,0.000,0,0,0.0000,0
60,2,2.08333,4,278.859,-900.000,90.150,0.000,0.000,0.000,0,0,0.0000,0
60,2,2.10000,4,278.859,-900.000,90.150,0.000,0.000,0.000,0,0,0.0000,0
60,2,2.11667,4,278.859,-900.000,90.150,0.000,0.000,0.000,0,0,0.0000,0
60,2,2.13333,4,278.859,-900.000,90.150,0.000,0.000,0.000,0,0,0.0000,0
60,2,2.15000,4,278.859,-900.000,90.150,0.000,0.000,0.000,0,0,0.0000,0
60,2,2.16667,4,278.859,-900.000,90.150,0.000,0.000,0.000,0,0,0.0000,0
60,2,2.18333,4,278.859,-900.000,90.150,0.000,0.000,0.000,0,0,0.0000,0
60,2,2.20000,4,278.859,-900.000,90.150,0.000,0.000,0.000,0,0,0.0000,0
60,2,2.21667,4,278.859,-900.000,90.150,0.000,0.000,0.000,0,0,0.0000,0
60,2,2.23333,4,278.859,-900.000,90.150,0.000,0.000,0.000,0,0,0.0000,0
60,2,2.25000,4,278.859,-900.000,90.150,0.000,0.000,0.000,0,0,0.0000,0
60,2,2.26667,4,278.859,-900.000,90.150,0.000,0.000,0.000,0,0,0.0000,0
60,2,2.28333,4,278.859,-900.000,90.150,0.000,0.000,0.000,0,0,0.0000,0
60,2,2.30000,4,278.859,-900.000,90.150,0.000,0.000,0.000,0,0,0.0000,0
60,2,2.31667,4,278.859,-900.000,90.150,0.000,0.000,0.000,0,0,0.0000,0
60,2,2.33333,4,278.859,-900.000,90.150,0.000,0.000,0.000,0,0,0.0000,0
60,2,2.35000,4,278.859,-900.000,90.150,0.000,0.000,0.000,0,0,0.0000,0
60,2,2.36667,4,278.859,-900.000,90.150,0.000,0.000,0.000,0,0,0.0000,0
60,2,2.38333,4,278.859,-900.000,90.150,0.000,0.000,0.000,0,0,0.0000,0
60,2,2.40000,4,278.859,-900.000,90.150,0.000,0.000,0.000,0,0,0.0000,0
60,2,2.41667,4,278.859,-900.000,90.150,0.000,0.000,0.000,0,0,0.0000,0
60,2,2.43333,4,278.859,-900.000,90.150,0.000,0.000,0.000,0,0,0.0000,0
60,2,2.45000,4,278.859,-900.000,90.150,0.000,0.000,0.000,0,0,0.0000,0
60,2,2.46667,4,278.859,-900.000,90.150,0.000,0.000,0.000,0,0,0.0000,0
60,2,2.48333,4,278.859,-900.000,90.150,0.000,0.000,0.000,0,0,0.0000,0
60,3,0.00000,0,-500.000,-900.000,98.000,0.000,0.000,0.000,0,0,0.0000,0
60,3,0.01667,0,-499.431,-900.000,90.150,34.133,0.000,0.000,0,0,0.0000,0
60,3,0.03333,0,-498.293,-900.000,90.150,68.267,0.000,0.000,0,0,0.0000,0
60,3,0.05000,0,-496.587,-900.000,90.150,102.400,0.000,0.000,0,0,0.0000,0
60,3,0.06667,0,-494.311,-900.000,90.150,136.533,0.000,0.000,0,0,0.0000,0
60,3,0.08333,0,-491.467,-900.000,90.150,170.667,0.000,0.000,0,0,0.0000,0
60,3,0.10000,0,-488.053,-900.000,90.150,204.800,0.000,0.000,0,0,0.0000,0
60,3,0.11667,0,-484.071,-900.000,90.150,238.933,0.000,0.000,0,0,0.0000,0
60,3,0.13333,0,-479.520,-900.000,90.150,273.067,0.000,0.000,0,0,0.0000,0
60,3,0.15000,0,-474.400,-900.000,90.150,307.200,0.000,0.000,0,0,0.0000,0
60,3,0.16667,0,-468.711,-900.000,90.150,341.333,0.000,0.000,0,0,0.0000,0
60,3,0.18333,0,-462.453,-900.000,90.150,375.467,0.000,0.000,0,0,0.0000,0
60,3,0.20000,0,-455.627,-900.000,90.150,409.600,0.000,0.000,0,0,0.0000,0
60,3,0.21667,0,-448.231,-900.000,90.150,443.733,0.000,0.000,0,0,0.0000,0
60,3,0.23333,0,-440.267,-900.000,90.150,477.867,0.000,0.000,0,0,0.0000,0
60,3,0.25000,0,-431.733,-900.000,90.150,512.000,0.000,0.000,0,0,0.0000,0
60,3,0.26667,0,-422.631,-900.000,90.150,546.133,0.000,0.000,0,0,0.0000,0
60,3,0.28333,0,-412.960,-900.000,90.150,580.267,0.000,0.000,0,0,0.0000,0
60,3,0.30000,0,-402.720,-900.000,90.150,614.400,0.000,0.000,0,0,0.0000,0
60,3,0.31667,0,-391.911,-900.000,90.150,648.533,0.000,0.000,0,0,0.0000,0
60,3,0.33333,0,-381.078,-900.000,90.150,650.000,0.000,0.000,0,0,0.0000,0
60,3,0.35000,0,-370.244,-900.000,90.150,650.000,0.000,0.000,0,0,0.0000,0
60,3,0.36667,0,-359.411,-900.000,90.150,650.000,0.000,0.000,0,0,0.0000,0
60,3,0.38333,0,-348.578,-900.000,90.150,650.000,0.000,0.000,0,0,0.0000,0
60,3,0.40000,0,-337.744,-900.000,90.150,650.000,0.000,0.000,0,0,0.0000,0
60,3,0.41667,0,-326.911,-900.000,90.150,650.000,0.000,0.000,0,0,0.0000,0
60,3,0.43333,0,-316.078,-900.000,90.150,650.000,0.000,0.000,0,0,0.0000,0
60,3,0.45000,0,-305.244,-900.000,90.150,650.000,0.000,0.000,0,0,0.0000,0
60,3,0.46667,0,-294.411,-900.000,90.150,650.000,0.000,0.000,0,0,0.0000,0
60,3,0.48333,0,-283.578,-900.000,90.150,650.000,0.000,0.000,0,0,0.0000,0
60,3,0.50000,0,-272.744,-900.000,90.150,650.000,0.000,0.000,0,0,0.0000,0
60,3,0.51667,1,-262.256,-900.000,90.150,629.297,0.000,0.000,1,1,0.0167,0
60,3,0.53333,1,-251.843,-900.000,90.150,624.768,0.000,0.000,1,1,0.0333,0
60,3,0.55000,1,-241.479,-900.000,90.150,621.837,0.000,0.000,1,1,0.0500,0
60,3,0.56667,1,-231.138,-900.000,90.150,620.505,0.000,0.000,1,1,0.0667,0
60,3,0.58333,1,-220.783,-900.000,90.150,621.304,0.000,0.000,1,1,0.0833,0
60,3,0.60000,1,-210.392,-900.000,90.150,623.436,0.000,0.000,1,1,0.1000,0
60,3,0.61667,2,-199.930,-900.000,90.150,627.698,0.000,0.000,1,1,0.1167,0
60,3,0.63333,2,-189.375,-900.000,90.150,633.294,0.000,0.000,1,1,0.1333,0
60,3,0.65000,2,-178.692,-900.000,90.150,641.020,0.000,0.000,1,1,0.1500,0
60,3,0.66667,2,-167.857,-900.000,90.150,650.078,0.000,0.000,1,1,0.1667,0
60,3,0.68333,2,-156.836,-900.000,90.150,661.268,0.000,0.000,1,1,0.1833,0
60,3,0.70000,2,-141.366,-900.000,90.150,928.226,0.000,0.000,1,1,0.2000,0
60,3,0.71667,2,-128.164,-900.000,90.150,792.084,0.000,0.000,1,1,0.2167,0
60,3,0.73333,2,-127.245,-900.000,90.150,55.150,0.000,0.000,1,1,0.2333,0
60,3,0.75000,2,-130.482,-900.000,90.150,-194.224,0.000,0.000,1,1,0.2500,0
60,3,0.76667,2,-132.964,-900.000,90.150,-148.932,0.000,0.000,1,1,0.2667,0
60,3,0.78333,2,-135.051,-900.000,90.150,-125.219,0.000,0.000,1,1,0.2833,0
60,3,0.80000,2,-135.855,-900.000,90.150,-48.224,0.000,0.000,1,1,0.3000,0
60,3,0.81667,2,-136.454,-900.000,90.150,-35.967,0.000,0.000,1,1,0.3167,0
60,3,0.83333,2,-136.906,-900.000,90.150,-27.086,0.000,0.000,1,1,0.3333,0
60,3,0.85000,2,-137.258,-900.000,90.150,-21.104,0.000,0.000,1,1,0.3500,0
60,3,0.86667,2,-137.570,-900.000,90.150,-18.759,0.000,0.000,1,1,0.3667,0
60,3,0.88333,2,-137.883,-900.000,90.150,-18.759,0.000,0.000,1,1,0.3833,0
60,3,0.90000,2,-138.211,-900.000,90.150,-19.697,0.000,0.000,1,1,0.4000,0
60,3,0.91667,2,-138.524,-900.000,90.150,-18.759,0.000,0.000,1,1,0.4167,0
60,3,0.93333,2,-138.797,-900.000,90.150,-16.414,0.000,0.000,1,1,0.4333,0
60,3,0.95000,2,-139.032,-900.000,90.150,-14.071,0.000,0.000,1,1,0.4500,0
60,3,0.96667,2,-139.235,-900.000,90.150,-12.192,0.000,0.000,1,1,0.4667,0
60,3,0.98333,2,-139.384,-900.000,90.150,-8.910,0.000,0.000,1,1,0.4833,0
60,3,1.00000,2,-139.477,-900.000,90.150,-5.629,0.000,0.000,1,1,0.5000,0
60,3,1.01667,2,-139.524,-900.000,90.150,-2.813,0.000,0.000,1,1,0.5167,0
60,3,1.03333,2,-139.509,-900.000,90.150,0.937,0.000,0.000,1,1,0.5333,0
60,3,1.05000,2,-139.462,-900.000,90.150,2.814,0.000,0.000,1,1,0.5500,0
60,3,1.06667,2,-139.391,-900.000,90.150,4.221,0.000,0.000,1,1,0.5667,0
60,3,1.08333,2,-139.298,-900.000,90.150,5.628,0.000,0.000,1,1,0.5833,0
60,3,1.10000,2,-139.212,-900.000,90.150,5.159,0.000,0.000,1,1,0.6000,0
60,3,1.11667,2,-139.126,-900.000,90.150,5.159,0.000,0.000,1,1,0.6167,0
60,3,1.13333,2,-139.071,-900.000,90.150,3.282,0.000,0.000,1,1,0.6333,0
60,3,1.15000,2,-139.039,-900.000,90.150,1.944,0.000,0.000,1,1,0.6500,0
60,3,1.16667,2,-139.058,-900.000,90.150,-1.138,0.000,0.000,1,1,0.6667,0
60,3,1.18333,2,-139.095,-900.000,90.150,-2.274,0.000,0.000,1,1,0.6833,0
60,3,1.20000,2,-139.148,-900.000,90.150,-3.127,0.000,0.000,1,1,0.7000,0
60,3,1.21667,2,-139.228,-900.000,90.150,-4.833,0.000,0.000,1,1,0.7167,0
60,3,1.23333,2,-139.351,-900.000,90.150,-7.393,0.000,0.000,1,1,0.7333,0
60,3,1.25000,2,-139.546,-900.000,90.150,-11.656,0.000,0.000,1,1,0.7500,0
60,3,1.26667,2,-139.825,-900.000,90.150,-16.775,0.000,0.000,1,1,0.7667,0
60,3,1.28333,2,-139.825,-900.000,90.150,0.000,0.000,0.000,1,1,0.7833,0
60,3,1.30000,2,-139.825,-900.000,90.150,0.000,0.000,0.000,1,1,0.8000,0
60,3,1.31667,2,-139.825,-900.000,90.150,0.000,0.000,0.000,1,1,0.8167,0
60,3,1.33333,2,-139.825,-900.000,90.150,0.000,0.000,0.000,1,1,0.8333,0
60,3,1.35000,2,-139.825,-900.000,90.150,0.000,0.000,0.000,1,1,0.8500,0
60,3,1.36667,2,-139.825,-900.000,90.150,0.000,0.000,0.000,1,1,0.8667,0
60,3,1.38333,2,-139.825,-900.000,90.150,0.000,0.000,0.000,1,1,0.8833,0
60,3,1.40000,2,-139.825,-900.000,90.150,0.000,0.000,0.000,0,0,0.0000,0
60,3,1.41667,2,-139.256,-900.000,90.150,34.133,0.000,0.000,0,0,0.0000,0
60,3,1.43333,2,-138.119,-900.000,90.150,68.267,0.000,0.000,0,0,0.0000,0
60,3,1.45000,2,-136.412,-900.000,90.150,102.400,0.000,0.000,0,0,0.0000,0
60,3,1.46667,2,-134.136,-900.000,90.150,136.533,0.000,0.000,0,0,0.0000,0
60,3,1.48333,2,-131.292,-900.000,90.150,170.667,0.000,0.000,0,0,0.0000,0
60,3,1.50000,2,-127.879,-900.000,90.150,204.800,0.000,0.000,0,0,0.0000,0
60,3,1.51667,2,-123.896,-900.000,90.150,238.933,0.000,0.000,0,0,0.0000,0
60,3,1.53333,2,-119.345,-900.000,90.150,273.067,0.000,0.000,0,0,0.0000,0
60,3,1.55000,2,-114.225,-900.000,90.150,307.200,0.000,0.000,0,0,0.0000,0
60,4,0.00000,0,500.000,-900.000,98.000,0.000,0.000,0.000,0,0,0.0000,0
60,4,0.01667,0,500.000,-900.000,90.150,0.000,0.000,0.000,0,0,0.0000,0
60,4,0.03333,0,500.000,-900.000,90.150,0.000,0.000,0.000,0,0,0.0000,0
60,4,0.05000,0,500.000,-900.000,90.150,0.000,0.000,0.000,0,0,0.0000,0
60,4,0.06667,0,500.000,-900.000,90.150,0.000,0.000,0.000,0,0,0.0000,0
60,4,0.08333,0,500.000,-900.000,90.150,0.000,0.000,0.000,0,0,0.0000,0
60,4,0.10000,0,500.000,-900.000,90.150,0.000,0.000,0.000,0,0,0.0000,0
60,4,0.11667,0,500.000,-900.000,90.150,0.000,0.000,0.000,0,0,0.0000,0
60,4,0.13333,0,500.000,-900.000,90.150,0.000,0.000,0.000,0,0,0.0000,0
60,4,0.15000,0,500.000,-900.000,90.150,0.000,0.000,0.000,0,0,0.0000,0
60,4,0.16667,0,500.000,-900.000,90.150,0.000,0.000,0.000,0,0,0.0000,0
60,4,0.18333,0,500.000,-900.000,90.150,0.000,0.000,0.000,0,0,0.0000,0
60,4,0.20000,0,500.000,-900.000,90.150,0.000,0.000,0.000,0,0,0.0000,0
60,4,0.21667,0,500.000,-900.000,90.150,0.000,0.000,0.000,0,0,0.0000,0
60,4,0.23333,0,500.000,-900.000,90.150,0.000,0.000,0.000,0,0,0.0000,0
60,4,0.25000,0,500.000,-900.000,90.150,0.000,0.000,0.000,0,0,0.0000,0
60,4,0.26667,0,500.000,-900.000,90.150,0.000,0.000,0.000,0,0,0.0000,0
60,4,0.28333,0,500.000,-900.000,90.150,0.000,0.000,0.000,0,0,0.0000,0
60,4,0.30000,0,500.000,-900.000,90.150,0.000,0.000,0.000,0,0,0.0000,0
60,4,0.31667,0,500.000,-900.000,90.150,0.000,0.000,0.000,0,0,0.0000,0
60,4,0.33333,0,500.000,-900.000,90.150,0.000,0.000,0.000,0,0,0.0000,0
60,4,0.35000,0,500.000,-900.000,90.150,0.000,0.000,0.000,0,0,0.0000,0
60,4,0.36667,0,500.000,-900.000,90.150,0.000,0.000,0.000,0,0,0.0000,0
60,4,0.38333,0,500.000,-900.000,90.150,0.000,0.000,0.000,0,0,0.0000,0
60,4,0.40000,0,500.000,-900.000,90.150,0.000,0.000,0.000,0,0,0.0000,0
60,4,0.41667,0,500.000,-900.000,90.150,0.000,0.000,0.000,0,0,0.0000,0
60,4,0.43333,0,500.000,-900.000,90.150,0.000,0.000,0.000,0,0,0.0000,0
60,4,0.45000,0,500.000,-900.000,90.150,0.000,0.000,0.000,0,0,0.0000,0
60,4,0.46667,0,500.000,-900.000,90.150,0.000,0.000,0.000,0,0,0.0000,0
60,4,0.48333,0,500.000,-900.000,90.150,0.000,0.000,0.000,0,0,0.0000,0
60,4,0.50000,0,500.000,-900.000,90.150,0.000,0.000,0.000,0,0,0.0000,0
60,4,0.51667,0,500.000,-900.000,90.150,0.000,0.000,0.000,0,0,0.0000,0
60,4,0.53333,0,500.000,-900.000,90.150,0.000,0.000,0.000,0,0,0.0000,0
60,4,0.55000,0,500.000,-900.000,90.150,0.000,0.000,0.000,0,0,0.0000,0
60,4,0.56667,0,500.000,-900.000,90.150,0.000,0.000,0.000,0,0,0.0000,0
60,4,0.58333,0,500.000,-900.000,90.150,0.000,0.000,0.000,0,0,0.0000,0
60,4,0.60000,0,500.000,-900.000,90.150,0.000,0.000,0.000,0,0,0.0000,0
60,4,0.61667,0,500.000,-900.000,90.150,0.000,0.000,0.000,0,0,0.0000,0
60,4,0.63333,0,500.000,-900.000,90.150,0.000,0.000,0.000,0,0,0.0000,0
60,4,0.65000,0,500.000,-900.000,90.150,0.000,0.000,0.000,0,0,0.0000,0
60,4,0.66667,0,500.000,-900.000,90.150,0.000,0.000,0.000,0,0,0.0000,0
60,4,0.68333,0,500.000,-900.000,90.150,0.000,0.000,0.000,0,0,0.0000,0
60,4,0.70000,0,500.000,-900.000,90.150,0.000,0.000,0.000,0,0,0.0000,0
60,4,0.71667,0,500.000,-900.000,90.150,0.000,0.000,0.000,0,0,0.0000,0
60,4,0.73333,0,500.000,-900.000,90.150,0.000,0.000,0.000,0,0,0.0000,0
60,4,0.75000,0,500.000,-900.000,90.150,0.000,0.000,0.000,0,0,0.0000,0
60,4,0.76667,0,500.000,-900.000,90.150,0.000,0.000,0.000,0,0,0.0000,0
60,4,0.78333,0,500.000,-900.000,90.150,0.000,0.000,0.000,0,0,0.0000,0
60,4,0.80000,0,500.000,-900.000,90.150,0.000,0.000,0.000,0,0,0.0000,0
60,4,0.81667,0,500.000,-900.000,90.150,0.000,0.000,0.000,0,0,0.0000,0
60,4,0.83333,0,500.000,-900.000,90.150,0.000,0.000,0.000,0,0,0.0000,0
60,4,0.85000,0,500.000,-900.000,90.150,0.000,0.000,0.000,0,0,0.0000,0
60,4,0.86667,0,500.000,-900.000,90.150,0.000,0.000,0.000,0,0,0.0000,0
60,4,0.88333,0,500.000,-900.000,90.150,0.000,0.000,0.000,0,0,0.0000,0
60,4,0.90000,0,500.000,-900.000,90.150,0.000,0.000,0.000,0,0,0.0000,0
60,4,0.91667,0,500.000,-900.000,90.150,0.000,0.000,0.000,0,0,0.0000,0
60,4,0.93333,0,500.000,-900.000,90.150,0.000,0.000,0.000,0,0,0.0000,0
60,4,0.95000,0,500.000,-900.000,90.150,0.000,0.000,0.000,0,0,0.0000,0
60,4,0.96667,0,500.000,-900.000,90.150,0.000,0.000,0.000,0,0,0.0000,0
60,4,0.98333,0,500.000,-900.000,90.150,0.000,0.000,0.000,0,0,0.0000,0
60,4,1.00000,0,500.000,-900.000,90.150,0.000,0.000,0.000,0,0,0.0000,0
60,4,1.01667,0,500.000,-900.000,90.150,0.000,0.000,0.000,0,0,0.0000,0
60,4,1.03333,0,500.000,-900.000,90.150,0.000,0.000,0.000,0,0,0.0000,0
60,4,1.05000,0,500.000,-900.000,90.150,0.000,0.000,0.000,0,0,0.0000,0
60,4,1.06667,0,500.000,-900.000,90.150,0.000,0.000,0.000,0,0,0.0000,0
60,4,1.08333,0,500.000,-900.000,90.150,0.000,0.000,0.000,0,0,0.0000,0
60,4,1.10000,0,500.000,-900.000,90.150,0.000,0.000,0.000,0,0,0.0000,0
60,4,1.11667,0,500.000,-900.000,90.150,0.000,0.000,0.000,0,0,0.0000,0
60,4,1.13333,0,500.000,-900.000,90.150,0.000,0.000,0.000,0,0,0.0000,0
60,4,1.15000,0,500.000,-900.000,90.150,0.000,0.000,0.000,0,0,0.0000,0
60,4,1.16667,0,500.000,-900.000,90.150,0.000,0.000,0.000,0,0,0.0000,0
60,4,1.18333,0,500.000,-900.000,90.150,0.000,0.000,0.000,0,0,0.0000,0
60,4,1.20000,0,500.000,-900.000,90.150,0.000,0.000,0.000,0,0,0.0000,0
60,4,1.21667,0,500.000,-900.000,90.150,0.000,0.000,0.000,0,0,0.0000,0
60,4,1.23333,0,500.000,-900.000,90.150,0.000,0.000,0.000,0,0,0.0000,0
60,4,1.25000,0,500.000,-900.000,90.150,0.000,0.000,0.000,0,0,0.0000,0
60,4,1.26667,0,500.000,-900.000,90.150,0.000,0.000,0.000,0,0,0.0000,0
60,4,1.28333,0,500.000,-900.000,90.150,0.000,0.000,0.000,0,0,0.0000,0
60,4,1.30000,0,500.000,-900.000,90.150,0.000,0.000,0.000,0,0,0.0000,0
60,4,1.31667,0,500.000,-900.000,90.150,0.000,0.000,0.000,0,0,0.0000,0
60,4,1.33333,0,500.000,-900.000,90.150,0.000,0.000,0.000,0,0,0.0000,0
60,4,1.35000,0,500.000,-900.000,90.150,0.000,0.000,0.000,0,0,0.0000,0
60,4,1.36667,0,500.000,-900.000,90.150,0.000,0.000,0.000,0,0,0.0000,0
60,4,1.38333,0,500.000,-900.000,90.150,0.000,0.000,0.000,0,0,0.0000,0
60,4,1.40000,0,500.000,-900.000,90.150,0.000,0.000,0.000,0,0,0.0000,0
60,4,1.41667,0,500.000,-900.000,90.150,0.000,0.000,0.000,0,0,0.0000,0
60,4,1.43333,0,500.000,-900.000,90.150,0.000,0.000,0.000,0,0,0.0000,0
60,4,1.45000,0,500.000,-900.000,90.150,0.000,0.000,0.000,0,0,0.0000,0
60,4,1.46667,0,500.000,-900.000,90.150,0.000,0.000,0.000,0,0,0.0000,0
60,4,1.48333,0,500.000,-900.000,90.150,0.000,0.000,0.000,0,0,0.0000,0
60,4,1.50000,0,500.000,-900.000,90.150,0.000,0.000,0.000,0,0,0.0000,0
60,4,1.51667,0,500.000,-900.000,90.150,0.000,0.000,0.000,0,0,0.0000,0
60,4,1.53333,0,500.000,-900.000,90.150,0.000,0.000,0.000,0,0,0.0000,0
60,4,1.55000,0,500.000,-900.000,90.150,0.000,0.000,0.000,0,0,0.0000,0
60,4,1.56667,0,500.000,-900.000,90.150,0.000,0.000,0.000,0,0,0.0000,0
60,4,1.58333,0,500.000,-900.000,90.150,0.000,0.000,0.000,0,0,0.0000,0
60,4,1.60000,0,500.000,-900.000,90.150,0.000,0.000,0.000,0,0,0.0000,0
120,0,0.00000,0,-500.000,-900.000,98.000,0.000,0.000,0.000,0,0,0.0000,0
120,0,0.00833,0,-499.858,-900.000,90.150,17.067,0.000,0.000,0,0,0.0000,0
120,0,0.01667,0,-499.573,-900.000,90.150,34.133,0.000,0.000,0,0,0.0000,0
120,0,0.02500,0,-499.147,-900.000,90.150,51.200,0.000,0.000,0,0,0.0000,0
120,0,0.03333,0,-498.578,-900.000,90.150,68.267,0.000,0.000,0,0,0.0000,0
120,0,0.04167,0,-497.867,-900.000,90.150,85.333,0.000,0.000,0,0,0.0000,0
120,0,0.05000,0,-497.013,-900.000,90.150,102.400,0.000,0.000,0,0,0.0000,0
120,0,0.05833,0,-496.018,-900.000,90.150,119.467,0.000,0.000,0,0,0.0000,0
120,0,0.06667,0,-494.880,-900.000,90.150,136.533,0.000,0.000,0,0,0.0000,0
120,0,0.07500,0,-493.600,-900.000,90.150,153.600,0.000,0.000,0,0,0.0000,0
120,0,0.08333,0,-492.178,-900.000,90.150,170.667,0.000,0.000,0,0,0.0000,0
120,0,0.09167,0,-490.613,-900.000,90.150,187.733,0.000,0.000,0,0,0.0000,0
120,0,0.10000,0,-488.907,-900.000,90.150,204.800,0.000,0.000,0,0,0.0000,0
120,0,0.10833,0,-487.058,-900.000,90.150,221.867,0.000,0.000,0,0,0.0000,0
120,0,0.11667,0,-485.067,-900.000,90.150,238.933,0.000,0.000,0,0,0.0000,0
120,0,0.12500,0,-482.933,-900.000,90.150,256.000,0.000,0.000,0,0,0.0000,0
120,0,0.13333,0,-480.658,-900.000,90.150,273.067,0.000,0.000,0,0,0.0000,0
120,0,0.14167,0,-478.240,-900.000,90.150,290.133,0.000,0.000,0,0,0.0000,0
120,0,0.15000,0,-475.680,-900.000,90.150,307.200,0.000,0.000,0,0,0.0000,0
120,0,0.15833,0,-472.978,-900.000,90.150,324.267,0.000,0.000,0,0,0.0000,0
120,0,0.16667,0,-470.133,-900.000,90.150,341.333,0.000,0.000,0,0,0.0000,0
120,0,0.17500,0,-467.147,-900.000,90.150,358.400,0.000,0.000,0,0,0.0000,0
120,0,0.18333,0,-464.018,-900.000,90.150,375.467,0.000,0.000,0,0,0.0000,0
120,0,0.19167,0,-460.747,-900.000,90.150,392.533,0.000,0.000,0,0,0.0000,0
120,0,0.20000,0,-457.333,-900.000,90.150,409.600,0.000,0.000,0,0,0.0000,0
120,0,0.20833,0,-453.778,-900.000,90.150,426.667,0.000,0.000,0,0,0.0000,0
120,0,0.21667,0,-450.080,-900.000,90.150,443.733,0.000,0.000,0,0,0.0000,0
120,0,0.22500,0,-446.330,-900.000,90.150,450.000,0.000,0.000,0,0,0.0000,0
120,0,0.23333,0,-442.580,-900.000,90.150,450.000,0.000,0.000,0,0,0.0000,0
120,0,0.24167,0,-438.830,-900.000,90.150,450.000,0.000,0.000,0,0,0.0000,0
120,0,0.25000,0,-435.080,-900.000,90.150,450.000,0.000,0.000,0,0,0.0000,0
120,0,0.25833,0,-431.330,-900.000,90.150,450.000,0.000,0.000,0,0,0.0000,0
120,0,0.26667,0,-427.580,-900.000,90.150,450.000,0.000,0.000,0,0,0.0000,0
120,0,0.27500,0,-423.830,-900.000,90.150,450.000,0.000,0.000,0,0,0.0000,0
120,0,0.28333,0,-420.080,-900.000,90.150,450.000,0.000,0.000,0,0,0.0000,0
120,0,0.29167,0,-416.330,-900.000,90.150,450.000,0.000,0.000,0,0,0.0000,0
120,0,0.30000,0,-412.580,-900.000,90.150,450.000,0.000,0.000,0,0,0.0000,0
120,0,0.30833,0,-408.830,-900.000,90.150,450.000,0.000,0.000,0,0,0.0000,0
120,0,0.31667,0,-405.080,-900.000,90.150,450.000,0.000,0.000,0,0,0.0000,0
120,0,0.32500,0,-401.330,-900.000,90.150,450.000,0.000,0.000,0,0,0.0000,0
120,0,0.33333,0,-397.580,-900.000,90.150,450.000,0.000,0.000,0,0,0.0000,0
120,0,0.34167,0,-393.830,-900.000,90.150,450.000,0.000,0.000,0,0,0.0000,0
120,0,0.35000,0,-390.080,-900.000,90.150,450.000,0.000,0.000,0,0,0.0000,0
120,0,0.35833,0,-386.330,-900.000,90.150,450.000,0.000,0.000,0,0,0.0000,0
120,0,0.36667,0,-382.580,-900.000,90.150,450.000,0.000,0.000,0,0,0.0000,0
120,0,0.37500,0,-378.830,-900.000,90.150,450.000,0.000,0.000,0,0,0.0000,0
120,0,0.38333,0,-375.080,-900.000,90.150,450.000,0.000,0.000,0,0,0.0000,0
120,0,0.39167,0,-371.330,-900.000,90.150,450.000,0.000,0.000,0,0,0.0000,0
120,0,0.40000,0,-367.580,-900.000,90.150,450.000,0.000,0.000,0,0,0.0000,0
120,0,0.40833,1,-363.830,-900.000,95.533,450.000,0.000,641.833,0,0,0.0000,0
120,0,0.41667,1,-360.080,-900.000,100.847,450.000,0.000,633.667,0,0,0.0000,0
120,0,0.42500,1,-356.330,-900.000,106.094,450.000,0.000,625.500,0,0,0.0000,0
120,0,0.43333,1,-352.580,-900.000,111.272,450.000,0.000,617.333,0,0,0.0000,0
120,0,0.44167,1,-348.830,-900.000,116.383,450.000,0.000,609.167,0,0,0.0000,0
120,0,0.45000,1,-345.080,-900.000,121.425,450.000,0.000,601.000,0,0,0.0000,0
120,0,0.45833,1,-341.330,-900.000,126.399,450.000,0.000,592.833,0,0,0.0000,0
120,0,0.46667,1,-337.580,-900.000,131.306,450.000,0.000,584.667,0,0,0.0000,0
120,0,0.47500,1,-333.830,-900.000,136.144,450.000,0.000,576.500,0,0,0.0000,0
120,0,0.48333,1,-330.080,-900.000,140.914,450.000,0.000,568.333,0,0,0.0000,0
120,0,0.49167,1,-326.330,-900.000,145.616,450.000,0.000,560.167,0,0,0.0000,0
120,0,0.50000,1,-322.580,-900.000,150.250,450.000,0.000,552.000,0,0,0.0000,0
120,0,0.50833,2,-318.830,-900.000,154.816,450.000,0.000,543.833,1,1,0.0083,0
120,0,0.51667,2,-315.080,-900.000,159.314,450.000,0.000,535.667,1,1,0.0167,0
120,0,0.52500,2,-311.330,-900.000,163.744,450.000,0.000,527.500,1,1,0.0250,0
120,0,0.53333,2,-307.580,-900.000,168.106,450.000,0.000,519.333,1,1,0.0333,0
120,0,0.54167,2,-303.830,-900.000,172.399,450.000,0.000,511.167,1,1,0.0417,0
120,0,0.55000,2,-300.080,-900.000,176.625,450.000,0.000,503.000,1,1,0.0500,0
120,0,0.55833,2,-296.330,-900.000,180.783,450.000,0.000,494.833,1,1,0.0583,0
120,0,0.56667,2,-292.580,-900.000,184.872,450.000,0.000,486.667,1,1,0.0667,0
120,0,0.57500,2,-288.830,-900.000,188.894,450.000,0.000,478.500,1,1,0.0750,0
120,0,0.58333,2,-285.080,-900.000,192.847,450.000,0.000,470.333,1,1,0.0833,0
120,0,0.59167,2,-281.330,-900.000,196.733,450.000,0.000,462.167,1,1,0.0917,0
120,0,0.60000,2,-277.580,-900.000,200.550,450.000,0.000,454.000,1,1,0.1000,0
120,0,0.60833,2,-273.830,-900.000,204.299,450.000,0.000,445.833,1,1,0.1083,0
120,0,0.61667,2,-270.080,-900.000,207.981,450.000,0.000,437.667,1,1,0.1167,0
120,0,0.62500,2,-266.330,-900.000,211.594,450.000,0.000,429.500,1,1,0.1250,0
120,0,0.63333,2,-262.580,-900.000,215.139,450.000,0.000,421.333,1,1,0.1333,0
120,0,0.64167,2,-258.830,-900.000,218.616,450.000,0.000,413.167,1,1,0.1417,0
120,0,0.65000,2,-255.080,-900.000,222.025,450.000,0.000,405.000,1,1,0.1500,0
120,0,0.65833,2,-251.330,-900.000,225.366,450.000,0.000,396.833,1,1,0.1583,0
120,0,0.66667,2,-247.580,-900.000,228.639,450.000,0.000,388.667,1,1,0.1667,0
120,0,0.67500,2,-243.830,-900.000,231.844,450.000,0.000,380.500,1,1,0.1750,0
120,0,0.68333,2,-240.080,-900.000,234.981,450.000,0.000,372.333,1,1,0.1833,0
120,0,0.69167,2,-236.330,-900.000,238.049,450.000,0.000,364.167,1,1,0.1917,0
120,0,0.70000,2,-232.580,-900.000,241.050,450.000,0.000,356.000,1,1,0.2000,0
120,0,0.70833,2,-228.830,-900.000,243.983,450.000,0.000,347.833,1,1,0.2083,0
120,0,0.71667,2,-225.080,-900.000,246.847,450.000,0.000,339.667,1,1,0.2167,0
120,0,0.72500,2,-221.330,-900.000,249.644,450.000,0.000,331.500,1,1,0.2250,0
120,0,0.73333,2,-217.580,-900.000,252.372,450.000,0.000,323.333,1,1,0.2333,0
120,0,0.74167,3,-213.830,-900.000,255.033,450.000,0.000,315.167,1,1,0.2417,0
120,0,0.75000,3,-210.080,-900.000,257.625,450.000,0.000,307.000,1,1,0.2500,0
120,0,0.75833,3,-206.330,-900.000,260.149,450.000,0.000,298.833,1,1,0.2583,0
120,0,0.76667,3,-202.580,-900.000,262.606,450.000,0.000,290.667,1,1,0.2667,0
120,0,0.77500,3,-198.830,-900.000,264.994,450.000,0.000,282.500,1,1,0.2750,0
120,0,0.78333,3,-195.080,-900.000,267.314,450.000,0.000,274.333,1,1,0.2833,0
120,0,0.79167,3,-191.330,-900.000,269.566,450.000,0.000,266.167,1,1,0.2917,0
120,0,0.80000,3,-187.580,-900.000,271.750,450.000,0.000,258.000,1,1,0.3000,0
120,0,0.80833,3,-183.830,-900.000,273.866,450.000,0.000,249.833,1,1,0.3083,0
120,0,0.81667,3,-180.080,-900.000,275.914,450.000,0.000,241.667,1,1,0.3167,0
120,0,0.82500,3,-176.330,-900.000,277.894,450.000,0.000,233.500,1,1,0.3250,0
120,0,0.83333,3,-172.580,-900.000,279.806,450.000,0.000,225.333,1,1,0.3333,0
120,0,0.84167,3,-168.830,-900.000,281.649,450.000,0.000,217.167,1,1,0.3417,0
120,0,0.85000,3,-165.080,-900.000,283.425,450.000,0.000,209.000,1,1,0.3500,0
120,0,0.85833,3,-161.330,-900.000,285.133,450.000,0.000,200.833,1,1,0.3583,0
120,0,0.86667,3,-157.580,-900.000,286.772,450.000,0.000,192.667,1,1,0.3667,0
120,0,0.87500,3,-153.830,-900.000,288.344,450.000,0.000,184.500,1,1,0.3750,0
120,0,0.88333,3,-150.080,-900.000,289.847,450.000,0.000,176.333,1,1,0.3833,0
120,0,0.89167,3,-146.330,-900.000,291.283,450.000,0.000,168.167,1,1,0.3917,0
120,0,0.90000,3,-142.580,-900.000,292.650,450.000,0.000,160.000,1,1,0.4000,0
120,0,0.90833,3,-138.830,-900.000,293.949,450.000,0.000,151.833,1,1,0.4083,0
120,0,0.91667,3,-135.080,-900.000,295.181,450.000,0.000,143.667,1,1,0.4167,0
120,0,0.92500,3,-131.330,-900.000,296.344,450.000,0.000,135.500,1,1,0.4250,0
120,0,0.93333,3,-127.580,-900.000,297.439,450.000,0.000,127.333,1,1,0.4333,0
120,0,0.94167,3,-123.830,-900.000,298.466,450.000,0.000,119.167,1,1,0.4417,0
120,0,0.95000,3,-120.080,-900.000,299.425,450.000,0.000,111.000,1,1,0.4500,0
120,0,0.95833,3,-116.330,-900.000,300.316,450.000,0.000,102.833,1,1,0.4583,0
120,0,0.96667,3,-112.580,-900.000,301.139,450.000,0.000,94.667,1,1,0.4667,0
120,0,0.97500,3,-108.830,-900.000,301.894,450.000,0.000,86.500,1,1,0.4750,0
120,0,0.98333,3,-105.080,-900.000,302.581,450.000,0.000,78.333,1,1,0.4833,0
120,0,0.99167,3,-101.330,-900.000,303.199,450.000,0.000,70.167,1,1,0.4917,0
120,0,1.00000,3,-97.580,-900.000,303.750,450.000,0.000,62.000,1,1,0.5000,0
120,0,1.00833,3,-93.830,-900.000,304.233,450.000,0.000,53.833,1,1,0.5083,0
120,0,1.01667,3,-90.080,-900.000,304.647,450.000,0.000,45.667,1,1,0.5167,0
120,0,1.02500,3,-86.330,-900.000,304.994,450.000,0.000,37.500,1,1,0.5250,0
120,0,1.03333,3,-82.580,-900.000,305.272,450.000,0.000,29.333,1,1,0.5333,0
120,0,1.04167,3,-78.830,-900.000,305.483,450.000,0.000,21.167,1,1,0.5417,0
120,0,1.05000,3,-75.080,-900.000,305.625,450.000,0.000,13.000,1,1,0.5500,0
120,0,1.05833,3,-71.330,-900.000,305.699,450.000,0.000,4.833,1,1,0.5583,0
120,0,1.06667,3,-67.580,-900.000,305.706,450.000,0.000,-3.333,1,1,0.5667,0
120,0,1.07500,3,-63.830,-900.000,305.644,450.000,0.000,-11.500,1,1,0.5750,0
120,0,1.08333,3,-60.080,-900.000,305.514,450.000,0.000,-19.667,1,1,0.5833,0
120,0,1.09167,3,-56.330,-900.000,305.316,450.000,0.000,-27.833,1,1,0.5917,0
120,0,1.10000,3,-52.580,-900.000,305.050,450.000,0.000,-36.000,1,1,0.6000,0
120,0,1.10833,3,-48.830,-900.000,304.716,450.000,0.000,-44.167,1,1,0.6083,0
120,0,1.11667,3,-45.080,-900.000,304.314,450.000,0.000,-52.333,1,1,0.6167,0
120,0,1.12500,3,-41.330,-900.000,303.844,450.000,0.000,-60.500,1,1,0.6250,0
120,0,1.13333,3,-37.580,-900.000,303.306,450.000,0.000,-68.667,1,1,0.6333,0
120,0,1.14167,3,-33.830,-900.000,302.699,450.000,0.000,-76.833,1,1,0.6417,0
120,0,1.15000,3,-30.080,-900.000,302.025,450.000,0.000,-85.000,1,1,0.6500,0
120,0,1.15833,3,-26.330,-900.000,301.283,450.000,0.000,-93.167,1,1,0.6583,0
120,0,1.16667,3,-22.580,-900.000,300.472,450.000,0.000,-101.333,1,1,0.6667,0
120,0,1.17500,3,-18.830,-900.000,299.594,450.000,0.000,-109.500,1,1,0.6750,0
120,0,1.18333,3,-15.080,-900.000,298.647,450.000,0.000,-117.667,1,1,0.6833,0
120,0,1.19167,3,-11.330,-900.000,297.633,450.000,0.000,-125.833,1,1,0.6917,0
120,0,1.20000,3,-7.580,-900.000,296.550,450.000,0.000,-134.000,1,1,0.7000,0
120,0,1.20833,3,-3.830,-900.000,295.399,450.000,0.000,-142.167,1,1,0.7083,0
120,0,1.21667,3,-0.080,-900.000,294.181,450.000,0.000,-150.333,1,1,0.7167,0
120,0,1.22500,3,3.670,-900.000,292.894,450.000,0.000,-158.500,1,1,0.7250,0
120,0,1.23333,3,7.420,-900.000,291.539,450.000,0.000,-166.667,1,1,0.7333,0
120,0,1.24167,3,11.170,-900.000,290.116,450.000,0.000,-174.833,1,1,0.7417,0
120,0,1.25000,3,14.920,-900.000,288.625,450.000,0.000,-183.000,1,1,0.7500,0
120,0,1.25833,3,18.670,-900.000,287.066,450.000,0.000,-191.167,1,1,0.7583,0
120,0,1.26667,3,22.420,-900.000,285.439,450.000,0.000,-199.333,1,1,0.7667,0
120,0,1.27500,3,26.170,-900.000,283.744,450.000,0.000,-207.500,1,1,0.7750,0
120,0,1.28333,3,29.920,-900.000,281.981,450.000,0.000,-215.667,0,0,0.0000,0
120,0,1.29167,3,33.670,-900.000,280.149,450.000,0.000,-223.833,0,0,0.0000,0
120,0,1.30000,3,37.420,-900.000,278.250,450.000,0.000,-232.000,0,0,0.0000,0
120,0,1.30833,3,41.170,-900.000,276.283,450.000,0.000,-240.167,0,0,0.0000,0
120,0,1.31667,3,44.920,-900.000,274.247,450.000,0.000,-248.333,0,0,0.0000,0
120,0,1.32500,3,48.670,-900.000,272.144,450.000,0.000,-256.500,0,0,0.0000,0
120,0,1.33333,3,52.420,-900.000,269.972,450.000,0.000,-264.667,0,0,0.0000,0
120,0,1.34167,3,56.170,-900.000,267.733,450.000,0.000,-272.833,0,0,0.0000,0
120,0,1.35000,3,59.920,-900.000,265.425,450.000,0.000,-281.000,0,0,0.0000,0
120,0,1.35833,3,63.670,-900.000,263.049,450.000,0.000,-289.167,0,0,0.0000,0
120,0,1.36667,3,67.420,-900.000,260.606,450.000,0.000,-297.333,0,0,0.0000,0
120,0,1.37500,3,71.170,-900.000,258.094,450.000,0.000,-305.500,0,0,0.0000,0
120,0,1.38333,3,74.920,-900.000,255.514,450.000,0.000,-313.667,0,0,0.0000,0
120,0,1.39167,3,78.670,-900.000,252.866,450.000,0.000,-321.833,0,0,0.0000,0
120,0,1.40000,3,82.420,-900.000,250.150,450.000,0.000,-330.000,0,0,0.0000,0
120,0,1.40833,3,86.170,-900.000,247.366,450.000,0.000,-338.167,0,0,0.0000,0
120,0,1.41667,3,89.920,-900.000,244.514,450.000,0.000,-346.333,0,0,0.0000,0
120,0,1.42500,3,93.670,-900.000,241.594,450.000,0.000,-354.500,0,0,0.0000,0
120,0,1.43333,3,97.420,-900.000,238.606,450.000,0.000,-362.667,0,0,0.0000,0
120,0,1.44167,3,101.170,-900.000,235.549,450.000,0.000,-370.833,0,0,0.0000,0
120,0,1.45000,3,104.920,-900.000,232.425,450.000,0.000,-379.000,0,0,0.0000,0
120,0,1.45833,3,108.670,-900.000,229.233,450.000,0.000,-387.167,0,0,0.0000,0
120,0,1.46667,3,112.420,-900.000,225.972,450.000,0.000,-395.333,0,0,0.0000,0
120,0,1.47500,3,116.170,-900.000,222.644,450.000,0.000,-403.500,0,0,0.0000,0
120,0,1.48333,3,119.920,-900.000,219.247,450.000,0.000,-411.667,0,0,0.0000,0
120,0,1.49167,3,123.670,-900.000,215.783,450.000,0.000,-419.833,0,0,0.0000,0
120,0,1.50000,3,127.420,-900.000,212.250,450.000,0.000,-428.000,0,0,0.0000,0
120,0,1.50833,3,131.170,-900.000,208.649,450.000,0.000,-436.167,0,0,0.0000,0
120,0,1.51667,3,134.920,-900.000,204.981,450.000,0.000,-444.333,0,0,0.0000,0
120,0,1.52500,3,138.670,-900.000,201.244,450.000,0.000,-452.500,0,0,0.0000,0
120,0,1.53333,3,142.420,-900.000,197.439,450.000,0.000,-460.667,0,0,0.0000,0
120,0,1.54167,3,146.170,-900.000,193.566,450.000,0.000,-468.833,0,0,0.0000,0
120,0,1.55000,3,149.920,-900.000,189.625,450.000,0.000,-477.000,0,0,0.0000,0
120,0,1.55833,3,153.670,-900.000,185.616,450.000,0.000,-485.167,0,0,0.0000,0
120,0,1.56667,3,157.420,-900.000,181.539,450.000,0.000,-493.333,0,0,0.0000,0
120,0,1.57500,3,161.170,-900.000,177.394,450.000,0.000,-501.500,0,0,0.0000,0
120,0,1.58333,3,164.920,-900.000,173.181,450.000,0.000,-509.667,0,0,0.0000,0
120,0,1.59167,3,168.670,-900.000,168.899,450.000,0.000,-517.833,0,0,0.0000,0
120,0,1.60000,3,172.420,-900.000,164.550,450.000,0.000,-526.000,0,0,0.0000,0
120,0,1.60833,3,176.170,-900.000,160.133,450.000,0.000,-534.167,0,0,0.0000,0
120,0,1.61667,3,179.920,-900.000,155.647,450.000,0.000,-542.333,0,0,0.0000,0
120,0,1.62500,3,183.670,-900.000,151.094,450.000,0.000,-550.500,0,0,0.0000,0
120,0,1.63333,3,187.420,-900.000,146.472,450.000,0.000,-558.667,0,0,0.0000,0
120,0,1.64167,3,191.170,-900.000,141.783,450.000,0.000,-566.833,0,0,0.0000,0
120,0,1.65000,3,194.920,-900.000,137.025,450.000,0.000,-575.000,0,0,0.0000,0
120,0,1.65833,3,198.670,-900.000,132.199,450.000,0.000,-583.167,0,0,0.0000,0
120,0,1.66667,3,202.420,-900.000,127.306,450.000,0.000,-591.333,0,0,0.0000,0
120,0,1.67500,3,206.170,-900.000,122.344,450.000,0.000,-599.500,0,0,0.0000,0
120,0,1.68333,3,209.920,-900.000,117.314,450.000,0.000,-607.667,0,0,0.0000,0
120,0,1.69167,3,213.670,-900.000,112.216,450.000,0.000,-615.833,0,0,0.0000,0
120,0,1.70000,3,217.420,-900.000,107.050,450.000,0.000,-624.000,0,0,0.0000,0
120,0,1.70833,3,221.170,-900.000,101.816,450.000,0.000,-632.167,0,0,0.0000,0
120,0,1.71667,3,224.920,-900.000,96.514,450.000,0.000,-640.333,0,0,0.0000,0
120,0,1.72500,3,228.670,-900.000,91.144,450.000,0.000,-648.500,0,0,0.0000,0
120,0,1.73333,3,232.386,-900.000,90.150,442.224,0.000,0.000,0,0,0.0000,1
120,0,1.74167,3,235.951,-900.000,90.150,427.726,0.000,0.000,0,0,0.0000,1
120,0,1.75000,3,239.398,-900.000,90.150,413.704,0.000,0.000,0,0,0.0000,1
120,0,1.75833,3,242.733,-900.000,90.150,400.141,0.000,0.000,0,0,0.0000,1
120,0,1.76667,3,245.958,-900.000,90.150,387.023,0.000,0.000,0,0,0.0000,1
120,0,1.77500,3,249.077,-900.000,90.150,374.335,0.000,0.000,0,0,0.0000,1
120,0,1.78333,3,252.094,-900.000,90.150,362.062,0.000,0.000,0,0,0.0000,1
120,0,1.79167,3,255.013,-900.000,90.150,350.193,0.000,0.000,0,0,0.0000,1
120,0,1.80000,3,257.835,-900.000,90.150,338.712,0.000,0.000,0,0,0.0000,1
120,0,1.80833,3,260.565,-900.000,90.150,327.608,0.000,0.000,0,0,0.0000,1
120,0,1.81667,3,263.206,-900.000,90.150,316.867,0.000,0.000,0,0,0.0000,1
120,0,1.82500,3,265.760,-900.000,90.150,306.479,0.000,0.000,0,0,0.0000,1
120,0,1.83333,3,268.230,-900.000,90.150,296.432,0.000,0.000,0,0,0.0000,1
120,0,1.84167,3,270.619,-900.000,90.150,286.713,0.000,0.000,0,0,0.0000,1
120,0,1.85000,3,272.930,-900.000,90.150,277.314,0.000,0.000,0,0,0.0000,1
120,0,1.85833,3,275.384,-900.000,90.150,294.380,0.000,0.000,0,0,0.0000,0
120,0,1.86667,3,277.979,-900.000,90.150,311.447,0.000,0.000,0,0,0.0000,0
120,0,1.87500,3,280.717,-900.000,90.150,328.514,0.000,0.000,0,0,0.0000,0
120,0,1.88333,3,283.596,-900.000,90.150,345.580,0.000,0.000,0,0,0.0000,0
120,0,1.89167,3,286.618,-900.000,90.150,362.647,0.000,0.000,0,0,0.0000,0
120,0,1.90000,3,289.783,-900.000,90.150,379.714,0.000,0.000,0,0,0.0000,0
120,0,1.90833,3,293.089,-900.000,90.150,396.781,0.000,0.000,0,0,0.0000,0
120,0,1.91667,3,296.538,-900.000,90.150,413.847,0.000,0.000,0,0,0.0000,0
120,0,1.92500,3,300.129,-900.000,90.150,430.914,0.000,0.000,0,0,0.0000,0
120,0,1.93333,3,303.862,-900.000,90.150,447.981,0.000,0.000,0,0,0.0000,0
120,0,1.94167,4,307.612,-900.000,90.150,450.000,0.000,0.000,0,0,0.0000,0
120,0,1.95000,4,311.362,-900.000,90.150,450.000,0.000,0.000,0,0,0.0000,0
120,0,1.95833,4,315.112,-900.000,90.150,450.000,0.000,0.000,0,0,0.0000,0
120,0,1.96667,4,318.862,-900.000,90.150,450.000,0.000,0.000,0,0,0.0000,0
120,0,1.97500,4,322.612,-900.000,90.150,450.000,0.000,0.000,0,0,0.0000,0
120,0,1.98333,4,326.362,-900.000,90.150,450.000,0.000,0.000,0,0,0.0000,0
120,0,1.99167,4,330.112,-900.000,90.150,450.000,0.000,0.000,0,0,0.0000,0
120,0,2.00000,4,333.862,-900.000,90.150,450.000,0.000,0.000,0,0,0.0000,0
120,0,2.00833,4,337.612,-900.000,90.150,450.000,0.000,0.000,0,0,0.0000,0
120,0,2.01667,4,341.362,-900.000,90.150,450.000,0.000,0.000,0,0,0.0000,0
120,0,2.02500,4,345.112,-900.000,90.150,450.000,0.000,0.000,0,0,0.0000,0
120,0,2.03333,4,348.862,-900.000,90.150,450.000,0.000,0.000,0,0,0.0000,0
120,0,2.04167,4,352.612,-900.000,90.150,450.000,0.000,0.000,0,0,0.0000,0
120,0,2.05000,4,356.362,-900.000,90.150,450.000,0.000,0.000,0,0,0.0000,0
120,0,2.05833,4,360.112,-900.000,90.150,450.000,0.000,0.000,0,0,0.0000,0
120,0,2.06667,4,363.862,-900.000,90.150,450.000,0.000,0.000,0,0,0.0000,0
120,0,2.07500,4,367.612,-900.000,90.150,450.000,0.000,0.000,0,0,0.0000,0
120,0,2.08333,4,371.362,-900.000,90.150,450.000,0.000,0.000,0,0,0.0000,0
120,0,2.09167,4,375.112,-900.000,90.150,450.000,0.000,0.000,0,0,0.0000,0
120,0,2.10000,4,378.862,-900.000,90.150,450.000,0.000,0.000,0,0,0.0000,0
120,0,2.10833,4,382.612,-900.000,90.150,450.000,0.000,0.000,0,0,0.0000,0
120,0,2.11667,4,386.362,-900.000,90.150,450.000,0.000,0.000,0,0,0.0000,0
120,0,2.12500,4,390.112,-900.000,90.150,450.000,0.000,0.000,0,0,0.0000,0
120,0,2.13333,4,393.862,-900.000,90.150,450.000,0.000,0.000,0,0,0.0000,0
120,0,2.14167,4,397.612,-900.000,90.150,450.000,0.000,0.000,0,0,0.0000,0
120,0,2.15000,4,401.362,-900.000,90.150,450.000,0.000,0.000,0,0,0.0000,0
120,0,2.15833,4,405.112,-900.000,90.150,450.000,0.000,0.000,0,0,0.0000,0
120,0,2.16667,4,408.862,-900.000,90.150,450.000,0.000,0.000,0,0,0.0000,0
120,0,2.17500,4,412.612,-900.000,90.150,450.000,0.000,0.000,0,0,0.0000,0
120,0,2.18333,4,416.362,-900.000,90.150,450.000,0.000,0.000,0,0,0.0000,0
120,0,2.19167,4,420.112,-900.000,90.150,450.000,0.000,0.000,0,0,0.0000,0
120,0,2.20000,4,423.862,-900.000,90.150,450.000,0.000,0.000,0,0,0.0000,0
120,0,2.20833,4,427.612,-900.000,90.150,450.000,0.000,0.000,0,0,0.0000,0
120,0,2.21667,4,431.362,-900.000,90.150,450.000,0.000,0.000,0,0,0.0000,0
120,0,2.22500,4,435.112,-900.000,90.150,450.000,0.000,0.000,0,0,0.0000,0
120,0,2.23333,4,438.862,-900.000,90.150,450.000,0.000,0.000,0,0,0.0000,0
120,0,2.24167,4,442.612,-900.000,90.150,450.000,0.000,0.000,0,0,0.0000,0
120,0,2.25000,4,446.362,-900.000,90.150,450.000,0.000,0.000,0,0,0.0000,0
120,0,2.25833,4,450.112,-900.000,90.150,450.000,0.000,0.000,0,0,0.0000,0
120,0,2.26667,4,453.862,-900.000,90.150,450.000,0.000,0.000,0,0,0.0000,0
120,0,2.27500,4,457.612,-900.000,90.150,450.000,0.000,0.000,0,0,0.0000,0
120,0,2.28333,4,461.362,-900.000,90.150,450.000,0.000,0.000,0,0,0.0000,0
120,0,2.29167,4,465.112,-900.000,90.150,450.000,0.000,0.000,0,0,0.0000,0
120,0,2.30000,4,468.862,-900.000,90.150,450.000,0.000,0.000,0,0,0.0000,0
120,0,2.30833,4,472.612,-900.000,90.150,450.000,0.000,0.000,0,0,0.0000,0
120,0,2.31667,4,476.362,-900.000,90.150,450.000,0.000,0.000,0,0,0.0000,0
120,0,2.32500,4,480.112,-900.000,90.150,450.000,0.000,0.000,0,0,0.0000,0
120,0,2.33333,4,483.862,-900.000,90.150,450.000,0.000,0.000,0,0,0.0000,0
120,0,2.34167,4,487.612,-900.000,90.150,450.000,0.000,0.000,0,0,0.0000,0
120,0,2.35000,4,491.362,-900.000,90.150,450.000,0.000,0.000,0,0,0.0000,0
120,0,2.35833,4,495.112,-900.000,90.150,450.000,0.000,0.000,0,0,0.0000,0
120,0,2.36667,4,498.862,-900.000,90.150,450.000,0.000,0.000,0,0,0.0000,0
120,0,2.37500,4,502.612,-900.000,90.150,450.000,0.000,0.000,0,0,0.0000,0
120,0,2.38333,4,506.362,-900.000,90.150,450.000,0.000,0.000,0,0,0.0000,0
120,0,2.39167,4,510.112,-900.000,90.150,450.000,0.000,0.000,0,0,0.0000,0
120,0,2.40000,4,513.862,-900.000,90.150,450.000,0.000,0.000,0,0,0.0000,0
120,0,2.40833,4,517.612,-900.000,90.150,450.000,0.000,0.000,0,0,0.0000,0
120,0,2.41667,4,521.362,-900.000,90.150,450.000,0.000,0.000,0,0,0.0000,0
120,0,2.42500,4,525.112,-900.000,90.150,450.000,0.000,0.000,0,0,0.0000,0
120,0,2.43333,4,528.862,-900.000,90.150,450.000,0.000,0.000,0,0,0.0000,0
120,0,2.44167,4,532.612,-900.000,90.150,450.000,0.000,0.000,0,0,0.0000,0
120,0,2.45000,4,536.362,-900.000,90.150,450.000,0.000,0.000,0,0,0.0000,0
120,0,2.45833,4,540.112,-900.000,90.150,450.000,0.000,0.000,0,0,0.0000,0
120,0,2.46667,4,543.862,-900.000,90.150,450.000,0.000,0.000,0,0,0.0000,0
120,0,2.47500,4,547.612,-900.000,90.150,450.000,0.000,0.000,0,0,0.0000,0
120,0,2.48333,4,551.362,-900.000,90.150,450.000,0.000,0.000,0,0,0.0000,0
120,1,0.00000,0,-500.000,-900.000,98.000,0.000,0.000,0.000,0,0,0.0000,0
120,1,0.00833,0,-499.858,-900.000,90.150,17.067,0.000,0.000,0,0,0.0000,0
120,1,0.01667,0,-499.573,-900.000,90.150,34.133,0.000,0.000,0,0,0.0000,0
120,1,0.02500,0,-499.147,-900.000,90.150,51.200,0.000,0.000,0,0,0.0000,0
120,1,0.03333,0,-498.578,-900.000,90.150,68.267,0.000,0.000,0,0,0.0000,0
120,1,0.04167,0,-497.867,-900.000,90.150,85.333,0.000,0.000,0,0,0.0000,0
120,1,0.05000,0,-497.013,-900.000,90.150,102.400,0.000,0.000,0,0,0.0000,0
120,1,0.05833,0,-496.018,-900.000,90.150,119.467,0.000,0.000,0,0,0.0000,0
120,1,0.06667,0,-494.880,-900.000,90.150,136.533,0.000,0.000,0,0,0.0000,0
120,1,0.07500,0,-493.600,-900.000,90.150,153.600,0.000,0.000,0,0,0.0000,0
120,1,0.08333,0,-492.178,-900.000,90.150,170.667,0.000,0.000,0,0,0.0000,0
120,1,0.09167,0,-490.613,-900.000,90.150,187.733,0.000,0.000,0,0,0.0000,0
120,1,0.10000,0,-488.907,-900.000,90.150,204.800,0.000,0.000,0,0,0.0000,0
120,1,0.10833,0,-487.058,-900.000,90.150,221.867,0.000,0.000,0,0,0.0000,0
120,1,0.11667,0,-485.067,-900.000,90.150,238.933,0.000,0.000,0,0,0.0000,0
120,1,0.12500,0,-482.933,-900.000,90.150,256.000,0.000,0.000,0,0,0.0000,0
120,1,0.13333,0,-480.658,-900.000,90.150,273.067,0.000,0.000,0,0,0.0000,0
120,1,0.14167,0,-478.240,-900.000,90.150,290.133,0.000,0.000,0,0,0.0000,0
120,1,0.15000,0,-475.680,-900.000,90.150,307.200,0.000,0.000,0,0,0.0000,0
120,1,0.15833,0,-472.978,-900.000,90.150,324.267,0.000,0.000,0,0,0.0000,0
120,1,0.16667,0,-470.133,-900.000,90.150,341.333,0.000,0.000,0,0,0.0000,0
120,1,0.17500,0,-467.147,-900.000,90.150,358.400,0.000,0.000,0,0,0.0000,0
120,1,0.18333,0,-464.018,-900.000,90.150,375.467,0.000,0.000,0,0,0.0000,0
120,1,0.19167,0,-460.747,-900.000,90.150,392.533,0.000,0.000,0,0,0.0000,0
120,1,0.20000,0,-457.333,-900.000,90.150,409.600,0.000,0.000,0,0,0.0000,0
120,1,0.20833,0,-453.778,-900.000,90.150,426.667,0.000,0.000,0,0,0.0000,0
120,1,0.21667,0,-450.080,-900.000,90.150,443.733,0.000,0.000,0,0,0.0000,0
120,1,0.22500,0,-446.330,-900.000,90.150,450.000,0.000,0.000,0,0,0.0000,0
120,1,0.23333,0,-442.580,-900.000,90.150,450.000,0.000,0.000,0,0,0.0000,0
120,1,0.24167,0,-438.830,-900.000,90.150,450.000,0.000,0.000,0,0,0.0000,0
120,1,0.25000,0,-435.080,-900.000,90.150,450.000,0.000,0.000,0,0,0.0000,0
120,1,0.25833,0,-431.330,-900.000,90.150,450.000,0.000,0.000,0,0,0.0000,0
120,1,0.26667,0,-427.580,-900.000,90.150,450.000,0.000,0.000,0,0,0.0000,0
120,1,0.27500,0,-423.830,-900.000,90.150,450.000,0.000,0.000,0,0,0.0000,0
120,1,0.28333,0,-420.080,-900.000,90.150,450.000,0.000,0.000,0,0,0.0000,0
120,1,0.29167,0,-416.330,-900.000,90.150,450.000,0.000,0.000,0,0,0.0000,0
120,1,0.30000,0,-412.580,-900.000,90.150,450.000,0.000,0.000,0,0,0.0000,0
120,1,0.30833,0,-408.830,-900.000,90.150,450.000,0.000,0.000,0,0,0.0000,0
120,1,0.31667,0,-405.080,-900.000,90.150,450.000,0.000,0.000,0,0,0.0000,0
120,1,0.32500,0,-401.330,-900.000,90.150,450.000,0.000,0.000,0,0,0.0000,0
120,1,0.33333,0,-397.580,-900.000,90.150,450.000,0.000,0.000,0,0,0.0000,0
120,1,0.34167,0,-393.830,-900.000,90.150,450.000,0.000,0.000,0,0,0.0000,0
120,1,0.35000,0,-390.080,-900.000,90.150,450.000,0.000,0.000,0,0,0.0000,0
120,1,0.35833,0,-386.330,-900.000,90.150,450.000,0.000,0.000,0,0,0.0000,0
120,1,0.36667,0,-382.580,-900.000,90.150,450.000,0.000,0.000,0,0,0.0000,0
120,1,0.37500,0,-378.830,-900.000,90.150,450.000,0.000,0.000,0,0,0.0000,0
120,1,0.38333,0,-375.080,-900.000,90.150,450.000,0.000,0.000,0,0,0.0000,0
120,1,0.39167,0,-371.330,-900.000,90.150,450.000,0.000,0.000,0,0,0.0000,0
120,1,0.40000,0,-367.580,-900.000,90.150,450.000,0.000,0.000,0,0,0.0000,0
120,1,0.40833,1,-363.830,-900.000,95.533,450.000,0.000,641.833,0,0,0.0000,0
120,1,0.41667,1,-360.080,-900.000,100.847,450.000,0.000,633.667,0,0,0.0000,0
120,1,0.42500,1,-356.330,-900.000,106.094,450.000,0.000,625.500,0,0,0.0000,0
120,1,0.43333,1,-352.580,-900.000,111.272,450.000,0.000,617.333,0,0,0.0000,0
120,1,0.44167,1,-348.830,-900.000,116.383,450.000,0.000,609.167,0,0,0.0000,0
120,1,0.45000,1,-345.080,-900.000,121.425,450.000,0.000,601.000,0,0,0.0000,0
120,1,0.45833,1,-341.330,-900.000,126.399,450.000,0.000,592.833,0,0,0.0000,0
120,1,0.46667,1,-337.580,-900.000,131.306,450.000,0.000,584.667,0,0,0.0000,0
120,1,0.47500,1,-333.830,-900.000,136.144,450.000,0.000,576.500,0,0,0.0000,0
120,1,0.48333,1,-330.080,-900.000,140.914,450.000,0.000,568.333,0,0,0.0000,0
120,1,0.49167,1,-326.330,-900.000,145.616,450.000,0.000,560.167,0,0,0.0000,0
120,1,0.50000,1,-322.580,-900.000,150.250,450.000,0.000,552.000,0,0,0.0000,0
120,1,0.50833,2,-318.830,-900.000,154.816,450.000,0.000,543.833,0,0,0.0000,0
120,1,0.51667,2,-315.080,-900.000,159.314,450.000,0.000,535.667,0,0,0.0000,0
120,1,0.52500,2,-311.330,-900.000,163.744,450.000,0.000,527.500,0,0,0.0000,0
120,1,0.53333,2,-307.580,-900.000,168.106,450.000,0.000,519.333,0,0,0.0000,0
120,1,0.54167,2,-303.830,-900.000,172.399,450.000,0.000,511.167,0,0,0.0000,0
120,1,0.55000,2,-300.080,-900.000,176.625,450.000,0.000,503.000,0,0,0.0000,0
120,1,0.55833,2,-296.330,-900.000,180.783,450.000,0.000,494.833,0,0,0.0000,0
120,1,0.56667,2,-292.580,-900.000,184.872,450.000,0.000,486.667,0,0,0.0000,0
120,1,0.57500,2,-288.830,-900.000,188.894,450.000,0.000,478.500,0,0,0.0000,0
120,1,0.58333,2,-285.080,-900.000,192.847,450.000,0.000,470.333,0,0,0.0000,0
120,1,0.59167,2,-281.330,-900.000,196.733,450.000,0.000,462.167,0,0,0.0000,0
120,1,0.60000,2,-277.580,-900.000,200.550,450.000,0.000,454.000,0,0,0.0000,0
120,1,0.60833,2,-273.830,-900.000,204.299,450.000,0.000,445.833,0,0,0.0000,0
120,1,0.61667,2,-270.080,-900.000,207.981,450.000,0.000,437.667,0,0,0.0000,0
120,1,0.62500,2,-266.330,-900.000,211.594,450.000,0.000,429.500,0,0,0.0000,0
120,1,0.63333,2,-262.580,-900.000,215.139,450.000,0.000,421.333,0,0,0.0000,0
120,1,0.64167,2,-258.830,-900.000,218.616,450.000,0.000,413.167,0,0,0.0000,0
120,1,0.65000,2,-255.080,-900.000,222.025,450.000,0.000,405.000,0,0,0.0000,0
120,1,0.65833,2,-251.330,-900.000,225.366,450.000,0.000,396.833,0,0,0.0000,0
120,1,0.66667,2,-247.580,-900.000,228.639,450.000,0.000,388.667,0,0,0.0000,0
120,1,0.67500,2,-243.830,-900.000,231.844,450.000,0.000,380.500,0,0,0.0000,0
120,1,0.68333,2,-240.080,-900.000,234.981,450.000,0.000,372.333,0,0,0.0000,0
120,1,0.69167,2,-236.330,-900.000,238.049,450.000,0.000,364.167,0,0,0.0000,0
120,1,0.70000,2,-232.580,-900.000,241.050,450.000,0.000,356.000,0,0,0.0000,0
120,1,0.70833,2,-228.830,-900.000,243.983,450.000,0.000,347.833,0,0,0.0000,0
120,1,0.71667,2,-225.080,-900.000,246.847,450.000,0.000,339.667,0,0,0.0000,0
120,1,0.72500,2,-221.330,-900.000,249.644,450.000,0.000,331.500,0,0,0.0000,0
120,1,0.73333,2,-217.580,-900.000,252.372,450.000,0.000,323.333,0,0,0.0000,0
120,1,0.74167,2,-213.830,-900.000,255.033,450.000,0.000,315.167,0,0,0.0000,0
120,1,0.75000,2,-210.080,-900.000,257.625,450.000,0.000,307.000,0,0,0.0000,0
120,1,0.75833,2,-206.330,-900.000,260.149,450.000,0.000,298.833,0,0,0.0000,0
120,1,0.76667,2,-202.580,-900.000,262.606,450.000,0.000,290.667,0,0,0.0000,0
120,1,0.77500,2,-198.830,-900.000,264.994,450.000,0.000,282.500,0,0,0.0000,0
120,1,0.78333,2,-195.080,-900.000,267.314,450.000,0.000,274.333,0,0,0.0000,0
120,1,0.79167,2,-191.330,-900.000,269.566,450.000,0.000,266.167,0,0,0.0000,0
120,1,0.80000,2,-187.580,-900.000,271.750,450.000,0.000,258.000,0,0,0.0000,0
120,1,0.80833,2,-183.830,-900.000,273.866,450.000,0.000,249.833,0,0,0.0000,0
120,1,0.81667,2,-180.080,-900.000,275.914,450.000,0.000,241.667,0,0,0.0000,0
120,1,0.82500,2,-176.330,-900.000,277.894,450.000,0.000,233.500,0,0,0.0000,0
120,1,0.83333,2,-172.580,-900.000,279.806,450.000,0.000,225.333,0,0,0.0000,0
120,1,0.84167,2,-168.830,-900.000,281.649,450.000,0.000,217.167,0,0,0.0000,0
120,1,0.85000,2,-165.080,-900.000,283.425,450.000,0.000,209.000,0,0,0.0000,0
120,1,0.85833,2,-161.330,-900.000,285.133,450.000,0.000,200.833,0,0,0.0000,0
120,1,0.86667,2,-157.580,-900.000,286.772,450.000,0.000,192.667,0,0,0.0000,0
120,1,0.87500,2,-153.830,-900.000,288.344,450.000,0.000,184.500,0,0,0.0000,0
120,1,0.88333,2,-150.080,-900.000,289.847,450.000,0.000,176.333,0,0,0.0000,0
120,1,0.89167,2,-146.330,-900.000,291.283,450.000,0.000,168.167,0,0,0.0000,0
120,1,0.90000,2,-142.580,-900.000,292.650,450.000,0.000,160.000,0,0,0.0000,0
120,1,0.90833,2,-138.830,-900.000,293.949,450.000,0.000,151.833,0,0,0.0000,0
120,1,0.91667,2,-135.080,-900.000,295.181,450.000,0.000,143.667,0,0,0.0000,0
120,1,0.92500,2,-131.330,-900.000,296.344,450.000,0.000,135.500,0,0,0.0000,0
120,1,0.93333,2,-127.580,-900.000,297.439,450.000,0.000,127.333,0,0,0.0000,0
120,1,0.94167,2,-123.830,-900.000,298.466,450.000,0.000,119.167,0,0,0.0000,0
120,1,0.95000,2,-120.080,-900.000,299.425,450.000,0.000,111.000,0,0,0.0000,0
120,1,0.95833,2,-116.330,-900.000,300.316,450.000,0.000,102.833,0,0,0.0000,0
120,1,0.96667,2,-112.580,-900.000,301.139,450.000,0.000,94.667,0,0,0.0000,0
120,1,0.97500,2,-108.830,-900.000,301.894,450.000,0.000,86.500,0,0,0.0000,0
120,1,0.98333,2,-105.080,-900.000,302.581,450.000,0.000,78.333,0,0,0.0000,0
120,1,0.99167,2,-101.330,-900.000,303.199,450.000,0.000,70.167,0,0,0.0000,0
120,1,1.00000,2,-97.580,-900.000,303.750,450.000,0.000,62.000,0,0,0.0000,0
120,1,1.00833,2,-93.830,-900.000,304.233,450.000,0.000,53.833,0,0,0.0000,0
120,1,1.01667,2,-90.080,-900.000,304.647,450.000,0.000,45.667,0,0,0.0000,0
120,1,1.02500,2,-86.330,-900.000,304.994,450.000,0.000,37.500,0,0,0.0000,0
120,1,1.03333,2,-82.580,-900.000,305.272,450.000,0.000,29.333,0,0,0.0000,0
120,1,1.04167,2,-78.830,-900.000,305.483,450.000,0.000,21.167,0,0,0.0000,0
120,1,1.05000,2,-75.080,-900.000,305.625,450.000,0.000,13.000,0,0,0.0000,0
120,1,1.05833,2,-71.330,-900.000,305.699,450.000,0.000,4.833,0,0,0.0000,0
120,1,1.06667,2,-67.580,-900.000,305.706,450.000,0.000,-3.333,0,0,0.0000,0
120,1,1.07500,2,-63.830,-900.000,305.644,450.000,0.000,-11.500,0,0,0.0000,0
120,1,1.08333,2,-60.080,-900.000,305.514,450.000,0.000,-19.667,0,0,0.0000,0
120,1,1.09167,2,-56.330,-900.000,305.316,450.000,0.000,-27.833,0,0,0.0000,0
120,1,1.10000,2,-52.580,-900.000,305.050,450.000,0.000,-36.000,0,0,0.0000,0
120,1,1.10833,2,-48.830,-900.000,304.716,450.000,0.000,-44.167,0,0,0.0000,0
120,1,1.11667,2,-45.080,-900.000,304.314,450.000,0.000,-52.333,0,0,0.0000,0
120,1,1.12500,2,-41.330,-900.000,303.844,450.000,0.000,-60.500,0,0,0.0000,0
120,1,1.13333,2,-37.580,-900.000,303.306,450.000,0.000,-68.667,0,0,0.0000,0
120,1,1.14167,2,-33.830,-900.000,302.699,450.000,0.000,-76.833,0,0,0.0000,0
120,1,1.15000,2,-30.080,-900.000,302.025,450.000,0.000,-85.000,0,0,0.0000,0
120,1,1.15833,2,-26.330,-900.000,301.283,450.000,0.000,-93.167,0,0,0.0000,0
120,1,1.16667,2,-22.580,-900.000,300.472,450.000,0.000,-101.333,0,0,0.0000,0
120,1,1.17500,2,-18.830,-900.000,299.594,450.000,0.000,-109.500,0,0,0.0000,0
120,1,1.18333,2,-15.080,-900.000,298.647,450.000,0.000,-117.667,0,0,0.0000,0
120,1,1.19167,2,-11.330,-900.000,297.633,450.000,0.000,-125.833,0,0,0.0000,0
120,1,1.20000,2,-7.580,-900.000,296.550,450.000,0.000,-134.000,0,0,0.0000,0
120,1,1.20833,2,-3.830,-900.000,295.399,450.000,0.000,-142.167,0,0,0.0000,0
120,1,1.21667,2,-0.080,-900.000,294.181,450.000,0.000,-150.333,0,0,0.0000,0
120,1,1.22500,2,3.670,-900.000,292.894,450.000,0.000,-158.500,0,0,0.0000,0
120,1,1.23333,2,7.420,-900.000,291.539,450.000,0.000,-166.667,0,0,0.0000,0
120,1,1.24167,2,11.170,-900.000,290.116,450.000,0.000,-174.833,0,0,0.0000,0
120,1,1.25000,2,14.920,-900.000,288.625,450.000,0.000,-183.000,0,0,0.0000,0
120,1,1.25833,2,18.670,-900.000,287.066,450.000,0.000,-191.167,0,0,0.0000,0
120,1,1.26667,2,22.420,-900.000,285.439,450.000,0.000,-199.333,0,0,0.0000,0
120,1,1.27500,2,26.170,-900.000,283.744,450.000,0.000,-207.500,0,0,0.0000,0
120,1,1.28333,2,29.920,-900.000,281.981,450.000,0.000,-215.667,0,0,0.0000,0
120,1,1.29167,2,33.670,-900.000,280.149,450.000,0.000,-223.833,0,0,0.0000,0
120,1,1.30000,2,37.420,-900.000,278.250,450.000,0.000,-232.000,0,0,0.0000,0
120,1,1.30833,2,41.170,-900.000,276.283,450.000,0.000,-240.167,0,0,0.0000,0
120,1,1.31667,2,44.920,-900.000,274.247,450.000,0.000,-248.333,0,0,0.0000,0
120,1,1.32500,2,48.670,-900.000,272.144,450.000,0.000,-256.500,0,0,0.0000,0
120,1,1.33333,2,52.420,-900.000,269.972,450.000,0.000,-264.667,0,0,0.0000,0
120,1,1.34167,2,56.170,-900.000,267.733,450.000,0.000,-272.833,0,0,0.0000,0
120,1,1.35000,2,59.920,-900.000,265.425,450.000,0.000,-281.000,0,0,0.0000,0
120,1,1.35833,2,63.670,-900.000,263.049,450.000,0.000,-289.167,0,0,0.0000,0
120,1,1.36667,2,67.420,-900.000,260.606,450.000,0.000,-297.333,0,0,0.0000,0
120,1,1.37500,2,71.170,-900.000,258.094,450.000,0.000,-305.500,0,0,0.0000,0
120,1,1.38333,2,74.920,-900.000,255.514,450.000,0.000,-313.667,0,0,0.0000,0
120,1,1.39167,2,78.670,-900.000,252.866,450.000,0.000,-321.833,0,0,0.0000,0
120,1,1.40000,2,82.420,-900.000,250.150,450.000,0.000,-330.000,0,0,0.0000,0
120,1,1.40833,2,86.170,-900.000,247.366,450.000,0.000,-338.167,0,0,0.0000,0
120,1,1.41667,2,89.920,-900.000,244.514,450.000,0.000,-346.333,0,0,0.0000,0
120,1,1.42500,2,93.670,-900.000,241.594,450.000,0.000,-354.500,0,0,0.0000,0
120,1,1.43333,2,97.420,-900.000,238.606,450.000,0.000,-362.667,0,0,0.0000,0
120,1,1.44167,2,101.170,-900.000,235.549,450.000,0.000,-370.833,0,0,0.0000,0
120,1,1.45000,2,104.920,-900.000,232.425,450.000,0.000,-379.000,0,0,0.0000,0
120,1,1.45833,2,108.670,-900.000,229.233,450.000,0.000,-387.167,0,0,0.0000,0
120,1,1.46667,2,112.420,-900.000,225.972,450.000,0.000,-395.333,0,0,0.0000,0
120,1,1.47500,2,116.170,-900.000,222.644,450.000,0.000,-403.500,0,0,0.0000,0
120,1,1.48333,2,119.920,-900.000,219.247,450.000,0.000,-411.667,0,0,0.0000,0
120,1,1.49167,2,123.670,-900.000,215.783,450.000,0.000,-419.833,0,0,0.0000,0
120,1,1.50000,2,127.420,-900.000,212.250,450.000,0.000,-428.000,0,0,0.0000,0
120,1,1.50833,2,131.170,-900.000,208.649,450.000,0.000,-436.167,0,0,0.0000,0
120,1,1.51667,2,134.920,-900.000,204.981,450.000,0.000,-444.333,0,0,0.0000,0
120,1,1.52500,2,138.670,-900.000,201.244,450.000,0.000,-452.500,0,0,0.0000,0
120,1,1.53333,2,142.420,-900.000,197.439,450.000,0.000,-460.667,0,0,0.0000,0
120,1,1.54167,2,146.170,-900.000,193.566,450.000,0.000,-468.833,0,0,0.0000,0
120,1,1.55000,2,149.920,-900.000,189.625,450.000,0.000,-477.000,0,0,0.0000,0
120,1,1.55833,2,153.670,-900.000,185.616,450.000,0.000,-485.167,0,0,0.0000,0
120,1,1.56667,2,157.420,-900.000,181.539,450.000,0.000,-493.333,0,0,0.0000,0
120,1,1.57500,2,161.170,-900.000,177.394,450.000,0.000,-501.500,0,0,0.0000,0
120,1,1.58333,2,164.920,-900.000,173.181,450.000,0.000,-509.667,0,0,0.0000,0
120,1,1.59167,2,168.670,-900.000,168.899,450.000,0.000,-517.833,0,0,0.0000,0
120,1,1.60000,2,172.420,-900.000,164.550,450.000,0.000,-526.000,0,0,0.0000,0
120,1,1.60833,2,176.170,-900.000,160.133,450.000,0.000,-534.167,0,0,0.0000,0
120,1,1.61667,2,179.920,-900.000,155.647,450.000,0.000,-542.333,0,0,0.0000,0
120,1,1.62500,2,183.670,-900.000,151.094,450.000,0.000,-550.500,0,0,0.0000,0
120,1,1.63333,2,187.420,-900.000,146.472,450.000,0.000,-558.667,0,0,0.0000,0
120,1,1.64167,2,191.170,-900.000,141.783,450.000,0.000,-566.833,0,0,0.0000,0
120,1,1.65000,2,194.920,-900.000,137.025,450.000,0.000,-575.000,0,0,0.0000,0
120,1,1.65833,2,198.670,-900.000,132.199,450.000,0.000,-583.167,0,0,0.0000,0
120,1,1.66667,2,202.420,-900.000,127.306,450.000,0.000,-591.333,0,0,0.0000,0
120,1,1.67500,2,206.170,-900.000,122.344,450.000,0.000,-599.500,0,0,0.0000,0
120,1,1.68333,2,209.920,-900.000,117.314,450.000,0.000,-607.667,0,0,0.0000,0
120,1,1.69167,2,213.670,-900.000,112.216,450.000,0.000,-615.833,0,0,0.0000,0
120,1,1.70000,2,217.420,-900.000,107.050,450.000,0.000,-624.000,0,0,0.0000,0
120,1,1.70833,2,221.170,-900.000,101.816,450.000,0.000,-632.167,0,0,0.0000,0
120,1,1.71667,2,224.920,-900.000,96.514,450.000,0.000,-640.333,0,0,0.0000,0
120,1,1.72500,2,228.670,-900.000,91.144,450.000,0.000,-648.500,0,0,0.0000,0
120,1,1.73333,2,232.386,-900.000,90.150,442.224,0.000,0.000,0,0,0.0000,1
120,1,1.74167,2,235.951,-900.000,90.150,427.726,0.000,0.000,0,0,0.0000,1
120,1,1.75000,2,239.398,-900.000,90.150,413.704,0.000,0.000,0,0,0.0000,1
120,1,1.75833,2,242.733,-900.000,90.150,400.141,0.000,0.000,0,0,0.0000,1
120,1,1.76667,2,245.958,-900.000,90.150,387.023,0.000,0.000,0,0,0.0000,1
120,1,1.77500,2,249.077,-900.000,90.150,374.335,0.000,0.000,0,0,0.0000,1
120,1,1.78333,2,252.094,-900.000,90.150,362.062,0.000,0.000,0,0,0.0000,1
120,1,1.79167,2,255.013,-900.000,90.150,350.193,0.000,0.000,0,0,0.0000,1
120,1,1.80000,2,257.835,-900.000,90.150,338.712,0.000,0.000,0,0,0.0000,1
120,1,1.80833,2,260.565,-900.000,90.150,327.608,0.000,0.000,0,0,0.0000,1
120,1,1.81667,2,263.206,-900.000,90.150,316.867,0.000,0.000,0,0,0.0000,1
120,1,1.82500,2,265.760,-900.000,90.150,306.479,0.000,0.000,0,0,0.0000,1
120,1,1.83333,2,268.230,-900.000,90.150,296.432,0.000,0.000,0,0,0.0000,1
120,1,1.84167,2,270.619,-900.000,90.150,286.713,0.000,0.000,0,0,0.0000,1
120,1,1.85000,2,272.930,-900.000,90.150,277.314,0.000,0.000,0,0,0.0000,1
120,1,1.85833,2,275.384,-900.000,90.150,294.380,0.000,0.000,0,0,0.0000,0
120,1,1.86667,2,277.979,-900.000,90.150,311.447,0.000,0.000,0,0,0.0000,0
120,1,1.87500,2,280.717,-900.000,90.150,328.514,0.000,0.000,0,0,0.0000,0
120,1,1.88333,2,283.596,-900.000,90.150,345.580,0.000,0.000,0,0,0.0000,0
120,1,1.89167,2,286.618,-900.000,90.150,362.647,0.000,0.000,0,0,0.0000,0
120,1,1.90000,2,289.783,-900.000,90.150,379.714,0.000,0.000,0,0,0.0000,0
120,1,1.90833,2,293.089,-900.000,90.150,396.781,0.000,0.000,0,0,0.0000,0
120,1,1.91667,2,296.538,-900.000,90.150,413.847,0.000,0.000,0,0,0.0000,0
120,1,1.92500,2,300.129,-900.000,90.150,430.914,0.000,0.000,0,0,0.0000,0
120,1,1.93333,2,303.862,-900.000,90.150,447.981,0.000,0.000,0,0,0.0000,0
120,1,1.94167,4,307.612,-900.000,90.150,450.000,0.000,0.000,0,0,0.0000,0
120,1,1.95000,4,311.362,-900.000,90.150,450.000,0.000,0.000,0,0,0.0000,0
120,1,1.95833,4,315.112,-900.000,90.150,450.000,0.000,0.000,0,0,0.0000,0
120,1,1.96667,4,318.862,-900.000,90.150,450.000,0.000,0.000,0,0,0.0000,0
120,1,1.97500,4,322.612,-900.000,90.150,450.000,0.000,0.000,0,0,0.0000,0
120,1,1.98333,4,326.362,-900.000,90.150,450.000,0.000,0.000,0,0,0.0000,0
120,1,1.99167,4,330.112,-900.000,90.150,450.000,0.000,0.000,0,0,0.0000,0
120,1,2.00000,4,333.862,-900.000,90.150,450.000,0.000,0.000,0,0,0.0000,0
120,1,2.00833,4,337.612,-900.000,90.150,450.000,0.000,0.000,0,0,0.0000,0
120,1,2.01667,4,341.362,-900.000,90.150,450.000,0.000,0.000,0,0,0.0000,0
120,1,2.02500,4,345.112,-900.000,90.150,450.000,0.000,0.000,0,0,0.0000,0
120,1,2.03333,4,348.862,-900.000,90.150,450.000,0.000,0.000,0,0,0.0000,0
120,1,2.04167,4,352.612,-900.000,90.150,450.000,0.000,0.000,0,0,0.0000,0
120,1,2.05000,4,356.362,-900.000,90.150,450.000,0.000,0.000,0,0,0.0000,0
120,1,2.05833,4,360.112,-900.000,90.150,450.000,0.000,0.000,0,0,0.0000,0
120,1,2.06667,4,363.862,-900.000,90.150,450.000,0.000,0.000,0,0,0.0000,0
120,1,2.07500,4,367.612,-900.000,90.150,450.000,0.000,0.000,0,0,0.0000,0
120,1,2.08333,4,371.362,-900.000,90.150,450.000,0.000,0.000,0,0,0.0000,0
120,1,2.09167,4,375.112,-900.000,90.150,450.000,0.000,0.000,0,0,0.0000,0
120,1,2.10000,4,378.862,-900.000,90.150,450.000,0.000,0.000,0,0,0.0000,0
120,1,2.10833,4,382.612,-900.000,90.150,450.000,0.000,0.000,0,0,0.0000,0
120,1,2.11667,4,386.362,-900.000,90.150,450.000,0.000,0.000,0,0,0.0000,0
120,1,2.12500,4,390.112,-900.000,90.150,450.000,0.000,0.000,0,0,0.0000,0
120,1,2.13333,4,393.862,-900.000,90.150,450.000,0.000,0.000,0,0,0.0000,0
120,1,2.14167,4,397.612,-900.000,90.150,450.000,0.000,0.000,0,0,0.0000,0
120,1,2.15000,4,401.362,-900.000,90.150,450.000,0.000,0.000,0,0,0.0000,0
120,1,2.15833,4,405.112,-900.000,90.150,450.000,0.000,0.000,0,0,0.0000,0
120,1,2.16667,4,408.862,-900.000,90.150,450.000,0.000,0.000,0,0,0.0000,0
120,1,2.17500,4,412.612,-900.000,90.150,450.000,0.000,0.000,0,0,0.0000,0
120,1,2.18333,4,416.362,-900.000,90.150,450.000,0.000,0.000,0,0,0.0000,0
120,1,2.19167,4,420.112,-900.000,90.150,450.000,0.000,0.000,0,0,0.0000,0
120,1,2.20000,4,423.862,-900.000,90.150,450.000,0.000,0.000,0,0,0.0000,0
120,1,2.20833,4,427.612,-900.000,90.150,450.000,0.000,0.000,0,0,0.0000,0
120,1,2.21667,4,431.362,-900.000,90.150,450.000,0.000,0.000,0,0,0.0000,0
120,1,2.22500,4,435.112,-900.000,90.150,450.000,0.000,0.000,0,0,0.0000,0
120,1,2.23333,4,438.862,-900.000,90.150,450.000,0.000,0.000,0,0,0.0000,0
120,1,2.24167,4,442.612,-900.000,90.150,450.000,0.000,0.000,0,0,0.0000,0
120,1,2.25000,4,446.362,-900.000,90.150,450.000,0.000,0.000,0,0,0.0000,0
120,1,2.25833,4,450.112,-900.000,90.150,450.000,0.000,0.000,0,0,0.0000,0
120,1,2.26667,4,453.862,-900.000,90.150,450.000,0.000,0.000,0,0,0.0000,0
120,1,2.27500,4,457.612,-900.000,90.150,450.000,0.000,0.000,0,0,0.0000,0
120,1,2.28333,4,461.362,-900.000,90.150,450.000,0.000,0.000,0,0,0.0000,0
120,1,2.29167,4,465.112,-900.000,90.150,450.000,0.000,0.000,0,0,0.0000,0
120,1,2.30000,4,468.862,-900.000,90.150,450.000,0.000,0.000,0,0,0.0000,0
120,1,2.30833,4,472.612,-900.000,90.150,450.000,0.000,0.000,0,0,0.0000,0
120,1,2.31667,4,476.362,-900.000,90.150,450.000,0.000,0.000,0,0,0.0000,0
120,1,2.32500,4,480.112,-900.000,90.150,450.000,0.000,0.000,0,0,0.0000,0
120,1,2.33333,4,483.862,-900.000,90.150,450.000,0.000,0.000,0,0,0.0000,0
120,1,2.34167,4,487.612,-900.000,90.150,450.000,0.000,0.000,0,0,0.0000,0
120,1,2.35000,4,491.362,-900.000,90.150,450.000,0.000,0.000,0,0,0.0000,0
120,1,2.35833,4,495.112,-900.000,90.150,450.000,0.000,0.000,0,0,0.0000,0
120,1,2.36667,4,498.862,-900.000,90.150,450.000,0.000,0.000,0,0,0.0000,0
120,1,2.37500,4,502.612,-900.000,90.150,450.000,0.000,0.000,0,0,0.0000,0
120,1,2.38333,4,506.362,-900.000,90.150,450.000,0.000,0.000,0,0,0.0000,0
120,1,2.39167,4,510.112,-900.000,90.150,450.000,0.000,0.000,0,0,0.0000,0
120,1,2.40000,4,513.862,-900.000,90.150,450.000,0.000,0.000,0,0,0.0000,0
120,1,2.40833,4,517.612,-900.000,90.150,450.000,0.000,0.000,0,0,0.0000,0
120,1,2.41667,4,521.362,-900.000,90.150,450.000,0.000,0.000,0,0,0.0000,0
120,1,2.42500,4,525.112,-900.000,90.150,450.000,0.000,0.000,0,0,0.0000,0
120,1,2.43333,4,528.862,-900.000,90.150,450.000,0.000,0.000,0,0,0.0000,0
120,1,2.44167,4,532.612,-900.000,90.150,450.000,0.000,0.000,0,0,0.0000,0
120,1,2.45000,4,536.362,-900.000,90.150,450.000,0.000,0.000,0,0,0.0000,0
120,1,2.45833,4,540.112,-900.000,90.150,450.000,0.000,0.000,0,0,0.0000,0
120,1,2.46667,4,543.862,-900.000,90.150,450.000,0.000,0.000,0,0,0.0000,0
120,1,2.47500,4,547.612,-900.000,90.150,450.000,0.000,0.000,0,0,0.0000,0
120,1,2.48333,4,551.362,-900.000,90.150,450.000,0.000,0.000,0,0,0.0000,0
120,2,0.00000,0,-500.000,-900.000,98.000,0.000,0.000,0.000,0,0,0.0000,0
120,2,0.00833,0,-499.858,-900.000,90.150,17.067,0.000,0.000,0,0,0.0000,0
120,2,0.01667,0,-499.573,-900.000,90.150,34.133,0.000,0.000,0,0,0.0000,0
120,2,0.02500,0,-499.147,-900.000,90.150,51.200,0.000,0.000,0,0,0.0000,0
120,2,0.03333,0,-498.578,-900.000,90.150,68.267,0.000,0.000,0,0,0.0000,0
120,2,0.04167,0,-497.867,-900.000,90.150,85.333,0.000,0.000,0,0,0.0000,0
120,2,0.05000,0,-497.013,-900.000,90.150,102.400,0.000,0.000,0,0,0.0000,0
120,2,0.05833,0,-496.018,-900.000,90.150,119.467,0.000,0.000,0,0,0.0000,0
120,2,0.06667,0,-494.880,-900.000,90.150,136.533,0.000,0.000,0,0,0.0000,0
120,2,0.07500,0,-493.600,-900.000,90.150,153.600,0.000,0.000,0,0,0.0000,0
120,2,0.08333,0,-492.178,-900.000,90.150,170.667,0.000,0.000,0,0,0.0000,0
120,2,0.09167,0,-490.613,-900.000,90.150,187.733,0.000,0.000,0,0,0.0000,0
120,2,0.10000,0,-488.907,-900.000,90.150,204.800,0.000,0.000,0,0,0.0000,0
120,2,0.10833,0,-487.058,-900.000,90.150,221.867,0.000,0.000,0,0,0.0000,0
120,2,0.11667,0,-485.067,-900.000,90.150,238.933,0.000,0.000,0,0,0.0000,0
120,2,0.12500,0,-482.933,-900.000,90.150,256.000,0.000,0.000,0,0,0.0000,0
120,2,0.13333,0,-480.658,-900.000,90.150,273.067,0.000,0.000,0,0,0.0000,0
120,2,0.14167,0,-478.240,-900.000,90.150,290.133,0.000,0.000,0,0,0.0000,0
120,2,0.15000,0,-475.680,-900.000,90.150,307.200,0.000,0.000,0,0,0.0000,0
120,2,0.15833,0,-472.978,-900.000,90.150,324.267,0.000,0.000,0,0,0.0000,0
120,2,0.16667,0,-470.133,-900.000,90.150,341.333,0.000,0.000,0,0,0.0000,0
120,2,0.17500,0,-467.147,-900.000,90.150,358.400,0.000,0.000,0,0,0.0000,0
120,2,0.18333,0,-464.018,-900.000,90.150,375.467,0.000,0.000,0,0,0.0000,0
120,2,0.19167,0,-460.747,-900.000,90.150,392.533,0.000,0.000,0,0,0.0000,0
120,2,0.20000,0,-457.333,-900.000,90.150,409.600,0.000,0.000,0,0,0.0000,0
120,2,0.20833,0,-453.778,-900.000,90.150,426.667,0.000,0.000,0,0,0.0000,0
120,2,0.21667,0,-450.080,-900.000,90.150,443.733,0.000,0.000,0,0,0.0000,0
120,2,0.22500,0,-446.330,-900.000,90.150,450.000,0.000,0.000,0,0,0.0000,0
120,2,0.23333,0,-442.580,-900.000,90.150,450.000,0.000,0.000,0,0,0.0000,0
120,2,0.24167,0,-438.830,-900.000,90.150,450.000,0.000,0.000,0,0,0.0000,0
120,2,0.25000,0,-435.080,-900.000,90.150,450.000,0.000,0.000,0,0,0.0000,0
120,2,0.25833,0,-431.330,-900.000,90.150,450.000,0.000,0.000,0,0,0.0000,0
120,2,0.26667,0,-427.580,-900.000,90.150,450.000,0.000,0.000,0,0,0.0000,0
120,2,0.27500,0,-423.830,-900.000,90.150,450.000,0.000,0.000,0,0,0.0000,0
120,2,0.28333,0,-420.080,-900.000,90.150,450.000,0.000,0.000,0,0,0.0000,0
120,2,0.29167,0,-416.330,-900.000,90.150,450.000,0.000,0.000,0,0,0.0000,0
120,2,0.30000,0,-412.580,-900.000,90.150,450.000,0.000,0.000,0,0,0.0000,0
120,2,0.30833,0,-408.830,-900.000,90.150,450.000,0.000,0.000,0,0,0.0000,0
120,2,0.31667,0,-405.080,-900.000,90.150,450.000,0.000,0.000,0,0,0.0000,0
120,2,0.32500,0,-401.330,-900.000,90.150,450.000,0.000,0.000,0,0,0.0000,0
120,2,0.33333,0,-397.580,-900.000,90.150,450.000,0.000,0.000,0,0,0.0000,0
120,2,0.34167,0,-393.830,-900.000,90.150,450.000,0.000,0.000,0,0,0.0000,0
120,2,0.35000,0,-390.080,-900.000,90.150,450.000,0.000,0.000,0,0,0.0000,0
120,2,0.35833,0,-386.330,-900.000,90.150,450.000,0.000,0.000,0,0,0.0000,0
120,2,0.36667,0,-382.580,-900.000,90.150,450.000,0.000,0.000,0,0,0.0000,0
120,2,0.37500,0,-378.830,-900.000,90.150,450.000,0.000,0.000,0,0,0.0000,0
120,2,0.38333,0,-375.080,-900.000,90.150,450.000,0.000,0.000,0,0,0.0000,0
120,2,0.39167,0,-371.330,-900.000,90.150,450.000,0.000,0.000,0,0,0.0000,0
120,2,0.40000,0,-367.580,-900.000,90.150,450.000,0.000,0.000,0,0,0.0000,0
120,2,0.40833,1,-363.830,-900.000,95.533,450.000,0.000,641.833,0,0,0.0000,0
120,2,0.41667,1,-360.080,-900.000,100.847,450.000,0.000,633.667,0,0,0.0000,0
120,2,0.42500,1,-356.330,-900.000,106.094,450.000,0.000,625.500,0,0,0.0000,0
120,2,0.43333,1,-352.580,-900.000,111.272,450.000,0.000,617.333,0,0,0.0000,0
120,2,0.44167,1,-348.830,-900.000,116.383,450.000,0.000,609.167,0,0,0.0000,0
120,2,0.45000,1,-345.080,-900.000,121.425,450.000,0.000,601.000,0,0,0.0000,0
120,2,0.45833,1,-341.330,-900.000,126.399,450.000,0.000,592.833,0,0,0.0000,0
120,2,0.46667,1,-337.580,-900.000,131.306,450.000,0.000,584.667,0,0,0.0000,0
120,2,0.47500,1,-333.830,-900.000,136.144,450.000,0.000,576.500,0,0,0.0000,0
120,2,0.48333,1,-330.080,-900.000,140.914,450.000,0.000,568.333,0,0,0.0000,0
120,2,0.49167,1,-326.330,-900.000,145.616,450.000,0.000,560.167,0,0,0.0000,0
120,2,0.50000,1,-322.580,-900.000,150.250,450.000,0.000,552.000,0,0,0.0000,0
120,2,0.50833,2,-318.830,-900.000,154.816,450.000,0.000,543.833,0,0,0.0000,0
120,2,0.51667,2,-315.080,-900.000,159.314,450.000,0.000,535.667,0,0,0.0000,0
120,2,0.52500,2,-311.330,-900.000,163.744,450.000,0.000,527.500,0,0,0.0000,0
120,2,0.53333,2,-307.580,-900.000,168.106,450.000,0.000,519.333,0,0,0.0000,0
120,2,0.54167,2,-303.830,-900.000,172.399,450.000,0.000,511.167,0,0,0.0000,0
120,2,0.55000,2,-300.080,-900.000,176.625,450.000,0.000,503.000,0,0,0.0000,0
120,2,0.55833,2,-296.330,-900.000,180.783,450.000,0.000,494.833,0,0,0.0000,0
120,2,0.56667,2,-292.580,-900.000,184.872,450.000,0.000,486.667,0,0,0.0000,0
120,2,0.57500,2,-288.830,-900.000,188.894,450.000,0.000,478.500,0,0,0.0000,0
120,2,0.58333,2,-285.080,-900.000,192.847,450.000,0.000,470.333,0,0,0.0000,0
120,2,0.59167,2,-281.330,-900.000,196.733,450.000,0.000,462.167,0,0,0.0000,0
120,2,0.60000,2,-277.580,-900.000,200.550,450.000,0.000,454.000,0,0,0.0000,0
120,2,0.60833,2,-273.830,-900.000,204.299,450.000,0.000,445.833,0,0,0.0000,0
120,2,0.61667,2,-270.080,-900.000,207.981,450.000,0.000,437.667,0,0,0.0000,0
120,2,0.62500,2,-266.330,-900.000,211.594,450.000,0.000,429.500,0,0,0.0000,0
120,2,0.63333,2,-262.580,-900.000,215.139,450.000,0.000,421.333,0,0,0.0000,0
120,2,0.64167,2,-258.830,-900.000,218.616,450.000,0.000,413.167,0,0,0.0000,0
120,2,0.65000,2,-255.080,-900.000,222.025,450.000,0.000,405.000,0,0,0.0000,0
120,2,0.65833,2,-251.330,-900.000,225.366,450.000,0.000,396.833,0,0,0.0000,0
120,2,0.66667,2,-247.580,-900.000,228.639,450.000,0.000,388.667,0,0,0.0000,0
120,2,0.67500,2,-243.830,-900.000,231.844,450.000,0.000,380.500,0,0,0.0000,0
120,2,0.68333,2,-240.080,-900.000,234.981,450.000,0.000,372.333,0,0,0.0000,0
120,2,0.69167,2,-236.330,-900.000,238.049,450.000,0.000,364.167,0,0,0.0000,0
120,2,0.70000,2,-232.580,-900.000,241.050,450.000,0.000,356.000,0,0,0.0000,0
120,2,0.70833,2,-228.830,-900.000,243.983,450.000,0.000,347.833,0,0,0.0000,0
120,2,0.71667,2,-225.080,-900.000,246.847,450.000,0.000,339.667,0,0,0.0000,0
120,2,0.72500,2,-221.330,-900.000,249.644,450.000,0.000,331.500,0,0,0.0000,0
120,2,0.73333,2,-217.580,-900.000,252.372,450.000,0.000,323.333,0,0,0.0000,0
120,2,0.74167,2,-213.830,-900.000,255.033,450.000,0.000,315.167,0,0,0.0000,0
120,2,0.75000,2,-210.080,-900.000,257.625,450.000,0.000,307.000,0,0,0.0000,0
120,2,0.75833,2,-206.330,-900.000,260.149,450.000,0.000,298.833,0,0,0.0000,0
120,2,0.76667,2,-202.580,-900.000,262.606,450.000,0.000,290.667,0,0,0.0000,0
120,2,0.77500,2,-198.830,-900.000,264.994,450.000,0.000,282.500,0,0,0.0000,0
120,2,0.78333,2,-195.080,-900.000,267.314,450.000,0.000,274.333,0,0,0.0000,0
120,2,0.79167,2,-191.330,-900.000,269.566,450.000,0.000,266.167,0,0,0.0000,0
120,2,0.80000,2,-187.580,-900.000,271.750,450.000,0.000,258.000,0,0,0.0000,0
120,2,0.80833,2,-183.830,-900.000,273.866,450.000,0.000,249.833,0,0,0.0000,0
120,2,0.81667,2,-180.080,-900.000,275.914,450.000,0.000,241.667,0,0,0.0000,0
120,2,0.82500,2,-176.330,-900.000,277.894,450.000,0.000,233.500,0,0,0.0000,0
120,2,0.83333,2,-172.580,-900.000,279.806,450.000,0.000,225.333,0,0,0.0000,0
120,2,0.84167,2,-168.830,-900.000,281.649,450.000,0.000,217.167,0,0,0.0000,0
120,2,0.85000,2,-165.080,-900.000,283.425,450.000,0.000,209.000,0,0,0.0000,0
120,2,0.85833,2,-161.330,-900.000,285.133,450.000,0.000,200.833,0,0,0.0000,0
120,2,0.86667,2,-157.580,-900.000,286.772,450.000,0.000,192.667,0,0,0.0000,0
120,2,0.87500,2,-153.830,-900.000,288.344,450.000,0.000,184.500,0,0,0.0000,0
120,2,0.88333,2,-150.080,-900.000,289.847,450.000,0.000,176.333,0,0,0.0000,0
120,2,0.89167,2,-146.330,-900.000,291.283,450.000,0.000,168.167,0,0,0.0000,0
120,2,0.90000,2,-142.580,-900.000,292.650,450.000,0.000,160.000,0,0,0.0000,0
120,2,0.90833,2,-138.830,-900.000,293.949,450.000,0.000,151.833,0,0,0.0000,0
120,2,0.91667,2,-135.080,-900.000,295.181,450.000,0.000,143.667,0,0,0.0000,0
120,2,0.92500,2,-131.330,-900.000,296.344,450.000,0.000,135.500,0,0,0.0000,0
120,2,0.93333,2,-127.580,-900.000,297.439,450.000,0.000,127.333,0,0,0.0000,0
120,2,0.94167,2,-123.830,-900.000,298.466,450.000,0.000,119.167,0,0,0.0000,0
120,2,0.95000,2,-120.080,-900.000,299.425,450.000,0.000,111.000,0,0,0.0000,0
120,2,0.95833,2,-116.330,-900.000,300.316,450.000,0.000,102.833,0,0,0.0000,0
120,2,0.96667,2,-112.580,-900.000,301.139,450.000,0.000,94.667,0,0,0.0000,0
120,2,0.97500,2,-108.830,-900.000,301.894,450.000,0.000,86.500,0,0,0.0000,0
120,2,0.98333,2,-105.080,-900.000,302.581,450.000,0.000,78.333,0,0,0.0000,0
120,2,0.99167,2,-101.330,-900.000,303.199,450.000,0.000,70.167,0,0,0.0000,0
120,2,1.00000,2,-97.580,-900.000,303.750,450.000,0.000,62.000,0,0,0.0000,0
120,2,1.00833,2,-93.830,-900.000,304.233,450.000,0.000,53.833,0,0,0.0000,0
120,2,1.01667,2,-90.080,-900.000,304.647,450.000,0.000,45.667,0,0,0.0000,0
120,2,1.02500,2,-86.330,-900.000,304.994,450.000,0.000,37.500,0,0,0.0000,0
120,2,1.03333,2,-82.580,-900.000,305.272,450.000,0.000,29.333,0,0,0.0000,0
120,2,1.04167,2,-78.830,-900.000,305.483,450.000,0.000,21.167,0,0,0.0000,0
120,2,1.05000,2,-75.080,-900.000,305.625,450.000,0.000,13.000,0,0,0.0000,0
120,2,1.05833,2,-71.330,-900.000,305.699,450.000,0.000,4.833,0,0,0.0000,0
120,2,1.06667,2,-67.580,-900.000,305.706,450.000,0.000,-3.333,0,0,0.0000,0
120,2,1.07500,2,-63.830,-900.000,305.644,450.000,0.000,-11.500,0,0,0.0000,0
120,2,1.08333,2,-60.080,-900.000,305.514,450.000,0.000,-19.667,0,0,0.0000,0
120,2,1.09167,2,-56.330,-900.000,305.316,450.000,0.000,-27.833,0,0,0.0000,0
120,2,1.10000,2,-52.580,-900.000,305.050,450.000,0.000,-36.000,0,0,0.0000,0
120,2,1.10833,2,-48.830,-900.000,304.716,450.000,0.000,-44.167,0,0,0.0000,0
120,2,1.11667,2,-45.080,-900.000,304.314,450.000,0.000,-52.333,0,0,0.0000,0
120,2,1.12500,2,-41.330,-900.000,303.844,450.000,0.000,-60.500,0,0,0.0000,0
120,2,1.13333,2,-37.580,-900.000,303.306,450.000,0.000,-68.667,0,0,0.0000,0
120,2,1.14167,2,-33.830,-900.000,302.699,450.000,0.000,-76.833,0,0,0.0000,0
120,2,1.15000,2,-30.080,-900.000,302.025,450.000,0.000,-85.000,0,0,0.0000,0
120,2,1.15833,2,-26.330,-900.000,301.283,450.000,0.000,-93.167,0,0,0.0000,0
120,2,1.16667,2,-22.580,-900.000,300.472,450.000,0.000,-101.333,0,0,0.0000,0
120,2,1.17500,2,-18.830,-900.000,299.594,450.000,0.000,-109.500,0,0,0.0000,0
120,2,1.18333,2,-15.080,-900.000,298.647,450.000,0.000,-117.667,0,0,0.0000,0
120,2,1.19167,2,-11.330,-900.000,297.633,450.000,0.000,-125.833,0,0,0.0000,0
120,2,1.20000,2,-7.580,-900.000,296.550,450.000,0.000,-134.000,0,0,0.0000,0
120,2,1.20833,2,-3.830,-900.000,295.399,450.000,0.000,-142.167,0,0,0.0000,0
120,2,1.21667,2,-0.080,-900.000,294.181,450.000,0.000,-150.333,0,0,0.0000,0
120,2,1.22500,2,3.670,-900.000,292.894,450.000,0.000,-158.500,0,0,0.0000,0
120,2,1.23333,2,7.420,-900.000,291.539,450.000,0.000,-166.667,0,0,0.0000,0
120,2,1.24167,2,11.170,-900.000,290.116,450.000,0.000,-174.833,0,0,0.0000,0
120,2,1.25000,2,14.920,-900.000,288.625,450.000,0.000,-183.000,0,0,0.0000,0
120,2,1.25833,2,18.670,-900.000,287.066,450.000,0.000,-191.167,0,0,0.0000,0
120,2,1.26667,2,22.420,-900.000,285.439,450.000,0.000,-199.333,0,0,0.0000,0
120,2,1.27500,2,26.170,-900.000,283.744,450.000,0.000,-207.500,0,0,0.0000,0
120,2,1.28333,2,29.920,-900.000,281.981,450.000,0.000,-215.667,0,0,0.0000,0
120,2,1.29167,2,33.670,-900.000,280.149,450.000,0.000,-223.833,0,0,0.0000,0
120,2,1.30000,2,37.420,-900.000,278.250,450.000,0.000,-232.000,0,0,0.0000,0
120,2,1.30833,2,41.170,-900.000,276.283,450.000,0.000,-240.167,0,0,0.0000,0
120,2,1.31667,2,44.920,-900.000,274.247,450.000,0.000,-248.333,0,0,0.0000,0
120,2,1.32500,2,48.670,-900.000,272.144,450.000,0.000,-256.500,0,0,0.0000,0
120,2,1.33333,2,52.420,-900.000,269.972,450.000,0.000,-264.667,0,0,0.0000,0
120,2,1.34167,2,56.170,-900.000,267.733,450.000,0.000,-272.833,0,0,0.0000,0
120,2,1.35000,2,59.920,-900.000,265.425,450.000,0.000,-281.000,0,0,0.0000,0
120,2,1.35833,2,63.670,-900.000,263.049,450.000,0.000,-289.167,0,0,0.0000,0
120,2,1.36667,2,67.420,-900.000,260.606,450.000,0.000,-297.333,0,0,0.0000,0
120,2,1.37500,2,71.170,-900.000,258.094,450.000,0.000,-305.500,0,0,0.0000,0
120,2,1.38333,2,74.920,-900.000,255.514,450.000,0.000,-313.667,0,0,0.0000,0
120,2,1.39167,2,78.670,-900.000,252.866,450.000,0.000,-321.833,0,0,0.0000,0
120,2,1.40000,2,82.420,-900.000,250.150,450.000,0.000,-330.000,0,0,0.0000,0
120,2,1.40833,2,86.170,-900.000,247.366,450.000,0.000,-338.167,0,0,0.0000,0
120,2,1.41667,2,89.920,-900.000,244.514,450.000,0.000,-346.333,0,0,0.0000,0
120,2,1.42500,2,93.670,-900.000,241.594,450.000,0.000,-354.500,0,0,0.0000,0
120,2,1.43333,2,97.420,-900.000,238.606,450.000,0.000,-362.667,0,0,0.0000,0
120,2,1.44167,2,101.170,-900.000,235.549,450.000,0.000,-370.833,0,0,0.0000,0
120,2,1.45000,2,104.920,-900.000,232.425,450.000,0.000,-379.000,0,0,0.0000,0
120,2,1.45833,2,108.670,-900.000,229.233,450.000,0.000,-387.167,0,0,0.0000,0
120,2,1.46667,2,112.420,-900.000,225.972,450.000,0.000,-395.333,0,0,0.0000,0
120,2,1.47500,2,116.170,-900.000,222.644,450.000,0.000,-403.500,0,0,0.0000,0
120,2,1.48333,2,119.920,-900.000,219.247,450.000,0.000,-411.667,0,0,0.0000,0
120,2,1.49167,2,123.670,-900.000,215.783,450.000,0.000,-419.833,0,0,0.0000,0
120,2,1.50000,2,127.420,-900.000,212.250,450.000,0.000,-428.000,0,0,0.0000,0
120,2,1.50833,2,131.170,-900.000,208.649,450.000,0.000,-436.167,0,0,0.0000,0
120,2,1.51667,2,134.920,-900.000,204.981,450.000,0.000,-444.333,0,0,0.0000,0
120,2,1.52500,2,138.670,-900.000,201.244,450.000,0.000,-452.500,0,0,0.0000,0
120,2,1.53333,2,142.420,-900.000,197.439,450.000,0.000,-460.667,0,0,0.0000,0
120,2,1.54167,2,146.170,-900.000,193.566,450.000,0.000,-468.833,0,0,0.0000,0
120,2,1.55000,2,149.920,-900.000,189.625,450.000,0.000,-477.000,0,0,0.0000,0
120,2,1.55833,2,153.670,-900.000,185.616,450.000,0.000,-485.167,0,0,0.0000,0
120,2,1.56667,2,157.420,-900.000,181.539,450.000,0.000,-493.333,0,0,0.0000,0
120,2,1.57500,2,161.170,-900.000,177.394,450.000,0.000,-501.500,0,0,0.0000,0
120,2,1.58333,2,164.920,-900.000,173.181,450.000,0.000,-509.667,0,0,0.0000,0
120,2,1.59167,2,168.670,-900.000,168.899,450.000,0.000,-517.833,0,0,0.0000,0
120,2,1.60000,2,172.420,-900.000,164.550,450.000,0.000,-526.000,0,0,0.0000,0
120,2,1.60833,2,176.170,-900.000,160.133,450.000,0.000,-534.167,0,0,0.0000,0
120,2,1.61667,2,179.920,-900.000,155.647,450.000,0.000,-542.333,0,0,0.0000,0
120,2,1.62500,2,183.670,-900.000,151.094,450.000,0.000,-550.500,0,0,0.0000,0
120,2,1.63333,2,187.420,-900.000,146.472,450.000,0.000,-558.667,0,0,0.0000,0
120,2,1.64167,2,191.170,-900.000,141.783,450.000,0.000,-566.833,0,0,0.0000,0
120,2,1.65000,2,194.920,-900.000,137.025,450.000,0.000,-575.000,0,0,0.0000,0
120,2,1.65833,2,198.670,-900.000,132.199,450.000,0.000,-583.167,0,0,0.0000,0
120,2,1.66667,2,202.420,-900.000,127.306,450.000,0.000,-591.333,0,0,0.0000,0
120,2,1.67500,2,206.170,-900.000,122.344,450.000,0.000,-599.500,0,0,0.0000,0
120,2,1.68333,2,209.920,-900.000,117.314,450.000,0.000,-607.667,0,0,0.0000,0
120,2,1.69167,2,213.670,-900.000,112.216,450.000,0.000,-615.833,0,0,0.0000,0
120,2,1.70000,2,217.420,-900.000,107.050,450.000,0.000,-624.000,0,0,0.0000,0
120,2,1.70833,2,221.170,-900.000,101.816,450.000,0.000,-632.167,0,0,0.0000,0
120,2,1.71667,2,224.920,-900.000,96.514,450.000,0.000,-640.333,0,0,0.0000,0
120,2,1.72500,2,228.670,-900.000,91.144,450.000,0.000,-648.500,0,0,0.0000,0
120,2,1.73333,2,232.386,-900.000,90.150,442.224,0.000,0.000,0,0,0.0000,1
120,2,1.74167,2,235.951,-900.000,90.150,427.726,0.000,0.000,0,0,0.0000,1
120,2,1.75000,2,239.398,-900.000,90.150,413.704,0.000,0.000,0,0,0.0000,1
120,2,1.75833,2,242.733,-900.000,90.150,400.141,0.000,0.000,0,0,0.0000,1
120,2,1.76667,2,245.958,-900.000,90.150,387.023,0.000,0.000,0,0,0.0000,1
120,2,1.77500,2,249.077,-900.000,90.150,374.335,0.000,0.000,0,0,0.0000,1
120,2,1.78333,2,252.094,-900.000,90.150,362.062,0.000,0.000,0,0,0.0000,1
120,2,1.79167,2,255.013,-900.000,90.150,350.193,0.000,0.000,0,0,0.0000,1
120,2,1.80000,2,257.835,-900.000,90.150,338.712,0.000,0.000,0,0,0.0000,1
120,2,1.80833,2,260.565,-900.000,90.150,327.608,0.000,0.000,0,0,0.0000,1
120,2,1.81667,2,263.206,-900.000,90.150,316.867,0.000,0.000,0,0,0.0000,1
120,2,1.82500,2,265.760,-900.000,90.150,306.479,0.000,0.000,0,0,0.0000,1
120,2,1.83333,2,268.230,-900.000,90.150,296.432,0.000,0.000,0,0,0.0000,1
120,2,1.84167,2,270.619,-900.000,90.150,286.713,0.000,0.000,0,0,0.0000,1
120,2,1.85000,2,272.930,-900.000,90.150,277.314,0.000,0.000,0,0,0.0000,1
120,2,1.85833,2,274.791,-900.000,90.150,223.272,0.000,0.000,0,0,0.0000,0
120,2,1.86667,2,276.261,-900.000,90.150,176.436,0.000,0.000,0,0,0.0000,0
120,2,1.87500,2,277.393,-900.000,90.150,135.844,0.000,0.000,0,0,0.0000,0
120,2,1.88333,2,278.232,-900.000,90.150,100.665,0.000,0.000,0,0,0.0000,0
120,2,1.89167,2,278.817,-900.000,90.150,70.176,0.000,0.000,0,0,0.0000,0
120,2,1.90000,2,279.182,-900.000,90.150,43.753,0.000,0.000,0,0,0.0000,0
120,2,1.90833,2,279.355,-900.000,90.150,20.852,0.000,0.000,0,0,0.0000,0
120,2,1.91667,2,279.355,-900.000,90.150,0.000,0.000,0.000,0,0,0.0000,0
120,2,1.92500,2,279.355,-900.000,90.150,0.000,0.000,0.000,0,0,0.0000,0
120,2,1.93333,2,279.355,-900.000,90.150,0.000,0.000,0.000,0,0,0.0000,0
120,2,1.94167,4,279.355,-900.000,90.150,0.000,0.000,0.000,0,0,0.0000,0
120,2,1.95000,4,279.355,-900.000,90.150,0.000,0.000,0.000,0,0,0.0000,0
120,2,1.95833,4,279.355,-900.000,90.150,0.000,0.000,0.000,0,0,0.0000,0
120,2,1.96667,4,279.355,-900.000,90.150,0.000,0.000,0.000,0,0,0.0000,0
120,2,1.97500,4,279.355,-900.000,90.150,0.000,0.000,0.000,0,0,0.0000,0
120,2,1.98333,4,279.355,-900.000,90.150,0.000,0.000,0.000,0,0,0.0000,0
120,2,1.99167,4,279.355,-900.000,90.150,0.000,0.000,0.000,0,0,0.0000,0
120,2,2.00000,4,279.355,-900.000,90.150,0.000,0.000,0.000,0,0,0.0000,0
120,2,2.00833,4,279.355,-900.000,90.150,0.000,0.000,0.000,0,0,0.0000,0
120,2,2.01667,4,279.355,-900.000,90.150,0.000,0.000,0.000,0,0,0.0000,0
120,2,2.02500,4,279.355,-900.000,90.150,0.000,0.000,0.000,0,0,0.0000,0
120,2,2.03333,4,279.355,-900.000,90.150,0.000,0.000,0.000,0,0,0.0000,0
120,2,2.04167,4,279.355,-900.000,90.150,0.000,0.000,0.000,0,0,0.0000,0
120,2,2.05000,4,279.355,-900.000,90.150,0.000,0.000,0.000,0,0,0.0000,0
120,2,2.05833,4,279.355,-900.000,90.150,0.000,0.000,0.000,0,0,0.0000,0
120,2,2.06667,4,279.355,-900.000,90.150,0.000,0.000,0.000,0,0,0.0000,0
120,2,2.07500,4,279.355,-900.000,90.150,0.000,0.000,0.000,0,0,0.0000,0
120,2,2.08333,4,279.355,-900.000,90.150,0.000,0.000,0.000,0,0,0.0000,0
120,2,2.09167,4,279.355,-900.000,90.150,0.000,0.000,0.000,0,0,0.0000,0
120,2,2.10000,4,279.355,-900.000,90.150,0.000,0.000,0.000,0,0,0.0000,0
120,2,2.10833,4,279.355,-900.000,90.150,0.000,0.000,0.000,0,0,0.0000,0
120,2,2.11667,4,279.355,-900.000,90.150,0.000,0.000,0.000,0,0,0.0000,0
120,2,2.12500,4,279.355,-900.000,90.150,0.000,0.000,0.000,0,0,0.0000,0
120,2,2.13333,4,279.355,-900.000,90.150,0.000,0.000,0.000,0,0,0.0000,0
120,2,2.14167,4,279.355,-900.000,90.150,0.000,0.000,0.000,0,0,0.0000,0
120,2,2.15000,4,279.355,-900.000,90.150,0.000,0.000,0.000,0,0,0.0000,0
120,2,2.15833,4,279.355,-900.000,90.150,0.000,0.000,0.000,0,0,0.0000,0
120,2,2.16667,4,279.355,-900.000,90.150,0.000,0.000,0.000,0,0,0.0000,0
120,2,2.17500,4,279.355,-900.000,90.150,0.000,0.000,0.000,0,0,0.0000,0
120,2,2.18333,4,279.355,-900.000,90.150,0.000,0.000,0.000,0,0,0.0000,0
120,2,2.19167,4,279.355,-900.000,90.150,0.000,0.000,0.000,0,0,0.0000,0
120,2,2.20000,4,279.355,-900.000,90.150,0.000,0.000,0.000,0,0,0.0000,0
120,2,2.20833,4,279.355,-900.000,90.150,0.000,0.000,0.000,0,0,0.0000,0
120,2,2.21667,4,279.355,-900.000,90.150,0.000,0.000,0.000,0,0,0.0000,0
120,2,2.22500,4,279.355,-900.000,90.150,0.000,0.000,0.000,0,0,0.0000,0
120,2,2.23333,4,279.355,-900.000,90.150,0.000,0.000,0.000,0,0,0.0000,0
120,2,2.24167,4,279.355,-900.000,90.150,0.000,0.000,0.000,0,0,0.0000,0
120,2,2.25000,4,279.355,-900.000,90.150,0.000,0.000,0.000,0,0,0.0000,0
120,2,2.25833,4,279.355,-900.000,90.150,0.000,0.000,0.000,0,0,0.0000,0
120,2,2.26667,4,279.355,-900.000,90.150,0.000,0.000,0.000,0,0,0.0000,0
120,2,2.27500,4,279.355,-900.000,90.150,0.000,0.000,0.000,0,0,0.0000,0
120,2,2.28333,4,279.355,-900.000,90.150,0.000,0.000,0.000,0,0,0.0000,0
120,2,2.29167,4,279.355,-900.000,90.150,0.000,0.000,0.000,0,0,0.0000,0
120,2,2.30000,4,279.355,-900.000,90.150,0.000,0.000,0.000,0,0,0.0000,0
120,2,2.30833,4,279.355,-900.000,90.150,0.000,0.000,0.000,0,0,0.0000,0
120,2,2.31667,4,279.355,-900.000,90.150,0.000,0.000,0.000,0,0,0.0000,0
120,2,2.32500,4,279.355,-900.000,90.150,0.000,0.000,0.000,0,0,0.0000,0
120,2,2.33333,4,279.355,-900.000,90.150,0.000,0.000,0.000,0,0,0.0000,0
120,2,2.34167,4,279.355,-900.000,90.150,0.000,0.000,0.000,0,0,0.0000,0
120,2,2.35000,4,279.355,-900.000,90.150,0.000,0.000,0.000,0,0,0.0000,0
120,2,2.35833,4,279.355,-900.000,90.150,0.000,0.000,0.000,0,0,0.0000,0
120,2,2.36667,4,279.355,-900.000,90.150,0.000,0.000,0.000,0,0,0.0000,0
120,2,2.37500,4,279.355,-900.000,90.150,0.000,0.000,0.000,0,0,0.0000,0
120,2,2.38333,4,279.355,-900.000,90.150,0.000,0.000,0.000,0,0,0.0000,0
120,2,2.39167,4,279.355,-900.000,90.150,0.000,0.000,0.000,0,0,0.0000,0
120,2,2.40000,4,279.355,-900.000,90.150,0.000,0.000,0.000,0,0,0.0000,0
120,2,2.40833,4,279.355,-900.000,90.150,0.000,0.000,0.000,0,0,0.0000,0
120,2,2.41667,4,279.355,-900.000,90.150,0.000,0.000,0.000,0,0,0.0000,0
120,2,2.42500,4,279.355,-900.000,90.150,0.000,0.000,0.000,0,0,0.0000,0
120,2,2.43333,4,279.355,-900.000,90.150,0.000,0.000,0.000,0,0,0.0000,0
120,2,2.44167,4,279.355,-900.000,90.150,0.000,0.000,0.000,0,0,0.0000,0
120,2,2.45000,4,279.355,-900.000,90.150,0.000,0.000,0.000,0,0,0.0000,0
120,2,2.45833,4,279.355,-900.000,90.150,0.000,0.000,0.000,0,0,0.0000,0
120,2,2.46667,4,279.355,-900.000,90.150,0.000,0.000,0.000,0,0,0.0000,0
120,2,2.47500,4,279.355,-900.000,90.150,0.000,0.000,0.000,0,0,0.0000,0
120,2,2.48333,4,279.355,-900.000,90.150,0.000,0.000,0.000,0,0,0.0000,0
120,3,0.00000,0,-500.000,-900.000,98.000,0.000,0.000,0.000,0,0,0.0000,0
120,3,0.00833,0,-499.858,-900.000,90.150,17.067,0.000,0.000,0,0,0.0000,0
120,3,0.01667,0,-499.573,-900.000,90.150,34.133,0.000,0.000,0,0,0.0000,0
120,3,0.02500,0,-499.147,-900.000,90.150,51.200,0.000,0.000,0,0,0.0000,0
120,3,0.03333,0,-498.578,-900.000,90.150,68.267,0.000,0.000,0,0,0.0000,0
120,3,0.04167,0,-497.867,-900.000,90.150,85.333,0.000,0.000,0,0,0.0000,0
120,3,0.05000,0,-497.013,-900.000,90.150,102.400,0.000,0.000,0,0,0.0000,0
120,3,0.05833,0,-496.018,-900.000,90.150,119.467,0.000,0.000,0,0,0.0000,0
120,3,0.06667,0,-494.880,-900.000,90.150,136.533,0.000,0.000,0,0,0.0000,0
120,3,0.07500,0,-493.600,-900.000,90.150,153.600,0.000,0.000,0,0,0.0000,0
120,3,0.08333,0,-492.178,-900.000,90.150,170.667,0.000,0.000,0,0,0.0000,0
120,3,0.09167,0,-490.613,-900.000,90.150,187.733,0.000,0.000,0,0,0.0000,0
120,3,0.10000,0,-488.907,-900.000,90.150,204.800,0.000,0.000,0,0,0.0000,0
120,3,0.10833,0,-487.058,-900.000,90.150,221.867,0.000,0.000,0,0,0.0000,0
120,3,0.11667,0,-485.067,-900.000,90.150,238.933,0.000,0.000,0,0,0.0000,0
120,3,0.12500,0,-482.933,-900.000,90.150,256.000,0.000,0.000,0,0,0.0000,0
120,3,0.13333,0,-480.658,-900.000,90.150,273.067,0.000,0.000,0,0,0.0000,0
120,3,0.14167,0,-478.240,-900.000,90.150,290.133,0.000,0.000,0,0,0.0000,0
120,3,0.15000,0,-475.680,-900.000,90.150,307.200,0.000,0.000,0,0,0.0000,0
120,3,0.15833,0,-472.978,-900.000,90.150,324.267,0.000,0.000,0,0,0.0000,0
120,3,0.16667,0,-470.133,-900.000,90.150,341.333,0.000,0.000,0,0,0.0000,0
120,3,0.17500,0,-467.147,-900.000,90.150,358.400,0.000,0.000,0,0,0.0000,0
120,3,0.18333,0,-464.018,-900.000,90.150,375.467,0.000,0.000,0,0,0.0000,0
120,3,0.19167,0,-460.747,-900.000,90.150,392.533,0.000,0.000,0,0,0.0000,0
120,3,0.20000,0,-457.333,-900.000,90.150,409.600,0.000,0.000,0,0,0.0000,0
120,3,0.20833,0,-453.778,-900.000,90.150,426.667,0.000,0.000,0,0,0.0000,0
120,3,0.21667,0,-450.080,-900.000,90.150,443.733,0.000,0.000,0,0,0.0000,0
120,3,0.22500,0,-446.240,-900.000,90.150,460.800,0.000,0.000,0,0,0.0000,0
120,3,0.23333,0,-442.258,-900.000,90.150,477.867,0.000,0.000,0,0,0.0000,0
120,3,0.24167,0,-438.133,-900.000,90.150,494.933,0.000,0.000,0,0,0.0000,0
120,3,0.25000,0,-433.867,-900.000,90.150,512.000,0.000,0.000,0,0,0.0000,0
120,3,0.25833,0,-429.458,-900.000,90.150,529.067,0.000,0.000,0,0,0.0000,0
120,3,0.26667,0,-424.907,-900.000,90.150,546.133,0.000,0.000,0,0,0.0000,0
120,3,0.27500,0,-420.213,-900.000,90.150,563.200,0.000,0.000,0,0,0.0000,0
120,3,0.28333,0,-415.378,-900.000,90.150,580.267,0.000,0.000,0,0,0.0000,0
120,3,0.29167,0,-410.400,-900.000,90.150,597.333,0.000,0.000,0,0,0.0000,0
120,3,0.30000,0,-405.280,-900.000,90.150,614.400,0.000,0.000,0,0,0.0000,0
120,3,0.30833,0,-400.018,-900.000,90.150,631.467,0.000,0.000,0,0,0.0000,0
120,3,0.31667,0,-394.613,-900.000,90.150,648.533,0.000,0.000,0,0,0.0000,0
120,3,0.32500,0,-389.197,-900.000,90.150,650.000,0.000,0.000,0,0,0.0000,0
120,3,0.33333,0,-383.780,-900.000,90.150,650.000,0.000,0.000,0,0,0.0000,0
120,3,0.34167,0,-378.363,-900.000,90.150,650.000,0.000,0.000,0,0,0.0000,0
120,3,0.35000,0,-372.947,-900.000,90.150,650.000,0.000,0.000,0,0,0.0000,0
120,3,0.35833,0,-367.530,-900.000,90.150,650.000,0.000,0.000,0,0,0.0000,0
120,3,0.36667,0,-362.113,-900.000,90.150,650.000,0.000,0.000,0,0,0.0000,0
120,3,0.37500,0,-356.697,-900.000,90.150,650.000,0.000,0.000,0,0,0.0000,0
120,3,0.38333,0,-351.280,-900.000,90.150,650.000,0.000,0.000,0,0,0.0000,0
120,3,0.39167,0,-345.863,-900.000,90.150,650.000,0.000,0.000,0,0,0.0000,0
120,3,0.40000,0,-340.447,-900.000,90.150,650.000,0.000,0.000,0,0,0.0000,0
120,3,0.40833,0,-335.030,-900.000,90.150,650.000,0.000,0.000,0,0,0.0000,0
120,3,0.41667,0,-329.613,-900.000,90.150,650.000,0.000,0.000,0,0,0.0000,0
120,3,0.42500,0,-324.197,-900.000,90.150,650.000,0.000,0.000,0,0,0.0000,0
120,3,0.43333,0,-318.780,-900.000,90.150,650.000,0.000,0.000,0,0,0.0000,0
120,3,0.44167,0,-313.363,-900.000,90.150,650.000,0.000,0.000,0,0,0.0000,0
120,3,0.45000,0,-307.947,-900.000,90.150,650.000,0.000,0.000,0,0,0.0000,0
120,3,0.45833,0,-302.530,-900.000,90.150,650.000,0.000,0.000,0,0,0.0000,0
120,3,0.46667,0,-297.113,-900.000,90.150,650.000,0.000,0.000,0,0,0.0000,0
120,3,0.47500,0,-291.697,-900.000,90.150,650.000,0.000,0.000,0,0,0.0000,0
120,3,0.48333,0,-286.280,-900.000,90.150,650.000,0.000,0.000,0,0,0.0000,0
120,3,0.49167,0,-280.863,-900.000,90.150,650.000,0.000,0.000,0,0,0.0000,0
120,3,0.50000,0,-275.447,-900.000,90.150,650.000,0.000,0.000,0,0,0.0000,0
120,3,0.50833,1,-270.203,-900.000,90.150,629.297,0.000,0.000,1,1,0.0083,0
120,3,0.51667,1,-264.958,-900.000,90.150,629.297,0.000,0.000,1,1,0.0167,0
120,3,0.52500,1,-259.752,-900.000,90.150,624.768,0.000,0.000,1,1,0.0250,0
120,3,0.53333,1,-254.546,-900.000,90.150,624.768,0.000,0.000,1,1,0.0333,0
120,3,0.54167,1,-249.364,-900.000,90.150,621.837,0.000,0.000,1,1,0.0417,0
120,3,0.55000,1,-244.182,-900.000,90.150,621.837,0.000,0.000,1,1,0.0500,0
120,3,0.55833,1,-239.011,-900.000,90.150,620.505,0.000,0.000,1,1,0.0583,0
120,3,0.56667,1,-233.840,-900.000,90.150,620.505,0.000,0.000,1,1,0.0667,0
120,3,0.57500,1,-228.662,-900.000,90.150,621.304,0.000,0.000,1,1,0.0750,0
120,3,0.58333,1,-223.485,-900.000,90.150,621.304,0.000,0.000,1,1,0.0833,0
120,3,0.59167,1,-218.289,-900.000,90.150,623.436,0.000,0.000,1,1,0.0917,0
120,3,0.60000,1,-213.094,-900.000,90.150,623.436,0.000,0.000,1,1,0.1000,0
120,3,0.60833,2,-207.863,-900.000,90.150,627.698,0.000,0.000,1,1,0.1083,0
120,3,0.61667,2,-202.633,-900.000,90.150,627.698,0.000,0.000,1,1,0.1167,0
120,3,0.62500,2,-197.355,-900.000,90.150,633.294,0.000,0.000,1,1,0.1250,0
120,3,0.63333,2,-192.078,-900.000,90.150,633.293,0.000,0.000,1,1,0.1333,0
120,3,0.64167,2,-186.736,-900.000,90.150,641.021,0.000,0.000,1,1,0.1417,0
120,3,0.65000,2,-181.394,-900.000,90.150,641.019,0.000,0.000,1,1,0.1500,0
120,3,0.65833,2,-175.977,-900.000,90.150,650.080,0.000,0.000,1,1,0.1583,0
120,3,0.66667,2,-170.559,-900.000,90.150,650.078,0.000,0.000,1,1,0.1667,0
120,3,0.67500,2,-165.049,-900.000,90.150,661.270,0.000,0.000,1,1,0.1750,0
120,3,0.68333,2,-159.538,-900.000,90.150,661.270,0.000,0.000,1,1,0.1833,0
120,3,0.69167,2,-151.803,-900.000,90.150,928.228,0.000,0.000,1,1,0.1917,0
120,3,0.70000,2,-144.068,-900.000,90.150,928.224,0.000,0.000,1,1,0.2000,0
120,3,0.70833,2,-137.467,-900.000,90.150,792.083,0.000,0.000,1,1,0.2083,0
120,3,0.71667,2,-130.866,-900.000,90.150,792.079,0.000,0.000,1,1,0.2167,0
120,3,0.72500,2,-130.407,-900.000,90.150,55.150,0.000,0.000,1,1,0.2250,0
120,3,0.73333,2,-129.947,-900.000,90.150,55.146,0.000,0.000,1,1,0.2333,0
120,3,0.74167,2,-131.566,-900.000,90.150,-194.222,0.000,0.000,1,1,0.2417,0
120,3,0.75000,2,-133.184,-900.000,90.150,-194.224,0.000,0.000,1,1,0.2500,0
120,3,0.75833,2,-134.425,-900.000,90.150,-148.932,0.000,0.000,1,1,0.2583,0
120,3,0.76667,2,-135.666,-900.000,90.150,-148.932,0.000,0.000,1,1,0.2667,0
120,3,0.77500,2,-136.710,-900.000,90.150,-125.218,0.000,0.000,1,1,0.2750,0
120,3,0.78333,2,-137.753,-900.000,90.150,-125.218,0.000,0.000,1,1,0.2833,0
120,3,0.79167,2,-138.155,-900.000,90.150,-48.224,0.000,0.000,1,1,0.2917,0
120,3,0.80000,2,-138.557,-900.000,90.150,-48.223,0.000,0.000,1,1,0.3000,0
120,3,0.80833,2,-138.857,-900.000,90.150,-35.967,0.000,0.000,1,1,0.3083,0
120,3,0.81667,2,-139.157,-900.000,90.150,-35.967,0.000,0.000,1,1,0.3167,0
120,3,0.82500,2,-139.382,-900.000,90.150,-27.087,0.000,0.000,1,1,0.3250,0
120,3,0.83333,2,-139.608,-900.000,90.150,-27.085,0.000,0.000,1,1,0.3333,0
120,3,0.84167,2,-139.784,-900.000,90.150,-21.105,0.000,0.000,1,1,0.3417,0
120,3,0.85000,2,-139.960,-900.000,90.150,-21.103,0.000,0.000,1,1,0.3500,0
120,3,0.85833,2,-140.116,-900.000,90.150,-18.759,0.000,0.000,1,1,0.3583,0
120,3,0.86667,2,-140.272,-900.000,90.150,-18.759,0.000,0.000,1,1,0.3667,0
120,3,0.87500,2,-140.429,-900.000,90.150,-18.759,0.000,0.000,1,1,0.3750,0
120,3,0.88333,2,-140.585,-900.000,90.150,-18.759,0.000,0.000,1,1,0.3833,0
120,3,0.89167,2,-140.749,-900.000,90.150,-19.697,0.000,0.000,1,1,0.3917,0
120,3,0.90000,2,-140.913,-900.000,90.150,-19.697,0.000,0.000,1,1,0.4000,0
120,3,0.90833,2,-141.070,-900.000,90.150,-18.759,0.000,0.000,1,1,0.4083,0
120,3,0.91667,2,-141.226,-900.000,90.150,-18.759,0.000,0.000,1,1,0.4167,0
120,3,0.92500,2,-141.363,-900.000,90.150,-16.414,0.000,0.000,1,1,0.4250,0
120,3,0.93333,2,-141.500,-900.000,90.150,-16.414,0.000,0.000,1,1,0.4333,0
120,3,0.94167,2,-141.617,-900.000,90.150,-14.070,0.000,0.000,1,1,0.4417,0
120,3,0.95000,2,-141.734,-900.000,90.150,-14.070,0.000,0.000,1,1,0.4500,0
120,3,0.95833,2,-141.836,-900.000,90.150,-12.193,0.000,0.000,1,1,0.4583,0
120,3,0.96667,2,-141.937,-900.000,90.150,-12.193,0.000,0.000,1,1,0.4667,0
120,3,0.97500,2,-142.012,-900.000,90.150,-8.908,0.000,0.000,1,1,0.4750,0
120,3,0.98333,2,-142.086,-900.000,90.150,-8.912,0.000,0.000,1,1,0.4833,0
120,3,0.99167,2,-142.133,-900.000,90.150,-5.629,0.000,0.000,1,1,0.4917,0
120,3,1.00000,2,-142.180,-900.000,90.150,-5.629,0.000,0.000,1,1,0.5000,0
120,3,1.00833,2,-142.203,-900.000,90.150,-2.814,0.000,0.000,1,1,0.5083,0
120,3,1.01667,2,-142.227,-900.000,90.150,-2.812,0.000,0.000,1,1,0.5167,0
120,3,1.02500,2,-142.219,-900.000,90.150,0.937,0.000,0.000,1,1,0.5250,0
120,3,1.03333,2,-142.211,-900.000,90.150,0.937,0.000,0.000,1,1,0.5333,0
120,3,1.04167,2,-142.187,-900.000,90.150,2.814,0.000,0.000,1,1,0.5417,0
120,3,1.05000,2,-142.164,-900.000,90.150,2.814,0.000,0.000,1,1,0.5500,0
120,3,1.05833,2,-142.129,-900.000,90.150,4.221,0.000,0.000,1,1,0.5583,0
120,3,1.06667,2,-142.094,-900.000,90.150,4.221,0.000,0.000,1,1,0.5667,0
120,3,1.07500,2,-142.047,-900.000,90.150,5.629,0.000,0.000,1,1,0.5750,0
120,3,1.08333,2,-142.000,-900.000,90.150,5.627,0.000,0.000,1,1,0.5833,0
120,3,1.09167,2,-141.957,-900.000,90.150,5.158,0.000,0.000,1,1,0.5917,0
120,3,1.10000,2,-141.914,-900.000,90.150,5.160,0.000,0.000,1,1,0.6000,0
120,3,1.10833,2,-141.871,-900.000,90.150,5.160,0.000,0.000,1,1,0.6083,0
120,3,1.11667,2,-141.828,-900.000,90.150,5.158,0.000,0.000,1,1,0.6167,0
120,3,1.12500,2,-141.801,-900.000,90.150,3.283,0.000,0.000,1,1,0.6250,0
120,3,1.13333,2,-141.773,-900.000,90.150,3.281,0.000,0.000,1,1,0.6333,0
120,3,1.14167,2,-141.757,-900.000,90.150,1.945,0.000,0.000,1,1,0.6417,0
120,3,1.15000,2,-141.741,-900.000,90.150,1.943,0.000,0.000,1,1,0.6500,0
120,3,1.15833,2,-141.750,-900.000,90.150,-1.137,0.000,0.000,1,1,0.6583,0
120,3,1.16667,2,-141.760,-900.000,90.150,-1.139,0.000,0.000,1,1,0.6667,0
120,3,1.17500,2,-141.779,-900.000,90.150,-2.274,0.000,0.000,1,1,0.6750,0
120,3,1.18333,2,-141.798,-900.000,90.150,-2.274,0.000,0.000,1,1,0.6833,0
120,3,1.19167,2,-141.824,-900.000,90.150,-3.127,0.000,0.000,1,1,0.6917,0
120,3,1.20000,2,-141.850,-900.000,90.150,-3.127,0.000,0.000,1,1,0.7000,0
120,3,1.20833,2,-141.890,-900.000,90.150,-4.834,0.000,0.000,1,1,0.7083,0
120,3,1.21667,2,-141.930,-900.000,90.150,-4.832,0.000,0.000,1,1,0.7167,0
120,3,1.22500,2,-141.992,-900.000,90.150,-7.392,0.000,0.000,1,1,0.7250,0
120,3,1.23333,2,-142.054,-900.000,90.150,-7.394,0.000,0.000,1,1,0.7333,0
120,3,1.24167,2,-142.151,-900.000,90.150,-11.656,0.000,0.000,1,1,0.7417,0
120,3,1.25000,2,-142.248,-900.000,90.150,-11.656,0.000,0.000,1,1,0.7500,0
120,3,1.25833,2,-142.388,-900.000,90.150,-16.774,0.000,0.000,1,1,0.7583,0
120,3,1.26667,2,-142.527,-900.000,90.150,-16.774,0.000,0.000,1,1,0.7667,0
120,3,1.27500,2,-142.527,-900.000,90.150,0.000,0.000,0.000,1,1,0.7750,0
120,3,1.28333,2,-142.527,-900.000,90.150,0.000,0.000,0.000,1,1,0.7833,0
120,3,1.29167,2,-142.527,-900.000,90.150,0.000,0.000,0.000,1,1,0.7917,0
120,3,1.30000,2,-142.527,-900.000,90.150,0.000,0.000,0.000,1,1,0.8000,0
120,3,1.30833,2,-142.527,-900.000,90.150,0.000,0.000,0.000,1,1,0.8083,0
120,3,1.31667,2,-142.527,-900.000,90.150,0.000,0.000,0.000,1,1,0.8167,0
120,3,1.32500,2,-142.527,-900.000,90.150,0.000,0.000,0.000,1,1,0.8250,0
120,3,1.33333,2,-142.527,-900.000,90.150,0.000,0.000,0.000,1,1,0.8333,0
120,3,1.34167,2,-142.527,-900.000,90.150,0.000,0.000,0.000,1,1,0.8417,0
120,3,1.35000,2,-142.527,-900.000,90.150,0.000,0.000,0.000,1,1,0.8500,0
120,3,1.35833,2,-142.527,-900.000,90.150,0.000,0.000,0.000,1,1,0.8583,0
120,3,1.36667,2,-142.527,-900.000,90.150,0.000,0.000,0.000,1,1,0.8667,0
120,3,1.37500,2,-142.527,-900.000,90.150,0.000,0.000,0.000,1,1,0.8750,0
120,3,1.38333,2,-142.527,-900.000,90.150,0.000,0.000,0.000,1,1,0.8833,0
120,3,1.39167,2,-142.527,-900.000,90.150,0.000,0.000,0.000,0,0,0.0000,0
120,3,1.40000,2,-142.385,-900.000,90.150,17.067,0.000,0.000,0,0,0.0000,0
120,3,1.40833,2,-142.101,-900.000,90.150,34.133,0.000,0.000,0,0,0.0000,0
120,3,1.41667,2,-141.674,-900.000,90.150,51.200,0.000,0.000,0,0,0.0000,0
120,3,1.42500,2,-141.105,-900.000,90.150,68.267,0.000,0.000,0,0,0.0000,0
120,3,1.43333,2,-140.394,-900.000,90.150,85.333,0.000,0.000,0,0,0.0000,0
120,3,1.44167,2,-139.541,-900.000,90.150,102.400,0.000,0.000,0,0,0.0000,0
120,3,1.45000,2,-138.545,-900.000,90.150,119.467,0.000,0.000,0,0,0.0000,0
120,3,1.45833,2,-137.407,-900.000,90.150,136.533,0.000,0.000,0,0,0.0000,0
120,3,1.46667,2,-136.127,-900.000,90.150,153.600,0.000,0.000,0,0,0.0000,0
120,3,1.47500,2,-134.705,-900.000,90.150,170.667,0.000,0.000,0,0,0.0000,0
120,3,1.48333,2,-133.141,-900.000,90.150,187.733,0.000,0.000,0,0,0.0000,0
120,3,1.49167,2,-131.434,-900.000,90.150,204.800,0.000,0.000,0,0,0.0000,0
120,3,1.50000,2,-129.585,-900.000,90.150,221.867,0.000,0.000,0,0,0.0000,0
120,3,1.50833,2,-127.594,-900.000,90.150,238.933,0.000,0.000,0,0,0.0000,0
120,3,1.51667,2,-125.461,-900.000,90.150,256.000,0.000,0.000,0,0,0.0000,0
120,3,1.52500,2,-123.185,-900.000,90.150,273.067,0.000,0.000,0,0,0.0000,0
120,3,1.53333,2,-120.767,-900.000,90.150,290.133,0.000,0.000,0,0,0.0000,0
120,3,1.54167,2,-118.207,-900.000,90.150,307.200,0.000,0.000,0,0,0.0000,0
120,3,1.55000,2,-115.505,-900.000,90.150,324.267,0.000,0.000,0,0,0.0000,0
120,4,0.00000,0,500.000,-900.000,98.000,0.000,0.000,0.000,0,0,0.0000,0
120,4,0.00833,0,500.000,-900.000,90.150,0.000,0.000,0.000,0,0,0.0000,0
120,4,0.01667,0,500.000,-900.000,90.150,0.000,0.000,0.000,0,0,0.0000,0
120,4,0.02500,0,500.000,-900.000,90.150,0.000,0.000,0.000,0,0,0.0000,0
120,4,0.03333,0,500.000,-900.000,90.150,0.000,0.000,0.000,0,0,0.0000,0
120,4,0.04167,0,500.000,-900.000,90.150,0.000,0.000,0.000,0,0,0.0000,0
120,4,0.05000,0,500.000,-900.000,90.150,0.000,0.000,0.000,0,0,0.0000,0
120,4,0.05833,0,500.000,-900.000,90.150,0.000,0.000,0.000,0,0,0.0000,0
120,4,0.06667,0,500.000,-900.000,90.150,0.000,0.000,0.000,0,0,0.0000,0
120,4,0.07500,0,500.000,-900.000,90.150,0.000,0.000,0.000,0,0,0.0000,0
120,4,0.08333,0,500.000,-900.000,90.150,0.000,0.000,0.000,0,0,0.0000,0
120,4,0.09167,0,500.000,-900.000,90.150,0.000,0.000,0.000,0,0,0.0000,0
120,4,0.10000,0,500.000,-900.000,90.150,0.000,0.000,0.000,0,0,0.0000,0
120,4,0.10833,0,500.000,-900.000,90.150,0.000,0.000,0.000,0,0,0.0000,0
120,4,0.11667,0,500.000,-900.000,90.150,0.000,0.000,0.000,0,0,0.0000,0
120,4,0.12500,0,500.000,-900.000,90.150,0.000,0.000,0.000,0,0,0.0000,0
120,4,0.13333,0,500.000,-900.000,90.150,0.000,0.000,0.000,0,0,0.0000,0
120,4,0.14167,0,500.000,-900.000,90.150,0.000,0.000,0.000,0,0,0.0000,0
120,4,0.15000,0,500.000,-900.000,90.150,0.000,0.000,0.000,0,0,0.0000,0
120,4,0.15833,0,500.000,-900.000,90.150,0.000,0.000,0.000,0,0,0.0000,0
120,4,0.16667,0,500.000,-900.000,90.150,0.000,0.000,0.000,0,0,0.0000,0
120,4,0.17500,0,500.000,-900.000,90.150,0.000,0.000,0.000,0,0,0.0000,0
120,4,0.18333,0,500.000,-900.000,90.150,0.000,0.000,0.000,0,0,0.0000,0
120,4,0.19167,0,500.000,-900.000,90.150,0.000,0.000,0.000,0,0,0.0000,0
120,4,0.20000,0,500.000,-900.000,90.150,0.000,0.000,0.000,0,0,0.0000,0
120,4,0.20833,0,500.000,-900.000,90.150,0.000,0.000,0.000,0,0,0.0000,0
120,4,0.21667,0,500.000,-900.000,90.150,0.000,0.000,0.000,0,0,0.0000,0
120,4,0.22500,0,500.000,-900.000,90.150,0.000,0.000,0.000,0,0,0.0000,0
120,4,0.23333,0,500.000,-900.000,90.150,0.000,0.000,0.000,0,0,0.0000,0
120,4,0.24167,0,500.000,-900.000,90.150,0.000,0.000,0.000,0,0,0.0000,0
120,4,0.25000,0,500.000,-900.000,90.150,0.000,0.000,0.000,0,0,0.0000,0
120,4,0.25833,0,500.000,-900.000,90.150,0.000,0.000,0.000,0,0,0.0000,0
120,4,0.26667,0,500.000,-900.000,90.150,0.000,0.000,0.000,0,0,0.0000,0
120,4,0.27500,0,500.000,-900.000,90.150,0.000,0.000,0.000,0,0,0.0000,0
120,4,0.28333,0,500.000,-900.000,90.150,0.000,0.000,0.000,0,0,0.0000,0
120,4,0.29167,0,500.000,-900.000,90.150,0.000,0.000,0.000,0,0,0.0000,0
120,4,0.30000,0,500.000,-900.000,90.150,0.000,0.000,0.000,0,0,0.0000,0
120,4,0.30833,0,500.000,-900.000,90.150,0.000,0.000,0.000,0,0,0.0000,0
120,4,0.31667,0,500.000,-900.000,90.150,0.000,0.000,0.000,0,0,0.0000,0
120,4,0.32500,0,500.000,-900.000,90.150,0.000,0.000,0.000,0,0,0.0000,0
120,4,0.33333,0,500.000,-900.000,90.150,0.000,0.000,0.000,0,0,0.0000,0
120,4,0.34167,0,500.000,-900.000,90.150,0.000,0.000,0.000,0,0,0.0000,0
120,4,0.35000,0,500.000,-900.000,90.150,0.000,0.000,0.000,0,0,0.0000,0
120,4,0.35833,0,500.000,-900.000,90.150,0.000,0.000,0.000,0,0,0.0000,0
120,4,0.36667,0,500.000,-900.000,90.150,0.000,0.000,0.000,0,0,0.0000,0
120,4,0.37500,0,500.000,-900.000,90.150,0.000,0.000,0.000,0,0,0.0000,0
120,4,0.38333,0,500.000,-900.000,90.150,0.000,0.000,0.000,0,0,0.0000,0
120,4,0.39167,0,500.000,-900.000,90.150,0.000,0.000,0.000,0,0,0.0000,0
120,4,0.40000,0,500.000,-900.000,90.150,0.000,0.000,0.000,0,0,0.0000,0
120,4,0.40833,0,500.000,-900.000,90.150,0.000,0.000,0.000,0,0,0.0000,0
120,4,0.41667,0,500.000,-900.000,90.150,0.000,0.000,0.000,0,0,0.0000,0
120,4,0.42500,0,500.000,-900.000,90.150,0.000,0.000,0.000,0,0,0.0000,0
120,4,0.43333,0,500.000,-900.000,90.150,0.000,0.000,0.000,0,0,0.0000,0
120,4,0.44167,0,500.000,-900.000,90.150,0.000,0.000,0.000,0,0,0.0000,0
120,4,0.45000,0,500.000,-900.000,90.150,0.000,0.000,0.000,0,0,0.0000,0
120,4,0.45833,0,500.000,-900.000,90.150,0.000,0.000,0.000,0,0,0.0000,0
120,4,0.46667,0,500.000,-900.000,90.150,0.000,0.000,0.000,0,0,0.0000,0
120,4,0.47500,0,500.000,-900.000,90.150,0.000,0.000,0.000,0,0,0.0000,0
120,4,0.48333,0,500.000,-900.000,90.150,0.000,0.000,0.000,0,0,0.0000,0
120,4,0.49167,0,500.000,-900.000,90.150,0.000,0.000,0.000,0,0,0.0000,0
120,4,0.50000,0,500.000,-900.000,90.150,0.000,0.000,0.000,0,0,0.0000,0
120,4,0.50833,0,500.000,-900.000,90.150,0.000,0.000,0.000,0,0,0.0000,0
120,4,0.51667,0,500.000,-900.000,90.150,0.000,0.000,0.000,0,0,0.0000,0
120,4,0.52500,0,500.000,-900.000,90.150,0.000,0.000,0.000,0,0,0.0000,0
120,4,0.53333,0,500.000,-900.000,90.150,0.000,0.000,0.000,0,0,0.0000,0
120,4,0.54167,0,500.000,-900.000,90.150,0.000,0.000,0.000,0,0,0.0000,0
120,4,0.55000,0,500.000,-900.000,90.150,0.000,0.000,0.000,0,0,0.0000,0
120,4,0.55833,0,500.000,-900.000,90.150,0.000,0.000,0.000,0,0,0.0000,0
120,4,0.56667,0,500.000,-900.000,90.150,0.000,0.000,0.000,0,0,0.0000,0
120,4,0.57500,0,500.000,-900.000,90.150,0.000,0.000,0.000,0,0,0.0000,0
120,4,0.58333,0,500.000,-900.000,90.150,0.000,0.000,0.000,0,0,0.0000,0
120,4,0.59167,0,500.000,-900.000,90.150,0.000,0.000,0.000,0,0,0.0000,0
120,4,0.60000,0,500.000,-900.000,90.150,0.000,0.000,0.000,0,0,0.0000,0
120,4,0.60833,0,500.000,-900.000,90.150,0.000,0.000,0.000,0,0,0.0000,0
120,4,0.61667,0,500.000,-900.000,90.150,0.000,0.000,0.000,0,0,0.0000,0
120,4,0.62500,0,500.000,-900.000,90.150,0.000,0.000,0.000,0,0,0.0000,0
120,4,0.63333,0,500.000,-900.000,90.150,0.000,0.000,0.000,0,0,0.0000,0
120,4,0.64167,0,500.000,-900.000,90.150,0.000,0.000,0.000,0,0,0.0000,0
120,4,0.65000,0,500.000,-900.000,90.150,0.000,0.000,0.000,0,0,0.0000,0
120,4,0.65833,0,500.000,-900.000,90.150,0.000,0.000,0.000,0,0,0.0000,0
120,4,0.66667,0,500.000,-900.000,90.150,0.000,0.000,0.000,0,0,0.0000,0
120,4,0.67500,0,500.000,-900.000,90.150,0.000,0.000,0.000,0,0,0.0000,0
120,4,0.68333,0,500.000,-900.000,90.150,0.000,0.000,0.000,0,0,0.0000,0
120,4,0.69167,0,500.000,-900.000,90.150,0.000,0.000,0.000,0,0,0.0000,0
120,4,0.70000,0,500.000,-900.000,90.150,0.000,0.000,0.000,0,0,0.0000,0
120,4,0.70833,0,500.000,-900.000,90.150,0.000,0.000,0.000,0,0,0.0000,0
120,4,0.71667,0,500.000,-900.000,90.150,0.000,0.000,0.000,0,0,0.0000,0
120,4,0.72500,0,500.000,-900.000,90.150,0.000,0.000,0.000,0,0,0.0000,0
120,4,0.73333,0,500.000,-900.000,90.150,0.000,0.000,0.000,0,0,0.0000,0
120,4,0.74167,0,500.000,-900.000,90.150,0.000,0.000,0.000,0,0,0.0000,0
120,4,0.75000,0,500.000,-900.000,90.150,0.000,0.000,0.000,0,0,0.0000,0
120,4,0.75833,0,500.000,-900.000,90.150,0.000,0.000,0.000,0,0,0.0000,0
120,4,0.76667,0,500.000,-900.000,90.150,0.000,0.000,0.000,0,0,0.0000,0
120,4,0.77500,0,500.000,-900.000,90.150,0.000,0.000,0.000,0,0,0.0000,0
120,4,0.78333,0,500.000,-900.000,90.150,0.000,0.000,0.000,0,0,0.0000,0
120,4,0.79167,0,500.000,-900.000,90.150,0.000,0.000,0.000,0,0,0.0000,0
120,4,0.80000,0,500.000,-900.000,90.150,0.000,0.000,0.000,0,0,0.0000,0
120,4,0.80833,0,500.000,-900.000,90.150,0.000,0.000,0.000,0,0,0.0000,0
120,4,0.81667,0,500.000,-900.000,90.150,0.000,0.000,0.000,0,0,0.0000,0
120,4,0.82500,0,500.000,-900.000,90.150,0.000,0.000,0.000,0,0,0.0000,0
120,4,0.83333,0,500.000,-900.000,90.150,0.000,0.000,0.000,0,0,0.0000,0
120,4,0.84167,0,500.000,-900.000,90.150,0.000,0.000,0.000,0,0,0.0000,0
120,4,0.85000,0,500.000,-900.000,90.150,0.000,0.000,0.000,0,0,0.0000,0
120,4,0.85833,0,500.000,-900.000,90.150,0.000,0.000,0.000,0,0,0.0000,0
120,4,0.86667,0,500.000,-900.000,90.150,0.000,0.000,0.000,0,0,0.0000,0
120,4,0.87500,0,500.000,-900.000,90.150,0.000,0.000,0.000,0,0,0.0000,0
120,4,0.88333,0,500.000,-900.000,90.150,0.000,0.000,0.000,0,0,0.0000,0
120,4,0.89167,0,500.000,-900.000,90.150,0.000,0.000,0.000,0,0,0.0000,0
120,4,0.90000,0,500.000,-900.000,90.150,0.000,0.000,0.000,0,0,0.0000,0
120,4,0.90833,0,500.000,-900.000,90.150,0.000,0.000,0.000,0,0,0.0000,0
120,4,0.91667,0,500.000,-900.000,90.150,0.000,0.000,0.000,0,0,0.0000,0
120,4,0.92500,0,500.000,-900.000,90.150,0.000,0.000,0.000,0,0,0.0000,0
120,4,0.93333,0,500.000,-900.000,90.150,0.000,0.000,0.000,0,0,0.0000,0
120,4,0.94167,0,500.000,-900.000,90.150,0.000,0.000,0.000,0,0,0.0000,0
120,4,0.95000,0,500.000,-900.000,90.150,0.000,0.000,0.000,0,0,0.0000,0
120,4,0.95833,0,500.000,-900.000,90.150,0.000,0.000,0.000,0,0,0.0000,0
120,4,0.96667,0,500.000,-900.000,90.150,0.000,0.000,0.000,0,0,0.0000,0
120,4,0.97500,0,500.000,-900.000,90.150,0.000,0.000,0.000,0,0,0.0000,0
120,4,0.98333,0,500.000,-900.000,90.150,0.000,0.000,0.000,0,0,0.0000,0
120,4,0.99167,0,500.000,-900.000,90.150,0.000,0.000,0.000,0,0,0.0000,0
120,4,1.00000,0,500.000,-900.000,90.150,0.000,0.000,0.000,0,0,0.0000,0
120,4,1.00833,0,500.000,-900.000,90.150,0.000,0.000,0.000,0,0,0.0000,0
120,4,1.01667,0,500.000,-900.000,90.150,0.000,0.000,0.000,0,0,0.0000,0
120,4,1.02500,0,500.000,-900.000,90.150,0.000,0.000,0.000,0,0,0.0000,0
120,4,1.03333,0,500.000,-900.000,90.150,0.000,0.000,0.000,0,0,0.0000,0
120,4,1.04167,0,500.000,-900.000,90.150,0.000,0.000,0.000,0,0,0.0000,0
120,4,1.05000,0,500.000,-900.000,90.150,0.000,0.000,0.000,0,0,0.0000,0
120,4,1.05833,0,500.000,-900.000,90.150,0.000,0.000,0.000,0,0,0.0000,0
120,4,1.06667,0,500.000,-900.000,90.150,0.000,0.000,0.000,0,0,0.0000,0
120,4,1.07500,0,500.000,-900.000,90.150,0.000,0.000,0.000,0,0,0.0000,0
120,4,1.08333,0,500.000,-900.000,90.150,0.000,0.000,0.000,0,0,0.0000,0
120,4,1.09167,0,500.000,-900.000,90.150,0.000,0.000,0.000,0,0,0.0000,0
120,4,1.10000,0,500.000,-900.000,90.150,0.000,0.000,0.000,0,0,0.0000,0
120,4,1.10833,0,500.000,-900.000,90.150,0.000,0.000,0.000,0,0,0.0000,0
120,4,1.11667,0,500.000,-900.000,90.150,0.000,0.000,0.000,0,0,0.0000,0
120,4,1.12500,0,500.000,-900.000,90.150,0.000,0.000,0.000,0,0,0.0000,0
120,4,1.13333,0,500.000,-900.000,90.150,0.000,0.000,0.000,0,0,0.0000,0
120,4,1.14167,0,500.000,-900.000,90.150,0.000,0.000,0.000,0,0,0.0000,0
120,4,1.15000,0,500.000,-900.000,90.150,0.000,0.000,0.000,0,0,0.0000,0
120,4,1.15833,0,500.000,-900.000,90.150,0.000,0.000,0.000,0,0,0.0000,0
120,4,1.16667,0,500.000,-900.000,90.150,0.000,0.000,0.000,0,0,0.0000,0
120,4,1.17500,0,500.000,-900.000,90.150,0.000,0.000,0.000,0,0,0.0000,0
120,4,1.18333,0,500.000,-900.000,90.150,0.000,0.000,0.000,0,0,0.0000,0
120,4,1.19167,0,500.000,-900.000,90.150,0.000,0.000,0.000,0,0,0.0000,0
120,4,1.20000,0,500.000,-900.000,90.150,0.000,0.000,0.000,0,0,0.0000,0
120,4,1.20833,0,500.000,-900.000,90.150,0.000,0.000,0.000,0,0,0.0000,0
120,4,1.21667,0,500.000,-900.000,90.150,0.000,0.000,0.000,0,0,0.0000,0
120,4,1.22500,0,500.000,-900.000,90.150,0.000,0.000,0.000,0,0,0.0000,0
120,4,1.23333,0,500.000,-900.000,90.150,0.000,0.000,0.000,0,0,0.0000,0
120,4,1.24167,0,500.000,-900.000,90.150,0.000,0.000,0.000,0,0,0.0000,0
120,4,1.25000,0,500.000,-900.000,90.150,0.000,0.000,0.000,0,0,0.0000,0
120,4,1.25833,0,500.000,-900.000,90.150,0.000,0.000,0.000,0,0,0.0000,0
120,4,1.26667,0,500.000,-900.000,90.150,0.000,0.000,0.000,0,0,0.0000,0
120,4,1.27500,0,500.000,-900.000,90.150,0.000,0.000,0.000,0,0,0.0000,0
120,4,1.28333,0,500.000,-900.000,90.150,0.000,0.000,0.000,0,0,0.0000,0
120,4,1.29167,0,500.000,-900.000,90.150,0.000,0.000,0.000,0,0,0.0000,0
120,4,1.30000,0,500.000,-900.000,90.150,0.000,0.000,0.000,0,0,0.0000,0
120,4,1.30833,0,500.000,-900.000,90.150,0.000,0.000,0.000,0,0,0.0000,0
120,4,1.31667,0,500.000,-900.000,90.150,0.000,0.000,0.000,0,0,0.0000,0
120,4,1.32500,0,500.000,-900.000,90.150,0.000,0.000,0.000,0,0,0.0000,0
120,4,1.33333,0,500.000,-900.000,90.150,0.000,0.000,0.000,0,0,0.0000,0
120,4,1.34167,0,500.000,-900.000,90.150,0.000,0.000,0.000,0,0,0.0000,0
120,4,1.35000,0,500.000,-900.000,90.150,0.000,0.000,0.000,0,0,0.0000,0
120,4,1.35833,0,500.000,-900.000,90.150,0.000,0.000,0.000,0,0,0.0000,0
120,4,1.36667,0,500.000,-900.000,90.150,0.000,0.000,0.000,0,0,0.0000,0
120,4,1.37500,0,500.000,-900.000,90.150,0.000,0.000,0.000,0,0,0.0000,0
120,4,1.38333,0,500.000,-900.000,90.150,0.000,0.000,0.000,0,0,0.0000,0
120,4,1.39167,0,500.000,-900.000,90.150,0.000,0.000,0.000,0,0,0.0000,0
120,4,1.40000,0,500.000,-900.000,90.150,0.000,0.000,0.000,0,0,0.0000,0
120,4,1.40833,0,500.000,-900.000,90.150,0.000,0.000,0.000,0,0,0.0000,0
120,4,1.41667,0,500.000,-900.000,90.150,0.000,0.000,0.000,0,0,0.0000,0
120,4,1.42500,0,500.000,-900.000,90.150,0.000,0.000,0.000,0,0,0.0000,0
120,4,1.43333,0,500.000,-900.000,90.150,0.000,0.000,0.000,0,0,0.0000,0
120,4,1.44167,0,500.000,-900.000,90.150,0.000,0.000,0.000,0,0,0.0000,0
120,4,1.45000,0,500.000,-900.000,90.150,0.000,0.000,0.000,0,0,0.0000,0
120,4,1.45833,0,500.000,-900.000,90.150,0.000,0.000,0.000,0,0,0.0000,0
120,4,1.46667,0,500.000,-900.000,90.150,0.000,0.000,0.000,0,0,0.0000,0
120,4,1.47500,0,500.000,-900.000,90.150,0.000,0.000,0.000,0,0,0.0000,0
120,4,1.48333,0,500.000,-900.000,90.150,0.000,0.000,0.000,0,0,0.0000,0
120,4,1.49167,0,500.000,-900.000,90.150,0.000,0.000,0.000,0,0,0.0000,0
120,4,1.50000,0,500.000,-900.000,90.150,0.000,0.000,0.000,0,0,0.0000,0
120,4,1.50833,0,500.000,-900.000,90.150,0.000,0.000,0.000,0,0,0.0000,0
120,4,1.51667,0,500.000,-900.000,90.150,0.000,0.000,0.000,0,0,0.0000,0
120,4,1.52500,0,500.000,-900.000,90.150,0.000,0.000,0.000,0,0,0.0000,0
120,4,1.53333,0,500.000,-900.000,90.150,0.000,0.000,0.000,0,0,0.0000,0
