fps,case,time,action,position_x,position_y,position_z,hp,sp,enemy_hp,actor_yaw,enemy_x,enemy_y
30,0,0.0333,Sword.Light.1,5.41,-1000.00,90.15,10000.00,100.00,10000.00,0.00,140.00,-1000.00
30,0,0.0667,Sword.Light.1,12.17,-1000.00,90.15,10000.00,100.00,10000.00,0.00,140.00,-1000.00
30,0,0.1000,Sword.Light.1,14.05,-1000.00,90.15,10000.00,100.00,10000.00,0.00,140.00,-1000.00
30,0,0.1333,Sword.Light.1,17.34,-1000.00,90.15,10000.00,100.00,10000.00,0.00,140.00,-1000.00
30,0,0.1667,Sword.Light.1,19.47,-1000.00,90.15,10000.00,100.00,10000.00,0.00,140.00,-1000.00
30,0,0.2000,Sword.Light.1,25.67,-1000.00,90.15,10000.00,100.00,10000.00,0.00,140.00,-1000.00
30,0,0.2333,Sword.Light.1,28.72,-1000.00,90.15,10000.00,100.00,9975.00,0.00,140.00,-1000.00
30,0,0.2667,Sword.Light.1,31.41,-1000.00,90.15,10000.00,100.00,9975.00,0.00,140.00,-1000.00
30,0,0.3000,Sword.Light.1,39.58,-1000.00,90.15,10000.00,100.00,9975.00,0.00,140.00,-1000.00
30,0,0.3333,Sword.Light.1,44.83,-1000.00,90.15,10000.00,100.00,9975.00,0.00,140.00,-1000.00
30,0,0.3667,Sword.Light.1,44.89,-1000.00,90.15,10000.00,100.00,9975.00,0.00,140.00,-1000.00
30,0,0.4000,Sword.Light.1,43.61,-1000.00,90.15,10000.00,100.00,9975.00,0.00,140.00,-1000.00
30,0,0.4333,Sword.Light.1,41.43,-1000.00,90.15,10000.00,100.00,9975.00,0.00,140.00,-1000.00
30,0,0.4667,Sword.Light.1,39.59,-1000.00,90.15,10000.00,100.00,9975.00,0.00,140.00,-1000.00
30,0,0.5000,Sword.Light.1,39.98,-1000.00,90.15,10000.00,100.00,9975.00,0.00,140.00,-1000.00
30,0,0.5333,Sword.Light.1,41.16,-1000.00,90.15,10000.00,100.00,9975.00,0.00,140.00,-1000.00
30,0,0.5667,Sword.Light.1,42.35,-1000.00,90.15,10000.00,100.00,9975.00,0.00,140.00,-1000.00
30,0,0.6000,Sword.Light.2,43.62,-1000.00,90.15,10000.00,100.00,9975.00,0.00,140.00,-1000.00
30,0,0.6333,Sword.Light.2,44.95,-1000.00,90.15,10000.00,100.00,9975.00,0.00,140.00,-1000.00
30,0,0.6667,Sword.Light.2,46.04,-1000.00,90.15,10000.00,100.00,9975.00,0.00,140.00,-1000.00
30,0,0.7000,Sword.Light.2,43.77,-1000.00,90.15,10000.00,100.00,9975.00,0.00,140.00,-1000.00
30,0,0.7333,Sword.Light.2,38.77,-1000.00,90.15,10000.00,100.00,9975.00,0.00,140.00,-1000.00
30,0,0.7667,Sword.Light.2,26.73,-1000.00,90.15,10000.00,100.00,9975.00,0.00,140.00,-1000.00
30,0,0.8000,Sword.Light.2,29.22,-1000.00,90.15,10000.00,100.00,9975.00,0.00,140.00,-1000.00
30,0,0.8333,Sword.Light.2,49.25,-1000.00,90.15,10000.00,100.00,9950.00,0.00,140.00,-1000.00
30,0,0.8667,Sword.Light.2,70.96,-1000.00,90.15,10000.00,100.00,9950.00,0.00,140.00,-1000.00
30,0,0.9000,Sword.Light.2,70.96,-1000.00,90.15,10000.00,100.00,9950.00,0.00,140.00,-1000.00
30,0,0.9333,Sword.Light.2,70.98,-1000.00,90.15,10000.00,100.00,9950.00,0.00,140.00,-1000.00
30,0,0.9667,Sword.Light.2,71.30,-1000.00,90.15,10000.00,100.00,9950.00,0.00,140.00,-1000.00
30,0,1.0000,Sword.Light.2,71.76,-1000.00,90.15,10000.00,100.00,9950.00,0.00,140.00,-1000.00
30,0,1.0333,Sword.Light.2,71.90,-1000.00,90.15,10000.00,100.00,9950.00,0.00,140.00,-1000.00
30,0,1.0667,Sword.Light.2,71.32,-1000.00,90.15,10000.00,100.00,9950.00,0.00,140.00,-1000.00
30,0,1.1000,Sword.Light.2,70.15,-1000.00,90.15,10000.00,100.00,9950.00,0.00,140.00,-1000.00
30,0,1.1333,Sword.Light.2,68.29,-1000.00,90.15,10000.00,100.00,9950.00,0.00,140.00,-1000.00
30,0,1.1667,Sword.Light.2,66.06,-1000.00,90.15,10000.00,100.00,9950.00,0.00,140.00,-1000.00
30,0,1.2000,Sword.Light.2,63.34,-1000.00,90.15,10000.00,100.00,9950.00,0.00,140.00,-1000.00
30,0,1.2333,Sword.Light.2,60.53,-1000.00,90.15,10000.00,100.00,9950.00,0.00,140.00,-1000.00
30,0,1.2667,Sword.Light.2,58.16,-1000.00,90.15,10000.00,100.00,9950.00,0.00,140.00,-1000.00
30,0,1.3000,Sword.Light.2,56.57,-1000.00,90.15,10000.00,100.00,9950.00,0.00,140.00,-1000.00
30,0,1.3333,Sword.Light.2,55.32,-1000.00,90.15,10000.00,100.00,9950.00,0.00,140.00,-1000.00
30,0,1.3667,Sword.Light.2,54.47,-1000.00,90.15,10000.00,100.00,9950.00,0.00,140.00,-1000.00
30,0,1.4000,Sword.Light.2,54.23,-1000.00,90.15,10000.00,100.00,9950.00,0.00,140.00,-1000.00
30,0,1.4333,Sword.Light.2,54.79,-1000.00,90.15,10000.00,100.00,9950.00,0.00,140.00,-1000.00
30,0,1.4667,Sword.Light.2,56.74,-1000.00,90.15,10000.00,100.00,9950.00,0.00,140.00,-1000.00
30,0,1.5000,Sword.Light.2,59.89,-1000.00,90.15,10000.00,100.00,9950.00,0.00,140.00,-1000.00
30,0,1.5333,Sword.Light.2,63.31,-1000.00,90.15,10000.00,100.00,9950.00,0.00,140.00,-1000.00
30,0,1.5667,Sword.Light.2,66.07,-1000.00,90.15,10000.00,100.00,9950.00,0.00,140.00,-1000.00
30,0,1.6000,Sword.Light.2,68.05,-1000.00,90.15,10000.00,100.00,9950.00,0.00,140.00,-1000.00
30,0,1.6333,Sword.Light.2,69.75,-1000.00,90.15,10000.00,100.00,9950.00,0.00,140.00,-1000.00
30,0,1.6667,Sword.Light.2,71.26,-1000.00,90.15,10000.00,100.00,9950.00,0.00,140.00,-1000.00
30,0,1.7000,Sword.Light.2,71.86,-1000.00,90.15,10000.00,100.00,9950.00,0.00,140.00,-1000.00
30,0,1.7333,Sword.Light.2,71.87,-1000.00,90.15,10000.00,100.00,9950.00,0.00,140.00,-1000.00
30,0,1.7667,Sword.Light.2,71.87,-1000.00,90.15,10000.00,100.00,9950.00,0.00,140.00,-1000.00
30,0,1.8000,Sword.Light.2,71.87,-1000.00,90.15,10000.00,100.00,9950.00,0.00,140.00,-1000.00
30,0,1.8333,Sword.Light.2,71.87,-1000.00,90.15,10000.00,100.00,9950.00,0.00,140.00,-1000.00
30,0,1.8667,Sword.Light.2,71.87,-1000.00,90.15,10000.00,100.00,9950.00,0.00,140.00,-1000.00
30,0,1.9000,Sword.Light.2,71.89,-1000.00,90.15,10000.00,100.00,9950.00,0.00,140.00,-1000.00
30,0,1.9333,Sword.Light.2,71.90,-1000.00,90.15,10000.00,100.00,9950.00,0.00,140.00,-1000.00
30,0,1.9667,Sword.Light.2,71.90,-1000.00,90.15,10000.00,100.00,9950.00,0.00,140.00,-1000.00
30,0,2.0000,Sword.Light.2,71.90,-1000.00,90.15,10000.00,100.00,9950.00,0.00,140.00,-1000.00
30,0,2.0333,Sword.Light.2,71.65,-1000.00,90.15,10000.00,100.00,9950.00,0.00,140.00,-1000.00
30,0,2.0667,Sword.Light.2,71.09,-1000.00,90.15,10000.00,100.00,9950.00,0.00,140.00,-1000.00
30,0,2.1000,Sword.Light.2,70.30,-1000.00,90.15,10000.00,100.00,9950.00,0.00,140.00,-1000.00
30,0,2.1333,Sword.Light.2,69.40,-1000.00,90.15,10000.00,100.00,9950.00,0.00,140.00,-1000.00
30,0,2.1667,Sword.Light.2,68.49,-1000.00,90.15,10000.00,100.00,9950.00,0.00,140.00,-1000.00
30,0,2.2000,Sword.Light.2,67.67,-1000.00,90.15,10000.00,100.00,9950.00,0.00,140.00,-1000.00
30,0,2.2333,Sword.Light.2,67.06,-1000.00,90.15,10000.00,100.00,9950.00,0.00,140.00,-1000.00
30,0,2.2667,Sword.Light.2,66.80,-1000.00,90.15,10000.00,100.00,9950.00,0.00,140.00,-1000.00
30,0,2.3000,Sword.Light.2,66.80,-1000.00,90.15,10000.00,100.00,9950.00,0.00,140.00,-1000.00
30,0,2.3333,Sword.Light.2,66.80,-1000.00,90.15,10000.00,100.00,9950.00,0.00,140.00,-1000.00
30,0,2.3667,Sword.Light.2,66.80,-1000.00,90.15,10000.00,100.00,9950.00,0.00,140.00,-1000.00
30,0,2.4000,Sword.Light.2,66.80,-1000.00,90.15,10000.00,100.00,9950.00,0.00,140.00,-1000.00
30,0,2.4333,Sword.Light.2,66.80,-1000.00,90.15,10000.00,100.00,9950.00,0.00,140.00,-1000.00
30,0,2.4667,Sword.Light.2,66.80,-1000.00,90.15,10000.00,100.00,9950.00,0.00,140.00,-1000.00
30,0,2.5000,None,66.80,-1000.00,90.15,10000.00,100.00,9950.00,0.00,140.00,-1000.00
30,0,2.5333,None,66.80,-1000.00,90.15,10000.00,100.00,9950.00,0.00,140.00,-1000.00
30,0,2.5667,None,66.80,-1000.00,90.15,10000.00,100.00,9950.00,0.00,140.00,-1000.00
30,0,2.6000,None,66.80,-1000.00,90.15,10000.00,100.00,9950.00,0.00,140.00,-1000.00
30,0,2.6333,None,66.80,-1000.00,90.15,10000.00,100.00,9950.00,0.00,140.00,-1000.00
30,0,2.6667,None,66.80,-1000.00,90.15,10000.00,100.00,9950.00,0.00,140.00,-1000.00
30,0,2.7000,None,66.80,-1000.00,90.15,10000.00,100.00,9950.00,0.00,140.00,-1000.00
30,0,2.7333,None,66.80,-1000.00,90.15,10000.00,100.00,9950.00,0.00,140.00,-1000.00
30,0,2.7667,None,66.80,-1000.00,90.15,10000.00,100.00,9950.00,0.00,140.00,-1000.00
30,0,2.8000,None,66.80,-1000.00,90.15,10000.00,100.00,9950.00,0.00,140.00,-1000.00
30,0,2.8333,None,66.80,-1000.00,90.15,10000.00,100.00,9950.00,0.00,140.00,-1000.00
30,0,2.8667,None,66.80,-1000.00,90.15,10000.00,100.00,9950.00,0.00,140.00,-1000.00
30,0,2.9000,None,66.80,-1000.00,90.15,10000.00,100.00,9950.00,0.00,140.00,-1000.00
30,0,2.9333,None,66.80,-1000.00,90.15,10000.00,100.00,9950.00,0.00,140.00,-1000.00
30,0,2.9667,None,66.80,-1000.00,90.15,10000.00,100.00,9950.00,0.00,140.00,-1000.00
30,0,3.0000,None,66.80,-1000.00,90.15,10000.00,100.00,9950.00,0.00,140.00,-1000.00
30,0,3.0333,None,66.80,-1000.00,90.15,10000.00,100.00,9950.00,0.00,140.00,-1000.00
30,0,3.0667,None,66.80,-1000.00,90.15,10000.00,100.00,9950.00,0.00,140.00,-1000.00
30,0,3.1000,None,66.80,-1000.00,90.15,10000.00,100.00,9950.00,0.00,140.00,-1000.00
30,0,3.1333,None,66.80,-1000.00,90.15,10000.00,100.00,9950.00,0.00,140.00,-1000.00
30,0,3.1667,None,66.80,-1000.00,90.15,10000.00,100.00,9950.00,0.00,140.00,-1000.00
30,0,3.2000,None,66.80,-1000.00,90.15,10000.00,100.00,9950.00,0.00,140.00,-1000.00
30,0,3.2333,None,66.80,-1000.00,90.15,10000.00,100.00,9950.00,0.00,140.00,-1000.00
30,0,3.2667,None,66.80,-1000.00,90.15,10000.00,100.00,9950.00,0.00,140.00,-1000.00
30,0,3.3000,None,66.80,-1000.00,90.15,10000.00,100.00,9950.00,0.00,140.00,-1000.00
30,0,3.3333,None,66.80,-1000.00,90.15,10000.00,100.00,9950.00,0.00,140.00,-1000.00
30,0,3.3667,None,66.80,-1000.00,90.15,10000.00,100.00,9950.00,0.00,140.00,-1000.00
30,0,3.4000,None,66.80,-1000.00,90.15,10000.00,100.00,9950.00,0.00,140.00,-1000.00
30,0,3.4333,None,66.80,-1000.00,90.15,10000.00,100.00,9950.00,0.00,140.00,-1000.00
30,0,3.4667,None,66.80,-1000.00,90.15,10000.00,100.00,9950.00,0.00,140.00,-1000.00
30,0,3.5000,None,66.80,-1000.00,90.15,10000.00,100.00,9950.00,0.00,140.00,-1000.00
30,0,3.5333,None,66.80,-1000.00,90.15,10000.00,100.00,9950.00,0.00,140.00,-1000.00
30,0,3.5667,None,66.80,-1000.00,90.15,10000.00,100.00,9950.00,0.00,140.00,-1000.00
30,0,3.6000,None,66.80,-1000.00,90.15,10000.00,100.00,9950.00,0.00,140.00,-1000.00
30,0,3.6333,None,66.80,-1000.00,90.15,10000.00,100.00,9950.00,0.00,140.00,-1000.00
30,0,3.6667,None,66.80,-1000.00,90.15,10000.00,100.00,9950.00,0.00,140.00,-1000.00
30,0,3.7000,None,66.80,-1000.00,90.15,10000.00,100.00,9950.00,0.00,140.00,-1000.00
30,0,3.7333,None,66.80,-1000.00,90.15,10000.00,100.00,9950.00,0.00,140.00,-1000.00
30,0,3.7667,None,66.80,-1000.00,90.15,10000.00,100.00,9950.00,0.00,140.00,-1000.00
30,0,3.8000,None,66.80,-1000.00,90.15,10000.00,100.00,9950.00,0.00,140.00,-1000.00
30,0,3.8333,None,66.80,-1000.00,90.15,10000.00,100.00,9950.00,0.00,140.00,-1000.00
30,0,3.8667,None,66.80,-1000.00,90.15,10000.00,100.00,9950.00,0.00,140.00,-1000.00
30,0,3.9000,None,66.80,-1000.00,90.15,10000.00,100.00,9950.00,0.00,140.00,-1000.00
30,0,3.9333,None,66.80,-1000.00,90.15,10000.00,100.00,9950.00,0.00,140.00,-1000.00
30,0,3.9667,None,66.80,-1000.00,90.15,10000.00,100.00,9950.00,0.00,140.00,-1000.00
30,0,4.0000,None,66.80,-1000.00,90.15,10000.00,100.00,9950.00,0.00,140.00,-1000.00
30,0,4.0333,None,66.80,-1000.00,90.15,10000.00,100.00,9950.00,0.00,140.00,-1000.00
30,1,0.0333,Sword.Light.1,5.41,-1000.00,90.15,10000.00,100.00,10000.00,0.00,140.00,-1000.00
30,1,0.0667,Sword.Light.1,12.17,-1000.00,90.15,10000.00,100.00,10000.00,0.00,140.00,-1000.00
30,1,0.1000,Sword.Light.1,14.05,-1000.00,90.15,10000.00,100.00,10000.00,0.00,140.00,-1000.00
30,1,0.1333,Sword.Light.1,17.34,-1000.00,90.15,10000.00,100.00,10000.00,0.00,140.00,-1000.00
30,1,0.1667,Sword.Light.1,19.47,-1000.00,90.15,10000.00,100.00,10000.00,0.00,140.00,-1000.00
30,1,0.2000,Sword.Light.1,25.67,-1000.00,90.15,10000.00,100.00,10000.00,0.00,140.00,-1000.00
30,1,0.2333,Sword.Light.1,28.72,-1000.00,90.15,10000.00,100.00,9975.00,0.00,140.00,-1000.00
30,1,0.2667,Sword.Light.1,31.41,-1000.00,90.15,10000.00,100.00,9975.00,0.00,140.00,-1000.00
30,1,0.3000,Sword.Light.1,39.58,-1000.00,90.15,10000.00,100.00,9975.00,0.00,140.00,-1000.00
30,1,0.3333,Sword.Light.1,44.83,-1000.00,90.15,10000.00,100.00,9975.00,0.00,140.00,-1000.00
30,1,0.3667,Sword.Light.1,44.89,-1000.00,90.15,10000.00,100.00,9975.00,0.00,140.00,-1000.00
30,1,0.4000,Sword.Light.1,43.61,-1000.00,90.15,10000.00,100.00,9975.00,0.00,140.00,-1000.00
30,1,0.4333,Sword.Light.1,41.43,-1000.00,90.15,10000.00,100.00,9975.00,0.00,140.00,-1000.00
30,1,0.4667,Sword.Light.1,39.59,-1000.00,90.15,10000.00,100.00,9975.00,0.00,140.00,-1000.00
30,1,0.5000,Sword.Light.1,39.98,-1000.00,90.15,10000.00,100.00,9975.00,0.00,140.00,-1000.00
30,1,0.5333,Sword.Light.1,41.16,-1000.00,90.15,10000.00,100.00,9975.00,0.00,140.00,-1000.00
30,1,0.5667,Sword.Light.1,42.35,-1000.00,90.15,10000.00,100.00,9975.00,0.00,140.00,-1000.00
30,1,0.6000,Sword.Light.2,43.62,-1000.00,90.15,10000.00,100.00,9975.00,0.00,140.00,-1000.00
30,1,0.6333,Sword.Light.2,44.95,-1000.00,90.15,10000.00,100.00,9975.00,0.00,140.00,-1000.00
30,1,0.6667,Sword.Light.2,46.04,-1000.00,90.15,10000.00,100.00,9975.00,0.00,140.00,-1000.00
30,1,0.7000,Sword.Light.2,43.77,-1000.00,90.15,10000.00,100.00,9975.00,0.00,140.00,-1000.00
30,1,0.7333,Sword.Light.2,38.77,-1000.00,90.15,10000.00,100.00,9975.00,0.00,140.00,-1000.00
30,1,0.7667,Sword.Light.2,26.73,-1000.00,90.15,10000.00,100.00,9975.00,0.00,140.00,-1000.00
30,1,0.8000,Sword.Light.2,29.22,-1000.00,90.15,10000.00,100.00,9975.00,0.00,140.00,-1000.00
30,1,0.8333,Sword.Light.2,49.25,-1000.00,90.15,10000.00,100.00,9950.00,0.00,140.00,-1000.00
30,1,0.8667,Sword.Light.2,70.96,-1000.00,90.15,10000.00,100.00,9950.00,0.00,140.00,-1000.00
30,1,0.9000,Sword.Light.2,70.96,-1000.00,90.15,10000.00,100.00,9950.00,0.00,140.00,-1000.00
30,1,0.9333,Sword.Light.2,70.98,-1000.00,90.15,10000.00,100.00,9950.00,0.00,140.00,-1000.00
30,1,0.9667,Sword.Light.2,71.30,-1000.00,90.15,10000.00,100.00,9950.00,0.00,140.00,-1000.00
30,1,1.0000,Sword.Light.2,71.76,-1000.00,90.15,10000.00,100.00,9950.00,0.00,140.00,-1000.00
30,1,1.0333,Sword.Light.2,71.90,-1000.00,90.15,10000.00,100.00,9950.00,0.00,140.00,-1000.00
30,1,1.0667,Sword.Light.2,71.32,-1000.00,90.15,10000.00,100.00,9950.00,0.00,140.00,-1000.00
30,1,1.1000,Sword.Light.2,70.15,-1000.00,90.15,10000.00,100.00,9950.00,0.00,140.00,-1000.00
30,1,1.1333,Sword.Light.2,68.29,-1000.00,90.15,10000.00,100.00,9950.00,0.00,140.00,-1000.00
30,1,1.1667,Sword.Light.2,66.06,-1000.00,90.15,10000.00,100.00,9950.00,0.00,140.00,-1000.00
30,1,1.2000,Sword.Light.3,63.34,-1000.00,90.15,10000.00,100.00,9950.00,0.00,140.00,-1000.00
30,1,1.2333,Sword.Light.3,67.10,-1000.00,90.15,10000.00,100.00,9950.00,0.00,140.00,-1000.00
30,1,1.2667,Sword.Light.3,70.86,-1000.00,90.15,10000.00,100.00,9950.00,0.00,140.00,-1000.00
30,1,1.3000,Sword.Light.3,58.58,-1000.00,90.15,10000.00,100.00,9950.00,0.00,140.00,-1000.00
30,1,1.3333,Sword.Light.3,44.43,-1000.00,90.15,10000.00,100.00,9950.00,0.00,140.00,-1000.00
30,1,1.3667,Sword.Light.3,28.05,-1000.00,90.15,10000.00,100.00,9950.00,0.00,140.00,-1000.00
30,1,1.4000,Sword.Light.3,25.20,-1000.00,90.15,10000.00,100.00,9950.00,0.00,140.00,-1000.00
30,1,1.4333,Sword.Light.3,35.48,-1000.00,90.15,10000.00,100.00,9950.00,0.00,140.00,-1000.00
30,1,1.4667,Sword.Light.3,47.85,-1000.00,90.15,10000.00,100.00,9950.00,0.00,140.00,-1000.00
30,1,1.5000,Sword.Light.3,63.57,-1000.00,90.15,10000.00,100.00,9950.00,0.00,140.00,-1000.00
30,1,1.5333,Sword.Light.3,70.98,-1000.00,90.15,10000.00,100.00,9950.00,0.00,140.00,-1000.00
30,1,1.5667,Sword.Light.3,70.98,-1000.00,90.15,10000.00,100.00,9925.00,0.00,140.00,-1000.00
30,1,1.6000,Sword.Light.3,70.98,-1000.00,90.15,10000.00,100.00,9925.00,0.00,140.00,-1000.00
30,1,1.6333,Sword.Light.3,70.98,-1000.00,90.15,10000.00,100.00,9925.00,0.00,140.00,-1000.00
30,1,1.6667,Sword.Light.3,70.99,-1000.00,90.15,10000.00,100.00,9925.00,0.00,140.00,-1000.00
30,1,1.7000,Sword.Light.3,71.93,-1000.00,90.15,10000.00,100.00,9925.00,0.00,140.00,-1000.00
30,1,1.7333,Sword.Light.3,70.88,-1000.00,90.15,10000.00,100.00,9925.00,0.00,140.00,-1000.00
30,1,1.7667,Sword.Light.3,70.05,-1000.00,90.15,10000.00,100.00,9925.00,0.00,140.00,-1000.00
30,1,1.8000,Sword.Light.3,69.12,-1000.00,90.15,10000.00,100.00,9925.00,0.00,140.00,-1000.00
30,1,1.8333,Sword.Light.3,68.49,-1000.00,90.15,10000.00,100.00,9925.00,0.00,140.00,-1000.00
30,1,1.8667,Sword.Light.3,68.21,-1000.00,90.15,10000.00,100.00,9925.00,0.00,140.00,-1000.00
30,1,1.9000,Sword.Light.4,68.25,-1000.00,90.15,10000.00,100.00,9925.00,0.00,140.00,-1000.00
30,1,1.9333,Sword.Light.4,68.79,-1000.00,90.15,10000.00,100.00,9925.00,0.00,140.00,-1000.00
30,1,1.9667,Sword.Light.4,68.56,-1000.00,90.15,10000.00,100.00,9925.00,0.00,140.00,-1000.00
30,1,2.0000,Sword.Light.4,66.41,-1000.00,90.15,10000.00,100.00,9925.00,0.00,140.00,-1000.00
30,1,2.0333,Sword.Light.4,57.91,-1000.00,90.15,10000.00,100.00,9925.00,0.00,140.00,-1000.00
30,1,2.0667,Sword.Light.4,33.62,-1000.00,90.15,10000.00,100.00,9925.00,0.00,140.00,-1000.00
30,1,2.1000,Sword.Light.4,32.20,-1000.00,90.15,10000.00,100.00,9925.00,0.00,140.00,-1000.00
30,1,2.1333,Sword.Light.4,48.19,-1000.00,90.15,10000.00,100.00,9925.00,0.00,140.00,-1000.00
30,1,2.1667,Sword.Light.4,61.61,-1000.00,90.15,10000.00,100.00,9925.00,0.00,140.00,-1000.00
30,1,2.2000,Sword.Light.4,70.99,-1000.00,90.15,10000.00,100.00,9925.00,0.00,140.00,-1000.00
30,1,2.2333,Sword.Light.4,70.99,-1000.00,90.15,10000.00,100.00,9925.00,0.00,140.00,-1000.00
30,1,2.2667,Sword.Light.4,70.99,-1000.00,90.15,10000.00,100.00,9925.00,0.00,140.00,-1000.00
30,1,2.3000,Sword.Light.4,70.99,-1000.00,90.15,10000.00,100.00,9925.00,0.00,140.00,-1000.00
30,1,2.3333,Sword.Light.4,71.20,-1000.00,90.15,10000.00,100.00,9891.25,0.00,140.00,-1000.00
30,1,2.3667,Sword.Light.4,71.54,-1000.00,90.15,10000.00,100.00,9891.25,0.00,140.00,-1000.00
30,1,2.4000,Sword.Light.4,71.54,-1000.00,90.15,10000.00,100.00,9891.25,0.00,140.00,-1000.00
30,1,2.4333,Sword.Light.4,71.54,-1000.00,90.15,10000.00,100.00,9891.25,0.00,140.00,-1000.00
30,1,2.4667,Sword.Light.4,69.55,-1000.00,90.15,10000.00,100.00,9891.25,0.00,140.00,-1000.00
30,1,2.5000,Sword.Light.4,58.76,-1000.00,90.15,10000.00,100.00,9891.25,0.00,140.00,-1000.00
30,1,2.5333,Sword.Light.4,54.22,-1000.00,90.15,10000.00,100.00,9891.25,0.00,140.00,-1000.00
30,1,2.5667,Sword.Light.4,55.93,-1000.00,90.15,10000.00,100.00,9891.25,0.00,140.00,-1000.00
30,1,2.6000,Sword.Light.4,57.26,-1000.00,90.15,10000.00,100.00,9891.25,0.00,140.00,-1000.00
30,1,2.6333,Sword.Light.4,58.25,-1000.00,90.15,10000.00,100.00,9891.25,0.00,140.00,-1000.00
30,1,2.6667,Sword.Light.4,59.23,-1000.00,90.15,10000.00,100.00,9891.25,0.00,140.00,-1000.00
30,1,2.7000,Sword.Light.4,60.09,-1000.00,90.15,10000.00,100.00,9891.25,0.00,140.00,-1000.00
30,1,2.7333,Sword.Light.4,60.80,-1000.00,90.15,10000.00,100.00,9891.25,0.00,140.00,-1000.00
30,1,2.7667,Sword.Light.4,61.64,-1000.00,90.15,10000.00,100.00,9891.25,0.00,140.00,-1000.00
30,1,2.8000,Sword.Light.4,62.48,-1000.00,90.15,10000.00,100.00,9891.25,0.00,140.00,-1000.00
30,1,2.8333,Sword.Light.4,63.11,-1000.00,90.15,10000.00,100.00,9891.25,0.00,140.00,-1000.00
30,1,2.8667,Sword.Light.4,63.34,-1000.00,90.15,10000.00,100.00,9891.25,0.00,140.00,-1000.00
30,1,2.9000,Sword.Light.4,62.96,-1000.00,90.15,10000.00,100.00,9891.25,0.00,140.00,-1000.00
30,1,2.9333,Sword.Light.4,61.71,-1000.00,90.15,10000.00,100.00,9891.25,0.00,140.00,-1000.00
30,1,2.9667,Sword.Light.4,59.71,-1000.00,90.15,10000.00,100.00,9891.25,0.00,140.00,-1000.00
30,1,3.0000,Sword.Light.4,57.33,-1000.00,90.15,10000.00,100.00,9891.25,0.00,140.00,-1000.00
30,1,3.0333,Sword.Light.4,54.95,-1000.00,90.15,10000.00,100.00,9891.25,0.00,140.00,-1000.00
30,1,3.0667,Sword.Light.4,52.96,-1000.00,90.15,10000.00,100.00,9891.25,0.00,140.00,-1000.00
30,1,3.1000,Sword.Light.4,51.78,-1000.00,90.15,10000.00,100.00,9891.25,0.00,140.00,-1000.00
30,1,3.1333,Sword.Light.4,51.72,-1000.00,90.15,10000.00,100.00,9891.25,0.00,140.00,-1000.00
30,1,3.1667,Sword.Light.4,52.19,-1000.00,90.15,10000.00,100.00,9891.25,0.00,140.00,-1000.00
30,1,3.2000,Sword.Light.4,52.61,-1000.00,90.15,10000.00,100.00,9891.25,0.00,140.00,-1000.00
30,1,3.2333,Sword.Light.4,53.04,-1000.00,90.15,10000.00,100.00,9891.25,0.00,140.00,-1000.00
30,1,3.2667,Sword.Light.4,53.52,-1000.00,90.15,10000.00,100.00,9891.25,0.00,140.00,-1000.00
30,1,3.3000,Sword.Light.4,54.06,-1000.00,90.15,10000.00,100.00,9891.25,0.00,140.00,-1000.00
30,1,3.3333,Sword.Light.4,54.63,-1000.00,90.15,10000.00,100.00,9891.25,0.00,140.00,-1000.00
30,1,3.3667,Sword.Light.4,55.25,-1000.00,90.15,10000.00,100.00,9891.25,0.00,140.00,-1000.00
30,1,3.4000,Sword.Light.4,55.93,-1000.00,90.15,10000.00,100.00,9891.25,0.00,140.00,-1000.00
30,1,3.4333,Sword.Light.4,56.73,-1000.00,90.15,10000.00,100.00,9891.25,0.00,140.00,-1000.00
30,1,3.4667,Sword.Light.4,57.61,-1000.00,90.15,10000.00,100.00,9891.25,0.00,140.00,-1000.00
30,1,3.5000,Sword.Light.4,58.48,-1000.00,90.15,10000.00,100.00,9891.25,0.00,140.00,-1000.00
30,1,3.5333,Sword.Light.4,59.28,-1000.00,90.15,10000.00,100.00,9891.25,0.00,140.00,-1000.00
30,1,3.5667,Sword.Light.4,59.93,-1000.00,90.15,10000.00,100.00,9891.25,0.00,140.00,-1000.00
30,1,3.6000,Sword.Light.4,59.93,-1000.00,90.15,10000.00,100.00,9891.25,0.00,140.00,-1000.00
30,1,3.6333,Sword.Light.4,59.93,-1000.00,90.15,10000.00,100.00,9891.25,0.00,140.00,-1000.00
30,1,3.6667,Sword.Light.4,59.93,-1000.00,90.15,10000.00,100.00,9891.25,0.00,140.00,-1000.00
30,1,3.7000,Sword.Light.4,59.93,-1000.00,90.15,10000.00,100.00,9891.25,0.00,140.00,-1000.00
30,1,3.7333,Sword.Light.4,59.93,-1000.00,90.15,10000.00,100.00,9891.25,0.00,140.00,-1000.00
30,1,3.7667,Sword.Light.4,59.93,-1000.00,90.15,10000.00,100.00,9891.25,0.00,140.00,-1000.00
30,1,3.8000,None,59.93,-1000.00,90.15,10000.00,100.00,9891.25,0.00,140.00,-1000.00
30,1,3.8333,None,59.93,-1000.00,90.15,10000.00,100.00,9891.25,0.00,140.00,-1000.00
30,1,3.8667,None,59.93,-1000.00,90.15,10000.00,100.00,9891.25,0.00,140.00,-1000.00
30,1,3.9000,None,59.93,-1000.00,90.15,10000.00,100.00,9891.25,0.00,140.00,-1000.00
30,1,3.9333,None,59.93,-1000.00,90.15,10000.00,100.00,9891.25,0.00,140.00,-1000.00
30,1,3.9667,None,59.93,-1000.00,90.15,10000.00,100.00,9891.25,0.00,140.00,-1000.00
30,1,4.0000,None,59.93,-1000.00,90.15,10000.00,100.00,9891.25,0.00,140.00,-1000.00
30,1,4.0333,None,59.93,-1000.00,90.15,10000.00,100.00,9891.25,0.00,140.00,-1000.00
30,2,0.0333,Sword.Dodge.F,-10.62,-1000.00,90.15,10000.00,70.00,10000.00,0.00,-1400.00,1200.00
30,2,0.0667,Sword.Dodge.F,-6.22,-1000.00,90.15,10000.00,70.00,10000.00,0.00,-1400.00,1200.00
30,2,0.1000,Sword.Dodge.F,37.81,-1000.00,90.15,10000.00,70.00,10000.00,0.00,-1400.00,1200.00
30,2,0.1333,Sword.Dodge.F,96.08,-1000.00,90.15,10000.00,70.00,10000.00,0.00,-1400.00,1200.00
30,2,0.1667,Sword.Dodge.F,142.96,-1000.00,90.15,10000.00,70.00,10000.00,0.00,-1400.00,1200.00
30,2,0.2000,Sword.Dodge.F,184.98,-1000.00,90.15,10000.00,70.00,10000.00,0.00,-1400.00,1200.00
30,2,0.2333,Sword.Dodge.F,223.47,-1000.00,90.15,10000.00,70.00,10000.00,0.00,-1400.00,1200.00
30,2,0.2667,Sword.Dodge.F,256.59,-1000.00,90.15,10000.00,70.00,10000.00,0.00,-1400.00,1200.00
30,2,0.3000,Sword.Dodge.F,283.61,-1000.00,90.15,10000.00,70.00,10000.00,0.00,-1400.00,1200.00
30,2,0.3333,Sword.Dodge.F,306.50,-1000.00,90.15,10000.00,70.00,10000.00,0.00,-1400.00,1200.00
30,2,0.3667,Sword.Dodge.F,327.40,-1000.00,90.15,10000.00,70.00,10000.00,0.00,-1400.00,1200.00
30,2,0.4000,Sword.Dodge.F,348.46,-1000.00,90.15,10000.00,70.00,10000.00,0.00,-1400.00,1200.00
30,2,0.4333,Sword.Dodge.F,371.89,-1000.00,90.15,10000.00,70.00,10000.00,0.00,-1400.00,1200.00
30,2,0.4667,Sword.Dodge.F,397.28,-1000.00,90.15,10000.00,70.00,10000.00,0.00,-1400.00,1200.00
30,2,0.5000,Sword.Dodge.F,419.63,-1000.00,90.15,10000.00,70.00,10000.00,0.00,-1400.00,1200.00
30,2,0.5333,Sword.Dodge.F,437.09,-1000.00,90.15,10000.00,70.00,10000.00,0.00,-1400.00,1200.00
30,2,0.5667,Sword.Dodge.F,451.80,-1000.00,90.15,10000.00,70.00,10000.00,0.00,-1400.00,1200.00
30,2,0.6000,Sword.Dodge.F,464.42,-1000.00,90.15,10000.00,70.00,10000.00,0.00,-1400.00,1200.00
30,2,0.6333,Sword.Dodge.F,471.27,-1000.00,90.15,10000.00,70.00,10000.00,0.00,-1400.00,1200.00
30,2,0.6667,Sword.Dodge.F,473.93,-1000.00,90.15,10000.00,70.00,10000.00,0.00,-1400.00,1200.00
30,2,0.7000,Sword.Dodge.F,475.97,-1000.00,90.15,10000.00,70.00,10000.00,0.00,-1400.00,1200.00
30,2,0.7333,Sword.Dodge.F,477.48,-1000.00,90.15,10000.00,70.00,10000.00,0.00,-1400.00,1200.00
30,2,0.7667,Sword.Dodge.F,478.55,-1000.00,90.15,10000.00,70.00,10000.00,0.00,-1400.00,1200.00
30,2,0.8000,Sword.Dodge.F,478.55,-1000.00,90.15,10000.00,70.00,10000.00,0.00,-1400.00,1200.00
30,2,0.8333,Sword.Dodge.F,478.55,-1000.00,90.15,10000.00,70.00,10000.00,0.00,-1400.00,1200.00
30,2,0.8667,Sword.Dodge.F,478.55,-1000.00,90.15,10000.00,70.00,10000.00,0.00,-1400.00,1200.00
30,2,0.9000,Sword.Dodge.F,478.55,-1000.00,90.15,10000.00,70.00,10000.00,0.00,-1400.00,1200.00
30,2,0.9333,Sword.Dodge.F,478.55,-1000.00,90.15,10000.00,70.00,10000.00,0.00,-1400.00,1200.00
30,2,0.9667,Sword.Dodge.F,478.55,-1000.00,90.15,10000.00,70.00,10000.00,0.00,-1400.00,1200.00
30,2,1.0000,None,478.55,-1000.00,90.15,10000.00,70.83,10000.00,0.00,-1400.00,1200.00
30,2,1.0333,None,478.55,-1000.00,90.15,10000.00,71.67,10000.00,0.00,-1400.00,1200.00
30,2,1.0667,None,478.55,-1000.00,90.15,10000.00,72.50,10000.00,0.00,-1400.00,1200.00
30,2,1.1000,None,478.55,-1000.00,90.15,10000.00,73.33,10000.00,0.00,-1400.00,1200.00
30,2,1.1333,None,478.55,-1000.00,90.15,10000.00,74.17,10000.00,0.00,-1400.00,1200.00
30,2,1.1667,None,478.55,-1000.00,90.15,10000.00,75.00,10000.00,0.00,-1400.00,1200.00
30,3,0.0333,Sword.Dodge.B,-3.20,-1000.00,90.15,10000.00,70.00,10000.00,0.00,-1400.00,1200.00
30,3,0.0667,Sword.Dodge.B,-12.93,-1000.00,90.15,10000.00,70.00,10000.00,0.00,-1400.00,1200.00
30,3,0.1000,Sword.Dodge.B,-40.10,-1000.00,90.15,10000.00,70.00,10000.00,0.00,-1400.00,1200.00
30,3,0.1333,Sword.Dodge.B,-78.16,-1000.00,90.15,10000.00,70.00,10000.00,0.00,-1400.00,1200.00
30,3,0.1667,Sword.Dodge.B,-122.67,-1000.00,90.15,10000.00,70.00,10000.00,0.00,-1400.00,1200.00
30,3,0.2000,Sword.Dodge.B,-171.07,-1000.00,90.15,10000.00,70.00,10000.00,0.00,-1400.00,1200.00
30,3,0.2333,Sword.Dodge.B,-219.74,-1000.00,90.15,10000.00,70.00,10000.00,0.00,-1400.00,1200.00
30,3,0.2667,Sword.Dodge.B,-269.59,-1000.00,90.15,10000.00,70.00,10000.00,0.00,-1400.00,1200.00
30,3,0.3000,Sword.Dodge.B,-321.75,-1000.00,90.15,10000.00,70.00,10000.00,0.00,-1400.00,1200.00
30,3,0.3333,Sword.Dodge.B,-372.91,-1000.00,90.15,10000.00,70.00,10000.00,0.00,-1400.00,1200.00
30,3,0.3667,Sword.Dodge.B,-419.76,-1000.00,90.15,10000.00,70.00,10000.00,0.00,-1400.00,1200.00
30,3,0.4000,Sword.Dodge.B,-459.02,-1000.00,90.15,10000.00,70.00,10000.00,0.00,-1400.00,1200.00
30,3,0.4333,Sword.Dodge.B,-482.23,-1000.00,90.15,10000.00,70.00,10000.00,0.00,-1400.00,1200.00
30,3,0.4667,Sword.Dodge.B,-490.45,-1000.00,90.15,10000.00,70.00,10000.00,0.00,-1400.00,1200.00
30,3,0.5000,Sword.Dodge.B,-494.65,-1000.00,90.15,10000.00,70.00,10000.00,0.00,-1400.00,1200.00
30,3,0.5333,Sword.Dodge.B,-497.31,-1000.00,90.15,10000.00,70.00,10000.00,0.00,-1400.00,1200.00
30,3,0.5667,Sword.Dodge.B,-495.96,-1000.00,90.15,10000.00,70.00,10000.00,0.00,-1400.00,1200.00
30,3,0.6000,Sword.Dodge.B,-494.17,-1000.00,90.15,10000.00,70.00,10000.00,0.00,-1400.00,1200.00
30,3,0.6333,Sword.Dodge.B,-493.14,-1000.00,90.15,10000.00,70.00,10000.00,0.00,-1400.00,1200.00
30,3,0.6667,Sword.Dodge.B,-491.81,-1000.00,90.15,10000.00,70.00,10000.00,0.00,-1400.00,1200.00
30,3,0.7000,Sword.Dodge.B,-490.33,-1000.00,90.15,10000.00,70.00,10000.00,0.00,-1400.00,1200.00
30,3,0.7333,Sword.Dodge.B,-488.84,-1000.00,90.15,10000.00,70.00,10000.00,0.00,-1400.00,1200.00
30,3,0.7667,Sword.Dodge.B,-487.18,-1000.00,90.15,10000.00,70.00,10000.00,0.00,-1400.00,1200.00
30,3,0.8000,Sword.Dodge.B,-487.18,-1000.00,90.15,10000.00,70.00,10000.00,0.00,-1400.00,1200.00
30,3,0.8333,Sword.Dodge.B,-487.18,-1000.00,90.15,10000.00,70.00,10000.00,0.00,-1400.00,1200.00
30,3,0.8667,Sword.Dodge.B,-487.18,-1000.00,90.15,10000.00,70.00,10000.00,0.00,-1400.00,1200.00
30,3,0.9000,Sword.Dodge.B,-487.18,-1000.00,90.15,10000.00,70.00,10000.00,0.00,-1400.00,1200.00
30,3,0.9333,Sword.Dodge.B,-487.18,-1000.00,90.15,10000.00,70.00,10000.00,0.00,-1400.00,1200.00
30,3,0.9667,Sword.Dodge.B,-487.18,-1000.00,90.15,10000.00,70.00,10000.00,0.00,-1400.00,1200.00
30,3,1.0000,None,-487.18,-1000.00,90.15,10000.00,70.00,10000.00,0.00,-1400.00,1200.00
30,3,1.0333,None,-487.18,-1000.00,90.15,10000.00,70.83,10000.00,0.00,-1400.00,1200.00
30,3,1.0667,None,-487.18,-1000.00,90.15,10000.00,71.67,10000.00,0.00,-1400.00,1200.00
30,3,1.1000,None,-487.18,-1000.00,90.15,10000.00,72.50,10000.00,0.00,-1400.00,1200.00
30,3,1.1333,None,-487.18,-1000.00,90.15,10000.00,73.33,10000.00,0.00,-1400.00,1200.00
30,3,1.1667,None,-487.18,-1000.00,90.15,10000.00,74.17,10000.00,0.00,-1400.00,1200.00
30,4,0.0333,Sword.Dodge.L,0.00,-1002.02,90.15,10000.00,70.00,10000.00,0.00,-1400.00,1200.00
30,4,0.0667,Sword.Dodge.L,-0.00,-1008.98,90.15,10000.00,70.00,10000.00,0.00,-1400.00,1200.00
30,4,0.1000,Sword.Dodge.L,-0.00,-1043.11,90.15,10000.00,70.00,10000.00,0.00,-1400.00,1200.00
30,4,0.1333,Sword.Dodge.L,-0.00,-1109.47,90.15,10000.00,70.00,10000.00,0.00,-1400.00,1200.00
30,4,0.1667,Sword.Dodge.L,-0.00,-1160.82,90.15,10000.00,70.00,10000.00,0.00,-1400.00,1200.00
30,4,0.2000,Sword.Dodge.L,-0.00,-1209.15,90.15,10000.00,70.00,10000.00,0.00,-1400.00,1200.00
30,4,0.2333,Sword.Dodge.L,-0.00,-1254.14,90.15,10000.00,70.00,10000.00,0.00,-1400.00,1200.00
30,4,0.2667,Sword.Dodge.L,-0.00,-1297.52,90.15,10000.00,70.00,10000.00,0.00,-1400.00,1200.00
30,4,0.3000,Sword.Dodge.L,-0.00,-1339.76,90.15,10000.00,70.00,10000.00,0.00,-1400.00,1200.00
30,4,0.3333,Sword.Dodge.L,-0.00,-1378.65,90.15,10000.00,70.00,10000.00,0.00,-1400.00,1200.00
30,4,0.3667,Sword.Dodge.L,-0.00,-1412.01,90.15,10000.00,70.00,10000.00,0.00,-1400.00,1200.00
30,4,0.4000,Sword.Dodge.L,-0.00,-1438.75,90.15,10000.00,70.00,10000.00,0.00,-1400.00,1200.00
30,4,0.4333,Sword.Dodge.L,-0.00,-1460.23,90.15,10000.00,70.00,10000.00,0.00,-1400.00,1200.00
30,4,0.4667,Sword.Dodge.L,-0.00,-1477.82,90.15,10000.00,70.00,10000.00,0.00,-1400.00,1200.00
30,4,0.5000,Sword.Dodge.L,-0.00,-1492.93,90.15,10000.00,70.00,10000.00,0.00,-1400.00,1200.00
30,4,0.5333,Sword.Dodge.L,-0.00,-1503.36,90.15,10000.00,70.00,10000.00,0.00,-1400.00,1200.00
30,4,0.5667,Sword.Dodge.L,-0.00,-1508.53,90.15,10000.00,70.00,10000.00,0.00,-1400.00,1200.00
30,4,0.6000,Sword.Dodge.L,-0.00,-1512.32,90.15,10000.00,70.00,10000.00,0.00,-1400.00,1200.00
30,4,0.6333,Sword.Dodge.L,-0.00,-1515.99,90.15,10000.00,70.00,10000.00,0.00,-1400.00,1200.00
30,4,0.6667,Sword.Dodge.L,-0.00,-1518.26,90.15,10000.00,70.00,10000.00,0.00,-1400.00,1200.00
30,4,0.7000,Sword.Dodge.L,-0.00,-1519.16,90.15,10000.00,70.00,10000.00,0.00,-1400.00,1200.00
30,4,0.7333,Sword.Dodge.L,-0.00,-1518.71,90.15,10000.00,70.00,10000.00,0.00,-1400.00,1200.00
30,4,0.7667,Sword.Dodge.L,-0.00,-1517.20,90.15,10000.00,70.00,10000.00,0.00,-1400.00,1200.00
30,4,0.8000,Sword.Dodge.L,-0.00,-1517.20,90.15,10000.00,70.00,10000.00,0.00,-1400.00,1200.00
30,4,0.8333,Sword.Dodge.L,-0.00,-1517.20,90.15,10000.00,70.00,10000.00,0.00,-1400.00,1200.00
30,4,0.8667,Sword.Dodge.L,-0.00,-1517.20,90.15,10000.00,70.00,10000.00,0.00,-1400.00,1200.00
30,4,0.9000,Sword.Dodge.L,-0.00,-1517.20,90.15,10000.00,70.00,10000.00,0.00,-1400.00,1200.00
30,4,0.9333,Sword.Dodge.L,-0.00,-1517.20,90.15,10000.00,70.00,10000.00,0.00,-1400.00,1200.00
30,4,0.9667,Sword.Dodge.L,-0.00,-1517.20,90.15,10000.00,70.00,10000.00,0.00,-1400.00,1200.00
30,4,1.0000,None,-0.00,-1517.20,90.15,10000.00,70.83,10000.00,0.00,-1400.00,1200.00
30,4,1.0333,None,-0.00,-1517.20,90.15,10000.00,71.67,10000.00,0.00,-1400.00,1200.00
30,4,1.0667,None,-0.00,-1517.20,90.15,10000.00,72.50,10000.00,0.00,-1400.00,1200.00
30,4,1.1000,None,-0.00,-1517.20,90.15,10000.00,73.33,10000.00,0.00,-1400.00,1200.00
30,4,1.1333,None,-0.00,-1517.20,90.15,10000.00,74.17,10000.00,0.00,-1400.00,1200.00
30,4,1.1667,None,-0.00,-1517.20,90.15,10000.00,75.00,10000.00,0.00,-1400.00,1200.00
30,5,0.0333,Sword.Dodge.R,-0.00,-1000.87,90.15,10000.00,70.00,10000.00,0.00,-1400.00,1200.00
30,5,0.0667,Sword.Dodge.R,0.00,-994.03,90.15,10000.00,70.00,10000.00,0.00,-1400.00,1200.00
30,5,0.1000,Sword.Dodge.R,0.00,-944.75,90.15,10000.00,70.00,10000.00,0.00,-1400.00,1200.00
30,5,0.1333,Sword.Dodge.R,0.00,-867.39,90.15,10000.00,70.00,10000.00,0.00,-1400.00,1200.00
30,5,0.1667,Sword.Dodge.R,0.00,-820.58,90.15,10000.00,70.00,10000.00,0.00,-1400.00,1200.00
30,5,0.2000,Sword.Dodge.R,0.00,-776.59,90.15,10000.00,70.00,10000.00,0.00,-1400.00,1200.00
30,5,0.2333,Sword.Dodge.R,0.00,-735.54,90.15,10000.00,70.00,10000.00,0.00,-1400.00,1200.00
30,5,0.2667,Sword.Dodge.R,0.00,-697.57,90.15,10000.00,70.00,10000.00,0.00,-1400.00,1200.00
30,5,0.3000,Sword.Dodge.R,0.00,-663.31,90.15,10000.00,70.00,10000.00,0.00,-1400.00,1200.00
30,5,0.3333,Sword.Dodge.R,0.00,-635.08,90.15,10000.00,70.00,10000.00,0.00,-1400.00,1200.00
30,5,0.3667,Sword.Dodge.R,0.00,-611.13,90.15,10000.00,70.00,10000.00,0.00,-1400.00,1200.00
30,5,0.4000,Sword.Dodge.R,0.00,-589.08,90.15,10000.00,70.00,10000.00,0.00,-1400.00,1200.00
30,5,0.4333,Sword.Dodge.R,0.00,-568.52,90.15,10000.00,70.00,10000.00,0.00,-1400.00,1200.00
30,5,0.4667,Sword.Dodge.R,0.00,-551.09,90.15,10000.00,70.00,10000.00,0.00,-1400.00,1200.00
30,5,0.5000,Sword.Dodge.R,0.00,-537.47,90.15,10000.00,70.00,10000.00,0.00,-1400.00,1200.00
30,5,0.5333,Sword.Dodge.R,0.00,-527.25,90.15,10000.00,70.00,10000.00,0.00,-1400.00,1200.00
30,5,0.5667,Sword.Dodge.R,0.00,-519.28,90.15,10000.00,70.00,10000.00,0.00,-1400.00,1200.00
30,5,0.6000,Sword.Dodge.R,0.00,-513.25,90.15,10000.00,70.00,10000.00,0.00,-1400.00,1200.00
30,5,0.6333,Sword.Dodge.R,0.00,-508.81,90.15,10000.00,70.00,10000.00,0.00,-1400.00,1200.00
30,5,0.6667,Sword.Dodge.R,0.00,-506.78,90.15,10000.00,70.00,10000.00,0.00,-1400.00,1200.00
30,5,0.7000,Sword.Dodge.R,0.00,-507.21,90.15,10000.00,70.00,10000.00,0.00,-1400.00,1200.00
30,5,0.7333,Sword.Dodge.R,0.00,-508.69,90.15,10000.00,70.00,10000.00,0.00,-1400.00,1200.00
30,5,0.7667,Sword.Dodge.R,0.00,-510.12,90.15,10000.00,70.00,10000.00,0.00,-1400.00,1200.00
30,5,0.8000,Sword.Dodge.R,0.00,-510.12,90.15,10000.00,70.00,10000.00,0.00,-1400.00,1200.00
30,5,0.8333,Sword.Dodge.R,0.00,-510.12,90.15,10000.00,70.00,10000.00,0.00,-1400.00,1200.00
30,5,0.8667,Sword.Dodge.R,0.00,-510.12,90.15,10000.00,70.00,10000.00,0.00,-1400.00,1200.00
30,5,0.9000,Sword.Dodge.R,0.00,-510.12,90.15,10000.00,70.00,10000.00,0.00,-1400.00,1200.00
30,5,0.9333,Sword.Dodge.R,0.00,-510.12,90.15,10000.00,70.00,10000.00,0.00,-1400.00,1200.00
30,5,0.9667,Sword.Dodge.R,0.00,-510.12,90.15,10000.00,70.00,10000.00,0.00,-1400.00,1200.00
30,5,1.0000,None,0.00,-510.12,90.15,10000.00,70.00,10000.00,0.00,-1400.00,1200.00
30,5,1.0333,None,0.00,-510.12,90.15,10000.00,70.83,10000.00,0.00,-1400.00,1200.00
30,5,1.0667,None,0.00,-510.12,90.15,10000.00,71.67,10000.00,0.00,-1400.00,1200.00
30,5,1.1000,None,0.00,-510.12,90.15,10000.00,72.50,10000.00,0.00,-1400.00,1200.00
30,5,1.1333,None,0.00,-510.12,90.15,10000.00,73.33,10000.00,0.00,-1400.00,1200.00
30,5,1.1667,None,0.00,-510.12,90.15,10000.00,74.17,10000.00,0.00,-1400.00,1200.00
30,6,0.0333,Sword.Dodge.F,-10.62,-1000.00,90.15,10000.00,70.00,10000.00,0.00,-1400.00,1200.00
30,6,0.0667,Sword.Dodge.F,-6.22,-1000.00,90.15,10000.00,70.00,10000.00,0.00,-1400.00,1200.00
30,6,0.1000,Sword.Dodge.F,37.81,-1000.00,90.15,10000.00,70.00,10000.00,0.00,-1400.00,1200.00
30,6,0.1333,Sword.Dodge.F,96.08,-1000.00,90.15,10000.00,70.00,10000.00,0.00,-1400.00,1200.00
30,6,0.1667,Sword.Dodge.F,142.96,-1000.00,90.15,10000.00,70.00,10000.00,0.00,-1400.00,1200.00
30,6,0.2000,Sword.Dodge.F,184.98,-1000.00,90.15,10000.00,70.00,10000.00,0.00,-1400.00,1200.00
30,6,0.2333,Sword.Dodge.F,223.47,-1000.00,90.15,10000.00,70.00,10000.00,0.00,-1400.00,1200.00
30,6,0.2667,Sword.Dodge.F,256.59,-1000.00,90.15,10000.00,70.00,10000.00,0.00,-1400.00,1200.00
30,6,0.3000,Sword.Dodge.F,283.61,-1000.00,90.15,10000.00,70.00,10000.00,0.00,-1400.00,1200.00
30,6,0.3333,Sword.Dodge.F,306.50,-1000.00,90.15,10000.00,70.00,10000.00,0.00,-1400.00,1200.00
30,6,0.3667,Sword.Dodge.F,327.40,-1000.00,90.15,10000.00,70.00,10000.00,0.00,-1400.00,1200.00
30,6,0.4000,Sword.Dodge.F,348.46,-1000.00,90.15,10000.00,70.00,10000.00,0.00,-1400.00,1200.00
30,6,0.4333,Sword.Dodge.F,371.89,-1000.00,90.15,10000.00,70.00,10000.00,0.00,-1400.00,1200.00
30,6,0.4667,Sword.Dodge.F,397.28,-1000.00,90.15,10000.00,70.00,10000.00,0.00,-1400.00,1200.00
30,6,0.5000,Sword.Dodge.F,419.63,-1000.00,90.15,10000.00,70.00,10000.00,0.00,-1400.00,1200.00
30,6,0.5333,Sword.Dodge.F,437.09,-1000.00,90.15,10000.00,70.00,10000.00,0.00,-1400.00,1200.00
30,6,0.5667,Sword.Dodge.F,451.80,-1000.00,90.15,10000.00,70.00,10000.00,0.00,-1400.00,1200.00
30,6,0.6000,Sword.Dodge.F,464.42,-1000.00,90.15,10000.00,70.00,10000.00,0.00,-1400.00,1200.00
30,6,0.6333,Sword.Dodge.F,471.27,-1000.00,90.15,10000.00,70.00,10000.00,0.00,-1400.00,1200.00
30,6,0.6667,Sword.Dodge.F,473.93,-1000.00,90.15,10000.00,70.00,10000.00,0.00,-1400.00,1200.00
30,6,0.7000,Sword.Dodge.F,475.97,-1000.00,90.15,10000.00,70.00,10000.00,0.00,-1400.00,1200.00
30,6,0.7333,Sword.Dodge.F,477.48,-1000.00,90.15,10000.00,70.00,10000.00,0.00,-1400.00,1200.00
30,6,0.7667,Sword.Dodge.F,478.55,-1000.00,90.15,10000.00,70.00,10000.00,0.00,-1400.00,1200.00
30,6,0.8000,Sword.Dodge.F,478.55,-1000.00,90.15,10000.00,70.00,10000.00,0.00,-1400.00,1200.00
30,6,0.8333,Sword.Dodge.F,478.55,-1000.00,90.15,10000.00,70.00,10000.00,0.00,-1400.00,1200.00
30,6,0.8667,Sword.Dodge.F,478.55,-1000.00,90.15,10000.00,70.00,10000.00,0.00,-1400.00,1200.00
30,6,0.9000,Sword.Dodge.F,478.55,-1000.00,90.15,10000.00,70.00,10000.00,0.00,-1400.00,1200.00
30,6,0.9333,Sword.Dodge.F,478.55,-1000.00,90.15,10000.00,70.00,10000.00,0.00,-1400.00,1200.00
30,6,0.9667,Sword.Dodge.F,478.55,-1000.00,90.15,10000.00,70.00,10000.00,0.00,-1400.00,1200.00
30,6,1.0000,None,478.55,-1000.00,90.15,10000.00,70.83,10000.00,0.00,-1400.00,1200.00
30,6,1.0333,None,478.55,-1000.00,90.15,10000.00,71.67,10000.00,0.00,-1400.00,1200.00
30,6,1.0667,None,478.55,-1000.00,90.15,10000.00,72.50,10000.00,0.00,-1400.00,1200.00
30,6,1.1000,None,478.55,-1000.00,90.15,10000.00,73.33,10000.00,0.00,-1400.00,1200.00
30,6,1.1333,None,478.55,-1000.00,90.15,10000.00,74.17,10000.00,0.00,-1400.00,1200.00
30,6,1.1667,None,478.55,-1000.00,90.15,10000.00,75.00,10000.00,0.00,-1400.00,1200.00
30,7,0.0333,None,0.00,-1000.00,90.15,10000.00,100.00,10000.00,0.00,140.00,-1000.00
30,7,0.0667,None,0.00,-1000.00,90.15,10000.00,100.00,10000.00,0.00,140.00,-1000.00
30,7,0.1000,None,0.00,-1000.00,90.15,10000.00,100.00,10000.00,0.00,140.00,-1000.00
30,7,0.1333,None,0.00,-1000.00,90.15,10000.00,100.00,10000.00,0.00,140.00,-1000.00
30,7,0.1667,Sword.ParryCounter,5.68,-1000.00,90.15,10000.00,100.00,10000.00,0.00,140.00,-1000.00
30,7,0.2000,Sword.ParryCounter,11.36,-1000.00,90.15,10000.00,100.00,10000.00,0.00,140.00,-1000.00
30,7,0.2333,Sword.ParryCounter,17.10,-1000.00,90.15,10000.00,100.00,10000.00,0.00,140.00,-1000.00
30,7,0.2667,Sword.ParryCounter,22.74,-1000.00,90.15,10000.00,100.00,10000.00,0.00,140.00,-1000.00
30,7,0.3000,Sword.ParryCounter,28.44,-1000.00,90.15,10000.00,100.00,10000.00,0.00,140.00,-1000.00
30,7,0.3333,Sword.ParryCounter,34.71,-1000.00,90.15,10000.00,100.00,10000.00,0.00,140.00,-1000.00
30,7,0.3667,Sword.ParryCounter,41.89,-1000.00,90.15,10000.00,100.00,10000.00,0.00,140.00,-1000.00
30,7,0.4000,Sword.ParryCounter,49.88,-1000.00,90.15,10000.00,100.00,10000.00,0.00,140.00,-1000.00
30,7,0.4333,Sword.ParryCounter,58.90,-1000.00,90.15,10000.00,100.00,10000.00,0.00,140.00,-1000.00
30,7,0.4667,Sword.ParryCounter,69.40,-1000.00,90.15,10000.00,100.00,10000.00,0.00,140.00,-1000.00
30,7,0.5000,Sword.ParryCounter,71.10,-1000.00,90.15,10000.00,100.00,10000.00,0.00,140.00,-1000.00
30,7,0.5333,Sword.ParryCounter,71.47,-1000.00,90.15,10000.00,100.00,10000.00,0.00,140.00,-1000.00
30,7,0.5667,Sword.ParryCounter,71.65,-1000.00,90.15,10000.00,100.00,10000.00,0.00,140.00,-1000.00
30,7,0.6000,Sword.ParryCounter,71.65,-1000.00,90.15,10000.00,100.00,10000.00,0.00,140.00,-1000.00
30,7,0.6333,Sword.ParryCounter,71.65,-1000.00,90.15,10000.00,100.00,10000.00,0.00,140.00,-1000.00
30,7,0.6667,Sword.ParryCounter,71.67,-1000.00,90.15,10000.00,100.00,10000.00,0.00,140.00,-1000.00
30,7,0.7000,Sword.ParryCounter,71.70,-1000.00,90.15,10000.00,100.00,10000.00,0.00,140.00,-1000.00
30,7,0.7333,Sword.ParryCounter,71.77,-1000.00,90.15,10000.00,100.00,10000.00,0.00,140.00,-1000.00
30,7,0.7667,Sword.ParryCounter,71.90,-1000.00,90.15,10000.00,100.00,10000.00,0.00,140.00,-1000.00
30,7,0.8000,Sword.ParryCounter,70.25,-1000.00,90.15,10000.00,100.00,10000.00,0.00,140.00,-1000.00
30,7,0.8333,Sword.ParryCounter,67.75,-1000.00,90.15,10000.00,100.00,10000.00,0.00,140.00,-1000.00
30,7,0.8667,Sword.ParryCounter,63.98,-1000.00,90.15,10000.00,100.00,10000.00,0.00,140.00,-1000.00
30,7,0.9000,Sword.ParryCounter,60.60,-1000.00,90.15,10000.00,100.00,10000.00,0.00,140.00,-1000.00
30,7,0.9333,Sword.ParryCounter,62.48,-1000.00,90.15,10000.00,100.00,10000.00,0.00,140.00,-1000.00
30,7,0.9667,Sword.ParryCounter,61.48,-1000.00,90.15,10000.00,100.00,10000.00,0.00,140.00,-1000.00
30,7,1.0000,Sword.ParryCounter,59.76,-1000.00,90.15,10000.00,100.00,10000.00,0.00,140.00,-1000.00
30,7,1.0333,Sword.ParryCounter,57.97,-1000.00,90.15,10000.00,100.00,10000.00,0.00,140.00,-1000.00
30,7,1.0667,Sword.ParryCounter,56.18,-1000.00,90.15,10000.00,100.00,10000.00,0.00,140.00,-1000.00
30,7,1.1000,Sword.ParryCounter,54.92,-1000.00,90.15,10000.00,100.00,10000.00,0.00,140.00,-1000.00
30,7,1.1333,Sword.ParryCounter,54.99,-1000.00,90.15,10000.00,100.00,10000.00,0.00,140.00,-1000.00
30,7,1.1667,Sword.ParryCounter,55.56,-1000.00,90.15,10000.00,100.00,10000.00,0.00,140.00,-1000.00
30,7,1.2000,Sword.ParryCounter,56.02,-1000.00,90.15,10000.00,100.00,10000.00,0.00,140.00,-1000.00
30,7,1.2333,Sword.ParryCounter,56.50,-1000.00,90.15,10000.00,100.00,10000.00,0.00,140.00,-1000.00
30,7,1.2667,Sword.ParryCounter,56.86,-1000.00,90.15,10000.00,100.00,10000.00,0.00,140.00,-1000.00
30,7,1.3000,Sword.ParryCounter,57.25,-1000.00,90.15,10000.00,100.00,10000.00,0.00,140.00,-1000.00
30,7,1.3333,Sword.ParryCounter,57.93,-1000.00,90.15,10000.00,100.00,10000.00,0.00,140.00,-1000.00
30,7,1.3667,Sword.ParryCounter,58.76,-1000.00,90.15,10000.00,100.00,10000.00,0.00,140.00,-1000.00
30,7,1.4000,Sword.ParryCounter,59.73,-1000.00,90.15,10000.00,100.00,10000.00,0.00,140.00,-1000.00
30,7,1.4333,Sword.ParryCounter,60.84,-1000.00,90.15,10000.00,100.00,10000.00,0.00,140.00,-1000.00
30,7,1.4667,Sword.ParryCounter,62.09,-1000.00,90.15,10000.00,100.00,10000.00,0.00,140.00,-1000.00
30,7,1.5000,Sword.ParryCounter,63.39,-1000.00,90.15,10000.00,100.00,10000.00,0.00,140.00,-1000.00
30,7,1.5333,Sword.ParryCounter,64.73,-1000.00,90.15,10000.00,100.00,10000.00,0.00,140.00,-1000.00
30,7,1.5667,Sword.ParryCounter,66.09,-1000.00,90.15,10000.00,100.00,10000.00,0.00,140.00,-1000.00
30,7,1.6000,Sword.ParryCounter,67.47,-1000.00,90.15,10000.00,100.00,10000.00,0.00,140.00,-1000.00
30,7,1.6333,Sword.ParryCounter,68.84,-1000.00,90.15,10000.00,100.00,10000.00,0.00,140.00,-1000.00
30,7,1.6667,Sword.ParryCounter,70.20,-1000.00,90.15,10000.00,100.00,10000.00,0.00,140.00,-1000.00
30,7,1.7000,Sword.ParryCounter,71.51,-1000.00,90.15,10000.00,100.00,10000.00,0.00,140.00,-1000.00
30,7,1.7333,Sword.ParryCounter,71.87,-1000.00,90.15,10000.00,100.00,10000.00,0.00,140.00,-1000.00
30,7,1.7667,Sword.ParryCounter,71.87,-1000.00,90.15,10000.00,100.00,10000.00,0.00,140.00,-1000.00
30,7,1.8000,Sword.ParryCounter,71.87,-1000.00,90.15,10000.00,100.00,10000.00,0.00,140.00,-1000.00
30,7,1.8333,Sword.ParryCounter,71.87,-1000.00,90.15,10000.00,100.00,10000.00,0.00,140.00,-1000.00
30,7,1.8667,Sword.ParryCounter,71.87,-1000.00,90.15,10000.00,100.00,10000.00,0.00,140.00,-1000.00
30,7,1.9000,Sword.ParryCounter,71.87,-1000.00,90.15,10000.00,100.00,10000.00,0.00,140.00,-1000.00
30,7,1.9333,Sword.ParryCounter,71.87,-1000.00,90.15,10000.00,100.00,10000.00,0.00,140.00,-1000.00
30,7,1.9667,Sword.ParryCounter,71.87,-1000.00,90.15,10000.00,100.00,10000.00,0.00,140.00,-1000.00
30,7,2.0000,Sword.ParryCounter,71.87,-1000.00,90.15,10000.00,100.00,10000.00,0.00,140.00,-1000.00
30,7,2.0333,Sword.ParryCounter,71.87,-1000.00,90.15,10000.00,100.00,10000.00,0.00,140.00,-1000.00
30,7,2.0667,Sword.ParryCounter,71.90,-1000.00,90.15,10000.00,100.00,10000.00,0.00,140.00,-1000.00
30,7,2.1000,Sword.ParryCounter,71.90,-1000.00,90.15,10000.00,100.00,10000.00,0.00,140.00,-1000.00
30,7,2.1333,Sword.ParryCounter,71.87,-1000.00,90.15,10000.00,100.00,10000.00,0.00,140.00,-1000.00
30,7,2.1667,Sword.ParryCounter,71.87,-1000.00,90.15,10000.00,100.00,10000.00,0.00,140.00,-1000.00
30,7,2.2000,Sword.ParryCounter,71.87,-1000.00,90.15,10000.00,100.00,10000.00,0.00,140.00,-1000.00
30,7,2.2333,Sword.ParryCounter,71.87,-1000.00,90.15,10000.00,100.00,10000.00,0.00,140.00,-1000.00
30,7,2.2667,None,71.87,-1000.00,90.15,10000.00,100.00,10000.00,0.00,140.00,-1000.00
30,7,0.0333,None,71.87,-1000.00,90.15,10000.00,100.00,10000.00,0.00,140.00,-1000.00
30,7,0.0667,None,71.87,-1000.00,90.15,10000.00,100.00,10000.00,0.00,140.00,-1000.00
30,7,0.1000,None,71.87,-1000.00,90.15,10000.00,100.00,10000.00,0.00,140.00,-1000.00
30,7,0.1333,None,71.87,-1000.00,90.15,10000.00,100.00,10000.00,0.00,140.00,-1000.00
30,7,0.1667,None,71.87,-1000.00,90.15,10000.00,100.00,10000.00,0.00,140.00,-1000.00
30,7,0.2000,None,71.87,-1000.00,90.15,10000.00,100.00,10000.00,0.00,140.00,-1000.00
30,7,0.2333,None,71.87,-1000.00,90.15,10000.00,100.00,10000.00,0.00,140.00,-1000.00
30,7,0.2667,None,71.87,-1000.00,90.15,10000.00,100.00,10000.00,0.00,140.00,-1000.00
30,7,0.3000,None,71.87,-1000.00,90.15,9995.00,85.00,10000.00,0.00,140.00,-1000.00
30,7,0.3333,None,71.87,-1000.00,90.15,9995.00,85.00,10000.00,0.00,140.00,-1000.00
30,7,0.3667,None,71.87,-1000.00,90.15,9995.00,85.00,10000.00,0.00,140.00,-1000.00
30,7,0.4000,None,71.87,-1000.00,90.15,9995.00,85.00,10000.00,0.00,140.00,-1000.00
30,7,0.4333,None,71.87,-1000.00,90.15,9995.00,85.00,10000.00,0.00,140.00,-1000.00
30,7,0.4667,None,71.87,-1000.00,90.15,9995.00,85.00,10000.00,0.00,140.00,-1000.00
30,7,0.5000,None,71.87,-1000.00,90.15,9995.00,85.00,10000.00,0.00,140.00,-1000.00
30,7,0.5333,None,71.87,-1000.00,90.15,9995.00,85.00,10000.00,0.00,140.00,-1000.00
30,7,0.5667,None,71.87,-1000.00,90.15,9995.00,85.00,10000.00,0.00,140.00,-1000.00
30,7,0.6000,None,71.87,-1000.00,90.15,9995.00,85.00,10000.00,0.00,140.00,-1000.00
30,7,0.6333,None,71.87,-1000.00,90.15,9995.00,85.00,10000.00,0.00,140.00,-1000.00
30,7,0.6667,None,71.87,-1000.00,90.15,9995.00,85.00,10000.00,0.00,140.00,-1000.00
30,7,0.7000,None,71.87,-1000.00,90.15,9995.00,85.00,10000.00,0.00,140.00,-1000.00
30,7,0.7333,None,71.87,-1000.00,90.15,9995.00,85.00,10000.00,0.00,140.00,-1000.00
30,7,0.7667,None,71.87,-1000.00,90.15,9970.00,0.00,10000.00,0.00,140.00,-1000.00
30,7,0.8000,None,71.87,-1000.00,90.15,9970.00,0.00,10000.00,0.00,140.00,-1000.00
30,7,0.8333,None,71.87,-1000.00,90.15,9970.00,0.00,10000.00,0.00,140.00,-1000.00
30,7,0.8667,None,71.87,-1000.00,90.15,9970.00,0.00,10000.00,0.00,140.00,-1000.00
30,7,0.9000,None,71.87,-1000.00,90.15,9970.00,0.00,10000.00,0.00,140.00,-1000.00
30,7,0.9333,None,71.87,-1000.00,90.15,9970.00,0.00,10000.00,0.00,140.00,-1000.00
30,7,0.9667,None,71.87,-1000.00,90.15,9970.00,0.00,10000.00,0.00,140.00,-1000.00
30,7,1.0000,None,71.87,-1000.00,90.15,9970.00,0.00,10000.00,0.00,140.00,-1000.00
30,7,1.0333,None,71.87,-1000.00,90.15,9970.00,0.00,10000.00,0.00,140.00,-1000.00
30,7,1.0667,None,71.87,-1000.00,90.15,9970.00,0.00,10000.00,0.00,140.00,-1000.00
30,7,1.1000,None,71.87,-1000.00,90.15,9970.00,0.00,10000.00,0.00,140.00,-1000.00
30,7,1.1333,None,71.87,-1000.00,90.15,9970.00,0.00,10000.00,0.00,140.00,-1000.00
30,7,1.1667,None,71.87,-1000.00,90.15,9970.00,0.00,10000.00,0.00,140.00,-1000.00
30,7,1.2000,None,71.87,-1000.00,90.15,9970.00,0.00,10000.00,0.00,140.00,-1000.00
30,7,1.2333,None,71.87,-1000.00,90.15,9970.00,0.00,10000.00,0.00,140.00,-1000.00
30,7,1.2667,None,71.87,-1000.00,90.15,9970.00,0.00,10000.00,0.00,140.00,-1000.00
30,7,1.3000,None,71.87,-1000.00,90.15,9970.00,0.00,10000.00,0.00,140.00,-1000.00
30,7,1.3333,None,71.87,-1000.00,90.15,9970.00,0.00,10000.00,0.00,140.00,-1000.00
30,7,1.3667,None,71.87,-1000.00,90.15,9970.00,0.00,10000.00,0.00,140.00,-1000.00
30,7,1.4000,None,71.87,-1000.00,90.15,9970.00,0.00,10000.00,0.00,140.00,-1000.00
30,7,1.4333,None,71.87,-1000.00,90.15,9970.00,0.00,10000.00,0.00,140.00,-1000.00
30,7,1.4667,None,71.87,-1000.00,90.15,9970.00,0.00,10000.00,0.00,140.00,-1000.00
30,7,1.5000,None,71.87,-1000.00,90.15,9970.00,0.00,10000.00,0.00,140.00,-1000.00
30,7,1.5333,None,71.87,-1000.00,90.15,9970.00,0.00,10000.00,0.00,140.00,-1000.00
30,7,1.5667,None,71.87,-1000.00,90.15,9970.00,0.00,10000.00,0.00,140.00,-1000.00
30,7,1.6000,None,71.87,-1000.00,90.15,9970.00,0.00,10000.00,0.00,140.00,-1000.00
30,7,1.6333,None,71.87,-1000.00,90.15,9970.00,0.00,10000.00,0.00,140.00,-1000.00
30,7,1.6667,None,71.87,-1000.00,90.15,9970.00,0.00,10000.00,0.00,140.00,-1000.00
30,7,1.7000,None,71.87,-1000.00,90.15,9970.00,0.00,10000.00,0.00,140.00,-1000.00
30,7,1.7333,None,71.87,-1000.00,90.15,9970.00,0.83,10000.00,0.00,140.00,-1000.00
30,7,1.7667,None,71.87,-1000.00,90.15,9970.00,1.67,10000.00,0.00,140.00,-1000.00
30,7,1.8000,None,71.87,-1000.00,90.15,9970.00,2.50,10000.00,0.00,140.00,-1000.00
30,7,1.8333,None,71.87,-1000.00,90.15,9970.00,3.33,10000.00,0.00,140.00,-1000.00
30,7,1.8667,None,71.87,-1000.00,90.15,9970.00,4.17,10000.00,0.00,140.00,-1000.00
30,8,0.0333,Sword.Air.Light.1,0.00,-1000.00,1697.79,10000.00,100.00,10000.00,0.00,-1400.00,1200.00
30,8,0.0667,Sword.Air.Light.1,0.00,-1000.00,1694.49,10000.00,100.00,10000.00,0.00,-1400.00,1200.00
30,8,0.1000,Sword.Air.Light.1,0.00,-1000.00,1690.10,10000.00,100.00,10000.00,0.00,-1400.00,1200.00
30,8,0.1333,Sword.Air.Light.1,0.00,-1000.00,1684.62,10000.00,100.00,10000.00,0.00,-1400.00,1200.00
30,8,0.1667,Sword.Air.Light.1,0.00,-1000.00,1678.06,10000.00,100.00,10000.00,0.00,-1400.00,1200.00
30,8,0.2000,Sword.Air.Light.1,0.00,-1000.00,1670.40,10000.00,100.00,10000.00,0.00,-1400.00,1200.00
30,8,0.2333,Sword.Air.Light.1,0.00,-1000.00,1661.66,10000.00,100.00,10000.00,0.00,-1400.00,1200.00
30,8,0.2667,Sword.Air.Light.1,0.00,-1000.00,1651.82,10000.00,100.00,10000.00,0.00,-1400.00,1200.00
30,8,0.3000,Sword.Air.Light.1,0.00,-1000.00,1640.90,10000.00,100.00,10000.00,0.00,-1400.00,1200.00
30,8,0.3333,Sword.Air.Light.1,0.00,-1000.00,1628.89,10000.00,100.00,10000.00,0.00,-1400.00,1200.00
30,8,0.3667,Sword.Air.Light.1,0.00,-1000.00,1615.79,10000.00,100.00,10000.00,0.00,-1400.00,1200.00
30,8,0.4000,Sword.Air.Light.1,0.00,-1000.00,1601.60,10000.00,100.00,10000.00,0.00,-1400.00,1200.00
30,8,0.4333,Sword.Air.Light.1,0.00,-1000.00,1586.32,10000.00,100.00,10000.00,0.00,-1400.00,1200.00
30,8,0.4667,Sword.Air.Light.1,0.00,-1000.00,1569.96,10000.00,100.00,10000.00,0.00,-1400.00,1200.00
30,8,0.5000,Sword.Air.Light.2,0.00,-1000.00,1552.50,10000.00,100.00,10000.00,0.00,-1400.00,1200.00
30,8,0.5333,Sword.Air.Light.2,0.00,-1000.00,1533.96,10000.00,100.00,10000.00,0.00,-1400.00,1200.00
30,8,0.5667,Sword.Air.Light.2,0.00,-1000.00,1514.32,10000.00,100.00,10000.00,0.00,-1400.00,1200.00
30,8,0.6000,Sword.Air.Light.2,0.00,-1000.00,1493.60,10000.00,100.00,10000.00,0.00,-1400.00,1200.00
30,8,0.6333,Sword.Air.Light.2,0.00,-1000.00,1471.79,10000.00,100.00,10000.00,0.00,-1400.00,1200.00
30,8,0.6667,Sword.Air.Light.2,0.00,-1000.00,1448.89,10000.00,100.00,10000.00,0.00,-1400.00,1200.00
30,8,0.7000,Sword.Air.Light.2,0.00,-1000.00,1424.90,10000.00,100.00,10000.00,0.00,-1400.00,1200.00
30,8,0.7333,Sword.Air.Light.2,0.00,-1000.00,1399.82,10000.00,100.00,10000.00,0.00,-1400.00,1200.00
30,8,0.7667,Sword.Air.Light.2,0.00,-1000.00,1373.66,10000.00,100.00,10000.00,0.00,-1400.00,1200.00
30,8,0.8000,Sword.Air.Light.2,0.00,-1000.00,1346.40,10000.00,100.00,10000.00,0.00,-1400.00,1200.00
30,8,0.8333,Sword.Air.Light.2,0.00,-1000.00,1318.06,10000.00,100.00,10000.00,0.00,-1400.00,1200.00
30,8,0.8667,Sword.Air.Light.2,0.00,-1000.00,1288.62,10000.00,100.00,10000.00,0.00,-1400.00,1200.00
30,8,0.9000,Sword.Air.Light.2,0.00,-1000.00,1258.10,10000.00,100.00,10000.00,0.00,-1400.00,1200.00
30,8,0.9333,Sword.Air.Light.2,0.00,-1000.00,1226.49,10000.00,100.00,10000.00,0.00,-1400.00,1200.00
30,8,0.9667,Sword.Air.Light.2,0.00,-1000.00,1193.79,10000.00,100.00,10000.00,0.00,-1400.00,1200.00
30,8,1.0000,Sword.Air.Light.2,0.00,-1000.00,1160.00,10000.00,100.00,10000.00,0.00,-1400.00,1200.00
30,8,1.0333,Sword.Air.Light.2,0.00,-1000.00,1125.12,10000.00,100.00,10000.00,0.00,-1400.00,1200.00
30,8,1.0667,Sword.Air.Light.2,0.00,-1000.00,1089.16,10000.00,100.00,10000.00,0.00,-1400.00,1200.00
30,8,1.1000,Sword.Air.Light.2,0.00,-1000.00,1052.10,10000.00,100.00,10000.00,0.00,-1400.00,1200.00
30,8,1.1333,Sword.Air.Light.2,0.00,-1000.00,1013.96,10000.00,100.00,10000.00,0.00,-1400.00,1200.00
30,8,1.1667,Sword.Air.Light.2,0.00,-1000.00,974.72,10000.00,100.00,10000.00,0.00,-1400.00,1200.00
30,8,1.2000,Sword.Air.Light.2,0.00,-1000.00,934.40,10000.00,100.00,10000.00,0.00,-1400.00,1200.00
30,8,1.2333,Sword.Air.Light.2,0.00,-1000.00,892.99,10000.00,100.00,10000.00,0.00,-1400.00,1200.00
30,8,1.2667,Sword.Air.Light.2,0.00,-1000.00,850.49,10000.00,100.00,10000.00,0.00,-1400.00,1200.00
30,8,1.3000,None,0.00,-1000.00,806.90,10000.00,100.00,10000.00,0.00,-1400.00,1200.00
30,8,1.3333,None,0.00,-1000.00,762.22,10000.00,100.00,10000.00,0.00,-1400.00,1200.00
30,8,1.3667,None,0.00,-1000.00,716.46,10000.00,100.00,10000.00,0.00,-1400.00,1200.00
30,8,1.4000,None,0.00,-1000.00,669.60,10000.00,100.00,10000.00,0.00,-1400.00,1200.00
30,8,1.4333,None,0.00,-1000.00,621.66,10000.00,100.00,10000.00,0.00,-1400.00,1200.00
30,8,1.4667,None,0.00,-1000.00,572.62,10000.00,100.00,10000.00,0.00,-1400.00,1200.00
30,8,1.5000,None,0.00,-1000.00,522.50,10000.00,100.00,10000.00,0.00,-1400.00,1200.00
30,8,1.5333,None,0.00,-1000.00,471.29,10000.00,100.00,10000.00,0.00,-1400.00,1200.00
30,8,1.5667,None,0.00,-1000.00,418.99,10000.00,100.00,10000.00,0.00,-1400.00,1200.00
30,8,1.6000,None,0.00,-1000.00,365.60,10000.00,100.00,10000.00,0.00,-1400.00,1200.00
30,8,1.6333,None,0.00,-1000.00,311.12,10000.00,100.00,10000.00,0.00,-1400.00,1200.00
30,8,1.6667,None,0.00,-1000.00,255.56,10000.00,100.00,10000.00,0.00,-1400.00,1200.00
30,8,1.7000,None,0.00,-1000.00,198.90,10000.00,100.00,10000.00,0.00,-1400.00,1200.00
30,8,1.7333,None,0.00,-1000.00,141.16,10000.00,100.00,10000.00,0.00,-1400.00,1200.00
30,8,1.7667,None,0.00,-1000.00,90.15,10000.00,100.00,10000.00,0.00,-1400.00,1200.00
30,8,1.8000,None,0.00,-1000.00,111.27,10000.00,100.00,10000.00,0.00,-1400.00,1200.00
30,9,0.0333,Sword.Turn.R_90,0.00,-1000.00,90.15,10000.00,100.00,10000.00,0.00,140.00,-1000.00
30,9,0.0667,Sword.Turn.R_90,0.00,-1000.00,90.15,10000.00,100.00,10000.00,0.29,140.00,-1000.00
30,9,0.1000,Sword.Turn.R_90,0.00,-1000.00,90.15,10000.00,100.00,10000.00,1.15,140.00,-1000.00
30,9,0.1333,Sword.Turn.R_90,0.00,-1000.00,90.15,10000.00,100.00,10000.00,2.52,140.00,-1000.00
30,9,0.1667,Sword.Turn.R_90,0.00,-1000.00,90.15,10000.00,100.00,10000.00,4.37,140.00,-1000.00
30,9,0.2000,Sword.Turn.R_90,0.00,-1000.00,90.15,10000.00,100.00,10000.00,6.67,140.00,-1000.00
30,9,0.2333,Sword.Turn.R_90,0.00,-1000.00,90.15,10000.00,100.00,10000.00,9.36,140.00,-1000.00
30,9,0.2667,Sword.Turn.R_90,0.00,-1000.00,90.15,10000.00,100.00,10000.00,12.41,140.00,-1000.00
30,9,0.3000,Sword.Turn.R_90,0.00,-1000.00,90.15,10000.00,100.00,10000.00,15.79,140.00,-1000.00
30,9,0.3333,Sword.Turn.R_90,0.00,-1000.00,90.15,10000.00,100.00,10000.00,19.44,140.00,-1000.00
30,9,0.3667,Sword.Turn.R_90,0.00,-1000.00,90.15,10000.00,100.00,10000.00,23.33,140.00,-1000.00
30,9,0.4000,Sword.Turn.R_90,0.00,-1000.00,90.15,10000.00,100.00,10000.00,27.43,140.00,-1000.00
30,9,0.4333,Sword.Turn.R_90,0.00,-1000.00,90.15,10000.00,100.00,10000.00,31.68,140.00,-1000.00
30,9,0.4667,Sword.Turn.R_90,0.00,-1000.00,90.15,10000.00,100.00,10000.00,36.05,140.00,-1000.00
30,9,0.5000,Sword.Turn.R_90,0.00,-1000.00,90.15,10000.00,100.00,10000.00,40.51,140.00,-1000.00
30,9,0.5333,Sword.Turn.R_90,0.00,-1000.00,90.15,10000.00,100.00,10000.00,45.00,140.00,-1000.00
30,9,0.5667,Sword.Turn.R_90,0.00,-1000.00,90.15,10000.00,100.00,10000.00,49.49,140.00,-1000.00
30,9,0.6000,Sword.Turn.R_90,0.00,-1000.00,90.15,10000.00,100.00,10000.00,53.95,140.00,-1000.00
30,9,0.6333,Sword.Turn.R_90,0.00,-1000.00,90.15,10000.00,100.00,10000.00,58.32,140.00,-1000.00
30,9,0.6667,Sword.Turn.R_90,0.00,-1000.00,90.15,10000.00,100.00,10000.00,62.57,140.00,-1000.00
30,9,0.7000,Sword.Turn.R_90,0.00,-1000.00,90.15,10000.00,100.00,10000.00,66.67,140.00,-1000.00
30,9,0.7333,Sword.Turn.R_90,0.00,-1000.00,90.15,10000.00,100.00,10000.00,70.56,140.00,-1000.00
30,9,0.7667,Sword.Turn.R_90,0.00,-1000.00,90.15,10000.00,100.00,10000.00,74.21,140.00,-1000.00
30,9,0.8000,Sword.Turn.R_90,0.00,-1000.00,90.15,10000.00,100.00,10000.00,77.59,140.00,-1000.00
30,9,0.8333,Sword.Turn.R_90,0.00,-1000.00,90.15,10000.00,100.00,10000.00,80.64,140.00,-1000.00
30,9,0.8667,Sword.Turn.R_90,0.00,-1000.00,90.15,10000.00,100.00,10000.00,83.33,140.00,-1000.00
30,9,0.9000,Sword.Turn.R_90,0.00,-1000.00,90.15,10000.00,100.00,10000.00,85.63,140.00,-1000.00
30,9,0.9333,Sword.Turn.R_90,0.00,-1000.00,90.15,10000.00,100.00,10000.00,87.48,140.00,-1000.00
30,9,0.9667,Sword.Turn.R_90,0.00,-1000.00,90.15,10000.00,100.00,10000.00,87.48,140.00,-1000.00
30,9,1.0000,Sword.Turn.R_90,0.00,-1000.00,90.15,10000.00,100.00,10000.00,87.48,140.00,-1000.00
30,9,1.0333,None,0.00,-1000.00,90.15,10000.00,100.00,10000.00,87.48,140.00,-1000.00
30,9,1.0667,None,0.00,-1000.00,90.15,10000.00,100.00,10000.00,87.48,140.00,-1000.00
30,9,1.1000,None,0.00,-1000.00,90.15,10000.00,100.00,10000.00,87.48,140.00,-1000.00
30,9,1.1333,None,0.00,-1000.00,90.15,10000.00,100.00,10000.00,87.48,140.00,-1000.00
30,9,1.1667,None,0.00,-1000.00,90.15,10000.00,100.00,10000.00,87.48,140.00,-1000.00
30,9,1.2000,None,0.00,-1000.00,90.15,10000.00,100.00,10000.00,87.48,140.00,-1000.00
30,9,1.2333,None,0.00,-1000.00,90.15,10000.00,100.00,10000.00,87.48,140.00,-1000.00
30,9,1.2667,None,0.00,-1000.00,90.15,10000.00,100.00,10000.00,87.48,140.00,-1000.00
30,9,1.3000,None,0.00,-1000.00,90.15,10000.00,100.00,10000.00,87.48,140.00,-1000.00
30,9,1.3333,None,0.00,-1000.00,90.15,10000.00,100.00,10000.00,87.48,140.00,-1000.00
30,9,1.3667,None,0.00,-1000.00,90.15,10000.00,100.00,10000.00,87.48,140.00,-1000.00
30,9,1.4000,None,0.00,-1000.00,90.15,10000.00,100.00,10000.00,87.48,140.00,-1000.00
30,9,1.4333,None,0.00,-1000.00,90.15,10000.00,100.00,10000.00,87.48,140.00,-1000.00
30,9,1.4667,None,0.00,-1000.00,90.15,10000.00,100.00,10000.00,87.48,140.00,-1000.00
30,9,1.5000,None,0.00,-1000.00,90.15,10000.00,100.00,10000.00,87.48,140.00,-1000.00
30,10,0.0333,None,0.00,-1000.00,90.15,10000.00,100.00,10000.00,0.00,140.00,-1000.00
30,10,0.0667,None,-2.28,-999.95,90.15,10000.00,100.00,10000.00,0.00,500.00,-1000.00
30,10,0.1000,None,-6.83,-999.86,90.15,10000.00,100.00,10000.00,0.00,497.72,-999.95
30,10,0.1333,None,-11.82,-999.76,90.15,10000.00,100.00,10000.00,-0.00,493.17,-999.86
30,10,0.1667,None,-16.82,-999.66,90.15,10000.00,100.00,10000.00,-0.00,488.18,-999.76
30,10,0.2000,None,-21.82,-999.56,90.15,10000.00,100.00,10000.00,-0.01,483.18,-999.66
30,10,0.2333,None,-26.82,-999.46,90.15,10000.00,100.00,10000.00,-0.01,478.18,-999.56
30,10,0.2667,None,-31.82,-999.36,90.15,10000.00,100.00,10000.00,-0.01,473.18,-999.46
30,10,0.3000,None,-36.82,-999.26,90.15,10000.00,100.00,10000.00,-0.01,468.18,-999.36
30,10,0.3333,None,-41.82,-999.16,90.15,10000.00,100.00,10000.00,-0.01,463.18,-999.26
30,10,0.3667,None,-46.82,-999.06,90.15,10000.00,100.00,10000.00,-0.01,458.18,-999.16
30,10,0.4000,None,-51.82,-998.96,90.15,10000.00,100.00,10000.00,-0.01,453.18,-999.06
30,10,0.4333,None,-56.82,-998.86,90.15,10000.00,100.00,10000.00,-0.01,448.18,-998.96
30,10,0.4667,None,-61.81,-998.76,90.15,10000.00,100.00,10000.00,-0.01,443.18,-998.86
30,10,0.5000,None,-66.81,-998.66,90.15,10000.00,100.00,10000.00,-0.01,438.19,-998.76
30,10,0.5333,None,-71.81,-998.56,90.15,10000.00,100.00,10000.00,-0.01,433.19,-998.66
30,10,0.5667,None,-76.81,-998.46,90.15,10000.00,100.00,10000.00,-0.01,428.19,-998.56
30,10,0.6000,None,-81.81,-998.36,90.15,10000.00,100.00,10000.00,-0.01,423.19,-998.46
30,10,0.6333,None,-86.81,-998.36,90.15,10000.00,100.00,10000.00,-0.01,418.19,-998.36
30,10,0.6667,None,-91.81,-998.41,90.15,10000.00,100.00,10000.00,-0.01,413.19,-998.36
30,10,0.7000,None,-96.81,-998.49,90.15,10000.00,100.00,10000.00,-0.01,408.19,-998.41
30,10,0.7333,None,-101.81,-998.57,90.15,10000.00,100.00,10000.00,-0.00,403.19,-998.49
30,10,0.7667,None,-106.81,-998.67,90.15,10000.00,100.00,10000.00,-0.00,398.19,-998.57
30,10,0.8000,None,-111.81,-998.76,90.15,10000.00,100.00,10000.00,0.00,393.19,-998.67
30,10,0.8333,None,-116.81,-998.86,90.15,10000.00,100.00,10000.00,0.00,388.19,-998.76
30,10,0.8667,None,-121.80,-998.96,90.15,10000.00,100.00,10000.00,0.01,383.19,-998.86
30,10,0.9000,None,-126.80,-999.06,90.15,10000.00,100.00,10000.00,0.01,378.20,-998.96
30,10,0.9333,None,-131.80,-999.16,90.15,10000.00,100.00,10000.00,0.01,373.20,-999.06
30,10,0.9667,None,-136.80,-999.26,90.15,10000.00,100.00,10000.00,0.01,368.20,-999.16
30,10,1.0000,None,-141.80,-999.36,90.15,10000.00,100.00,10000.00,0.01,363.20,-999.26
30,10,1.0333,None,-146.80,-999.46,90.15,10000.00,100.00,10000.00,0.01,358.20,-999.36
30,10,1.0667,None,-151.80,-999.56,90.15,10000.00,100.00,10000.00,0.01,353.20,-999.46
30,10,1.1000,None,-156.80,-999.66,90.15,10000.00,100.00,10000.00,0.01,348.20,-999.56
30,10,1.1333,None,-161.80,-999.76,90.15,10000.00,100.00,10000.00,0.01,343.20,-999.66
30,10,1.1667,None,-166.80,-999.86,90.15,10000.00,100.00,10000.00,0.01,338.20,-999.76
30,10,1.2000,None,-171.80,-999.96,90.15,10000.00,100.00,10000.00,0.01,333.20,-999.86
30,10,1.2333,None,-172.24,-999.97,90.15,10000.00,100.00,10000.00,0.01,328.20,-999.96
30,10,1.2667,None,-172.17,-999.99,90.15,10000.00,100.00,10000.00,0.01,327.76,-999.97
30,10,1.3000,None,-171.83,-999.99,90.15,10000.00,100.00,10000.00,0.01,327.83,-999.99
30,10,1.3333,None,-171.23,-1000.00,90.15,10000.00,100.00,10000.00,0.01,328.17,-999.99
30,10,1.3667,None,-170.63,-1000.00,90.15,10000.00,100.00,10000.00,0.00,328.77,-1000.00
30,10,1.4000,None,-170.03,-1000.00,90.15,10000.00,100.00,10000.00,0.00,329.37,-1000.00
30,10,1.4333,None,-169.43,-1000.00,90.15,10000.00,100.00,10000.00,0.00,329.97,-1000.00
30,10,1.4667,None,-168.83,-1000.00,90.15,10000.00,100.00,10000.00,0.00,330.57,-1000.00
30,10,1.5000,None,-168.23,-1000.00,90.15,10000.00,100.00,10000.00,0.00,331.17,-1000.00
30,10,1.5333,None,-167.63,-1000.00,90.15,10000.00,100.00,10000.00,0.00,331.77,-1000.00
30,10,1.5667,None,-167.03,-1000.00,90.15,10000.00,100.00,10000.00,0.00,332.37,-1000.00
30,10,1.6000,None,-166.43,-1000.00,90.15,10000.00,100.00,10000.00,0.00,332.97,-1000.00
30,10,1.6333,None,-165.83,-1000.00,90.15,10000.00,100.00,10000.00,0.00,333.57,-1000.00
30,10,1.6667,None,-165.23,-1000.00,90.15,10000.00,100.00,10000.00,0.00,334.17,-1000.00
30,10,1.7000,None,-164.63,-1000.00,90.15,10000.00,100.00,10000.00,0.00,334.77,-1000.00
30,10,1.7333,None,-164.03,-1000.00,90.15,10000.00,100.00,10000.00,0.00,335.37,-1000.00
30,10,1.7667,None,-163.43,-1000.00,90.15,10000.00,100.00,10000.00,0.00,335.97,-1000.00
30,10,1.8000,None,-162.83,-1000.00,90.15,10000.00,100.00,10000.00,0.00,336.57,-1000.00
30,10,1.8333,None,-162.23,-1000.00,90.15,10000.00,100.00,10000.00,0.00,337.17,-1000.00
30,10,1.8667,None,-161.63,-1000.00,90.15,10000.00,100.00,10000.00,0.00,337.77,-1000.00
30,10,1.9000,None,-161.03,-1000.00,90.15,10000.00,100.00,10000.00,0.00,338.37,-1000.00
30,10,1.9333,None,-160.43,-1000.00,90.15,10000.00,100.00,10000.00,0.00,338.97,-1000.00
30,10,1.9667,None,-159.83,-1000.00,90.15,10000.00,100.00,10000.00,0.00,339.57,-1000.00
30,10,2.0000,None,-159.23,-1000.00,90.15,10000.00,100.00,10000.00,0.00,340.17,-1000.00
30,10,2.0333,None,-158.63,-1000.00,90.15,10000.00,100.00,10000.00,0.00,340.77,-1000.00
30,10,2.0667,None,-158.03,-1000.00,90.15,10000.00,100.00,10000.00,0.00,341.37,-1000.00
30,10,2.1000,None,-157.43,-1000.00,90.15,10000.00,100.00,10000.00,0.00,341.97,-1000.00
30,10,2.1333,None,-156.83,-1000.00,90.15,10000.00,100.00,10000.00,0.00,342.57,-1000.00
30,10,2.1667,None,-156.23,-1000.00,90.15,10000.00,100.00,10000.00,0.00,343.17,-1000.00
30,10,2.2000,None,-155.63,-1000.00,90.15,10000.00,100.00,10000.00,0.00,343.77,-1000.00
30,10,2.2333,None,-155.03,-1000.00,90.15,10000.00,100.00,10000.00,0.00,344.37,-1000.00
60,0,0.0167,Sword.Light.1,3.05,-1000.00,90.15,10000.00,100.00,10000.00,0.00,140.00,-1000.00
60,0,0.0333,Sword.Light.1,5.41,-1000.00,90.15,10000.00,100.00,10000.00,0.00,140.00,-1000.00
60,0,0.0500,Sword.Light.1,8.11,-1000.00,90.15,10000.00,100.00,10000.00,0.00,140.00,-1000.00
60,0,0.0667,Sword.Light.1,8.69,-1000.00,90.15,10000.00,100.00,10000.00,0.00,140.00,-1000.00
60,0,0.0833,Sword.Light.1,9.63,-1000.00,90.15,10000.00,100.00,10000.00,0.00,140.00,-1000.00
60,0,0.1000,Sword.Light.1,11.41,-1000.00,90.15,10000.00,100.00,10000.00,0.00,140.00,-1000.00
60,0,0.1167,Sword.Light.1,13.87,-1000.00,90.15,10000.00,100.00,10000.00,0.00,140.00,-1000.00
60,0,0.1333,Sword.Light.1,16.16,-1000.00,90.15,10000.00,100.00,10000.00,0.00,140.00,-1000.00
60,0,0.1500,Sword.Light.1,17.89,-1000.00,90.15,10000.00,100.00,10000.00,0.00,140.00,-1000.00
60,0,0.1667,Sword.Light.1,19.23,-1000.00,90.15,10000.00,100.00,10000.00,0.00,140.00,-1000.00
60,0,0.1833,Sword.Light.1,21.32,-1000.00,90.15,10000.00,100.00,10000.00,0.00,140.00,-1000.00
60,0,0.2000,Sword.Light.1,25.67,-1000.00,90.15,10000.00,100.00,10000.00,0.00,140.00,-1000.00
60,0,0.2167,Sword.Light.1,27.71,-1000.00,90.15,10000.00,100.00,9975.00,0.00,140.00,-1000.00
60,0,0.2333,Sword.Light.1,28.72,-1000.00,90.15,10000.00,100.00,9975.00,0.00,140.00,-1000.00
60,0,0.2500,Sword.Light.1,29.75,-1000.00,90.15,10000.00,100.00,9975.00,0.00,140.00,-1000.00
60,0,0.2667,Sword.Light.1,31.41,-1000.00,90.15,10000.00,100.00,9975.00,0.00,140.00,-1000.00
60,0,0.2833,Sword.Light.1,35.33,-1000.00,90.15,10000.00,100.00,9975.00,0.00,140.00,-1000.00
60,0,0.3000,Sword.Light.1,39.58,-1000.00,90.15,10000.00,100.00,9975.00,0.00,140.00,-1000.00
60,0,0.3167,Sword.Light.1,42.87,-1000.00,90.15,10000.00,100.00,9975.00,0.00,140.00,-1000.00
60,0,0.3333,Sword.Light.1,44.83,-1000.00,90.15,10000.00,100.00,9975.00,0.00,140.00,-1000.00
60,0,0.3500,Sword.Light.1,45.14,-1000.00,90.15,10000.00,100.00,9975.00,0.00,140.00,-1000.00
60,0,0.3667,Sword.Light.1,44.89,-1000.00,90.15,10000.00,100.00,9975.00,0.00,140.00,-1000.00
60,0,0.3833,Sword.Light.1,44.30,-1000.00,90.15,10000.00,100.00,9975.00,0.00,140.00,-1000.00
60,0,0.4000,Sword.Light.1,43.61,-1000.00,90.15,10000.00,100.00,9975.00,0.00,140.00,-1000.00
60,0,0.4167,Sword.Light.1,42.67,-1000.00,90.15,10000.00,100.00,9975.00,0.00,140.00,-1000.00
60,0,0.4333,Sword.Light.1,41.43,-1000.00,90.15,10000.00,100.00,9975.00,0.00,140.00,-1000.00
60,0,0.4500,Sword.Light.1,40.27,-1000.00,90.15,10000.00,100.00,9975.00,0.00,140.00,-1000.00
60,0,0.4667,Sword.Light.1,39.59,-1000.00,90.15,10000.00,100.00,9975.00,0.00,140.00,-1000.00
60,0,0.4833,Sword.Light.1,39.58,-1000.00,90.15,10000.00,100.00,9975.00,0.00,140.00,-1000.00
60,0,0.5000,Sword.Light.1,39.98,-1000.00,90.15,10000.00,100.00,9975.00,0.00,140.00,-1000.00
60,0,0.5167,Sword.Light.1,40.58,-1000.00,90.15,10000.00,100.00,9975.00,0.00,140.00,-1000.00
60,0,0.5333,Sword.Light.1,41.16,-1000.00,90.15,10000.00,100.00,9975.00,0.00,140.00,-1000.00
60,0,0.5500,Sword.Light.1,41.71,-1000.00,90.15,10000.00,100.00,9975.00,0.00,140.00,-1000.00
60,0,0.5667,Sword.Light.1,42.35,-1000.00,90.15,10000.00,100.00,9975.00,0.00,140.00,-1000.00
60,0,0.5833,Sword.Light.2,43.01,-1000.00,90.15,10000.00,100.00,9975.00,0.00,140.00,-1000.00
60,0,0.6000,Sword.Light.2,43.77,-1000.00,90.15,10000.00,100.00,9975.00,0.00,140.00,-1000.00
60,0,0.6167,Sword.Light.2,44.33,-1000.00,90.15,10000.00,100.00,9975.00,0.00,140.00,-1000.00
60,0,0.6333,Sword.Light.2,44.84,-1000.00,90.15,10000.00,100.00,9975.00,0.00,140.00,-1000.00
60,0,0.6500,Sword.Light.2,44.20,-1000.00,90.15,10000.00,100.00,9975.00,0.00,140.00,-1000.00
60,0,0.6667,Sword.Light.2,43.32,-1000.00,90.15,10000.00,100.00,9975.00,0.00,140.00,-1000.00
60,0,0.6833,Sword.Light.2,42.08,-1000.00,90.15,10000.00,100.00,9975.00,0.00,140.00,-1000.00
60,0,0.7000,Sword.Light.2,40.33,-1000.00,90.15,10000.00,100.00,9975.00,0.00,140.00,-1000.00
60,0,0.7167,Sword.Light.2,37.44,-1000.00,90.15,10000.00,100.00,9975.00,0.00,140.00,-1000.00
60,0,0.7333,Sword.Light.2,32.80,-1000.00,90.15,10000.00,100.00,9975.00,0.00,140.00,-1000.00
60,0,0.7500,Sword.Light.2,26.25,-1000.00,90.15,10000.00,100.00,9975.00,0.00,140.00,-1000.00
60,0,0.7667,Sword.Light.2,21.40,-1000.00,90.15,10000.00,100.00,9975.00,0.00,140.00,-1000.00
60,0,0.7833,Sword.Light.2,29.22,-1000.00,90.15,10000.00,100.00,9975.00,0.00,140.00,-1000.00
60,0,0.8000,Sword.Light.2,38.33,-1000.00,90.15,10000.00,100.00,9975.00,0.00,140.00,-1000.00
60,0,0.8167,Sword.Light.2,49.25,-1000.00,90.15,10000.00,100.00,9950.00,0.00,140.00,-1000.00
60,0,0.8333,Sword.Light.2,65.53,-1000.00,90.15,10000.00,100.00,9950.00,0.00,140.00,-1000.00
60,0,0.8500,Sword.Light.2,70.98,-1000.00,90.15,10000.00,100.00,9950.00,0.00,140.00,-1000.00
60,0,0.8667,Sword.Light.2,70.98,-1000.00,90.15,10000.00,100.00,9950.00,0.00,140.00,-1000.00
60,0,0.8833,Sword.Light.2,70.98,-1000.00,90.15,10000.00,100.00,9950.00,0.00,140.00,-1000.00
60,0,0.9000,Sword.Light.2,70.99,-1000.00,90.15,10000.00,100.00,9950.00,0.00,140.00,-1000.00
60,0,0.9167,Sword.Light.2,71.32,-1000.00,90.15,10000.00,100.00,9950.00,0.00,140.00,-1000.00
60,0,0.9333,Sword.Light.2,71.57,-1000.00,90.15,10000.00,100.00,9950.00,0.00,140.00,-1000.00
60,0,0.9500,Sword.Light.2,71.73,-1000.00,90.15,10000.00,100.00,9950.00,0.00,140.00,-1000.00
60,0,0.9667,Sword.Light.2,71.84,-1000.00,90.15,10000.00,100.00,9950.00,0.00,140.00,-1000.00
60,0,0.9833,Sword.Light.2,71.90,-1000.00,90.15,10000.00,100.00,9950.00,0.00,140.00,-1000.00
60,0,1.0000,Sword.Light.2,71.90,-1000.00,90.15,10000.00,100.00,9950.00,0.00,140.00,-1000.00
60,0,1.0167,Sword.Light.2,71.89,-1000.00,90.15,10000.00,100.00,9950.00,0.00,140.00,-1000.00
60,0,1.0333,Sword.Light.2,71.65,-1000.00,90.15,10000.00,100.00,9950.00,0.00,140.00,-1000.00
60,0,1.0500,Sword.Light.2,71.31,-1000.00,90.15,10000.00,100.00,9950.00,0.00,140.00,-1000.00
60,0,1.0667,Sword.Light.2,70.83,-1000.00,90.15,10000.00,100.00,9950.00,0.00,140.00,-1000.00
60,0,1.0833,Sword.Light.2,70.14,-1000.00,90.15,10000.00,100.00,9950.00,0.00,140.00,-1000.00
60,0,1.1000,Sword.Light.2,69.27,-1000.00,90.15,10000.00,100.00,9950.00,0.00,140.00,-1000.00
60,0,1.1167,Sword.Light.2,68.28,-1000.00,90.15,10000.00,100.00,9950.00,0.00,140.00,-1000.00
60,0,1.1333,Sword.Light.2,67.22,-1000.00,90.15,10000.00,100.00,9950.00,0.00,140.00,-1000.00
60,0,1.1500,Sword.Light.2,66.05,-1000.00,90.15,10000.00,100.00,9950.00,0.00,140.00,-1000.00
60,0,1.1667,Sword.Light.2,64.73,-1000.00,90.15,10000.00,100.00,9950.00,0.00,140.00,-1000.00
60,0,1.1833,Sword.Light.2,63.33,-1000.00,90.15,10000.00,100.00,9950.00,0.00,140.00,-1000.00
60,0,1.2000,Sword.Light.2,61.90,-1000.00,90.15,10000.00,100.00,9950.00,0.00,140.00,-1000.00
60,0,1.2167,Sword.Light.2,60.52,-1000.00,90.15,10000.00,100.00,9950.00,0.00,140.00,-1000.00
60,0,1.2333,Sword.Light.2,59.24,-1000.00,90.15,10000.00,100.00,9950.00,0.00,140.00,-1000.00
60,0,1.2500,Sword.Light.2,58.14,-1000.00,90.15,10000.00,100.00,9950.00,0.00,140.00,-1000.00
60,0,1.2667,Sword.Light.2,57.27,-1000.00,90.15,10000.00,100.00,9950.00,0.00,140.00,-1000.00
60,0,1.2833,Sword.Light.2,56.56,-1000.00,90.15,10000.00,100.00,9950.00,0.00,140.00,-1000.00
60,0,1.3000,Sword.Light.2,55.89,-1000.00,90.15,10000.00,100.00,9950.00,0.00,140.00,-1000.00
60,0,1.3167,Sword.Light.2,55.30,-1000.00,90.15,10000.00,100.00,9950.00,0.00,140.00,-1000.00
60,0,1.3333,Sword.Light.2,54.82,-1000.00,90.15,10000.00,100.00,9950.00,0.00,140.00,-1000.00
60,0,1.3500,Sword.Light.2,54.46,-1000.00,90.15,10000.00,100.00,9950.00,0.00,140.00,-1000.00
60,0,1.3667,Sword.Light.2,54.25,-1000.00,90.15,10000.00,100.00,9950.00,0.00,140.00,-1000.00
60,0,1.3833,Sword.Light.2,54.22,-1000.00,90.15,10000.00,100.00,9950.00,0.00,140.00,-1000.00
60,0,1.4000,Sword.Light.2,54.39,-1000.00,90.15,10000.00,100.00,9950.00,0.00,140.00,-1000.00
60,0,1.4167,Sword.Light.2,54.78,-1000.00,90.15,10000.00,100.00,9950.00,0.00,140.00,-1000.00
60,0,1.4333,Sword.Light.2,55.55,-1000.00,90.15,10000.00,100.00,9950.00,0.00,140.00,-1000.00
60,0,1.4500,Sword.Light.2,56.73,-1000.00,90.15,10000.00,100.00,9950.00,0.00,140.00,-1000.00
60,0,1.4667,Sword.Light.2,58.21,-1000.00,90.15,10000.00,100.00,9950.00,0.00,140.00,-1000.00
60,0,1.4833,Sword.Light.2,59.88,-1000.00,90.15,10000.00,100.00,9950.00,0.00,140.00,-1000.00
60,0,1.5000,Sword.Light.2,61.61,-1000.00,90.15,10000.00,100.00,9950.00,0.00,140.00,-1000.00
60,0,1.5167,Sword.Light.2,63.30,-1000.00,90.15,10000.00,100.00,9950.00,0.00,140.00,-1000.00
60,0,1.5333,Sword.Light.2,64.82,-1000.00,90.15,10000.00,100.00,9950.00,0.00,140.00,-1000.00
60,0,1.5500,Sword.Light.2,66.06,-1000.00,90.15,10000.00,100.00,9950.00,0.00,140.00,-1000.00
60,0,1.5667,Sword.Light.2,67.09,-1000.00,90.15,10000.00,100.00,9950.00,0.00,140.00,-1000.00
60,0,1.5833,Sword.Light.2,68.03,-1000.00,90.15,10000.00,100.00,9950.00,0.00,140.00,-1000.00
60,0,1.6000,Sword.Light.2,68.92,-1000.00,90.15,10000.00,100.00,9950.00,0.00,140.00,-1000.00
60,0,1.6167,Sword.Light.2,69.74,-1000.00,90.15,10000.00,100.00,9950.00,0.00,140.00,-1000.00
60,0,1.6333,Sword.Light.2,70.52,-1000.00,90.15,10000.00,100.00,9950.00,0.00,140.00,-1000.00
60,0,1.6500,Sword.Light.2,71.25,-1000.00,90.15,10000.00,100.00,9950.00,0.00,140.00,-1000.00
60,0,1.6667,Sword.Light.2,71.94,-1000.00,90.15,10000.00,100.00,9950.00,0.00,140.00,-1000.00
60,0,1.6833,Sword.Light.2,71.94,-1000.00,90.15,10000.00,100.00,9950.00,0.00,140.00,-1000.00
60,0,1.7000,Sword.Light.2,71.94,-1000.00,90.15,10000.00,100.00,9950.00,0.00,140.00,-1000.00
60,0,1.7167,Sword.Light.2,71.94,-1000.00,90.15,10000.00,100.00,9950.00,0.00,140.00,-1000.00
60,0,1.7333,Sword.Light.2,71.94,-1000.00,90.15,10000.00,100.00,9950.00,0.00,140.00,-1000.00
60,0,1.7500,Sword.Light.2,71.94,-1000.00,90.15,10000.00,100.00,9950.00,0.00,140.00,-1000.00
60,0,1.7667,Sword.Light.2,71.94,-1000.00,90.15,10000.00,100.00,9950.00,0.00,140.00,-1000.00
60,0,1.7833,Sword.Light.2,71.94,-1000.00,90.15,10000.00,100.00,9950.00,0.00,140.00,-1000.00
60,0,1.8000,Sword.Light.2,71.94,-1000.00,90.15,10000.00,100.00,9950.00,0.00,140.00,-1000.00
60,0,1.8167,Sword.Light.2,71.94,-1000.00,90.15,10000.00,100.00,9950.00,0.00,140.00,-1000.00
60,0,1.8333,Sword.Light.2,71.94,-1000.00,90.15,10000.00,100.00,9950.00,0.00,140.00,-1000.00
60,0,1.8500,Sword.Light.2,71.94,-1000.00,90.15,10000.00,100.00,9950.00,0.00,140.00,-1000.00
60,0,1.8667,Sword.Light.2,71.94,-1000.00,90.15,10000.00,100.00,9950.00,0.00,140.00,-1000.00
60,0,1.8833,Sword.Light.2,71.94,-1000.00,90.15,10000.00,100.00,9950.00,0.00,140.00,-1000.00
60,0,1.9000,Sword.Light.2,71.94,-1000.00,90.15,10000.00,100.00,9950.00,0.00,140.00,-1000.00
60,0,1.9167,Sword.Light.2,71.94,-1000.00,90.15,10000.00,100.00,9950.00,0.00,140.00,-1000.00
60,0,1.9333,Sword.Light.2,71.94,-1000.00,90.15,10000.00,100.00,9950.00,0.00,140.00,-1000.00
60,0,1.9500,Sword.Light.2,71.94,-1000.00,90.15,10000.00,100.00,9950.00,0.00,140.00,-1000.00
60,0,1.9667,Sword.Light.2,71.94,-1000.00,90.15,10000.00,100.00,9950.00,0.00,140.00,-1000.00
60,0,1.9833,Sword.Light.2,71.97,-1000.00,90.15,10000.00,100.00,9950.00,0.00,140.00,-1000.00
60,0,2.0000,Sword.Light.2,71.90,-1000.00,90.15,10000.00,100.00,9950.00,0.00,140.00,-1000.00
60,0,2.0167,Sword.Light.2,71.73,-1000.00,90.15,10000.00,100.00,9950.00,0.00,140.00,-1000.00
60,0,2.0333,Sword.Light.2,71.48,-1000.00,90.15,10000.00,100.00,9950.00,0.00,140.00,-1000.00
60,0,2.0500,Sword.Light.2,71.16,-1000.00,90.15,10000.00,100.00,9950.00,0.00,140.00,-1000.00
60,0,2.0667,Sword.Light.2,70.79,-1000.00,90.15,10000.00,100.00,9950.00,0.00,140.00,-1000.00
60,0,2.0833,Sword.Light.2,70.38,-1000.00,90.15,10000.00,100.00,9950.00,0.00,140.00,-1000.00
60,0,2.1000,Sword.Light.2,69.93,-1000.00,90.15,10000.00,100.00,9950.00,0.00,140.00,-1000.00
60,0,2.1167,Sword.Light.2,69.47,-1000.00,90.15,10000.00,100.00,9950.00,0.00,140.00,-1000.00
60,0,2.1333,Sword.Light.2,69.02,-1000.00,90.15,10000.00,100.00,9950.00,0.00,140.00,-1000.00
60,0,2.1500,Sword.Light.2,68.56,-1000.00,90.15,10000.00,100.00,9950.00,0.00,140.00,-1000.00
60,0,2.1667,Sword.Light.2,68.14,-1000.00,90.15,10000.00,100.00,9950.00,0.00,140.00,-1000.00
60,0,2.1833,Sword.Light.2,67.75,-1000.00,90.15,10000.00,100.00,9950.00,0.00,140.00,-1000.00
60,0,2.2000,Sword.Light.2,67.41,-1000.00,90.15,10000.00,100.00,9950.00,0.00,140.00,-1000.00
60,0,2.2167,Sword.Light.2,67.13,-1000.00,90.15,10000.00,100.00,9950.00,0.00,140.00,-1000.00
60,0,2.2333,Sword.Light.2,66.93,-1000.00,90.15,10000.00,100.00,9950.00,0.00,140.00,-1000.00
60,0,2.2500,Sword.Light.2,66.93,-1000.00,90.15,10000.00,100.00,9950.00,0.00,140.00,-1000.00
60,0,2.2667,Sword.Light.2,66.93,-1000.00,90.15,10000.00,100.00,9950.00,0.00,140.00,-1000.00
60,0,2.2833,Sword.Light.2,66.93,-1000.00,90.15,10000.00,100.00,9950.00,0.00,140.00,-1000.00
60,0,2.3000,Sword.Light.2,66.93,-1000.00,90.15,10000.00,100.00,9950.00,0.00,140.00,-1000.00
60,0,2.3167,Sword.Light.2,66.93,-1000.00,90.15,10000.00,100.00,9950.00,0.00,140.00,-1000.00
60,0,2.3333,Sword.Light.2,66.93,-1000.00,90.15,10000.00,100.00,9950.00,0.00,140.00,-1000.00
60,0,2.3500,Sword.Light.2,66.93,-1000.00,90.15,10000.00,100.00,9950.00,0.00,140.00,-1000.00
60,0,2.3667,Sword.Light.2,66.93,-1000.00,90.15,10000.00,100.00,9950.00,0.00,140.00,-1000.00
60,0,2.3833,Sword.Light.2,66.93,-1000.00,90.15,10000.00,100.00,9950.00,0.00,140.00,-1000.00
60,0,2.4000,Sword.Light.2,66.93,-1000.00,90.15,10000.00,100.00,9950.00,0.00,140.00,-1000.00
60,0,2.4167,Sword.Light.2,66.93,-1000.00,90.15,10000.00,100.00,9950.00,0.00,140.00,-1000.00
60,0,2.4333,Sword.Light.2,66.93,-1000.00,90.15,10000.00,100.00,9950.00,0.00,140.00,-1000.00
60,0,2.4500,Sword.Light.2,66.93,-1000.00,90.15,10000.00,100.00,9950.00,0.00,140.00,-1000.00
60,0,2.4667,None,66.93,-1000.00,90.15,10000.00,100.00,9950.00,0.00,140.00,-1000.00
60,0,2.4833,None,66.93,-1000.00,90.15,10000.00,100.00,9950.00,0.00,140.00,-1000.00
60,0,2.5000,None,66.93,-1000.00,90.15,10000.00,100.00,9950.00,0.00,140.00,-1000.00
60,0,2.5167,None,66.93,-1000.00,90.15,10000.00,100.00,9950.00,0.00,140.00,-1000.00
60,0,2.5333,None,66.93,-1000.00,90.15,10000.00,100.00,9950.00,0.00,140.00,-1000.00
60,0,2.5500,None,66.93,-1000.00,90.15,10000.00,100.00,9950.00,0.00,140.00,-1000.00
60,0,2.5667,None,66.93,-1000.00,90.15,10000.00,100.00,9950.00,0.00,140.00,-1000.00
60,0,2.5833,None,66.93,-1000.00,90.15,10000.00,100.00,9950.00,0.00,140.00,-1000.00
60,0,2.6000,None,66.93,-1000.00,90.15,10000.00,100.00,9950.00,0.00,140.00,-1000.00
60,0,2.6167,None,66.93,-1000.00,90.15,10000.00,100.00,9950.00,0.00,140.00,-1000.00
60,0,2.6333,None,66.93,-1000.00,90.15,10000.00,100.00,9950.00,0.00,140.00,-1000.00
60,0,2.6500,None,66.93,-1000.00,90.15,10000.00,100.00,9950.00,0.00,140.00,-1000.00
60,0,2.6667,None,66.93,-1000.00,90.15,10000.00,100.00,9950.00,0.00,140.00,-1000.00
60,0,2.6833,None,66.93,-1000.00,90.15,10000.00,100.00,9950.00,0.00,140.00,-1000.00
60,0,2.7000,None,66.93,-1000.00,90.15,10000.00,100.00,9950.00,0.00,140.00,-1000.00
60,0,2.7167,None,66.93,-1000.00,90.15,10000.00,100.00,9950.00,0.00,140.00,-1000.00
60,0,2.7333,None,66.93,-1000.00,90.15,10000.00,100.00,9950.00,0.00,140.00,-1000.00
60,0,2.7500,None,66.93,-1000.00,90.15,10000.00,100.00,9950.00,0.00,140.00,-1000.00
60,0,2.7667,None,66.93,-1000.00,90.15,10000.00,100.00,9950.00,0.00,140.00,-1000.00
60,0,2.7833,None,66.93,-1000.00,90.15,10000.00,100.00,9950.00,0.00,140.00,-1000.00
60,0,2.8000,None,66.93,-1000.00,90.15,10000.00,100.00,9950.00,0.00,140.00,-1000.00
60,0,2.8167,None,66.93,-1000.00,90.15,10000.00,100.00,9950.00,0.00,140.00,-1000.00
60,0,2.8333,None,66.93,-1000.00,90.15,10000.00,100.00,9950.00,0.00,140.00,-1000.00
60,0,2.8500,None,66.93,-1000.00,90.15,10000.00,100.00,9950.00,0.00,140.00,-1000.00
60,0,2.8667,None,66.93,-1000.00,90.15,10000.00,100.00,9950.00,0.00,140.00,-1000.00
60,0,2.8833,None,66.93,-1000.00,90.15,10000.00,100.00,9950.00,0.00,140.00,-1000.00
60,0,2.9000,None,66.93,-1000.00,90.15,10000.00,100.00,9950.00,0.00,140.00,-1000.00
60,0,2.9167,None,66.93,-1000.00,90.15,10000.00,100.00,9950.00,0.00,140.00,-1000.00
60,0,2.9333,None,66.93,-1000.00,90.15,10000.00,100.00,9950.00,0.00,140.00,-1000.00
60,0,2.9500,None,66.93,-1000.00,90.15,10000.00,100.00,9950.00,0.00,140.00,-1000.00
60,0,2.9667,None,66.93,-1000.00,90.15,10000.00,100.00,9950.00,0.00,140.00,-1000.00
60,0,2.9833,None,66.93,-1000.00,90.15,10000.00,100.00,9950.00,0.00,140.00,-1000.00
60,0,3.0000,None,66.93,-1000.00,90.15,10000.00,100.00,9950.00,0.00,140.00,-1000.00
60,0,3.0167,None,66.93,-1000.00,90.15,10000.00,100.00,9950.00,0.00,140.00,-1000.00
60,0,3.0333,None,66.93,-1000.00,90.15,10000.00,100.00,9950.00,0.00,140.00,-1000.00
60,0,3.0500,None,66.93,-1000.00,90.15,10000.00,100.00,9950.00,0.00,140.00,-1000.00
60,0,3.0667,None,66.93,-1000.00,90.15,10000.00,100.00,9950.00,0.00,140.00,-1000.00
60,0,3.0833,None,66.93,-1000.00,90.15,10000.00,100.00,9950.00,0.00,140.00,-1000.00
60,0,3.1000,None,66.93,-1000.00,90.15,10000.00,100.00,9950.00,0.00,140.00,-1000.00
60,0,3.1167,None,66.93,-1000.00,90.15,10000.00,100.00,9950.00,0.00,140.00,-1000.00
60,0,3.1333,None,66.93,-1000.00,90.15,10000.00,100.00,9950.00,0.00,140.00,-1000.00
60,0,3.1500,None,66.93,-1000.00,90.15,10000.00,100.00,9950.00,0.00,140.00,-1000.00
60,0,3.1667,None,66.93,-1000.00,90.15,10000.00,100.00,9950.00,0.00,140.00,-1000.00
60,0,3.1833,None,66.93,-1000.00,90.15,10000.00,100.00,9950.00,0.00,140.00,-1000.00
60,0,3.2000,None,66.93,-1000.00,90.15,10000.00,100.00,9950.00,0.00,140.00,-1000.00
60,0,3.2167,None,66.93,-1000.00,90.15,10000.00,100.00,9950.00,0.00,140.00,-1000.00
60,0,3.2333,None,66.93,-1000.00,90.15,10000.00,100.00,9950.00,0.00,140.00,-1000.00
60,0,3.2500,None,66.93,-1000.00,90.15,10000.00,100.00,9950.00,0.00,140.00,-1000.00
60,0,3.2667,None,66.93,-1000.00,90.15,10000.00,100.00,9950.00,0.00,140.00,-1000.00
60,0,3.2833,None,66.93,-1000.00,90.15,10000.00,100.00,9950.00,0.00,140.00,-1000.00
60,0,3.3000,None,66.93,-1000.00,90.15,10000.00,100.00,9950.00,0.00,140.00,-1000.00
60,0,3.3167,None,66.93,-1000.00,90.15,10000.00,100.00,9950.00,0.00,140.00,-1000.00
60,0,3.3333,None,66.93,-1000.00,90.15,10000.00,100.00,9950.00,0.00,140.00,-1000.00
60,0,3.3500,None,66.93,-1000.00,90.15,10000.00,100.00,9950.00,0.00,140.00,-1000.00
60,0,3.3667,None,66.93,-1000.00,90.15,10000.00,100.00,9950.00,0.00,140.00,-1000.00
60,0,3.3833,None,66.93,-1000.00,90.15,10000.00,100.00,9950.00,0.00,140.00,-1000.00
60,0,3.4000,None,66.93,-1000.00,90.15,10000.00,100.00,9950.00,0.00,140.00,-1000.00
60,0,3.4167,None,66.93,-1000.00,90.15,10000.00,100.00,9950.00,0.00,140.00,-1000.00
60,0,3.4333,None,66.93,-1000.00,90.15,10000.00,100.00,9950.00,0.00,140.00,-1000.00
60,0,3.4500,None,66.93,-1000.00,90.15,10000.00,100.00,9950.00,0.00,140.00,-1000.00
60,0,3.4667,None,66.93,-1000.00,90.15,10000.00,100.00,9950.00,0.00,140.00,-1000.00
60,0,3.4833,None,66.93,-1000.00,90.15,10000.00,100.00,9950.00,0.00,140.00,-1000.00
60,0,3.5000,None,66.93,-1000.00,90.15,10000.00,100.00,9950.00,0.00,140.00,-1000.00
60,0,3.5167,None,66.93,-1000.00,90.15,10000.00,100.00,9950.00,0.00,140.00,-1000.00
60,0,3.5333,None,66.93,-1000.00,90.15,10000.00,100.00,9950.00,0.00,140.00,-1000.00
60,0,3.5500,None,66.93,-1000.00,90.15,10000.00,100.00,9950.00,0.00,140.00,-1000.00
60,0,3.5667,None,66.93,-1000.00,90.15,10000.00,100.00,9950.00,0.00,140.00,-1000.00
60,0,3.5833,None,66.93,-1000.00,90.15,10000.00,100.00,9950.00,0.00,140.00,-1000.00
60,0,3.6000,None,66.93,-1000.00,90.15,10000.00,100.00,9950.00,0.00,140.00,-1000.00
60,0,3.6167,None,66.93,-1000.00,90.15,10000.00,100.00,9950.00,0.00,140.00,-1000.00
60,0,3.6333,None,66.93,-1000.00,90.15,10000.00,100.00,9950.00,0.00,140.00,-1000.00
60,0,3.6500,None,66.93,-1000.00,90.15,10000.00,100.00,9950.00,0.00,140.00,-1000.00
60,0,3.6667,None,66.93,-1000.00,90.15,10000.00,100.00,9950.00,0.00,140.00,-1000.00
60,0,3.6833,None,66.93,-1000.00,90.15,10000.00,100.00,9950.00,0.00,140.00,-1000.00
60,0,3.7000,None,66.93,-1000.00,90.15,10000.00,100.00,9950.00,0.00,140.00,-1000.00
60,0,3.7167,None,66.93,-1000.00,90.15,10000.00,100.00,9950.00,0.00,140.00,-1000.00
60,0,3.7333,None,66.93,-1000.00,90.15,10000.00,100.00,9950.00,0.00,140.00,-1000.00
60,0,3.7500,None,66.93,-1000.00,90.15,10000.00,100.00,9950.00,0.00,140.00,-1000.00
60,0,3.7667,None,66.93,-1000.00,90.15,10000.00,100.00,9950.00,0.00,140.00,-1000.00
60,0,3.7833,None,66.93,-1000.00,90.15,10000.00,100.00,9950.00,0.00,140.00,-1000.00
60,0,3.8000,None,66.93,-1000.00,90.15,10000.00,100.00,9950.00,0.00,140.00,-1000.00
60,0,3.8167,None,66.93,-1000.00,90.15,10000.00,100.00,9950.00,0.00,140.00,-1000.00
60,0,3.8333,None,66.93,-1000.00,90.15,10000.00,100.00,9950.00,0.00,140.00,-1000.00
60,0,3.8500,None,66.93,-1000.00,90.15,10000.00,100.00,9950.00,0.00,140.00,-1000.00
60,0,3.8667,None,66.93,-1000.00,90.15,10000.00,100.00,9950.00,0.00,140.00,-1000.00
60,0,3.8833,None,66.93,-1000.00,90.15,10000.00,100.00,9950.00,0.00,140.00,-1000.00
60,0,3.9000,None,66.93,-1000.00,90.15,10000.00,100.00,9950.00,0.00,140.00,-1000.00
60,0,3.9167,None,66.93,-1000.00,90.15,10000.00,100.00,9950.00,0.00,140.00,-1000.00
60,0,3.9333,None,66.93,-1000.00,90.15,10000.00,100.00,9950.00,0.00,140.00,-1000.00
60,0,3.9500,None,66.93,-1000.00,90.15,10000.00,100.00,9950.00,0.00,140.00,-1000.00
60,0,3.9667,None,66.93,-1000.00,90.15,10000.00,100.00,9950.00,0.00,140.00,-1000.00
60,0,3.9833,None,66.93,-1000.00,90.15,10000.00,100.00,9950.00,0.00,140.00,-1000.00
60,0,4.0000,None,66.93,-1000.00,90.15,10000.00,100.00,9950.00,0.00,140.00,-1000.00
60,0,4.0167,None,66.93,-1000.00,90.15,10000.00,100.00,9950.00,0.00,140.00,-1000.00
60,1,0.0167,Sword.Light.1,3.05,-1000.00,90.15,10000.00,100.00,10000.00,0.00,140.00,-1000.00
60,1,0.0333,Sword.Light.1,5.41,-1000.00,90.15,10000.00,100.00,10000.00,0.00,140.00,-1000.00
60,1,0.0500,Sword.Light.1,8.11,-1000.00,90.15,10000.00,100.00,10000.00,0.00,140.00,-1000.00
60,1,0.0667,Sword.Light.1,8.69,-1000.00,90.15,10000.00,100.00,10000.00,0.00,140.00,-1000.00
60,1,0.0833,Sword.Light.1,9.63,-1000.00,90.15,10000.00,100.00,10000.00,0.00,140.00,-1000.00
60,1,0.1000,Sword.Light.1,11.41,-1000.00,90.15,10000.00,100.00,10000.00,0.00,140.00,-1000.00
60,1,0.1167,Sword.Light.1,13.87,-1000.00,90.15,10000.00,100.00,10000.00,0.00,140.00,-1000.00
60,1,0.1333,Sword.Light.1,16.16,-1000.00,90.15,10000.00,100.00,10000.00,0.00,140.00,-1000.00
60,1,0.1500,Sword.Light.1,17.89,-1000.00,90.15,10000.00,100.00,10000.00,0.00,140.00,-1000.00
60,1,0.1667,Sword.Light.1,19.23,-1000.00,90.15,10000.00,100.00,10000.00,0.00,140.00,-1000.00
60,1,0.1833,Sword.Light.1,21.32,-1000.00,90.15,10000.00,100.00,10000.00,0.00,140.00,-1000.00
60,1,0.2000,Sword.Light.1,25.67,-1000.00,90.15,10000.00,100.00,10000.00,0.00,140.00,-1000.00
60,1,0.2167,Sword.Light.1,27.71,-1000.00,90.15,10000.00,100.00,9975.00,0.00,140.00,-1000.00
60,1,0.2333,Sword.Light.1,28.72,-1000.00,90.15,10000.00,100.00,9975.00,0.00,140.00,-1000.00
60,1,0.2500,Sword.Light.1,29.75,-1000.00,90.15,10000.00,100.00,9975.00,0.00,140.00,-1000.00
60,1,0.2667,Sword.Light.1,31.41,-1000.00,90.15,10000.00,100.00,9975.00,0.00,140.00,-1000.00
60,1,0.2833,Sword.Light.1,35.33,-1000.00,90.15,10000.00,100.00,9975.00,0.00,140.00,-1000.00
60,1,0.3000,Sword.Light.1,39.58,-1000.00,90.15,10000.00,100.00,9975.00,0.00,140.00,-1000.00
60,1,0.3167,Sword.Light.1,42.87,-1000.00,90.15,10000.00,100.00,9975.00,0.00,140.00,-1000.00
60,1,0.3333,Sword.Light.1,44.83,-1000.00,90.15,10000.00,100.00,9975.00,0.00,140.00,-1000.00
60,1,0.3500,Sword.Light.1,45.14,-1000.00,90.15,10000.00,100.00,9975.00,0.00,140.00,-1000.00
60,1,0.3667,Sword.Light.1,44.89,-1000.00,90.15,10000.00,100.00,9975.00,0.00,140.00,-1000.00
60,1,0.3833,Sword.Light.1,44.30,-1000.00,90.15,10000.00,100.00,9975.00,0.00,140.00,-1000.00
60,1,0.4000,Sword.Light.1,43.61,-1000.00,90.15,10000.00,100.00,9975.00,0.00,140.00,-1000.00
60,1,0.4167,Sword.Light.1,42.67,-1000.00,90.15,10000.00,100.00,9975.00,0.00,140.00,-1000.00
60,1,0.4333,Sword.Light.1,41.43,-1000.00,90.15,10000.00,100.00,9975.00,0.00,140.00,-1000.00
60,1,0.4500,Sword.Light.1,40.27,-1000.00,90.15,10000.00,100.00,9975.00,0.00,140.00,-1000.00
60,1,0.4667,Sword.Light.1,39.59,-1000.00,90.15,10000.00,100.00,9975.00,0.00,140.00,-1000.00
60,1,0.4833,Sword.Light.1,39.58,-1000.00,90.15,10000.00,100.00,9975.00,0.00,140.00,-1000.00
60,1,0.5000,Sword.Light.1,39.98,-1000.00,90.15,10000.00,100.00,9975.00,0.00,140.00,-1000.00
60,1,0.5167,Sword.Light.1,40.58,-1000.00,90.15,10000.00,100.00,9975.00,0.00,140.00,-1000.00
60,1,0.5333,Sword.Light.1,41.16,-1000.00,90.15,10000.00,100.00,9975.00,0.00,140.00,-1000.00
60,1,0.5500,Sword.Light.1,41.71,-1000.00,90.15,10000.00,100.00,9975.00,0.00,140.00,-1000.00
60,1,0.5667,Sword.Light.1,42.35,-1000.00,90.15,10000.00,100.00,9975.00,0.00,140.00,-1000.00
60,1,0.5833,Sword.Light.2,43.01,-1000.00,90.15,10000.00,100.00,9975.00,0.00,140.00,-1000.00
60,1,0.6000,Sword.Light.2,43.77,-1000.00,90.15,10000.00,100.00,9975.00,0.00,140.00,-1000.00
60,1,0.6167,Sword.Light.2,44.33,-1000.00,90.15,10000.00,100.00,9975.00,0.00,140.00,-1000.00
60,1,0.6333,Sword.Light.2,44.84,-1000.00,90.15,10000.00,100.00,9975.00,0.00,140.00,-1000.00
60,1,0.6500,Sword.Light.2,44.20,-1000.00,90.15,10000.00,100.00,9975.00,0.00,140.00,-1000.00
60,1,0.6667,Sword.Light.2,43.32,-1000.00,90.15,10000.00,100.00,9975.00,0.00,140.00,-1000.00
60,1,0.6833,Sword.Light.2,42.08,-1000.00,90.15,10000.00,100.00,9975.00,0.00,140.00,-1000.00
60,1,0.7000,Sword.Light.2,40.33,-1000.00,90.15,10000.00,100.00,9975.00,0.00,140.00,-1000.00
60,1,0.7167,Sword.Light.2,37.44,-1000.00,90.15,10000.00,100.00,9975.00,0.00,140.00,-1000.00
60,1,0.7333,Sword.Light.2,32.80,-1000.00,90.15,10000.00,100.00,9975.00,0.00,140.00,-1000.00
60,1,0.7500,Sword.Light.2,26.25,-1000.00,90.15,10000.00,100.00,9975.00,0.00,140.00,-1000.00
60,1,0.7667,Sword.Light.2,21.40,-1000.00,90.15,10000.00,100.00,9975.00,0.00,140.00,-1000.00
60,1,0.7833,Sword.Light.2,29.22,-1000.00,90.15,10000.00,100.00,9975.00,0.00,140.00,-1000.00
60,1,0.8000,Sword.Light.2,38.33,-1000.00,90.15,10000.00,100.00,9975.00,0.00,140.00,-1000.00
60,1,0.8167,Sword.Light.2,49.25,-1000.00,90.15,10000.00,100.00,9950.00,0.00,140.00,-1000.00
60,1,0.8333,Sword.Light.2,65.53,-1000.00,90.15,10000.00,100.00,9950.00,0.00,140.00,-1000.00
60,1,0.8500,Sword.Light.2,70.98,-1000.00,90.15,10000.00,100.00,9950.00,0.00,140.00,-1000.00
60,1,0.8667,Sword.Light.2,70.98,-1000.00,90.15,10000.00,100.00,9950.00,0.00,140.00,-1000.00
60,1,0.8833,Sword.Light.2,70.98,-1000.00,90.15,10000.00,100.00,9950.00,0.00,140.00,-1000.00
60,1,0.9000,Sword.Light.2,70.99,-1000.00,90.15,10000.00,100.00,9950.00,0.00,140.00,-1000.00
60,1,0.9167,Sword.Light.2,71.32,-1000.00,90.15,10000.00,100.00,9950.00,0.00,140.00,-1000.00
60,1,0.9333,Sword.Light.2,71.57,-1000.00,90.15,10000.00,100.00,9950.00,0.00,140.00,-1000.00
60,1,0.9500,Sword.Light.2,71.73,-1000.00,90.15,10000.00,100.00,9950.00,0.00,140.00,-1000.00
60,1,0.9667,Sword.Light.2,71.84,-1000.00,90.15,10000.00,100.00,9950.00,0.00,140.00,-1000.00
60,1,0.9833,Sword.Light.2,71.90,-1000.00,90.15,10000.00,100.00,9950.00,0.00,140.00,-1000.00
60,1,1.0000,Sword.Light.2,71.90,-1000.00,90.15,10000.00,100.00,9950.00,0.00,140.00,-1000.00
60,1,1.0167,Sword.Light.2,71.89,-1000.00,90.15,10000.00,100.00,9950.00,0.00,140.00,-1000.00
60,1,1.0333,Sword.Light.2,71.65,-1000.00,90.15,10000.00,100.00,9950.00,0.00,140.00,-1000.00
60,1,1.0500,Sword.Light.2,71.31,-1000.00,90.15,10000.00,100.00,9950.00,0.00,140.00,-1000.00
60,1,1.0667,Sword.Light.2,70.83,-1000.00,90.15,10000.00,100.00,9950.00,0.00,140.00,-1000.00
60,1,1.0833,Sword.Light.2,70.14,-1000.00,90.15,10000.00,100.00,9950.00,0.00,140.00,-1000.00
60,1,1.1000,Sword.Light.2,69.27,-1000.00,90.15,10000.00,100.00,9950.00,0.00,140.00,-1000.00
60,1,1.1167,Sword.Light.2,68.28,-1000.00,90.15,10000.00,100.00,9950.00,0.00,140.00,-1000.00
60,1,1.1333,Sword.Light.2,67.22,-1000.00,90.15,10000.00,100.00,9950.00,0.00,140.00,-1000.00
60,1,1.1500,Sword.Light.2,66.05,-1000.00,90.15,10000.00,100.00,9950.00,0.00,140.00,-1000.00
60,1,1.1667,Sword.Light.3,64.73,-1000.00,90.15,10000.00,100.00,9950.00,0.00,140.00,-1000.00
60,1,1.1833,Sword.Light.3,66.66,-1000.00,90.15,10000.00,100.00,9950.00,0.00,140.00,-1000.00
60,1,1.2000,Sword.Light.3,68.49,-1000.00,90.15,10000.00,100.00,9950.00,0.00,140.00,-1000.00
60,1,1.2167,Sword.Light.3,70.32,-1000.00,90.15,10000.00,100.00,9950.00,0.00,140.00,-1000.00
60,1,1.2333,Sword.Light.3,65.69,-1000.00,90.15,10000.00,100.00,9950.00,0.00,140.00,-1000.00
60,1,1.2500,Sword.Light.3,60.54,-1000.00,90.15,10000.00,100.00,9950.00,0.00,140.00,-1000.00
60,1,1.2667,Sword.Light.3,54.66,-1000.00,90.15,10000.00,100.00,9950.00,0.00,140.00,-1000.00
60,1,1.2833,Sword.Light.3,48.36,-1000.00,90.15,10000.00,100.00,9950.00,0.00,140.00,-1000.00
60,1,1.3000,Sword.Light.3,41.95,-1000.00,90.15,10000.00,100.00,9950.00,0.00,140.00,-1000.00
60,1,1.3167,Sword.Light.3,35.02,-1000.00,90.15,10000.00,100.00,9950.00,0.00,140.00,-1000.00
60,1,1.3333,Sword.Light.3,27.23,-1000.00,90.15,10000.00,100.00,9950.00,0.00,140.00,-1000.00
60,1,1.3500,Sword.Light.3,20.75,-1000.00,90.15,10000.00,100.00,9950.00,0.00,140.00,-1000.00
60,1,1.3667,Sword.Light.3,25.20,-1000.00,90.15,10000.00,100.00,9950.00,0.00,140.00,-1000.00
60,1,1.3833,Sword.Light.3,30.16,-1000.00,90.15,10000.00,100.00,9950.00,0.00,140.00,-1000.00
60,1,1.4000,Sword.Light.3,35.48,-1000.00,90.15,10000.00,100.00,9950.00,0.00,140.00,-1000.00
60,1,1.4167,Sword.Light.3,41.32,-1000.00,90.15,10000.00,100.00,9950.00,0.00,140.00,-1000.00
60,1,1.4333,Sword.Light.3,47.85,-1000.00,90.15,10000.00,100.00,9950.00,0.00,140.00,-1000.00
60,1,1.4500,Sword.Light.3,55.21,-1000.00,90.15,10000.00,100.00,9950.00,0.00,140.00,-1000.00
60,1,1.4667,Sword.Light.3,63.57,-1000.00,90.15,10000.00,100.00,9950.00,0.00,140.00,-1000.00
60,1,1.4833,Sword.Light.3,71.02,-1000.00,90.15,10000.00,100.00,9950.00,0.00,140.00,-1000.00
60,1,1.5000,Sword.Light.3,71.02,-1000.00,90.15,10000.00,100.00,9950.00,0.00,140.00,-1000.00
60,1,1.5167,Sword.Light.3,71.02,-1000.00,90.15,10000.00,100.00,9950.00,0.00,140.00,-1000.00
60,1,1.5333,Sword.Light.3,71.02,-1000.00,90.15,10000.00,100.00,9925.00,0.00,140.00,-1000.00
60,1,1.5500,Sword.Light.3,71.02,-1000.00,90.15,10000.00,100.00,9925.00,0.00,140.00,-1000.00
60,1,1.5667,Sword.Light.3,71.02,-1000.00,90.15,10000.00,100.00,9925.00,0.00,140.00,-1000.00
60,1,1.5833,Sword.Light.3,71.02,-1000.00,90.15,10000.00,100.00,9925.00,0.00,140.00,-1000.00
60,1,1.6000,Sword.Light.3,71.08,-1000.00,90.15,10000.00,100.00,9925.00,0.00,140.00,-1000.00
60,1,1.6167,Sword.Light.3,71.31,-1000.00,90.15,10000.00,100.00,9925.00,0.00,140.00,-1000.00
60,1,1.6333,Sword.Light.3,71.61,-1000.00,90.15,10000.00,100.00,9925.00,0.00,140.00,-1000.00
60,1,1.6500,Sword.Light.3,71.90,-1000.00,90.15,10000.00,100.00,9925.00,0.00,140.00,-1000.00
60,1,1.6667,Sword.Light.3,71.82,-1000.00,90.15,10000.00,100.00,9925.00,0.00,140.00,-1000.00
60,1,1.6833,Sword.Light.3,71.25,-1000.00,90.15,10000.00,100.00,9925.00,0.00,140.00,-1000.00
60,1,1.7000,Sword.Light.3,70.77,-1000.00,90.15,10000.00,100.00,9925.00,0.00,140.00,-1000.00
60,1,1.7167,Sword.Light.3,70.44,-1000.00,90.15,10000.00,100.00,9925.00,0.00,140.00,-1000.00
60,1,1.7333,Sword.Light.3,69.95,-1000.00,90.15,10000.00,100.00,9925.00,0.00,140.00,-1000.00
60,1,1.7500,Sword.Light.3,69.44,-1000.00,90.15,10000.00,100.00,9925.00,0.00,140.00,-1000.00
60,1,1.7667,Sword.Light.3,69.02,-1000.00,90.15,10000.00,100.00,9925.00,0.00,140.00,-1000.00
60,1,1.7833,Sword.Light.3,68.68,-1000.00,90.15,10000.00,100.00,9925.00,0.00,140.00,-1000.00
60,1,1.8000,Sword.Light.3,68.39,-1000.00,90.15,10000.00,100.00,9925.00,0.00,140.00,-1000.00
60,1,1.8167,Sword.Light.3,68.18,-1000.00,90.15,10000.00,100.00,9925.00,0.00,140.00,-1000.00
60,1,1.8333,Sword.Light.3,68.10,-1000.00,90.15,10000.00,100.00,9925.00,0.00,140.00,-1000.00
60,1,1.8500,Sword.Light.4,68.12,-1000.00,90.15,10000.00,100.00,9925.00,0.00,140.00,-1000.00
60,1,1.8667,Sword.Light.4,68.62,-1000.00,90.15,10000.00,100.00,9925.00,0.00,140.00,-1000.00
60,1,1.8833,Sword.Light.4,68.65,-1000.00,90.15,10000.00,100.00,9925.00,0.00,140.00,-1000.00
60,1,1.9000,Sword.Light.4,68.49,-1000.00,90.15,10000.00,100.00,9925.00,0.00,140.00,-1000.00
60,1,1.9167,Sword.Light.4,68.60,-1000.00,90.15,10000.00,100.00,9925.00,0.00,140.00,-1000.00
60,1,1.9333,Sword.Light.4,68.08,-1000.00,90.15,10000.00,100.00,9925.00,0.00,140.00,-1000.00
60,1,1.9500,Sword.Light.4,66.45,-1000.00,90.15,10000.00,100.00,9925.00,0.00,140.00,-1000.00
60,1,1.9667,Sword.Light.4,63.22,-1000.00,90.15,10000.00,100.00,9925.00,0.00,140.00,-1000.00
60,1,1.9833,Sword.Light.4,57.94,-1000.00,90.15,10000.00,100.00,9925.00,0.00,140.00,-1000.00
60,1,2.0000,Sword.Light.4,48.22,-1000.00,90.15,10000.00,100.00,9925.00,0.00,140.00,-1000.00
60,1,2.0167,Sword.Light.4,33.63,-1000.00,90.15,10000.00,100.00,9925.00,0.00,140.00,-1000.00
60,1,2.0333,Sword.Light.4,22.03,-1000.00,90.15,10000.00,100.00,9925.00,0.00,140.00,-1000.00
60,1,2.0500,Sword.Light.4,32.20,-1000.00,90.15,10000.00,100.00,9925.00,0.00,140.00,-1000.00
60,1,2.0667,Sword.Light.4,40.92,-1000.00,90.15,10000.00,100.00,9925.00,0.00,140.00,-1000.00
60,1,2.0833,Sword.Light.4,48.19,-1000.00,90.15,10000.00,100.00,9925.00,0.00,140.00,-1000.00
60,1,2.1000,Sword.Light.4,55.07,-1000.00,90.15,10000.00,100.00,9925.00,0.00,140.00,-1000.00
60,1,2.1167,Sword.Light.4,61.61,-1000.00,90.15,10000.00,100.00,9925.00,0.00,140.00,-1000.00
60,1,2.1333,Sword.Light.4,67.87,-1000.00,90.15,10000.00,100.00,9925.00,0.00,140.00,-1000.00
60,1,2.1500,Sword.Light.4,71.39,-1000.00,90.15,10000.00,100.00,9925.00,0.00,140.00,-1000.00
60,1,2.1667,Sword.Light.4,71.40,-1000.00,90.15,10000.00,100.00,9925.00,0.00,140.00,-1000.00
60,1,2.1833,Sword.Light.4,71.41,-1000.00,90.15,10000.00,100.00,9925.00,0.00,140.00,-1000.00
60,1,2.2000,Sword.Light.4,71.42,-1000.00,90.15,10000.00,100.00,9925.00,0.00,140.00,-1000.00
60,1,2.2167,Sword.Light.4,71.45,-1000.00,90.15,10000.00,100.00,9925.00,0.00,140.00,-1000.00
60,1,2.2333,Sword.Light.4,71.47,-1000.00,90.15,10000.00,100.00,9925.00,0.00,140.00,-1000.00
60,1,2.2500,Sword.Light.4,71.51,-1000.00,90.15,10000.00,100.00,9925.00,0.00,140.00,-1000.00
60,1,2.2667,Sword.Light.4,71.55,-1000.00,90.15,10000.00,100.00,9925.00,0.00,140.00,-1000.00
60,1,2.2833,Sword.Light.4,71.65,-1000.00,90.15,10000.00,100.00,9891.25,0.00,140.00,-1000.00
60,1,2.3000,Sword.Light.4,71.75,-1000.00,90.15,10000.00,100.00,9891.25,0.00,140.00,-1000.00
60,1,2.3167,Sword.Light.4,71.79,-1000.00,90.15,10000.00,100.00,9891.25,0.00,140.00,-1000.00
60,1,2.3333,Sword.Light.4,71.79,-1000.00,90.15,10000.00,100.00,9891.25,0.00,140.00,-1000.00
60,1,2.3500,Sword.Light.4,71.79,-1000.00,90.15,10000.00,100.00,9891.25,0.00,140.00,-1000.00
60,1,2.3667,Sword.Light.4,71.79,-1000.00,90.15,10000.00,100.00,9891.25,0.00,140.00,-1000.00
60,1,2.3833,Sword.Light.4,71.79,-1000.00,90.15,10000.00,100.00,9891.25,0.00,140.00,-1000.00
60,1,2.4000,Sword.Light.4,71.90,-1000.00,90.15,10000.00,100.00,9891.25,0.00,140.00,-1000.00
60,1,2.4167,Sword.Light.4,69.14,-1000.00,90.15,10000.00,100.00,9891.25,0.00,140.00,-1000.00
60,1,2.4333,Sword.Light.4,63.88,-1000.00,90.15,10000.00,100.00,9891.25,0.00,140.00,-1000.00
60,1,2.4500,Sword.Light.4,58.35,-1000.00,90.15,10000.00,100.00,9891.25,0.00,140.00,-1000.00
60,1,2.4667,Sword.Light.4,54.71,-1000.00,90.15,10000.00,100.00,9891.25,0.00,140.00,-1000.00
60,1,2.4833,Sword.Light.4,53.80,-1000.00,90.15,10000.00,100.00,9891.25,0.00,140.00,-1000.00
60,1,2.5000,Sword.Light.4,54.36,-1000.00,90.15,10000.00,100.00,9891.25,0.00,140.00,-1000.00
60,1,2.5167,Sword.Light.4,55.51,-1000.00,90.15,10000.00,100.00,9891.25,0.00,140.00,-1000.00
60,1,2.5333,Sword.Light.4,56.39,-1000.00,90.15,10000.00,100.00,9891.25,0.00,140.00,-1000.00
60,1,2.5500,Sword.Light.4,56.84,-1000.00,90.15,10000.00,100.00,9891.25,0.00,140.00,-1000.00
60,1,2.5667,Sword.Light.4,57.33,-1000.00,90.15,10000.00,100.00,9891.25,0.00,140.00,-1000.00
60,1,2.5833,Sword.Light.4,57.83,-1000.00,90.15,10000.00,100.00,9891.25,0.00,140.00,-1000.00
60,1,2.6000,Sword.Light.4,58.33,-1000.00,90.15,10000.00,100.00,9891.25,0.00,140.00,-1000.00
60,1,2.6167,Sword.Light.4,58.81,-1000.00,90.15,10000.00,100.00,9891.25,0.00,140.00,-1000.00
60,1,2.6333,Sword.Light.4,59.27,-1000.00,90.15,10000.00,100.00,9891.25,0.00,140.00,-1000.00
60,1,2.6500,Sword.Light.4,59.68,-1000.00,90.15,10000.00,100.00,9891.25,0.00,140.00,-1000.00
60,1,2.6667,Sword.Light.4,60.04,-1000.00,90.15,10000.00,100.00,9891.25,0.00,140.00,-1000.00
60,1,2.6833,Sword.Light.4,60.39,-1000.00,90.15,10000.00,100.00,9891.25,0.00,140.00,-1000.00
60,1,2.7000,Sword.Light.4,60.80,-1000.00,90.15,10000.00,100.00,9891.25,0.00,140.00,-1000.00
60,1,2.7167,Sword.Light.4,61.23,-1000.00,90.15,10000.00,100.00,9891.25,0.00,140.00,-1000.00
60,1,2.7333,Sword.Light.4,61.66,-1000.00,90.15,10000.00,100.00,9891.25,0.00,140.00,-1000.00
60,1,2.7500,Sword.Light.4,62.06,-1000.00,90.15,10000.00,100.00,9891.25,0.00,140.00,-1000.00
60,1,2.7667,Sword.Light.4,62.42,-1000.00,90.15,10000.00,100.00,9891.25,0.00,140.00,-1000.00
60,1,2.7833,Sword.Light.4,62.70,-1000.00,90.15,10000.00,100.00,9891.25,0.00,140.00,-1000.00
60,1,2.8000,Sword.Light.4,62.87,-1000.00,90.15,10000.00,100.00,9891.25,0.00,140.00,-1000.00
60,1,2.8167,Sword.Light.4,62.92,-1000.00,90.15,10000.00,100.00,9891.25,0.00,140.00,-1000.00
60,1,2.8333,Sword.Light.4,62.82,-1000.00,90.15,10000.00,100.00,9891.25,0.00,140.00,-1000.00
60,1,2.8500,Sword.Light.4,62.55,-1000.00,90.15,10000.00,100.00,9891.25,0.00,140.00,-1000.00
60,1,2.8667,Sword.Light.4,62.04,-1000.00,90.15,10000.00,100.00,9891.25,0.00,140.00,-1000.00
60,1,2.8833,Sword.Light.4,61.29,-1000.00,90.15,10000.00,100.00,9891.25,0.00,140.00,-1000.00
60,1,2.9000,Sword.Light.4,60.36,-1000.00,90.15,10000.00,100.00,9891.25,0.00,140.00,-1000.00
60,1,2.9167,Sword.Light.4,59.29,-1000.00,90.15,10000.00,100.00,9891.25,0.00,140.00,-1000.00
60,1,2.9333,Sword.Light.4,58.12,-1000.00,90.15,10000.00,100.00,9891.25,0.00,140.00,-1000.00
60,1,2.9500,Sword.Light.4,56.91,-1000.00,90.15,10000.00,100.00,9891.25,0.00,140.00,-1000.00
60,1,2.9667,Sword.Light.4,55.70,-1000.00,90.15,10000.00,100.00,9891.25,0.00,140.00,-1000.00
60,1,2.9833,Sword.Light.4,54.53,-1000.00,90.15,10000.00,100.00,9891.25,0.00,140.00,-1000.00
60,1,3.0000,Sword.Light.4,53.47,-1000.00,90.15,10000.00,100.00,9891.25,0.00,140.00,-1000.00
60,1,3.0167,Sword.Light.4,52.55,-1000.00,90.15,10000.00,100.00,9891.25,0.00,140.00,-1000.00
60,1,3.0333,Sword.Light.4,51.82,-1000.00,90.15,10000.00,100.00,9891.25,0.00,140.00,-1000.00
60,1,3.0500,Sword.Light.4,51.37,-1000.00,90.15,10000.00,100.00,9891.25,0.00,140.00,-1000.00
60,1,3.0667,Sword.Light.4,51.23,-1000.00,90.15,10000.00,100.00,9891.25,0.00,140.00,-1000.00
60,1,3.0833,Sword.Light.4,51.30,-1000.00,90.15,10000.00,100.00,9891.25,0.00,140.00,-1000.00
60,1,3.1000,Sword.Light.4,51.51,-1000.00,90.15,10000.00,100.00,9891.25,0.00,140.00,-1000.00
60,1,3.1167,Sword.Light.4,51.77,-1000.00,90.15,10000.00,100.00,9891.25,0.00,140.00,-1000.00
60,1,3.1333,Sword.Light.4,52.00,-1000.00,90.15,10000.00,100.00,9891.25,0.00,140.00,-1000.00
60,1,3.1500,Sword.Light.4,52.20,-1000.00,90.15,10000.00,100.00,9891.25,0.00,140.00,-1000.00
60,1,3.1667,Sword.Light.4,52.41,-1000.00,90.15,10000.00,100.00,9891.25,0.00,140.00,-1000.00
60,1,3.1833,Sword.Light.4,52.62,-1000.00,90.15,10000.00,100.00,9891.25,0.00,140.00,-1000.00
60,1,3.2000,Sword.Light.4,52.86,-1000.00,90.15,10000.00,100.00,9891.25,0.00,140.00,-1000.00
60,1,3.2167,Sword.Light.4,53.10,-1000.00,90.15,10000.00,100.00,9891.25,0.00,140.00,-1000.00
60,1,3.2333,Sword.Light.4,53.37,-1000.00,90.15,10000.00,100.00,9891.25,0.00,140.00,-1000.00
60,1,3.2500,Sword.Light.4,53.64,-1000.00,90.15,10000.00,100.00,9891.25,0.00,140.00,-1000.00
60,1,3.2667,Sword.Light.4,53.92,-1000.00,90.15,10000.00,100.00,9891.25,0.00,140.00,-1000.00
60,1,3.2833,Sword.Light.4,54.22,-1000.00,90.15,10000.00,100.00,9891.25,0.00,140.00,-1000.00
60,1,3.3000,Sword.Light.4,54.53,-1000.00,90.15,10000.00,100.00,9891.25,0.00,140.00,-1000.00
60,1,3.3167,Sword.Light.4,54.84,-1000.00,90.15,10000.00,100.00,9891.25,0.00,140.00,-1000.00
60,1,3.3333,Sword.Light.4,55.16,-1000.00,90.15,10000.00,100.00,9891.25,0.00,140.00,-1000.00
60,1,3.3500,Sword.Light.4,55.51,-1000.00,90.15,10000.00,100.00,9891.25,0.00,140.00,-1000.00
60,1,3.3667,Sword.Light.4,55.90,-1000.00,90.15,10000.00,100.00,9891.25,0.00,140.00,-1000.00
60,1,3.3833,Sword.Light.4,56.32,-1000.00,90.15,10000.00,100.00,9891.25,0.00,140.00,-1000.00
60,1,3.4000,Sword.Light.4,56.75,-1000.00,90.15,10000.00,100.00,9891.25,0.00,140.00,-1000.00
60,1,3.4167,Sword.Light.4,57.19,-1000.00,90.15,10000.00,100.00,9891.25,0.00,140.00,-1000.00
60,1,3.4333,Sword.Light.4,57.63,-1000.00,90.15,10000.00,100.00,9891.25,0.00,140.00,-1000.00
60,1,3.4500,Sword.Light.4,58.07,-1000.00,90.15,10000.00,100.00,9891.25,0.00,140.00,-1000.00
60,1,3.4667,Sword.Light.4,58.48,-1000.00,90.15,10000.00,100.00,9891.25,0.00,140.00,-1000.00
60,1,3.4833,Sword.Light.4,58.87,-1000.00,90.15,10000.00,100.00,9891.25,0.00,140.00,-1000.00
60,1,3.5000,Sword.Light.4,59.21,-1000.00,90.15,10000.00,100.00,9891.25,0.00,140.00,-1000.00
60,1,3.5167,Sword.Light.4,59.52,-1000.00,90.15,10000.00,100.00,9891.25,0.00,140.00,-1000.00
60,1,3.5333,Sword.Light.4,59.52,-1000.00,90.15,10000.00,100.00,9891.25,0.00,140.00,-1000.00
60,1,3.5500,Sword.Light.4,59.52,-1000.00,90.15,10000.00,100.00,9891.25,0.00,140.00,-1000.00
60,1,3.5667,Sword.Light.4,59.52,-1000.00,90.15,10000.00,100.00,9891.25,0.00,140.00,-1000.00
60,1,3.5833,Sword.Light.4,59.52,-1000.00,90.15,10000.00,100.00,9891.25,0.00,140.00,-1000.00
60,1,3.6000,Sword.Light.4,59.52,-1000.00,90.15,10000.00,100.00,9891.25,0.00,140.00,-1000.00
60,1,3.6167,Sword.Light.4,59.52,-1000.00,90.15,10000.00,100.00,9891.25,0.00,140.00,-1000.00
60,1,3.6333,Sword.Light.4,59.52,-1000.00,90.15,10000.00,100.00,9891.25,0.00,140.00,-1000.00
60,1,3.6500,Sword.Light.4,59.52,-1000.00,90.15,10000.00,100.00,9891.25,0.00,140.00,-1000.00
60,1,3.6667,Sword.Light.4,59.52,-1000.00,90.15,10000.00,100.00,9891.25,0.00,140.00,-1000.00
60,1,3.6833,Sword.Light.4,59.52,-1000.00,90.15,10000.00,100.00,9891.25,0.00,140.00,-1000.00
60,1,3.7000,Sword.Light.4,59.52,-1000.00,90.15,10000.00,100.00,9891.25,0.00,140.00,-1000.00
60,1,3.7167,Sword.Light.4,59.52,-1000.00,90.15,10000.00,100.00,9891.25,0.00,140.00,-1000.00
60,1,3.7333,Sword.Light.4,59.52,-1000.00,90.15,10000.00,100.00,9891.25,0.00,140.00,-1000.00
60,1,3.7500,None,59.52,-1000.00,90.15,10000.00,100.00,9891.25,0.00,140.00,-1000.00
60,1,3.7667,None,59.52,-1000.00,90.15,10000.00,100.00,9891.25,0.00,140.00,-1000.00
60,1,3.7833,None,59.52,-1000.00,90.15,10000.00,100.00,9891.25,0.00,140.00,-1000.00
60,1,3.8000,None,59.52,-1000.00,90.15,10000.00,100.00,9891.25,0.00,140.00,-1000.00
60,1,3.8167,None,59.52,-1000.00,90.15,10000.00,100.00,9891.25,0.00,140.00,-1000.00
60,1,3.8333,None,59.52,-1000.00,90.15,10000.00,100.00,9891.25,0.00,140.00,-1000.00
60,1,3.8500,None,59.52,-1000.00,90.15,10000.00,100.00,9891.25,0.00,140.00,-1000.00
60,1,3.8667,None,59.52,-1000.00,90.15,10000.00,100.00,9891.25,0.00,140.00,-1000.00
60,1,3.8833,None,59.52,-1000.00,90.15,10000.00,100.00,9891.25,0.00,140.00,-1000.00
60,1,3.9000,None,59.52,-1000.00,90.15,10000.00,100.00,9891.25,0.00,140.00,-1000.00
60,1,3.9167,None,59.52,-1000.00,90.15,10000.00,100.00,9891.25,0.00,140.00,-1000.00
60,1,3.9333,None,59.52,-1000.00,90.15,10000.00,100.00,9891.25,0.00,140.00,-1000.00
60,1,3.9500,None,59.52,-1000.00,90.15,10000.00,100.00,9891.25,0.00,140.00,-1000.00
60,1,3.9667,None,59.52,-1000.00,90.15,10000.00,100.00,9891.25,0.00,140.00,-1000.00
60,1,3.9833,None,59.52,-1000.00,90.15,10000.00,100.00,9891.25,0.00,140.00,-1000.00
60,1,4.0000,None,59.52,-1000.00,90.15,10000.00,100.00,9891.25,0.00,140.00,-1000.00
60,1,4.0167,None,59.52,-1000.00,90.15,10000.00,100.00,9891.25,0.00,140.00,-1000.00
60,2,0.0167,Sword.Dodge.F,-4.37,-1000.00,90.15,10000.00,70.00,10000.00,0.00,-1400.00,1200.00
60,2,0.0333,Sword.Dodge.F,-10.62,-1000.00,90.15,10000.00,70.00,10000.00,0.00,-1400.00,1200.00
60,2,0.0500,Sword.Dodge.F,-13.11,-1000.00,90.15,10000.00,70.00,10000.00,0.00,-1400.00,1200.00
60,2,0.0667,Sword.Dodge.F,-6.22,-1000.00,90.15,10000.00,70.00,10000.00,0.00,-1400.00,1200.00
60,2,0.0833,Sword.Dodge.F,12.15,-1000.00,90.15,10000.00,70.00,10000.00,0.00,-1400.00,1200.00
60,2,0.1000,Sword.Dodge.F,37.81,-1000.00,90.15,10000.00,70.00,10000.00,0.00,-1400.00,1200.00
60,2,0.1167,Sword.Dodge.F,67.04,-1000.00,90.15,10000.00,70.00,10000.00,0.00,-1400.00,1200.00
60,2,0.1333,Sword.Dodge.F,96.08,-1000.00,90.15,10000.00,70.00,10000.00,0.00,-1400.00,1200.00
60,2,0.1500,Sword.Dodge.F,121.19,-1000.00,90.15,10000.00,70.00,10000.00,0.00,-1400.00,1200.00
60,2,0.1667,Sword.Dodge.F,142.96,-1000.00,90.15,10000.00,70.00,10000.00,0.00,-1400.00,1200.00
60,2,0.1833,Sword.Dodge.F,164.30,-1000.00,90.15,10000.00,70.00,10000.00,0.00,-1400.00,1200.00
60,2,0.2000,Sword.Dodge.F,184.98,-1000.00,90.15,10000.00,70.00,10000.00,0.00,-1400.00,1200.00
60,2,0.2167,Sword.Dodge.F,204.78,-1000.00,90.15,10000.00,70.00,10000.00,0.00,-1400.00,1200.00
60,2,0.2333,Sword.Dodge.F,223.47,-1000.00,90.15,10000.00,70.00,10000.00,0.00,-1400.00,1200.00
60,2,0.2500,Sword.Dodge.F,240.81,-1000.00,90.15,10000.00,70.00,10000.00,0.00,-1400.00,1200.00
60,2,0.2667,Sword.Dodge.F,256.59,-1000.00,90.15,10000.00,70.00,10000.00,0.00,-1400.00,1200.00
60,2,0.2833,Sword.Dodge.F,270.75,-1000.00,90.15,10000.00,70.00,10000.00,0.00,-1400.00,1200.00
60,2,0.3000,Sword.Dodge.F,283.61,-1000.00,90.15,10000.00,70.00,10000.00,0.00,-1400.00,1200.00
60,2,0.3167,Sword.Dodge.F,295.44,-1000.00,90.15,10000.00,70.00,10000.00,0.00,-1400.00,1200.00
60,2,0.3333,Sword.Dodge.F,306.50,-1000.00,90.15,10000.00,70.00,10000.00,0.00,-1400.00,1200.00
60,2,0.3500,Sword.Dodge.F,317.07,-1000.00,90.15,10000.00,70.00,10000.00,0.00,-1400.00,1200.00
60,2,0.3667,Sword.Dodge.F,327.40,-1000.00,90.15,10000.00,70.00,10000.00,0.00,-1400.00,1200.00
60,2,0.3833,Sword.Dodge.F,337.77,-1000.00,90.15,10000.00,70.00,10000.00,0.00,-1400.00,1200.00
60,2,0.4000,Sword.Dodge.F,348.46,-1000.00,90.15,10000.00,70.00,10000.00,0.00,-1400.00,1200.00
60,2,0.4167,Sword.Dodge.F,359.73,-1000.00,90.15,10000.00,70.00,10000.00,0.00,-1400.00,1200.00
60,2,0.4333,Sword.Dodge.F,371.89,-1000.00,90.15,10000.00,70.00,10000.00,0.00,-1400.00,1200.00
60,2,0.4500,Sword.Dodge.F,384.63,-1000.00,90.15,10000.00,70.00,10000.00,0.00,-1400.00,1200.00
60,2,0.4667,Sword.Dodge.F,397.28,-1000.00,90.15,10000.00,70.00,10000.00,0.00,-1400.00,1200.00
60,2,0.4833,Sword.Dodge.F,409.18,-1000.00,90.15,10000.00,70.00,10000.00,0.00,-1400.00,1200.00
60,2,0.5000,Sword.Dodge.F,419.63,-1000.00,90.15,10000.00,70.00,10000.00,0.00,-1400.00,1200.00
60,2,0.5167,Sword.Dodge.F,428.75,-1000.00,90.15,10000.00,70.00,10000.00,0.00,-1400.00,1200.00
60,2,0.5333,Sword.Dodge.F,437.09,-1000.00,90.15,10000.00,70.00,10000.00,0.00,-1400.00,1200.00
60,2,0.5500,Sword.Dodge.F,444.75,-1000.00,90.15,10000.00,70.00,10000.00,0.00,-1400.00,1200.00
60,2,0.5667,Sword.Dodge.F,451.80,-1000.00,90.15,10000.00,70.00,10000.00,0.00,-1400.00,1200.00
60,2,0.5833,Sword.Dodge.F,458.33,-1000.00,90.15,10000.00,70.00,10000.00,0.00,-1400.00,1200.00
60,2,0.6000,Sword.Dodge.F,464.42,-1000.00,90.15,10000.00,70.00,10000.00,0.00,-1400.00,1200.00
60,2,0.6167,Sword.Dodge.F,468.89,-1000.00,90.15,10000.00,70.00,10000.00,0.00,-1400.00,1200.00
60,2,0.6333,Sword.Dodge.F,471.27,-1000.00,90.15,10000.00,70.00,10000.00,0.00,-1400.00,1200.00
60,2,0.6500,Sword.Dodge.F,472.69,-1000.00,90.15,10000.00,70.00,10000.00,0.00,-1400.00,1200.00
60,2,0.6667,Sword.Dodge.F,473.93,-1000.00,90.15,10000.00,70.00,10000.00,0.00,-1400.00,1200.00
60,2,0.6833,Sword.Dodge.F,475.01,-1000.00,90.15,10000.00,70.00,10000.00,0.00,-1400.00,1200.00
60,2,0.7000,Sword.Dodge.F,475.97,-1000.00,90.15,10000.00,70.00,10000.00,0.00,-1400.00,1200.00
60,2,0.7167,Sword.Dodge.F,476.78,-1000.00,90.15,10000.00,70.00,10000.00,0.00,-1400.00,1200.00
60,2,0.7333,Sword.Dodge.F,477.48,-1000.00,90.15,10000.00,70.00,10000.00,0.00,-1400.00,1200.00
60,2,0.7500,Sword.Dodge.F,478.06,-1000.00,90.15,10000.00,70.00,10000.00,0.00,-1400.00,1200.00
60,2,0.7667,Sword.Dodge.F,478.55,-1000.00,90.15,10000.00,70.00,10000.00,0.00,-1400.00,1200.00
60,2,0.7833,Sword.Dodge.F,478.55,-1000.00,90.15,10000.00,70.00,10000.00,0.00,-1400.00,1200.00
60,2,0.8000,Sword.Dodge.F,478.55,-1000.00,90.15,10000.00,70.00,10000.00,0.00,-1400.00,1200.00
60,2,0.8167,Sword.Dodge.F,478.55,-1000.00,90.15,10000.00,70.00,10000.00,0.00,-1400.00,1200.00
60,2,0.8333,Sword.Dodge.F,478.55,-1000.00,90.15,10000.00,70.00,10000.00,0.00,-1400.00,1200.00
60,2,0.8500,Sword.Dodge.F,478.55,-1000.00,90.15,10000.00,70.00,10000.00,0.00,-1400.00,1200.00
60,2,0.8667,Sword.Dodge.F,478.55,-1000.00,90.15,10000.00,70.00,10000.00,0.00,-1400.00,1200.00
60,2,0.8833,Sword.Dodge.F,478.55,-1000.00,90.15,10000.00,70.00,10000.00,0.00,-1400.00,1200.00
60,2,0.9000,Sword.Dodge.F,478.55,-1000.00,90.15,10000.00,70.00,10000.00,0.00,-1400.00,1200.00
60,2,0.9167,Sword.Dodge.F,478.55,-1000.00,90.15,10000.00,70.00,10000.00,0.00,-1400.00,1200.00
60,2,0.9333,Sword.Dodge.F,478.55,-1000.00,90.15,10000.00,70.00,10000.00,0.00,-1400.00,1200.00
60,2,0.9500,Sword.Dodge.F,478.55,-1000.00,90.15,10000.00,70.00,10000.00,0.00,-1400.00,1200.00
60,2,0.9667,Sword.Dodge.F,478.55,-1000.00,90.15,10000.00,70.00,10000.00,0.00,-1400.00,1200.00
60,2,0.9833,Sword.Dodge.F,478.55,-1000.00,90.15,10000.00,70.00,10000.00,0.00,-1400.00,1200.00
60,2,1.0000,None,478.55,-1000.00,90.15,10000.00,70.42,10000.00,0.00,-1400.00,1200.00
60,2,1.0167,None,478.55,-1000.00,90.15,10000.00,70.83,10000.00,0.00,-1400.00,1200.00
60,2,1.0333,None,478.55,-1000.00,90.15,10000.00,71.25,10000.00,0.00,-1400.00,1200.00
60,2,1.0500,None,478.55,-1000.00,90.15,10000.00,71.67,10000.00,0.00,-1400.00,1200.00
60,2,1.0667,None,478.55,-1000.00,90.15,10000.00,72.08,10000.00,0.00,-1400.00,1200.00
60,2,1.0833,None,478.55,-1000.00,90.15,10000.00,72.50,10000.00,0.00,-1400.00,1200.00
60,2,1.1000,None,478.55,-1000.00,90.15,10000.00,72.92,10000.00,0.00,-1400.00,1200.00
60,2,1.1167,None,478.55,-1000.00,90.15,10000.00,73.33,10000.00,0.00,-1400.00,1200.00
60,2,1.1333,None,478.55,-1000.00,90.15,10000.00,73.75,10000.00,0.00,-1400.00,1200.00
60,2,1.1500,None,478.55,-1000.00,90.15,10000.00,74.17,10000.00,0.00,-1400.00,1200.00
60,3,0.0167,Sword.Dodge.B,-2.00,-1000.00,90.15,10000.00,70.00,10000.00,0.00,-1400.00,1200.00
60,3,0.0333,Sword.Dodge.B,-3.20,-1000.00,90.15,10000.00,70.00,10000.00,0.00,-1400.00,1200.00
60,3,0.0500,Sword.Dodge.B,-6.02,-1000.00,90.15,10000.00,70.00,10000.00,0.00,-1400.00,1200.00
60,3,0.0667,Sword.Dodge.B,-12.93,-1000.00,90.15,10000.00,70.00,10000.00,0.00,-1400.00,1200.00
60,3,0.0833,Sword.Dodge.B,-24.75,-1000.00,90.15,10000.00,70.00,10000.00,0.00,-1400.00,1200.00
60,3,0.1000,Sword.Dodge.B,-40.10,-1000.00,90.15,10000.00,70.00,10000.00,0.00,-1400.00,1200.00
60,3,0.1167,Sword.Dodge.B,-58.18,-1000.00,90.15,10000.00,70.00,10000.00,0.00,-1400.00,1200.00
60,3,0.1333,Sword.Dodge.B,-78.16,-1000.00,90.15,10000.00,70.00,10000.00,0.00,-1400.00,1200.00
60,3,0.1500,Sword.Dodge.B,-99.71,-1000.00,90.15,10000.00,70.00,10000.00,0.00,-1400.00,1200.00
60,3,0.1667,Sword.Dodge.B,-122.67,-1000.00,90.15,10000.00,70.00,10000.00,0.00,-1400.00,1200.00
60,3,0.1833,Sword.Dodge.B,-146.61,-1000.00,90.15,10000.00,70.00,10000.00,0.00,-1400.00,1200.00
60,3,0.2000,Sword.Dodge.B,-171.07,-1000.00,90.15,10000.00,70.00,10000.00,0.00,-1400.00,1200.00
60,3,0.2167,Sword.Dodge.B,-195.59,-1000.00,90.15,10000.00,70.00,10000.00,0.00,-1400.00,1200.00
60,3,0.2333,Sword.Dodge.B,-219.74,-1000.00,90.15,10000.00,70.00,10000.00,0.00,-1400.00,1200.00
60,3,0.2500,Sword.Dodge.B,-244.17,-1000.00,90.15,10000.00,70.00,10000.00,0.00,-1400.00,1200.00
60,3,0.2667,Sword.Dodge.B,-269.59,-1000.00,90.15,10000.00,70.00,10000.00,0.00,-1400.00,1200.00
60,3,0.2833,Sword.Dodge.B,-295.59,-1000.00,90.15,10000.00,70.00,10000.00,0.00,-1400.00,1200.00
60,3,0.3000,Sword.Dodge.B,-321.75,-1000.00,90.15,10000.00,70.00,10000.00,0.00,-1400.00,1200.00
60,3,0.3167,Sword.Dodge.B,-347.66,-1000.00,90.15,10000.00,70.00,10000.00,0.00,-1400.00,1200.00
60,3,0.3333,Sword.Dodge.B,-372.91,-1000.00,90.15,10000.00,70.00,10000.00,0.00,-1400.00,1200.00
60,3,0.3500,Sword.Dodge.B,-397.07,-1000.00,90.15,10000.00,70.00,10000.00,0.00,-1400.00,1200.00
60,3,0.3667,Sword.Dodge.B,-419.76,-1000.00,90.15,10000.00,70.00,10000.00,0.00,-1400.00,1200.00
60,3,0.3833,Sword.Dodge.B,-440.55,-1000.00,90.15,10000.00,70.00,10000.00,0.00,-1400.00,1200.00
60,3,0.4000,Sword.Dodge.B,-459.02,-1000.00,90.15,10000.00,70.00,10000.00,0.00,-1400.00,1200.00
60,3,0.4167,Sword.Dodge.B,-473.19,-1000.00,90.15,10000.00,70.00,10000.00,0.00,-1400.00,1200.00
60,3,0.4333,Sword.Dodge.B,-482.23,-1000.00,90.15,10000.00,70.00,10000.00,0.00,-1400.00,1200.00
60,3,0.4500,Sword.Dodge.B,-487.52,-1000.00,90.15,10000.00,70.00,10000.00,0.00,-1400.00,1200.00
60,3,0.4667,Sword.Dodge.B,-490.45,-1000.00,90.15,10000.00,70.00,10000.00,0.00,-1400.00,1200.00
60,3,0.4833,Sword.Dodge.B,-492.36,-1000.00,90.15,10000.00,70.00,10000.00,0.00,-1400.00,1200.00
60,3,0.5000,Sword.Dodge.B,-494.65,-1000.00,90.15,10000.00,70.00,10000.00,0.00,-1400.00,1200.00
60,3,0.5167,Sword.Dodge.B,-496.70,-1000.00,90.15,10000.00,70.00,10000.00,0.00,-1400.00,1200.00
60,3,0.5333,Sword.Dodge.B,-497.31,-1000.00,90.15,10000.00,70.00,10000.00,0.00,-1400.00,1200.00
60,3,0.5500,Sword.Dodge.B,-496.91,-1000.00,90.15,10000.00,70.00,10000.00,0.00,-1400.00,1200.00
60,3,0.5667,Sword.Dodge.B,-495.96,-1000.00,90.15,10000.00,70.00,10000.00,0.00,-1400.00,1200.00
60,3,0.5833,Sword.Dodge.B,-494.90,-1000.00,90.15,10000.00,70.00,10000.00,0.00,-1400.00,1200.00
60,3,0.6000,Sword.Dodge.B,-494.17,-1000.00,90.15,10000.00,70.00,10000.00,0.00,-1400.00,1200.00
60,3,0.6167,Sword.Dodge.B,-493.70,-1000.00,90.15,10000.00,70.00,10000.00,0.00,-1400.00,1200.00
60,3,0.6333,Sword.Dodge.B,-493.14,-1000.00,90.15,10000.00,70.00,10000.00,0.00,-1400.00,1200.00
60,3,0.6500,Sword.Dodge.B,-492.50,-1000.00,90.15,10000.00,70.00,10000.00,0.00,-1400.00,1200.00
60,3,0.6667,Sword.Dodge.B,-491.81,-1000.00,90.15,10000.00,70.00,10000.00,0.00,-1400.00,1200.00
60,3,0.6833,Sword.Dodge.B,-491.08,-1000.00,90.15,10000.00,70.00,10000.00,0.00,-1400.00,1200.00
60,3,0.7000,Sword.Dodge.B,-490.33,-1000.00,90.15,10000.00,70.00,10000.00,0.00,-1400.00,1200.00
60,3,0.7167,Sword.Dodge.B,-489.58,-1000.00,90.15,10000.00,70.00,10000.00,0.00,-1400.00,1200.00
60,3,0.7333,Sword.Dodge.B,-488.84,-1000.00,90.15,10000.00,70.00,10000.00,0.00,-1400.00,1200.00
60,3,0.7500,Sword.Dodge.B,-488.05,-1000.00,90.15,10000.00,70.00,10000.00,0.00,-1400.00,1200.00
60,3,0.7667,Sword.Dodge.B,-487.18,-1000.00,90.15,10000.00,70.00,10000.00,0.00,-1400.00,1200.00
60,3,0.7833,Sword.Dodge.B,-487.18,-1000.00,90.15,10000.00,70.00,10000.00,0.00,-1400.00,1200.00
60,3,0.8000,Sword.Dodge.B,-487.18,-1000.00,90.15,10000.00,70.00,10000.00,0.00,-1400.00,1200.00
60,3,0.8167,Sword.Dodge.B,-487.18,-1000.00,90.15,10000.00,70.00,10000.00,0.00,-1400.00,1200.00
60,3,0.8333,Sword.Dodge.B,-487.18,-1000.00,90.15,10000.00,70.00,10000.00,0.00,-1400.00,1200.00
60,3,0.8500,Sword.Dodge.B,-487.18,-1000.00,90.15,10000.00,70.00,10000.00,0.00,-1400.00,1200.00
60,3,0.8667,Sword.Dodge.B,-487.18,-1000.00,90.15,10000.00,70.00,10000.00,0.00,-1400.00,1200.00
60,3,0.8833,Sword.Dodge.B,-487.18,-1000.00,90.15,10000.00,70.00,10000.00,0.00,-1400.00,1200.00
60,3,0.9000,Sword.Dodge.B,-487.18,-1000.00,90.15,10000.00,70.00,10000.00,0.00,-1400.00,1200.00
60,3,0.9167,Sword.Dodge.B,-487.18,-1000.00,90.15,10000.00,70.00,10000.00,0.00,-1400.00,1200.00
60,3,0.9333,Sword.Dodge.B,-487.18,-1000.00,90.15,10000.00,70.00,10000.00,0.00,-1400.00,1200.00
60,3,0.9500,Sword.Dodge.B,-487.18,-1000.00,90.15,10000.00,70.00,10000.00,0.00,-1400.00,1200.00
60,3,0.9667,Sword.Dodge.B,-487.18,-1000.00,90.15,10000.00,70.00,10000.00,0.00,-1400.00,1200.00
60,3,0.9833,Sword.Dodge.B,-487.18,-1000.00,90.15,10000.00,70.00,10000.00,0.00,-1400.00,1200.00
60,3,1.0000,None,-487.18,-1000.00,90.15,10000.00,70.00,10000.00,0.00,-1400.00,1200.00
60,3,1.0167,None,-487.18,-1000.00,90.15,10000.00,70.42,10000.00,0.00,-1400.00,1200.00
60,3,1.0333,None,-487.18,-1000.00,90.15,10000.00,70.83,10000.00,0.00,-1400.00,1200.00
60,3,1.0500,None,-487.18,-1000.00,90.15,10000.00,71.25,10000.00,0.00,-1400.00,1200.00
60,3,1.0667,None,-487.18,-1000.00,90.15,10000.00,71.67,10000.00,0.00,-1400.00,1200.00
60,3,1.0833,None,-487.18,-1000.00,90.15,10000.00,72.08,10000.00,0.00,-1400.00,1200.00
60,3,1.1000,None,-487.18,-1000.00,90.15,10000.00,72.50,10000.00,0.00,-1400.00,1200.00
60,3,1.1167,None,-487.18,-1000.00,90.15,10000.00,72.92,10000.00,0.00,-1400.00,1200.00
60,3,1.1333,None,-487.18,-1000.00,90.15,10000.00,73.33,10000.00,0.00,-1400.00,1200.00
60,3,1.1500,None,-487.18,-1000.00,90.15,10000.00,73.75,10000.00,0.00,-1400.00,1200.00
60,4,0.0167,Sword.Dodge.L,-0.00,-1001.32,90.15,10000.00,70.00,10000.00,0.00,-1400.00,1200.00
60,4,0.0333,Sword.Dodge.L,-0.00,-1002.02,90.15,10000.00,70.00,10000.00,0.00,-1400.00,1200.00
60,4,0.0500,Sword.Dodge.L,-0.00,-1003.95,90.15,10000.00,70.00,10000.00,0.00,-1400.00,1200.00
60,4,0.0667,Sword.Dodge.L,-0.00,-1008.98,90.15,10000.00,70.00,10000.00,0.00,-1400.00,1200.00
60,4,0.0833,Sword.Dodge.L,-0.00,-1021.56,90.15,10000.00,70.00,10000.00,0.00,-1400.00,1200.00
60,4,0.1000,Sword.Dodge.L,-0.00,-1043.11,90.15,10000.00,70.00,10000.00,0.00,-1400.00,1200.00
60,4,0.1167,Sword.Dodge.L,-0.00,-1075.97,90.15,10000.00,70.00,10000.00,0.00,-1400.00,1200.00
60,4,0.1333,Sword.Dodge.L,-0.00,-1109.47,90.15,10000.00,70.00,10000.00,0.00,-1400.00,1200.00
60,4,0.1500,Sword.Dodge.L,-0.00,-1135.50,90.15,10000.00,70.00,10000.00,0.00,-1400.00,1200.00
60,4,0.1667,Sword.Dodge.L,-0.00,-1160.82,90.15,10000.00,70.00,10000.00,0.00,-1400.00,1200.00
60,4,0.1833,Sword.Dodge.L,-0.00,-1185.38,90.15,10000.00,70.00,10000.00,0.00,-1400.00,1200.00
60,4,0.2000,Sword.Dodge.L,-0.00,-1209.15,90.15,10000.00,70.00,10000.00,0.00,-1400.00,1200.00
60,4,0.2167,Sword.Dodge.L,-0.00,-1232.08,90.15,10000.00,70.00,10000.00,0.00,-1400.00,1200.00
60,4,0.2333,Sword.Dodge.L,-0.00,-1254.14,90.15,10000.00,70.00,10000.00,0.00,-1400.00,1200.00
60,4,0.2500,Sword.Dodge.L,-0.00,-1275.84,90.15,10000.00,70.00,10000.00,0.00,-1400.00,1200.00
60,4,0.2667,Sword.Dodge.L,-0.00,-1297.52,90.15,10000.00,70.00,10000.00,0.00,-1400.00,1200.00
60,4,0.2833,Sword.Dodge.L,-0.00,-1318.92,90.15,10000.00,70.00,10000.00,0.00,-1400.00,1200.00
60,4,0.3000,Sword.Dodge.L,-0.00,-1339.76,90.15,10000.00,70.00,10000.00,0.00,-1400.00,1200.00
60,4,0.3167,Sword.Dodge.L,-0.00,-1359.76,90.15,10000.00,70.00,10000.00,0.00,-1400.00,1200.00
60,4,0.3333,Sword.Dodge.L,-0.00,-1378.65,90.15,10000.00,70.00,10000.00,0.00,-1400.00,1200.00
60,4,0.3500,Sword.Dodge.L,-0.00,-1396.16,90.15,10000.00,70.00,10000.00,0.00,-1400.00,1200.00
60,4,0.3667,Sword.Dodge.L,-0.00,-1412.01,90.15,10000.00,70.00,10000.00,0.00,-1400.00,1200.00
60,4,0.3833,Sword.Dodge.L,-0.00,-1426.12,90.15,10000.00,70.00,10000.00,0.00,-1400.00,1200.00
60,4,0.4000,Sword.Dodge.L,-0.00,-1438.75,90.15,10000.00,70.00,10000.00,0.00,-1400.00,1200.00
60,4,0.4167,Sword.Dodge.L,-0.00,-1450.06,90.15,10000.00,70.00,10000.00,0.00,-1400.00,1200.00
60,4,0.4333,Sword.Dodge.L,-0.00,-1460.23,90.15,10000.00,70.00,10000.00,0.00,-1400.00,1200.00
60,4,0.4500,Sword.Dodge.L,-0.00,-1469.42,90.15,10000.00,70.00,10000.00,0.00,-1400.00,1200.00
60,4,0.4667,Sword.Dodge.L,-0.00,-1477.82,90.15,10000.00,70.00,10000.00,0.00,-1400.00,1200.00
60,4,0.4833,Sword.Dodge.L,-0.00,-1485.60,90.15,10000.00,70.00,10000.00,0.00,-1400.00,1200.00
60,4,0.5000,Sword.Dodge.L,-0.00,-1492.93,90.15,10000.00,70.00,10000.00,0.00,-1400.00,1200.00
60,4,0.5167,Sword.Dodge.L,-0.00,-1499.04,90.15,10000.00,70.00,10000.00,0.00,-1400.00,1200.00
60,4,0.5333,Sword.Dodge.L,-0.00,-1503.36,90.15,10000.00,70.00,10000.00,0.00,-1400.00,1200.00
60,4,0.5500,Sword.Dodge.L,-0.00,-1506.36,90.15,10000.00,70.00,10000.00,0.00,-1400.00,1200.00
60,4,0.5667,Sword.Dodge.L,-0.00,-1508.53,90.15,10000.00,70.00,10000.00,0.00,-1400.00,1200.00
60,4,0.5833,Sword.Dodge.L,-0.00,-1510.36,90.15,10000.00,70.00,10000.00,0.00,-1400.00,1200.00
60,4,0.6000,Sword.Dodge.L,-0.00,-1512.32,90.15,10000.00,70.00,10000.00,0.00,-1400.00,1200.00
60,4,0.6167,Sword.Dodge.L,-0.00,-1514.33,90.15,10000.00,70.00,10000.00,0.00,-1400.00,1200.00
60,4,0.6333,Sword.Dodge.L,-0.00,-1515.99,90.15,10000.00,70.00,10000.00,0.00,-1400.00,1200.00
60,4,0.6500,Sword.Dodge.L,-0.00,-1517.30,90.15,10000.00,70.00,10000.00,0.00,-1400.00,1200.00
60,4,0.6667,Sword.Dodge.L,-0.00,-1518.26,90.15,10000.00,70.00,10000.00,0.00,-1400.00,1200.00
60,4,0.6833,Sword.Dodge.L,-0.00,-1518.88,90.15,10000.00,70.00,10000.00,0.00,-1400.00,1200.00
60,4,0.7000,Sword.Dodge.L,-0.00,-1519.16,90.15,10000.00,70.00,10000.00,0.00,-1400.00,1200.00
60,4,0.7167,Sword.Dodge.L,-0.00,-1519.09,90.15,10000.00,70.00,10000.00,0.00,-1400.00,1200.00
60,4,0.7333,Sword.Dodge.L,-0.00,-1518.71,90.15,10000.00,70.00,10000.00,0.00,-1400.00,1200.00
60,4,0.7500,Sword.Dodge.L,-0.00,-1518.07,90.15,10000.00,70.00,10000.00,0.00,-1400.00,1200.00
60,4,0.7667,Sword.Dodge.L,-0.00,-1517.20,90.15,10000.00,70.00,10000.00,0.00,-1400.00,1200.00
60,4,0.7833,Sword.Dodge.L,-0.00,-1517.20,90.15,10000.00,70.00,10000.00,0.00,-1400.00,1200.00
60,4,0.8000,Sword.Dodge.L,-0.00,-1517.20,90.15,10000.00,70.00,10000.00,0.00,-1400.00,1200.00
60,4,0.8167,Sword.Dodge.L,-0.00,-1517.20,90.15,10000.00,70.00,10000.00,0.00,-1400.00,1200.00
60,4,0.8333,Sword.Dodge.L,-0.00,-1517.20,90.15,10000.00,70.00,10000.00,0.00,-1400.00,1200.00
60,4,0.8500,Sword.Dodge.L,-0.00,-1517.20,90.15,10000.00,70.00,10000.00,0.00,-1400.00,1200.00
60,4,0.8667,Sword.Dodge.L,-0.00,-1517.20,90.15,10000.00,70.00,10000.00,0.00,-1400.00,1200.00
60,4,0.8833,Sword.Dodge.L,-0.00,-1517.20,90.15,10000.00,70.00,10000.00,0.00,-1400.00,1200.00
60,4,0.9000,Sword.Dodge.L,-0.00,-1517.20,90.15,10000.00,70.00,10000.00,0.00,-1400.00,1200.00
60,4,0.9167,Sword.Dodge.L,-0.00,-1517.20,90.15,10000.00,70.00,10000.00,0.00,-1400.00,1200.00
60,4,0.9333,Sword.Dodge.L,-0.00,-1517.20,90.15,10000.00,70.00,10000.00,0.00,-1400.00,1200.00
60,4,0.9500,Sword.Dodge.L,-0.00,-1517.20,90.15,10000.00,70.00,10000.00,0.00,-1400.00,1200.00
60,4,0.9667,Sword.Dodge.L,-0.00,-1517.20,90.15,10000.00,70.00,10000.00,0.00,-1400.00,1200.00
60,4,0.9833,Sword.Dodge.L,-0.00,-1517.20,90.15,10000.00,70.00,10000.00,0.00,-1400.00,1200.00
60,4,1.0000,None,-0.00,-1517.20,90.15,10000.00,70.42,10000.00,0.00,-1400.00,1200.00
60,4,1.0167,None,-0.00,-1517.20,90.15,10000.00,70.83,10000.00,0.00,-1400.00,1200.00
60,4,1.0333,None,-0.00,-1517.20,90.15,10000.00,71.25,10000.00,0.00,-1400.00,1200.00
60,4,1.0500,None,-0.00,-1517.20,90.15,10000.00,71.67,10000.00,0.00,-1400.00,1200.00
60,4,1.0667,None,-0.00,-1517.20,90.15,10000.00,72.08,10000.00,0.00,-1400.00,1200.00
60,4,1.0833,None,-0.00,-1517.20,90.15,10000.00,72.50,10000.00,0.00,-1400.00,1200.00
60,4,1.1000,None,-0.00,-1517.20,90.15,10000.00,72.92,10000.00,0.00,-1400.00,1200.00
60,4,1.1167,None,-0.00,-1517.20,90.15,10000.00,73.33,10000.00,0.00,-1400.00,1200.00
60,4,1.1333,None,-0.00,-1517.20,90.15,10000.00,73.75,10000.00,0.00,-1400.00,1200.00
60,4,1.1500,None,-0.00,-1517.20,90.15,10000.00,74.17,10000.00,0.00,-1400.00,1200.00
60,5,0.0167,Sword.Dodge.R,0.00,-999.96,90.15,10000.00,70.00,10000.00,0.00,-1400.00,1200.00
60,5,0.0333,Sword.Dodge.R,-0.00,-1000.87,90.15,10000.00,70.00,10000.00,0.00,-1400.00,1200.00
60,5,0.0500,Sword.Dodge.R,0.00,-999.87,90.15,10000.00,70.00,10000.00,0.00,-1400.00,1200.00
60,5,0.0667,Sword.Dodge.R,0.00,-994.03,90.15,10000.00,70.00,10000.00,0.00,-1400.00,1200.00
60,5,0.0833,Sword.Dodge.R,0.00,-975.01,90.15,10000.00,70.00,10000.00,0.00,-1400.00,1200.00
60,5,0.1000,Sword.Dodge.R,0.00,-944.75,90.15,10000.00,70.00,10000.00,0.00,-1400.00,1200.00
60,5,0.1167,Sword.Dodge.R,0.00,-904.18,90.15,10000.00,70.00,10000.00,0.00,-1400.00,1200.00
60,5,0.1333,Sword.Dodge.R,0.00,-867.39,90.15,10000.00,70.00,10000.00,0.00,-1400.00,1200.00
60,5,0.1500,Sword.Dodge.R,0.00,-843.64,90.15,10000.00,70.00,10000.00,0.00,-1400.00,1200.00
60,5,0.1667,Sword.Dodge.R,0.00,-820.58,90.15,10000.00,70.00,10000.00,0.00,-1400.00,1200.00
60,5,0.1833,Sword.Dodge.R,0.00,-798.22,90.15,10000.00,70.00,10000.00,0.00,-1400.00,1200.00
60,5,0.2000,Sword.Dodge.R,0.00,-776.59,90.15,10000.00,70.00,10000.00,0.00,-1400.00,1200.00
60,5,0.2167,Sword.Dodge.R,0.00,-755.69,90.15,10000.00,70.00,10000.00,0.00,-1400.00,1200.00
60,5,0.2333,Sword.Dodge.R,0.00,-735.54,90.15,10000.00,70.00,10000.00,0.00,-1400.00,1200.00
60,5,0.2500,Sword.Dodge.R,0.00,-716.17,90.15,10000.00,70.00,10000.00,0.00,-1400.00,1200.00
60,5,0.2667,Sword.Dodge.R,0.00,-697.57,90.15,10000.00,70.00,10000.00,0.00,-1400.00,1200.00
60,5,0.2833,Sword.Dodge.R,0.00,-679.77,90.15,10000.00,70.00,10000.00,0.00,-1400.00,1200.00
60,5,0.3000,Sword.Dodge.R,0.00,-663.31,90.15,10000.00,70.00,10000.00,0.00,-1400.00,1200.00
60,5,0.3167,Sword.Dodge.R,0.00,-648.51,90.15,10000.00,70.00,10000.00,0.00,-1400.00,1200.00
60,5,0.3333,Sword.Dodge.R,0.00,-635.08,90.15,10000.00,70.00,10000.00,0.00,-1400.00,1200.00
60,5,0.3500,Sword.Dodge.R,0.00,-622.72,90.15,10000.00,70.00,10000.00,0.00,-1400.00,1200.00
60,5,0.3667,Sword.Dodge.R,0.00,-611.13,90.15,10000.00,70.00,10000.00,0.00,-1400.00,1200.00
60,5,0.3833,Sword.Dodge.R,0.00,-600.02,90.15,10000.00,70.00,10000.00,0.00,-1400.00,1200.00
60,5,0.4000,Sword.Dodge.R,0.00,-589.08,90.15,10000.00,70.00,10000.00,0.00,-1400.00,1200.00
60,5,0.4167,Sword.Dodge.R,0.00,-578.45,90.15,10000.00,70.00,10000.00,0.00,-1400.00,1200.00
60,5,0.4333,Sword.Dodge.R,0.00,-568.52,90.15,10000.00,70.00,10000.00,0.00,-1400.00,1200.00
60,5,0.4500,Sword.Dodge.R,0.00,-559.37,90.15,10000.00,70.00,10000.00,0.00,-1400.00,1200.00
60,5,0.4667,Sword.Dodge.R,0.00,-551.09,90.15,10000.00,70.00,10000.00,0.00,-1400.00,1200.00
60,5,0.4833,Sword.Dodge.R,0.00,-543.76,90.15,10000.00,70.00,10000.00,0.00,-1400.00,1200.00
60,5,0.5000,Sword.Dodge.R,0.00,-537.47,90.15,10000.00,70.00,10000.00,0.00,-1400.00,1200.00
60,5,0.5167,Sword.Dodge.R,0.00,-532.06,90.15,10000.00,70.00,10000.00,0.00,-1400.00,1200.00
60,5,0.5333,Sword.Dodge.R,0.00,-527.25,90.15,10000.00,70.00,10000.00,0.00,-1400.00,1200.00
60,5,0.5500,Sword.Dodge.R,0.00,-523.00,90.15,10000.00,70.00,10000.00,0.00,-1400.00,1200.00
60,5,0.5667,Sword.Dodge.R,0.00,-519.28,90.15,10000.00,70.00,10000.00,0.00,-1400.00,1200.00
60,5,0.5833,Sword.Dodge.R,0.00,-516.05,90.15,10000.00,70.00,10000.00,0.00,-1400.00,1200.00
60,5,0.6000,Sword.Dodge.R,0.00,-513.25,90.15,10000.00,70.00,10000.00,0.00,-1400.00,1200.00
60,5,0.6167,Sword.Dodge.R,0.00,-510.85,90.15,10000.00,70.00,10000.00,0.00,-1400.00,1200.00
60,5,0.6333,Sword.Dodge.R,0.00,-508.81,90.15,10000.00,70.00,10000.00,0.00,-1400.00,1200.00
60,5,0.6500,Sword.Dodge.R,0.00,-507.40,90.15,10000.00,70.00,10000.00,0.00,-1400.00,1200.00
60,5,0.6667,Sword.Dodge.R,0.00,-506.78,90.15,10000.00,70.00,10000.00,0.00,-1400.00,1200.00
60,5,0.6833,Sword.Dodge.R,0.00,-506.77,90.15,10000.00,70.00,10000.00,0.00,-1400.00,1200.00
60,5,0.7000,Sword.Dodge.R,0.00,-507.21,90.15,10000.00,70.00,10000.00,0.00,-1400.00,1200.00
60,5,0.7167,Sword.Dodge.R,0.00,-507.91,90.15,10000.00,70.00,10000.00,0.00,-1400.00,1200.00
60,5,0.7333,Sword.Dodge.R,0.00,-508.69,90.15,10000.00,70.00,10000.00,0.00,-1400.00,1200.00
60,5,0.7500,Sword.Dodge.R,0.00,-509.38,90.15,10000.00,70.00,10000.00,0.00,-1400.00,1200.00
60,5,0.7667,Sword.Dodge.R,0.00,-510.12,90.15,10000.00,70.00,10000.00,0.00,-1400.00,1200.00
60,5,0.7833,Sword.Dodge.R,0.00,-510.12,90.15,10000.00,70.00,10000.00,0.00,-1400.00,1200.00
60,5,0.8000,Sword.Dodge.R,0.00,-510.12,90.15,10000.00,70.00,10000.00,0.00,-1400.00,1200.00
60,5,0.8167,Sword.Dodge.R,0.00,-510.12,90.15,10000.00,70.00,10000.00,0.00,-1400.00,1200.00
60,5,0.8333,Sword.Dodge.R,0.00,-510.12,90.15,10000.00,70.00,10000.00,0.00,-1400.00,1200.00
60,5,0.8500,Sword.Dodge.R,0.00,-510.12,90.15,10000.00,70.00,10000.00,0.00,-1400.00,1200.00
60,5,0.8667,Sword.Dodge.R,0.00,-510.12,90.15,10000.00,70.00,10000.00,0.00,-1400.00,1200.00
60,5,0.8833,Sword.Dodge.R,0.00,-510.12,90.15,10000.00,70.00,10000.00,0.00,-1400.00,1200.00
60,5,0.9000,Sword.Dodge.R,0.00,-510.12,90.15,10000.00,70.00,10000.00,0.00,-1400.00,1200.00
60,5,0.9167,Sword.Dodge.R,0.00,-510.12,90.15,10000.00,70.00,10000.00,0.00,-1400.00,1200.00
60,5,0.9333,Sword.Dodge.R,0.00,-510.12,90.15,10000.00,70.00,10000.00,0.00,-1400.00,1200.00
60,5,0.9500,Sword.Dodge.R,0.00,-510.12,90.15,10000.00,70.00,10000.00,0.00,-1400.00,1200.00
60,5,0.9667,Sword.Dodge.R,0.00,-510.12,90.15,10000.00,70.00,10000.00,0.00,-1400.00,1200.00
60,5,0.9833,Sword.Dodge.R,0.00,-510.12,90.15,10000.00,70.00,10000.00,0.00,-1400.00,1200.00
60,5,1.0000,None,0.00,-510.12,90.15,10000.00,70.00,10000.00,0.00,-1400.00,1200.00
60,5,1.0167,None,0.00,-510.12,90.15,10000.00,70.42,10000.00,0.00,-1400.00,1200.00
60,5,1.0333,None,0.00,-510.12,90.15,10000.00,70.83,10000.00,0.00,-1400.00,1200.00
60,5,1.0500,None,0.00,-510.12,90.15,10000.00,71.25,10000.00,0.00,-1400.00,1200.00
60,5,1.0667,None,0.00,-510.12,90.15,10000.00,71.67,10000.00,0.00,-1400.00,1200.00
60,5,1.0833,None,0.00,-510.12,90.15,10000.00,72.08,10000.00,0.00,-1400.00,1200.00
60,5,1.1000,None,0.00,-510.12,90.15,10000.00,72.50,10000.00,0.00,-1400.00,1200.00
60,5,1.1167,None,0.00,-510.12,90.15,10000.00,72.92,10000.00,0.00,-1400.00,1200.00
60,5,1.1333,None,0.00,-510.12,90.15,10000.00,73.33,10000.00,0.00,-1400.00,1200.00
60,5,1.1500,None,0.00,-510.12,90.15,10000.00,73.75,10000.00,0.00,-1400.00,1200.00
60,6,0.0167,Sword.Dodge.F,-4.37,-1000.00,90.15,10000.00,70.00,10000.00,0.00,-1400.00,1200.00
60,6,0.0333,Sword.Dodge.F,-10.62,-1000.00,90.15,10000.00,70.00,10000.00,0.00,-1400.00,1200.00
60,6,0.0500,Sword.Dodge.F,-13.11,-1000.00,90.15,10000.00,70.00,10000.00,0.00,-1400.00,1200.00
60,6,0.0667,Sword.Dodge.F,-6.22,-1000.00,90.15,10000.00,70.00,10000.00,0.00,-1400.00,1200.00
60,6,0.0833,Sword.Dodge.F,12.15,-1000.00,90.15,10000.00,70.00,10000.00,0.00,-1400.00,1200.00
60,6,0.1000,Sword.Dodge.F,37.81,-1000.00,90.15,10000.00,70.00,10000.00,0.00,-1400.00,1200.00
60,6,0.1167,Sword.Dodge.F,67.04,-1000.00,90.15,10000.00,70.00,10000.00,0.00,-1400.00,1200.00
60,6,0.1333,Sword.Dodge.F,96.08,-1000.00,90.15,10000.00,70.00,10000.00,0.00,-1400.00,1200.00
60,6,0.1500,Sword.Dodge.F,121.19,-1000.00,90.15,10000.00,70.00,10000.00,0.00,-1400.00,1200.00
60,6,0.1667,Sword.Dodge.F,142.96,-1000.00,90.15,10000.00,70.00,10000.00,0.00,-1400.00,1200.00
60,6,0.1833,Sword.Dodge.F,164.30,-1000.00,90.15,10000.00,70.00,10000.00,0.00,-1400.00,1200.00
60,6,0.2000,Sword.Dodge.F,184.98,-1000.00,90.15,10000.00,70.00,10000.00,0.00,-1400.00,1200.00
60,6,0.2167,Sword.Dodge.F,204.78,-1000.00,90.15,10000.00,70.00,10000.00,0.00,-1400.00,1200.00
60,6,0.2333,Sword.Dodge.F,223.47,-1000.00,90.15,10000.00,70.00,10000.00,0.00,-1400.00,1200.00
60,6,0.2500,Sword.Dodge.F,240.81,-1000.00,90.15,10000.00,70.00,10000.00,0.00,-1400.00,1200.00
60,6,0.2667,Sword.Dodge.F,256.59,-1000.00,90.15,10000.00,70.00,10000.00,0.00,-1400.00,1200.00
60,6,0.2833,Sword.Dodge.F,270.75,-1000.00,90.15,10000.00,70.00,10000.00,0.00,-1400.00,1200.00
60,6,0.3000,Sword.Dodge.F,283.61,-1000.00,90.15,10000.00,70.00,10000.00,0.00,-1400.00,1200.00
60,6,0.3167,Sword.Dodge.F,295.44,-1000.00,90.15,10000.00,70.00,10000.00,0.00,-1400.00,1200.00
60,6,0.3333,Sword.Dodge.F,306.50,-1000.00,90.15,10000.00,70.00,10000.00,0.00,-1400.00,1200.00
60,6,0.3500,Sword.Dodge.F,317.07,-1000.00,90.15,10000.00,70.00,10000.00,0.00,-1400.00,1200.00
60,6,0.3667,Sword.Dodge.F,327.40,-1000.00,90.15,10000.00,70.00,10000.00,0.00,-1400.00,1200.00
60,6,0.3833,Sword.Dodge.F,337.77,-1000.00,90.15,10000.00,70.00,10000.00,0.00,-1400.00,1200.00
60,6,0.4000,Sword.Dodge.F,348.46,-1000.00,90.15,10000.00,70.00,10000.00,0.00,-1400.00,1200.00
60,6,0.4167,Sword.Dodge.F,359.73,-1000.00,90.15,10000.00,70.00,10000.00,0.00,-1400.00,1200.00
60,6,0.4333,Sword.Dodge.F,371.89,-1000.00,90.15,10000.00,70.00,10000.00,0.00,-1400.00,1200.00
60,6,0.4500,Sword.Dodge.F,384.63,-1000.00,90.15,10000.00,70.00,10000.00,0.00,-1400.00,1200.00
60,6,0.4667,Sword.Dodge.F,397.28,-1000.00,90.15,10000.00,70.00,10000.00,0.00,-1400.00,1200.00
60,6,0.4833,Sword.Dodge.F,409.18,-1000.00,90.15,10000.00,70.00,10000.00,0.00,-1400.00,1200.00
60,6,0.5000,Sword.Dodge.F,419.63,-1000.00,90.15,10000.00,70.00,10000.00,0.00,-1400.00,1200.00
60,6,0.5167,Sword.Dodge.F,428.75,-1000.00,90.15,10000.00,70.00,10000.00,0.00,-1400.00,1200.00
60,6,0.5333,Sword.Dodge.F,437.09,-1000.00,90.15,10000.00,70.00,10000.00,0.00,-1400.00,1200.00
60,6,0.5500,Sword.Dodge.F,444.75,-1000.00,90.15,10000.00,70.00,10000.00,0.00,-1400.00,1200.00
60,6,0.5667,Sword.Dodge.F,451.80,-1000.00,90.15,10000.00,70.00,10000.00,0.00,-1400.00,1200.00
60,6,0.5833,Sword.Dodge.F,458.33,-1000.00,90.15,10000.00,70.00,10000.00,0.00,-1400.00,1200.00
60,6,0.6000,Sword.Dodge.F,464.42,-1000.00,90.15,10000.00,70.00,10000.00,0.00,-1400.00,1200.00
60,6,0.6167,Sword.Dodge.F,468.89,-1000.00,90.15,10000.00,70.00,10000.00,0.00,-1400.00,1200.00
60,6,0.6333,Sword.Dodge.F,471.27,-1000.00,90.15,10000.00,70.00,10000.00,0.00,-1400.00,1200.00
60,6,0.6500,Sword.Dodge.F,472.69,-1000.00,90.15,10000.00,70.00,10000.00,0.00,-1400.00,1200.00
60,6,0.6667,Sword.Dodge.F,473.93,-1000.00,90.15,10000.00,70.00,10000.00,0.00,-1400.00,1200.00
60,6,0.6833,Sword.Dodge.F,475.01,-1000.00,90.15,10000.00,70.00,10000.00,0.00,-1400.00,1200.00
60,6,0.7000,Sword.Dodge.F,475.97,-1000.00,90.15,10000.00,70.00,10000.00,0.00,-1400.00,1200.00
60,6,0.7167,Sword.Dodge.F,476.78,-1000.00,90.15,10000.00,70.00,10000.00,0.00,-1400.00,1200.00
60,6,0.7333,Sword.Dodge.F,477.48,-1000.00,90.15,10000.00,70.00,10000.00,0.00,-1400.00,1200.00
60,6,0.7500,Sword.Dodge.F,478.06,-1000.00,90.15,10000.00,70.00,10000.00,0.00,-1400.00,1200.00
60,6,0.7667,Sword.Dodge.F,478.55,-1000.00,90.15,10000.00,70.00,10000.00,0.00,-1400.00,1200.00
60,6,0.7833,Sword.Dodge.F,478.55,-1000.00,90.15,10000.00,70.00,10000.00,0.00,-1400.00,1200.00
60,6,0.8000,Sword.Dodge.F,478.55,-1000.00,90.15,10000.00,70.00,10000.00,0.00,-1400.00,1200.00
60,6,0.8167,Sword.Dodge.F,478.55,-1000.00,90.15,10000.00,70.00,10000.00,0.00,-1400.00,1200.00
60,6,0.8333,Sword.Dodge.F,478.55,-1000.00,90.15,10000.00,70.00,10000.00,0.00,-1400.00,1200.00
60,6,0.8500,Sword.Dodge.F,478.55,-1000.00,90.15,10000.00,70.00,10000.00,0.00,-1400.00,1200.00
60,6,0.8667,Sword.Dodge.F,478.55,-1000.00,90.15,10000.00,70.00,10000.00,0.00,-1400.00,1200.00
60,6,0.8833,Sword.Dodge.F,478.55,-1000.00,90.15,10000.00,70.00,10000.00,0.00,-1400.00,1200.00
60,6,0.9000,Sword.Dodge.F,478.55,-1000.00,90.15,10000.00,70.00,10000.00,0.00,-1400.00,1200.00
60,6,0.9167,Sword.Dodge.F,478.55,-1000.00,90.15,10000.00,70.00,10000.00,0.00,-1400.00,1200.00
60,6,0.9333,Sword.Dodge.F,478.55,-1000.00,90.15,10000.00,70.00,10000.00,0.00,-1400.00,1200.00
60,6,0.9500,Sword.Dodge.F,478.55,-1000.00,90.15,10000.00,70.00,10000.00,0.00,-1400.00,1200.00
60,6,0.9667,Sword.Dodge.F,478.55,-1000.00,90.15,10000.00,70.00,10000.00,0.00,-1400.00,1200.00
60,6,0.9833,Sword.Dodge.F,478.55,-1000.00,90.15,10000.00,70.00,10000.00,0.00,-1400.00,1200.00
60,6,1.0000,None,478.55,-1000.00,90.15,10000.00,70.42,10000.00,0.00,-1400.00,1200.00
60,6,1.0167,None,478.55,-1000.00,90.15,10000.00,70.83,10000.00,0.00,-1400.00,1200.00
60,6,1.0333,None,478.55,-1000.00,90.15,10000.00,71.25,10000.00,0.00,-1400.00,1200.00
60,6,1.0500,None,478.55,-1000.00,90.15,10000.00,71.67,10000.00,0.00,-1400.00,1200.00
60,6,1.0667,None,478.55,-1000.00,90.15,10000.00,72.08,10000.00,0.00,-1400.00,1200.00
60,6,1.0833,None,478.55,-1000.00,90.15,10000.00,72.50,10000.00,0.00,-1400.00,1200.00
60,6,1.1000,None,478.55,-1000.00,90.15,10000.00,72.92,10000.00,0.00,-1400.00,1200.00
60,6,1.1167,None,478.55,-1000.00,90.15,10000.00,73.33,10000.00,0.00,-1400.00,1200.00
60,6,1.1333,None,478.55,-1000.00,90.15,10000.00,73.75,10000.00,0.00,-1400.00,1200.00
60,6,1.1500,None,478.55,-1000.00,90.15,10000.00,74.17,10000.00,0.00,-1400.00,1200.00
60,7,0.0167,None,0.00,-1000.00,90.15,10000.00,100.00,10000.00,0.00,140.00,-1000.00
60,7,0.0333,None,0.00,-1000.00,90.15,10000.00,100.00,10000.00,0.00,140.00,-1000.00
60,7,0.0500,None,0.00,-1000.00,90.15,10000.00,100.00,10000.00,0.00,140.00,-1000.00
60,7,0.0667,None,0.00,-1000.00,90.15,10000.00,100.00,10000.00,0.00,140.00,-1000.00
60,7,0.0833,None,0.00,-1000.00,90.15,10000.00,100.00,10000.00,0.00,140.00,-1000.00
60,7,0.1000,None,0.00,-1000.00,90.15,10000.00,100.00,10000.00,0.00,140.00,-1000.00
60,7,0.1167,None,0.00,-1000.00,90.15,10000.00,100.00,10000.00,0.00,140.00,-1000.00
60,7,0.1333,None,0.00,-1000.00,90.15,10000.00,100.00,10000.00,0.00,140.00,-1000.00
60,7,0.1500,Sword.ParryCounter,2.84,-1000.00,90.15,10000.00,100.00,10000.00,0.00,140.00,-1000.00
60,7,0.1667,Sword.ParryCounter,5.68,-1000.00,90.15,10000.00,100.00,10000.00,0.00,140.00,-1000.00
60,7,0.1833,Sword.ParryCounter,8.51,-1000.00,90.15,10000.00,100.00,10000.00,0.00,140.00,-1000.00
60,7,0.2000,Sword.ParryCounter,11.36,-1000.00,90.15,10000.00,100.00,10000.00,0.00,140.00,-1000.00
60,7,0.2167,Sword.ParryCounter,14.22,-1000.00,90.15,10000.00,100.00,10000.00,0.00,140.00,-1000.00
60,7,0.2333,Sword.ParryCounter,17.10,-1000.00,90.15,10000.00,100.00,10000.00,0.00,140.00,-1000.00
60,7,0.2500,Sword.ParryCounter,19.94,-1000.00,90.15,10000.00,100.00,10000.00,0.00,140.00,-1000.00
60,7,0.2667,Sword.ParryCounter,22.74,-1000.00,90.15,10000.00,100.00,10000.00,0.00,140.00,-1000.00
60,7,0.2833,Sword.ParryCounter,25.55,-1000.00,90.15,10000.00,100.00,10000.00,0.00,140.00,-1000.00
60,7,0.3000,Sword.ParryCounter,28.44,-1000.00,90.15,10000.00,100.00,10000.00,0.00,140.00,-1000.00
60,7,0.3167,Sword.ParryCounter,31.47,-1000.00,90.15,10000.00,100.00,10000.00,0.00,140.00,-1000.00
60,7,0.3333,Sword.ParryCounter,34.71,-1000.00,90.15,10000.00,100.00,10000.00,0.00,140.00,-1000.00
60,7,0.3500,Sword.ParryCounter,38.19,-1000.00,90.15,10000.00,100.00,10000.00,0.00,140.00,-1000.00
60,7,0.3667,Sword.ParryCounter,41.89,-1000.00,90.15,10000.00,100.00,10000.00,0.00,140.00,-1000.00
60,7,0.3833,Sword.ParryCounter,45.79,-1000.00,90.15,10000.00,100.00,10000.00,0.00,140.00,-1000.00
60,7,0.4000,Sword.ParryCounter,49.88,-1000.00,90.15,10000.00,100.00,10000.00,0.00,140.00,-1000.00
60,7,0.4167,Sword.ParryCounter,54.15,-1000.00,90.15,10000.00,100.00,10000.00,0.00,140.00,-1000.00
60,7,0.4333,Sword.ParryCounter,58.90,-1000.00,90.15,10000.00,100.00,10000.00,0.00,140.00,-1000.00
60,7,0.4500,Sword.ParryCounter,64.13,-1000.00,90.15,10000.00,100.00,10000.00,0.00,140.00,-1000.00
60,7,0.4667,Sword.ParryCounter,69.40,-1000.00,90.15,10000.00,100.00,10000.00,0.00,140.00,-1000.00
60,7,0.4833,Sword.ParryCounter,71.51,-1000.00,90.15,10000.00,100.00,10000.00,0.00,140.00,-1000.00
60,7,0.5000,Sword.ParryCounter,71.59,-1000.00,90.15,10000.00,100.00,10000.00,0.00,140.00,-1000.00
60,7,0.5167,Sword.ParryCounter,71.70,-1000.00,90.15,10000.00,100.00,10000.00,0.00,140.00,-1000.00
60,7,0.5333,Sword.ParryCounter,71.77,-1000.00,90.15,10000.00,100.00,10000.00,0.00,140.00,-1000.00
60,7,0.5500,Sword.ParryCounter,71.82,-1000.00,90.15,10000.00,100.00,10000.00,0.00,140.00,-1000.00
60,7,0.5667,Sword.ParryCounter,71.83,-1000.00,90.15,10000.00,100.00,10000.00,0.00,140.00,-1000.00
60,7,0.5833,Sword.ParryCounter,71.83,-1000.00,90.15,10000.00,100.00,10000.00,0.00,140.00,-1000.00
60,7,0.6000,Sword.ParryCounter,71.83,-1000.00,90.15,10000.00,100.00,10000.00,0.00,140.00,-1000.00
60,7,0.6167,Sword.ParryCounter,71.83,-1000.00,90.15,10000.00,100.00,10000.00,0.00,140.00,-1000.00
60,7,0.6333,Sword.ParryCounter,71.83,-1000.00,90.15,10000.00,100.00,10000.00,0.00,140.00,-1000.00
60,7,0.6500,Sword.ParryCounter,71.83,-1000.00,90.15,10000.00,100.00,10000.00,0.00,140.00,-1000.00
60,7,0.6667,Sword.ParryCounter,71.84,-1000.00,90.15,10000.00,100.00,10000.00,0.00,140.00,-1000.00
60,7,0.6833,Sword.ParryCounter,71.85,-1000.00,90.15,10000.00,100.00,10000.00,0.00,140.00,-1000.00
60,7,0.7000,Sword.ParryCounter,71.85,-1000.00,90.15,10000.00,100.00,10000.00,0.00,140.00,-1000.00
60,7,0.7167,Sword.ParryCounter,71.87,-1000.00,90.15,10000.00,100.00,10000.00,0.00,140.00,-1000.00
60,7,0.7333,Sword.ParryCounter,71.90,-1000.00,90.15,10000.00,100.00,10000.00,0.00,140.00,-1000.00
60,7,0.7500,Sword.ParryCounter,71.90,-1000.00,90.15,10000.00,100.00,10000.00,0.00,140.00,-1000.00
60,7,0.7667,Sword.ParryCounter,71.75,-1000.00,90.15,10000.00,100.00,10000.00,0.00,140.00,-1000.00
60,7,0.7833,Sword.ParryCounter,71.09,-1000.00,90.15,10000.00,100.00,10000.00,0.00,140.00,-1000.00
60,7,0.8000,Sword.ParryCounter,70.09,-1000.00,90.15,10000.00,100.00,10000.00,0.00,140.00,-1000.00
60,7,0.8167,Sword.ParryCounter,68.88,-1000.00,90.15,10000.00,100.00,10000.00,0.00,140.00,-1000.00
60,7,0.8333,Sword.ParryCounter,67.59,-1000.00,90.15,10000.00,100.00,10000.00,0.00,140.00,-1000.00
60,7,0.8500,Sword.ParryCounter,65.93,-1000.00,90.15,10000.00,100.00,10000.00,0.00,140.00,-1000.00
60,7,0.8667,Sword.ParryCounter,63.83,-1000.00,90.15,10000.00,100.00,10000.00,0.00,140.00,-1000.00
60,7,0.8833,Sword.ParryCounter,61.82,-1000.00,90.15,10000.00,100.00,10000.00,0.00,140.00,-1000.00
60,7,0.9000,Sword.ParryCounter,60.45,-1000.00,90.15,10000.00,100.00,10000.00,0.00,140.00,-1000.00
60,7,0.9167,Sword.ParryCounter,61.11,-1000.00,90.15,10000.00,100.00,10000.00,0.00,140.00,-1000.00
60,7,0.9333,Sword.ParryCounter,62.33,-1000.00,90.15,10000.00,100.00,10000.00,0.00,140.00,-1000.00
60,7,0.9500,Sword.ParryCounter,62.07,-1000.00,90.15,10000.00,100.00,10000.00,0.00,140.00,-1000.00
60,7,0.9667,Sword.ParryCounter,61.33,-1000.00,90.15,10000.00,100.00,10000.00,0.00,140.00,-1000.00
60,7,0.9833,Sword.ParryCounter,60.51,-1000.00,90.15,10000.00,100.00,10000.00,0.00,140.00,-1000.00
60,7,1.0000,Sword.ParryCounter,59.60,-1000.00,90.15,10000.00,100.00,10000.00,0.00,140.00,-1000.00
60,7,1.0167,Sword.ParryCounter,58.68,-1000.00,90.15,10000.00,100.00,10000.00,0.00,140.00,-1000.00
60,7,1.0333,Sword.ParryCounter,57.81,-1000.00,90.15,10000.00,100.00,10000.00,0.00,140.00,-1000.00
60,7,1.0500,Sword.ParryCounter,56.93,-1000.00,90.15,10000.00,100.00,10000.00,0.00,140.00,-1000.00
60,7,1.0667,Sword.ParryCounter,56.03,-1000.00,90.15,10000.00,100.00,10000.00,0.00,140.00,-1000.00
60,7,1.0833,Sword.ParryCounter,55.25,-1000.00,90.15,10000.00,100.00,10000.00,0.00,140.00,-1000.00
60,7,1.1000,Sword.ParryCounter,54.76,-1000.00,90.15,10000.00,100.00,10000.00,0.00,140.00,-1000.00
60,7,1.1167,Sword.ParryCounter,54.65,-1000.00,90.15,10000.00,100.00,10000.00,0.00,140.00,-1000.00
60,7,1.1333,Sword.ParryCounter,54.83,-1000.00,90.15,10000.00,100.00,10000.00,0.00,140.00,-1000.00
60,7,1.1500,Sword.ParryCounter,55.14,-1000.00,90.15,10000.00,100.00,10000.00,0.00,140.00,-1000.00
60,7,1.1667,Sword.ParryCounter,55.40,-1000.00,90.15,10000.00,100.00,10000.00,0.00,140.00,-1000.00
60,7,1.1833,Sword.ParryCounter,55.62,-1000.00,90.15,10000.00,100.00,10000.00,0.00,140.00,-1000.00
60,7,1.2000,Sword.ParryCounter,55.86,-1000.00,90.15,10000.00,100.00,10000.00,0.00,140.00,-1000.00
60,7,1.2167,Sword.ParryCounter,56.12,-1000.00,90.15,10000.00,100.00,10000.00,0.00,140.00,-1000.00
60,7,1.2333,Sword.ParryCounter,56.35,-1000.00,90.15,10000.00,100.00,10000.00,0.00,140.00,-1000.00
60,7,1.2500,Sword.ParryCounter,56.54,-1000.00,90.15,10000.00,100.00,10000.00,0.00,140.00,-1000.00
60,7,1.2667,Sword.ParryCounter,56.71,-1000.00,90.15,10000.00,100.00,10000.00,0.00,140.00,-1000.00
60,7,1.2833,Sword.ParryCounter,56.88,-1000.00,90.15,10000.00,100.00,10000.00,0.00,140.00,-1000.00
60,7,1.3000,Sword.ParryCounter,57.09,-1000.00,90.15,10000.00,100.00,10000.00,0.00,140.00,-1000.00
60,7,1.3167,Sword.ParryCounter,57.40,-1000.00,90.15,10000.00,100.00,10000.00,0.00,140.00,-1000.00
60,7,1.3333,Sword.ParryCounter,57.78,-1000.00,90.15,10000.00,100.00,10000.00,0.00,140.00,-1000.00
60,7,1.3500,Sword.ParryCounter,58.18,-1000.00,90.15,10000.00,100.00,10000.00,0.00,140.00,-1000.00
60,7,1.3667,Sword.ParryCounter,58.61,-1000.00,90.15,10000.00,100.00,10000.00,0.00,140.00,-1000.00
60,7,1.3833,Sword.ParryCounter,59.07,-1000.00,90.15,10000.00,100.00,10000.00,0.00,140.00,-1000.00
60,7,1.4000,Sword.ParryCounter,59.57,-1000.00,90.15,10000.00,100.00,10000.00,0.00,140.00,-1000.00
60,7,1.4167,Sword.ParryCounter,60.11,-1000.00,90.15,10000.00,100.00,10000.00,0.00,140.00,-1000.00
60,7,1.4333,Sword.ParryCounter,60.69,-1000.00,90.15,10000.00,100.00,10000.00,0.00,140.00,-1000.00
60,7,1.4500,Sword.ParryCounter,61.31,-1000.00,90.15,10000.00,100.00,10000.00,0.00,140.00,-1000.00
60,7,1.4667,Sword.ParryCounter,61.94,-1000.00,90.15,10000.00,100.00,10000.00,0.00,140.00,-1000.00
60,7,1.4833,Sword.ParryCounter,62.58,-1000.00,90.15,10000.00,100.00,10000.00,0.00,140.00,-1000.00
60,7,1.5000,Sword.ParryCounter,63.23,-1000.00,90.15,10000.00,100.00,10000.00,0.00,140.00,-1000.00
60,7,1.5167,Sword.ParryCounter,63.90,-1000.00,90.15,10000.00,100.00,10000.00,0.00,140.00,-1000.00
60,7,1.5333,Sword.ParryCounter,64.58,-1000.00,90.15,10000.00,100.00,10000.00,0.00,140.00,-1000.00
60,7,1.5500,Sword.ParryCounter,65.25,-1000.00,90.15,10000.00,100.00,10000.00,0.00,140.00,-1000.00
60,7,1.5667,Sword.ParryCounter,65.94,-1000.00,90.15,10000.00,100.00,10000.00,0.00,140.00,-1000.00
60,7,1.5833,Sword.ParryCounter,66.63,-1000.00,90.15,10000.00,100.00,10000.00,0.00,140.00,-1000.00
60,7,1.6000,Sword.ParryCounter,67.32,-1000.00,90.15,10000.00,100.00,10000.00,0.00,140.00,-1000.00
60,7,1.6167,Sword.ParryCounter,68.01,-1000.00,90.15,10000.00,100.00,10000.00,0.00,140.00,-1000.00
60,7,1.6333,Sword.ParryCounter,68.69,-1000.00,90.15,10000.00,100.00,10000.00,0.00,140.00,-1000.00
60,7,1.6500,Sword.ParryCounter,69.37,-1000.00,90.15,10000.00,100.00,10000.00,0.00,140.00,-1000.00
60,7,1.6667,Sword.ParryCounter,70.04,-1000.00,90.15,10000.00,100.00,10000.00,0.00,140.00,-1000.00
60,7,1.6833,Sword.ParryCounter,70.70,-1000.00,90.15,10000.00,100.00,10000.00,0.00,140.00,-1000.00
60,7,1.7000,Sword.ParryCounter,71.36,-1000.00,90.15,10000.00,100.00,10000.00,0.00,140.00,-1000.00
60,7,1.7167,Sword.ParryCounter,71.90,-1000.00,90.15,10000.00,100.00,10000.00,0.00,140.00,-1000.00
60,7,1.7333,Sword.ParryCounter,71.90,-1000.00,90.15,10000.00,100.00,10000.00,0.00,140.00,-1000.00
60,7,1.7500,Sword.ParryCounter,71.90,-1000.00,90.15,10000.00,100.00,10000.00,0.00,140.00,-1000.00
60,7,1.7667,Sword.ParryCounter,71.90,-1000.00,90.15,10000.00,100.00,10000.00,0.00,140.00,-1000.00
60,7,1.7833,Sword.ParryCounter,71.90,-1000.00,90.15,10000.00,100.00,10000.00,0.00,140.00,-1000.00
60,7,1.8000,Sword.ParryCounter,71.90,-1000.00,90.15,10000.00,100.00,10000.00,0.00,140.00,-1000.00
60,7,1.8167,Sword.ParryCounter,71.90,-1000.00,90.15,10000.00,100.00,10000.00,0.00,140.00,-1000.00
60,7,1.8333,Sword.ParryCounter,71.90,-1000.00,90.15,10000.00,100.00,10000.00,0.00,140.00,-1000.00
60,7,1.8500,Sword.ParryCounter,71.90,-1000.00,90.15,10000.00,100.00,10000.00,0.00,140.00,-1000.00
60,7,1.8667,Sword.ParryCounter,71.90,-1000.00,90.15,10000.00,100.00,10000.00,0.00,140.00,-1000.00
60,7,1.8833,Sword.ParryCounter,71.90,-1000.00,90.15,10000.00,100.00,10000.00,0.00,140.00,-1000.00
60,7,1.9000,Sword.ParryCounter,71.90,-1000.00,90.15,10000.00,100.00,10000.00,0.00,140.00,-1000.00
60,7,1.9167,Sword.ParryCounter,71.90,-1000.00,90.15,10000.00,100.00,10000.00,0.00,140.00,-1000.00
60,7,1.9333,Sword.ParryCounter,71.90,-1000.00,90.15,10000.00,100.00,10000.00,0.00,140.00,-1000.00
60,7,1.9500,Sword.ParryCounter,71.90,-1000.00,90.15,10000.00,100.00,10000.00,0.00,140.00,-1000.00
60,7,1.9667,Sword.ParryCounter,71.90,-1000.00,90.15,10000.00,100.00,10000.00,0.00,140.00,-1000.00
60,7,1.9833,Sword.ParryCounter,71.90,-1000.00,90.15,10000.00,100.00,10000.00,0.00,140.00,-1000.00
60,7,2.0000,Sword.ParryCounter,71.90,-1000.00,90.15,10000.00,100.00,10000.00,0.00,140.00,-1000.00
60,7,2.0167,Sword.ParryCounter,71.90,-1000.00,90.15,10000.00,100.00,10000.00,0.00,140.00,-1000.00
60,7,2.0333,Sword.ParryCounter,71.90,-1000.00,90.15,10000.00,100.00,10000.00,0.00,140.00,-1000.00
60,7,2.0500,Sword.ParryCounter,71.90,-1000.00,90.15,10000.00,100.00,10000.00,0.00,140.00,-1000.00
60,7,2.0667,Sword.ParryCounter,71.90,-1000.00,90.15,10000.00,100.00,10000.00,0.00,140.00,-1000.00
60,7,2.0833,Sword.ParryCounter,71.90,-1000.00,90.15,10000.00,100.00,10000.00,0.00,140.00,-1000.00
60,7,2.1000,Sword.ParryCounter,71.92,-1000.00,90.15,10000.00,100.00,10000.00,0.00,140.00,-1000.00
60,7,2.1167,Sword.ParryCounter,71.90,-1000.00,90.15,10000.00,100.00,10000.00,0.00,140.00,-1000.00
60,7,2.1333,Sword.ParryCounter,71.89,-1000.00,90.15,10000.00,100.00,10000.00,0.00,140.00,-1000.00
60,7,2.1500,Sword.ParryCounter,71.89,-1000.00,90.15,10000.00,100.00,10000.00,0.00,140.00,-1000.00
60,7,2.1667,Sword.ParryCounter,71.89,-1000.00,90.15,10000.00,100.00,10000.00,0.00,140.00,-1000.00
60,7,2.1833,Sword.ParryCounter,71.89,-1000.00,90.15,10000.00,100.00,10000.00,0.00,140.00,-1000.00
60,7,2.2000,Sword.ParryCounter,71.89,-1000.00,90.15,10000.00,100.00,10000.00,0.00,140.00,-1000.00
60,7,2.2167,Sword.ParryCounter,71.89,-1000.00,90.15,10000.00,100.00,10000.00,0.00,140.00,-1000.00
60,7,2.2333,Sword.ParryCounter,71.89,-1000.00,90.15,10000.00,100.00,10000.00,0.00,140.00,-1000.00
60,7,2.2500,None,71.89,-1000.00,90.15,10000.00,100.00,10000.00,0.00,140.00,-1000.00
60,7,0.0167,None,71.89,-1000.00,90.15,10000.00,100.00,10000.00,0.00,140.00,-1000.00
60,7,0.0333,None,71.89,-1000.00,90.15,10000.00,100.00,10000.00,0.00,140.00,-1000.00
60,7,0.0500,None,71.89,-1000.00,90.15,10000.00,100.00,10000.00,0.00,140.00,-1000.00
60,7,0.0667,None,71.89,-1000.00,90.15,10000.00,100.00,10000.00,0.00,140.00,-1000.00
60,7,0.0833,None,71.89,-1000.00,90.15,10000.00,100.00,10000.00,0.00,140.00,-1000.00
60,7,0.1000,None,71.89,-1000.00,90.15,10000.00,100.00,10000.00,0.00,140.00,-1000.00
60,7,0.1167,None,71.89,-1000.00,90.15,10000.00,100.00,10000.00,0.00,140.00,-1000.00
60,7,0.1333,None,71.89,-1000.00,90.15,10000.00,100.00,10000.00,0.00,140.00,-1000.00
60,7,0.1500,None,71.89,-1000.00,90.15,10000.00,100.00,10000.00,0.00,140.00,-1000.00
60,7,0.1667,None,71.89,-1000.00,90.15,10000.00,100.00,10000.00,0.00,140.00,-1000.00
60,7,0.1833,None,71.89,-1000.00,90.15,10000.00,100.00,10000.00,0.00,140.00,-1000.00
60,7,0.2000,None,71.89,-1000.00,90.15,10000.00,100.00,10000.00,0.00,140.00,-1000.00
60,7,0.2167,None,71.89,-1000.00,90.15,10000.00,100.00,10000.00,0.00,140.00,-1000.00
60,7,0.2333,None,71.89,-1000.00,90.15,10000.00,100.00,10000.00,0.00,140.00,-1000.00
60,7,0.2500,None,71.89,-1000.00,90.15,10000.00,100.00,10000.00,0.00,140.00,-1000.00
60,7,0.2667,None,71.89,-1000.00,90.15,9995.00,85.00,10000.00,0.00,140.00,-1000.00
60,7,0.2833,None,71.89,-1000.00,90.15,9995.00,85.00,10000.00,0.00,140.00,-1000.00
60,7,0.3000,None,71.89,-1000.00,90.15,9995.00,85.00,10000.00,0.00,140.00,-1000.00
60,7,0.3167,None,71.89,-1000.00,90.15,9995.00,85.00,10000.00,0.00,140.00,-1000.00
60,7,0.3333,None,71.89,-1000.00,90.15,9995.00,85.00,10000.00,0.00,140.00,-1000.00
60,7,0.3500,None,71.89,-1000.00,90.15,9995.00,85.00,10000.00,0.00,140.00,-1000.00
60,7,0.3667,None,71.89,-1000.00,90.15,9995.00,85.00,10000.00,0.00,140.00,-1000.00
60,7,0.3833,None,71.89,-1000.00,90.15,9995.00,85.00,10000.00,0.00,140.00,-1000.00
60,7,0.4000,None,71.89,-1000.00,90.15,9995.00,85.00,10000.00,0.00,140.00,-1000.00
60,7,0.4167,None,71.89,-1000.00,90.15,9995.00,85.00,10000.00,0.00,140.00,-1000.00
60,7,0.4333,None,71.89,-1000.00,90.15,9995.00,85.00,10000.00,0.00,140.00,-1000.00
60,7,0.4500,None,71.89,-1000.00,90.15,9995.00,85.00,10000.00,0.00,140.00,-1000.00
60,7,0.4667,None,71.89,-1000.00,90.15,9995.00,85.00,10000.00,0.00,140.00,-1000.00
60,7,0.4833,None,71.89,-1000.00,90.15,9995.00,85.00,10000.00,0.00,140.00,-1000.00
60,7,0.5000,None,71.89,-1000.00,90.15,9995.00,85.00,10000.00,0.00,140.00,-1000.00
60,7,0.5167,None,71.89,-1000.00,90.15,9995.00,85.00,10000.00,0.00,140.00,-1000.00
60,7,0.5333,None,71.89,-1000.00,90.15,9995.00,85.00,10000.00,0.00,140.00,-1000.00
60,7,0.5500,None,71.89,-1000.00,90.15,9995.00,85.00,10000.00,0.00,140.00,-1000.00
60,7,0.5667,None,71.89,-1000.00,90.15,9995.00,85.00,10000.00,0.00,140.00,-1000.00
60,7,0.5833,None,71.89,-1000.00,90.15,9995.00,85.00,10000.00,0.00,140.00,-1000.00
60,7,0.6000,None,71.89,-1000.00,90.15,9995.00,85.00,10000.00,0.00,140.00,-1000.00
60,7,0.6167,None,71.89,-1000.00,90.15,9995.00,85.00,10000.00,0.00,140.00,-1000.00
60,7,0.6333,None,71.89,-1000.00,90.15,9995.00,85.00,10000.00,0.00,140.00,-1000.00
60,7,0.6500,None,71.89,-1000.00,90.15,9995.00,85.00,10000.00,0.00,140.00,-1000.00
60,7,0.6667,None,71.89,-1000.00,90.15,9995.00,85.00,10000.00,0.00,140.00,-1000.00
60,7,0.6833,None,71.89,-1000.00,90.15,9995.00,85.00,10000.00,0.00,140.00,-1000.00
60,7,0.7000,None,71.89,-1000.00,90.15,9995.00,85.00,10000.00,0.00,140.00,-1000.00
60,7,0.7167,None,71.89,-1000.00,90.15,9995.00,85.00,10000.00,0.00,140.00,-1000.00
60,7,0.7333,None,71.89,-1000.00,90.15,9995.00,85.00,10000.00,0.00,140.00,-1000.00
60,7,0.7500,None,71.89,-1000.00,90.15,9970.00,0.00,10000.00,0.00,140.00,-1000.00
60,7,0.7667,None,71.89,-1000.00,90.15,9970.00,0.00,10000.00,0.00,140.00,-1000.00
60,7,0.7833,None,71.89,-1000.00,90.15,9970.00,0.00,10000.00,0.00,140.00,-1000.00
60,7,0.8000,None,71.89,-1000.00,90.15,9970.00,0.00,10000.00,0.00,140.00,-1000.00
60,7,0.8167,None,71.89,-1000.00,90.15,9970.00,0.00,10000.00,0.00,140.00,-1000.00
60,7,0.8333,None,71.89,-1000.00,90.15,9970.00,0.00,10000.00,0.00,140.00,-1000.00
60,7,0.8500,None,71.89,-1000.00,90.15,9970.00,0.00,10000.00,0.00,140.00,-1000.00
60,7,0.8667,None,71.89,-1000.00,90.15,9970.00,0.00,10000.00,0.00,140.00,-1000.00
60,7,0.8833,None,71.89,-1000.00,90.15,9970.00,0.00,10000.00,0.00,140.00,-1000.00
60,7,0.9000,None,71.89,-1000.00,90.15,9970.00,0.00,10000.00,0.00,140.00,-1000.00
60,7,0.9167,None,71.89,-1000.00,90.15,9970.00,0.00,10000.00,0.00,140.00,-1000.00
60,7,0.9333,None,71.89,-1000.00,90.15,9970.00,0.00,10000.00,0.00,140.00,-1000.00
60,7,0.9500,None,71.89,-1000.00,90.15,9970.00,0.00,10000.00,0.00,140.00,-1000.00
60,7,0.9667,None,71.89,-1000.00,90.15,9970.00,0.00,10000.00,0.00,140.00,-1000.00
60,7,0.9833,None,71.89,-1000.00,90.15,9970.00,0.00,10000.00,0.00,140.00,-1000.00
60,7,1.0000,None,71.89,-1000.00,90.15,9970.00,0.00,10000.00,0.00,140.00,-1000.00
60,7,1.0167,None,71.89,-1000.00,90.15,9970.00,0.00,10000.00,0.00,140.00,-1000.00
60,7,1.0333,None,71.89,-1000.00,90.15,9970.00,0.00,10000.00,0.00,140.00,-1000.00
60,7,1.0500,None,71.89,-1000.00,90.15,9970.00,0.00,10000.00,0.00,140.00,-1000.00
60,7,1.0667,None,71.89,-1000.00,90.15,9970.00,0.00,10000.00,0.00,140.00,-1000.00
60,7,1.0833,None,71.89,-1000.00,90.15,9970.00,0.00,10000.00,0.00,140.00,-1000.00
60,7,1.1000,None,71.89,-1000.00,90.15,9970.00,0.00,10000.00,0.00,140.00,-1000.00
60,7,1.1167,None,71.89,-1000.00,90.15,9970.00,0.00,10000.00,0.00,140.00,-1000.00
60,7,1.1333,None,71.89,-1000.00,90.15,9970.00,0.00,10000.00,0.00,140.00,-1000.00
60,7,1.1500,None,71.89,-1000.00,90.15,9970.00,0.00,10000.00,0.00,140.00,-1000.00
60,7,1.1667,None,71.89,-1000.00,90.15,9970.00,0.00,10000.00,0.00,140.00,-1000.00
60,7,1.1833,None,71.89,-1000.00,90.15,9970.00,0.00,10000.00,0.00,140.00,-1000.00
60,7,1.2000,None,71.89,-1000.00,90.15,9970.00,0.00,10000.00,0.00,140.00,-1000.00
60,7,1.2167,None,71.89,-1000.00,90.15,9970.00,0.00,10000.00,0.00,140.00,-1000.00
60,7,1.2333,None,71.89,-1000.00,90.15,9970.00,0.00,10000.00,0.00,140.00,-1000.00
60,7,1.2500,None,71.89,-1000.00,90.15,9970.00,0.00,10000.00,0.00,140.00,-1000.00
60,7,1.2667,None,71.89,-1000.00,90.15,9970.00,0.00,10000.00,0.00,140.00,-1000.00
60,7,1.2833,None,71.89,-1000.00,90.15,9970.00,0.00,10000.00,0.00,140.00,-1000.00
60,7,1.3000,None,71.89,-1000.00,90.15,9970.00,0.00,10000.00,0.00,140.00,-1000.00
60,7,1.3167,None,71.89,-1000.00,90.15,9970.00,0.00,10000.00,0.00,140.00,-1000.00
60,7,1.3333,None,71.89,-1000.00,90.15,9970.00,0.00,10000.00,0.00,140.00,-1000.00
60,7,1.3500,None,71.89,-1000.00,90.15,9970.00,0.00,10000.00,0.00,140.00,-1000.00
60,7,1.3667,None,71.89,-1000.00,90.15,9970.00,0.00,10000.00,0.00,140.00,-1000.00
60,7,1.3833,None,71.89,-1000.00,90.15,9970.00,0.00,10000.00,0.00,140.00,-1000.00
60,7,1.4000,None,71.89,-1000.00,90.15,9970.00,0.00,10000.00,0.00,140.00,-1000.00
60,7,1.4167,None,71.89,-1000.00,90.15,9970.00,0.00,10000.00,0.00,140.00,-1000.00
60,7,1.4333,None,71.89,-1000.00,90.15,9970.00,0.00,10000.00,0.00,140.00,-1000.00
60,7,1.4500,None,71.89,-1000.00,90.15,9970.00,0.00,10000.00,0.00,140.00,-1000.00
60,7,1.4667,None,71.89,-1000.00,90.15,9970.00,0.00,10000.00,0.00,140.00,-1000.00
60,7,1.4833,None,71.89,-1000.00,90.15,9970.00,0.00,10000.00,0.00,140.00,-1000.00
60,7,1.5000,None,71.89,-1000.00,90.15,9970.00,0.00,10000.00,0.00,140.00,-1000.00
60,7,1.5167,None,71.89,-1000.00,90.15,9970.00,0.00,10000.00,0.00,140.00,-1000.00
60,7,1.5333,None,71.89,-1000.00,90.15,9970.00,0.00,10000.00,0.00,140.00,-1000.00
60,7,1.5500,None,71.89,-1000.00,90.15,9970.00,0.00,10000.00,0.00,140.00,-1000.00
60,7,1.5667,None,71.89,-1000.00,90.15,9970.00,0.00,10000.00,0.00,140.00,-1000.00
60,7,1.5833,None,71.89,-1000.00,90.15,9970.00,0.00,10000.00,0.00,140.00,-1000.00
60,7,1.6000,None,71.89,-1000.00,90.15,9970.00,0.00,10000.00,0.00,140.00,-1000.00
60,7,1.6167,None,71.89,-1000.00,90.15,9970.00,0.00,10000.00,0.00,140.00,-1000.00
60,7,1.6333,None,71.89,-1000.00,90.15,9970.00,0.00,10000.00,0.00,140.00,-1000.00
60,7,1.6500,None,71.89,-1000.00,90.15,9970.00,0.00,10000.00,0.00,140.00,-1000.00
60,7,1.6667,None,71.89,-1000.00,90.15,9970.00,0.00,10000.00,0.00,140.00,-1000.00
60,7,1.6833,None,71.89,-1000.00,90.15,9970.00,0.00,10000.00,0.00,140.00,-1000.00
60,7,1.7000,None,71.89,-1000.00,90.15,9970.00,0.00,10000.00,0.00,140.00,-1000.00
60,7,1.7167,None,71.89,-1000.00,90.15,9970.00,0.00,10000.00,0.00,140.00,-1000.00
60,7,1.7333,None,71.89,-1000.00,90.15,9970.00,0.00,10000.00,0.00,140.00,-1000.00
60,7,1.7500,None,71.89,-1000.00,90.15,9970.00,0.42,10000.00,0.00,140.00,-1000.00
60,7,1.7667,None,71.89,-1000.00,90.15,9970.00,0.83,10000.00,0.00,140.00,-1000.00
60,7,1.7833,None,71.89,-1000.00,90.15,9970.00,1.25,10000.00,0.00,140.00,-1000.00
60,7,1.8000,None,71.89,-1000.00,90.15,9970.00,1.67,10000.00,0.00,140.00,-1000.00
60,7,1.8167,None,71.89,-1000.00,90.15,9970.00,2.08,10000.00,0.00,140.00,-1000.00
60,7,1.8333,None,71.89,-1000.00,90.15,9970.00,2.50,10000.00,0.00,140.00,-1000.00
60,7,1.8500,None,71.89,-1000.00,90.15,9970.00,2.92,10000.00,0.00,140.00,-1000.00
60,8,0.0167,Sword.Air.Light.1,0.00,-1000.00,1699.03,10000.00,100.00,10000.00,0.00,-1400.00,1200.00
60,8,0.0333,Sword.Air.Light.1,0.00,-1000.00,1697.79,10000.00,100.00,10000.00,0.00,-1400.00,1200.00
60,8,0.0500,Sword.Air.Light.1,0.00,-1000.00,1696.27,10000.00,100.00,10000.00,0.00,-1400.00,1200.00
60,8,0.0667,Sword.Air.Light.1,0.00,-1000.00,1694.49,10000.00,100.00,10000.00,0.00,-1400.00,1200.00
60,8,0.0833,Sword.Air.Light.1,0.00,-1000.00,1692.43,10000.00,100.00,10000.00,0.00,-1400.00,1200.00
60,8,0.1000,Sword.Air.Light.1,0.00,-1000.00,1690.10,10000.00,100.00,10000.00,0.00,-1400.00,1200.00
60,8,0.1167,Sword.Air.Light.1,0.00,-1000.00,1687.50,10000.00,100.00,10000.00,0.00,-1400.00,1200.00
60,8,0.1333,Sword.Air.Light.1,0.00,-1000.00,1684.62,10000.00,100.00,10000.00,0.00,-1400.00,1200.00
60,8,0.1500,Sword.Air.Light.1,0.00,-1000.00,1681.47,10000.00,100.00,10000.00,0.00,-1400.00,1200.00
60,8,0.1667,Sword.Air.Light.1,0.00,-1000.00,1678.06,10000.00,100.00,10000.00,0.00,-1400.00,1200.00
60,8,0.1833,Sword.Air.Light.1,0.00,-1000.00,1674.36,10000.00,100.00,10000.00,0.00,-1400.00,1200.00
60,8,0.2000,Sword.Air.Light.1,0.00,-1000.00,1670.40,10000.00,100.00,10000.00,0.00,-1400.00,1200.00
60,8,0.2167,Sword.Air.Light.1,0.00,-1000.00,1666.16,10000.00,100.00,10000.00,0.00,-1400.00,1200.00
60,8,0.2333,Sword.Air.Light.1,0.00,-1000.00,1661.66,10000.00,100.00,10000.00,0.00,-1400.00,1200.00
60,8,0.2500,Sword.Air.Light.1,0.00,-1000.00,1656.87,10000.00,100.00,10000.00,0.00,-1400.00,1200.00
60,8,0.2667,Sword.Air.Light.1,0.00,-1000.00,1651.82,10000.00,100.00,10000.00,0.00,-1400.00,1200.00
60,8,0.2833,Sword.Air.Light.1,0.00,-1000.00,1646.50,10000.00,100.00,10000.00,0.00,-1400.00,1200.00
60,8,0.3000,Sword.Air.Light.1,0.00,-1000.00,1640.90,10000.00,100.00,10000.00,0.00,-1400.00,1200.00
60,8,0.3167,Sword.Air.Light.1,0.00,-1000.00,1635.03,10000.00,100.00,10000.00,0.00,-1400.00,1200.00
60,8,0.3333,Sword.Air.Light.1,0.00,-1000.00,1628.89,10000.00,100.00,10000.00,0.00,-1400.00,1200.00
60,8,0.3500,Sword.Air.Light.1,0.00,-1000.00,1622.47,10000.00,100.00,10000.00,0.00,-1400.00,1200.00
60,8,0.3667,Sword.Air.Light.1,0.00,-1000.00,1615.79,10000.00,100.00,10000.00,0.00,-1400.00,1200.00
60,8,0.3833,Sword.Air.Light.1,0.00,-1000.00,1608.83,10000.00,100.00,10000.00,0.00,-1400.00,1200.00
60,8,0.4000,Sword.Air.Light.1,0.00,-1000.00,1601.60,10000.00,100.00,10000.00,0.00,-1400.00,1200.00
60,8,0.4167,Sword.Air.Light.1,0.00,-1000.00,1594.10,10000.00,100.00,10000.00,0.00,-1400.00,1200.00
60,8,0.4333,Sword.Air.Light.1,0.00,-1000.00,1586.32,10000.00,100.00,10000.00,0.00,-1400.00,1200.00
60,8,0.4500,Sword.Air.Light.1,0.00,-1000.00,1578.27,10000.00,100.00,10000.00,0.00,-1400.00,1200.00
60,8,0.4667,Sword.Air.Light.1,0.00,-1000.00,1569.96,10000.00,100.00,10000.00,0.00,-1400.00,1200.00
60,8,0.4833,Sword.Air.Light.2,0.00,-1000.00,1561.36,10000.00,100.00,10000.00,0.00,-1400.00,1200.00
60,8,0.5000,Sword.Air.Light.2,0.00,-1000.00,1552.50,10000.00,100.00,10000.00,0.00,-1400.00,1200.00
60,8,0.5167,Sword.Air.Light.2,0.00,-1000.00,1543.36,10000.00,100.00,10000.00,0.00,-1400.00,1200.00
60,8,0.5333,Sword.Air.Light.2,0.00,-1000.00,1533.96,10000.00,100.00,10000.00,0.00,-1400.00,1200.00
60,8,0.5500,Sword.Air.Light.2,0.00,-1000.00,1524.27,10000.00,100.00,10000.00,0.00,-1400.00,1200.00
60,8,0.5667,Sword.Air.Light.2,0.00,-1000.00,1514.32,10000.00,100.00,10000.00,0.00,-1400.00,1200.00
60,8,0.5833,Sword.Air.Light.2,0.00,-1000.00,1504.10,10000.00,100.00,10000.00,0.00,-1400.00,1200.00
60,8,0.6000,Sword.Air.Light.2,0.00,-1000.00,1493.60,10000.00,100.00,10000.00,0.00,-1400.00,1200.00
60,8,0.6167,Sword.Air.Light.2,0.00,-1000.00,1482.83,10000.00,100.00,10000.00,0.00,-1400.00,1200.00
60,8,0.6333,Sword.Air.Light.2,0.00,-1000.00,1471.79,10000.00,100.00,10000.00,0.00,-1400.00,1200.00
60,8,0.6500,Sword.Air.Light.2,0.00,-1000.00,1460.47,10000.00,100.00,10000.00,0.00,-1400.00,1200.00
60,8,0.6667,Sword.Air.Light.2,0.00,-1000.00,1448.89,10000.00,100.00,10000.00,0.00,-1400.00,1200.00
60,8,0.6833,Sword.Air.Light.2,0.00,-1000.00,1437.03,10000.00,100.00,10000.00,0.00,-1400.00,1200.00
60,8,0.7000,Sword.Air.Light.2,0.00,-1000.00,1424.90,10000.00,100.00,10000.00,0.00,-1400.00,1200.00
60,8,0.7167,Sword.Air.Light.2,0.00,-1000.00,1412.50,10000.00,100.00,10000.00,0.00,-1400.00,1200.00
60,8,0.7333,Sword.Air.Light.2,0.00,-1000.00,1399.82,10000.00,100.00,10000.00,0.00,-1400.00,1200.00
60,8,0.7500,Sword.Air.Light.2,0.00,-1000.00,1386.87,10000.00,100.00,10000.00,0.00,-1400.00,1200.00
60,8,0.7667,Sword.Air.Light.2,0.00,-1000.00,1373.66,10000.00,100.00,10000.00,0.00,-1400.00,1200.00
60,8,0.7833,Sword.Air.Light.2,0.00,-1000.00,1360.16,10000.00,100.00,10000.00,0.00,-1400.00,1200.00
60,8,0.8000,Sword.Air.Light.2,0.00,-1000.00,1346.40,10000.00,100.00,10000.00,0.00,-1400.00,1200.00
60,8,0.8167,Sword.Air.Light.2,0.00,-1000.00,1332.36,10000.00,100.00,10000.00,0.00,-1400.00,1200.00
60,8,0.8333,Sword.Air.Light.2,0.00,-1000.00,1318.06,10000.00,100.00,10000.00,0.00,-1400.00,1200.00
60,8,0.8500,Sword.Air.Light.2,0.00,-1000.00,1303.47,10000.00,100.00,10000.00,0.00,-1400.00,1200.00
60,8,0.8667,Sword.Air.Light.2,0.00,-1000.00,1288.62,10000.00,100.00,10000.00,0.00,-1400.00,1200.00
60,8,0.8833,Sword.Air.Light.2,0.00,-1000.00,1273.50,10000.00,100.00,10000.00,0.00,-1400.00,1200.00
60,8,0.9000,Sword.Air.Light.2,0.00,-1000.00,1258.10,10000.00,100.00,10000.00,0.00,-1400.00,1200.00
60,8,0.9167,Sword.Air.Light.2,0.00,-1000.00,1242.43,10000.00,100.00,10000.00,0.00,-1400.00,1200.00
60,8,0.9333,Sword.Air.Light.2,0.00,-1000.00,1226.49,10000.00,100.00,10000.00,0.00,-1400.00,1200.00
60,8,0.9500,Sword.Air.Light.2,0.00,-1000.00,1210.27,10000.00,100.00,10000.00,0.00,-1400.00,1200.00
60,8,0.9667,Sword.Air.Light.2,0.00,-1000.00,1193.79,10000.00,100.00,10000.00,0.00,-1400.00,1200.00
60,8,0.9833,Sword.Air.Light.2,0.00,-1000.00,1177.03,10000.00,100.00,10000.00,0.00,-1400.00,1200.00
60,8,1.0000,Sword.Air.Light.2,0.00,-1000.00,1160.00,10000.00,100.00,10000.00,0.00,-1400.00,1200.00
60,8,1.0167,Sword.Air.Light.2,0.00,-1000.00,1142.70,10000.00,100.00,10000.00,0.00,-1400.00,1200.00
60,8,1.0333,Sword.Air.Light.2,0.00,-1000.00,1125.12,10000.00,100.00,10000.00,0.00,-1400.00,1200.00
60,8,1.0500,Sword.Air.Light.2,0.00,-1000.00,1107.27,10000.00,100.00,10000.00,0.00,-1400.00,1200.00
60,8,1.0667,Sword.Air.Light.2,0.00,-1000.00,1089.16,10000.00,100.00,10000.00,0.00,-1400.00,1200.00
60,8,1.0833,Sword.Air.Light.2,0.00,-1000.00,1070.76,10000.00,100.00,10000.00,0.00,-1400.00,1200.00
60,8,1.1000,Sword.Air.Light.2,0.00,-1000.00,1052.10,10000.00,100.00,10000.00,0.00,-1400.00,1200.00
60,8,1.1167,Sword.Air.Light.2,0.00,-1000.00,1033.16,10000.00,100.00,10000.00,0.00,-1400.00,1200.00
60,8,1.1333,Sword.Air.Light.2,0.00,-1000.00,1013.96,10000.00,100.00,10000.00,0.00,-1400.00,1200.00
60,8,1.1500,Sword.Air.Light.2,0.00,-1000.00,994.47,10000.00,100.00,10000.00,0.00,-1400.00,1200.00
60,8,1.1667,Sword.Air.Light.2,0.00,-1000.00,974.72,10000.00,100.00,10000.00,0.00,-1400.00,1200.00
60,8,1.1833,Sword.Air.Light.2,0.00,-1000.00,954.70,10000.00,100.00,10000.00,0.00,-1400.00,1200.00
60,8,1.2000,Sword.Air.Light.2,0.00,-1000.00,934.40,10000.00,100.00,10000.00,0.00,-1400.00,1200.00
60,8,1.2167,Sword.Air.Light.2,0.00,-1000.00,913.83,10000.00,100.00,10000.00,0.00,-1400.00,1200.00
60,8,1.2333,Sword.Air.Light.2,0.00,-1000.00,892.99,10000.00,100.00,10000.00,0.00,-1400.00,1200.00
60,8,1.2500,Sword.Air.Light.2,0.00,-1000.00,871.87,10000.00,100.00,10000.00,0.00,-1400.00,1200.00
60,8,1.2667,None,0.00,-1000.00,850.49,10000.00,100.00,10000.00,0.00,-1400.00,1200.00
60,8,1.2833,None,0.00,-1000.00,828.83,10000.00,100.00,10000.00,0.00,-1400.00,1200.00
60,8,1.3000,None,0.00,-1000.00,806.90,10000.00,100.00,10000.00,0.00,-1400.00,1200.00
60,8,1.3167,None,0.00,-1000.00,784.70,10000.00,100.00,10000.00,0.00,-1400.00,1200.00
60,8,1.3333,None,0.00,-1000.00,762.22,10000.00,100.00,10000.00,0.00,-1400.00,1200.00
60,8,1.3500,None,0.00,-1000.00,739.47,10000.00,100.00,10000.00,0.00,-1400.00,1200.00
60,8,1.3667,None,0.00,-1000.00,716.46,10000.00,100.00,10000.00,0.00,-1400.00,1200.00
60,8,1.3833,None,0.00,-1000.00,693.16,10000.00,100.00,10000.00,0.00,-1400.00,1200.00
60,8,1.4000,None,0.00,-1000.00,669.60,10000.00,100.00,10000.00,0.00,-1400.00,1200.00
60,8,1.4167,None,0.00,-1000.00,645.76,10000.00,100.00,10000.00,0.00,-1400.00,1200.00
60,8,1.4333,None,0.00,-1000.00,621.66,10000.00,100.00,10000.00,0.00,-1400.00,1200.00
60,8,1.4500,None,0.00,-1000.00,597.27,10000.00,100.00,10000.00,0.00,-1400.00,1200.00
60,8,1.4667,None,0.00,-1000.00,572.62,10000.00,100.00,10000.00,0.00,-1400.00,1200.00
60,8,1.4833,None,0.00,-1000.00,547.70,10000.00,100.00,10000.00,0.00,-1400.00,1200.00
60,8,1.5000,None,0.00,-1000.00,522.50,10000.00,100.00,10000.00,0.00,-1400.00,1200.00
60,8,1.5167,None,0.00,-1000.00,497.03,10000.00,100.00,10000.00,0.00,-1400.00,1200.00
60,8,1.5333,None,0.00,-1000.00,471.29,10000.00,100.00,10000.00,0.00,-1400.00,1200.00
60,8,1.5500,None,0.00,-1000.00,445.27,10000.00,100.00,10000.00,0.00,-1400.00,1200.00
60,8,1.5667,None,0.00,-1000.00,418.99,10000.00,100.00,10000.00,0.00,-1400.00,1200.00
60,8,1.5833,None,0.00,-1000.00,392.43,10000.00,100.00,10000.00,0.00,-1400.00,1200.00
60,8,1.6000,None,0.00,-1000.00,365.60,10000.00,100.00,10000.00,0.00,-1400.00,1200.00
60,8,1.6167,None,0.00,-1000.00,338.50,10000.00,100.00,10000.00,0.00,-1400.00,1200.00
60,8,1.6333,None,0.00,-1000.00,311.12,10000.00,100.00,10000.00,0.00,-1400.00,1200.00
60,8,1.6500,None,0.00,-1000.00,283.47,10000.00,100.00,10000.00,0.00,-1400.00,1200.00
60,8,1.6667,None,0.00,-1000.00,255.56,10000.00,100.00,10000.00,0.00,-1400.00,1200.00
60,8,1.6833,None,0.00,-1000.00,227.36,10000.00,100.00,10000.00,0.00,-1400.00,1200.00
60,8,1.7000,None,0.00,-1000.00,198.90,10000.00,100.00,10000.00,0.00,-1400.00,1200.00
60,8,1.7167,None,0.00,-1000.00,170.16,10000.00,100.00,10000.00,0.00,-1400.00,1200.00
60,8,1.7333,None,0.00,-1000.00,141.16,10000.00,100.00,10000.00,0.00,-1400.00,1200.00
60,8,1.7500,None,0.00,-1000.00,111.87,10000.00,100.00,10000.00,0.00,-1400.00,1200.00
60,8,1.7667,None,0.00,-1000.00,90.15,10000.00,100.00,10000.00,0.00,-1400.00,1200.00
60,8,1.7833,None,0.00,-1000.00,100.85,10000.00,100.00,10000.00,0.00,-1400.00,1200.00
60,9,0.0167,Sword.Turn.R_90,0.00,-1000.00,90.15,10000.00,100.00,10000.00,0.00,140.00,-1000.00
60,9,0.0333,Sword.Turn.R_90,0.00,-1000.00,90.15,10000.00,100.00,10000.00,0.07,140.00,-1000.00
60,9,0.0500,Sword.Turn.R_90,0.00,-1000.00,90.15,10000.00,100.00,10000.00,0.29,140.00,-1000.00
60,9,0.0667,Sword.Turn.R_90,0.00,-1000.00,90.15,10000.00,100.00,10000.00,0.65,140.00,-1000.00
60,9,0.0833,Sword.Turn.R_90,0.00,-1000.00,90.15,10000.00,100.00,10000.00,1.15,140.00,-1000.00
60,9,0.1000,Sword.Turn.R_90,0.00,-1000.00,90.15,10000.00,100.00,10000.00,1.77,140.00,-1000.00
60,9,0.1167,Sword.Turn.R_90,0.00,-1000.00,90.15,10000.00,100.00,10000.00,2.52,140.00,-1000.00
60,9,0.1333,Sword.Turn.R_90,0.00,-1000.00,90.15,10000.00,100.00,10000.00,3.39,140.00,-1000.00
60,9,0.1500,Sword.Turn.R_90,0.00,-1000.00,90.15,10000.00,100.00,10000.00,4.37,140.00,-1000.00
60,9,0.1667,Sword.Turn.R_90,0.00,-1000.00,90.15,10000.00,100.00,10000.00,5.47,140.00,-1000.00
60,9,0.1833,Sword.Turn.R_90,0.00,-1000.00,90.15,10000.00,100.00,10000.00,6.67,140.00,-1000.00
60,9,0.2000,Sword.Turn.R_90,0.00,-1000.00,90.15,10000.00,100.00,10000.00,7.97,140.00,-1000.00
60,9,0.2167,Sword.Turn.R_90,0.00,-1000.00,90.15,10000.00,100.00,10000.00,9.36,140.00,-1000.00
60,9,0.2333,Sword.Turn.R_90,0.00,-1000.00,90.15,10000.00,100.00,10000.00,10.84,140.00,-1000.00
60,9,0.2500,Sword.Turn.R_90,0.00,-1000.00,90.15,10000.00,100.00,10000.00,12.41,140.00,-1000.00
60,9,0.2667,Sword.Turn.R_90,0.00,-1000.00,90.15,10000.00,100.00,10000.00,14.06,140.00,-1000.00
60,9,0.2833,Sword.Turn.R_90,0.00,-1000.00,90.15,10000.00,100.00,10000.00,15.79,140.00,-1000.00
60,9,0.3000,Sword.Turn.R_90,0.00,-1000.00,90.15,10000.00,100.00,10000.00,17.58,140.00,-1000.00
60,9,0.3167,Sword.Turn.R_90,0.00,-1000.00,90.15,10000.00,100.00,10000.00,19.44,140.00,-1000.00
60,9,0.3333,Sword.Turn.R_90,0.00,-1000.00,90.15,10000.00,100.00,10000.00,21.36,140.00,-1000.00
60,9,0.3500,Sword.Turn.R_90,0.00,-1000.00,90.15,10000.00,100.00,10000.00,23.33,140.00,-1000.00
60,9,0.3667,Sword.Turn.R_90,0.00,-1000.00,90.15,10000.00,100.00,10000.00,25.36,140.00,-1000.00
60,9,0.3833,Sword.Turn.R_90,0.00,-1000.00,90.15,10000.00,100.00,10000.00,27.43,140.00,-1000.00
60,9,0.4000,Sword.Turn.R_90,0.00,-1000.00,90.15,10000.00,100.00,10000.00,29.54,140.00,-1000.00
60,9,0.4167,Sword.Turn.R_90,0.00,-1000.00,90.15,10000.00,100.00,10000.00,31.68,140.00,-1000.00
60,9,0.4333,Sword.Turn.R_90,0.00,-1000.00,90.15,10000.00,100.00,10000.00,33.85,140.00,-1000.00
60,9,0.4500,Sword.Turn.R_90,0.00,-1000.00,90.15,10000.00,100.00,10000.00,36.05,140.00,-1000.00
60,9,0.4667,Sword.Turn.R_90,0.00,-1000.00,90.15,10000.00,100.00,10000.00,38.27,140.00,-1000.00
60,9,0.4833,Sword.Turn.R_90,0.00,-1000.00,90.15,10000.00,100.00,10000.00,40.51,140.00,-1000.00
60,9,0.5000,Sword.Turn.R_90,0.00,-1000.00,90.15,10000.00,100.00,10000.00,42.75,140.00,-1000.00
60,9,0.5167,Sword.Turn.R_90,0.00,-1000.00,90.15,10000.00,100.00,10000.00,45.00,140.00,-1000.00
60,9,0.5333,Sword.Turn.R_90,0.00,-1000.00,90.15,10000.00,100.00,10000.00,47.25,140.00,-1000.00
60,9,0.5500,Sword.Turn.R_90,0.00,-1000.00,90.15,10000.00,100.00,10000.00,49.49,140.00,-1000.00
60,9,0.5667,Sword.Turn.R_90,0.00,-1000.00,90.15,10000.00,100.00,10000.00,51.73,140.00,-1000.00
60,9,0.5833,Sword.Turn.R_90,0.00,-1000.00,90.15,10000.00,100.00,10000.00,53.95,140.00,-1000.00
60,9,0.6000,Sword.Turn.R_90,0.00,-1000.00,90.15,10000.00,100.00,10000.00,56.15,140.00,-1000.00
60,9,0.6167,Sword.Turn.R_90,0.00,-1000.00,90.15,10000.00,100.00,10000.00,58.32,140.00,-1000.00
60,9,0.6333,Sword.Turn.R_90,0.00,-1000.00,90.15,10000.00,100.00,10000.00,60.46,140.00,-1000.00
60,9,0.6500,Sword.Turn.R_90,0.00,-1000.00,90.15,10000.00,100.00,10000.00,62.57,140.00,-1000.00
60,9,0.6667,Sword.Turn.R_90,0.00,-1000.00,90.15,10000.00,100.00,10000.00,64.64,140.00,-1000.00
60,9,0.6833,Sword.Turn.R_90,0.00,-1000.00,90.15,10000.00,100.00,10000.00,66.67,140.00,-1000.00
60,9,0.7000,Sword.Turn.R_90,0.00,-1000.00,90.15,10000.00,100.00,10000.00,68.64,140.00,-1000.00
60,9,0.7167,Sword.Turn.R_90,0.00,-1000.00,90.15,10000.00,100.00,10000.00,70.56,140.00,-1000.00
60,9,0.7333,Sword.Turn.R_90,0.00,-1000.00,90.15,10000.00,100.00,10000.00,72.42,140.00,-1000.00
60,9,0.7500,Sword.Turn.R_90,0.00,-1000.00,90.15,10000.00,100.00,10000.00,74.21,140.00,-1000.00
60,9,0.7667,Sword.Turn.R_90,0.00,-1000.00,90.15,10000.00,100.00,10000.00,75.94,140.00,-1000.00
60,9,0.7833,Sword.Turn.R_90,0.00,-1000.00,90.15,10000.00,100.00,10000.00,77.59,140.00,-1000.00
60,9,0.8000,Sword.Turn.R_90,0.00,-1000.00,90.15,10000.00,100.00,10000.00,79.16,140.00,-1000.00
60,9,0.8167,Sword.Turn.R_90,0.00,-1000.00,90.15,10000.00,100.00,10000.00,80.64,140.00,-1000.00
60,9,0.8333,Sword.Turn.R_90,0.00,-1000.00,90.15,10000.00,100.00,10000.00,82.03,140.00,-1000.00
60,9,0.8500,Sword.Turn.R_90,0.00,-1000.00,90.15,10000.00,100.00,10000.00,83.33,140.00,-1000.00
60,9,0.8667,Sword.Turn.R_90,0.00,-1000.00,90.15,10000.00,100.00,10000.00,84.53,140.00,-1000.00
60,9,0.8833,Sword.Turn.R_90,0.00,-1000.00,90.15,10000.00,100.00,10000.00,85.63,140.00,-1000.00
60,9,0.9000,Sword.Turn.R_90,0.00,-1000.00,90.15,10000.00,100.00,10000.00,86.61,140.00,-1000.00
60,9,0.9167,Sword.Turn.R_90,0.00,-1000.00,90.15,10000.00,100.00,10000.00,86.61,140.00,-1000.00
60,9,0.9333,Sword.Turn.R_90,0.00,-1000.00,90.15,10000.00,100.00,10000.00,86.61,140.00,-1000.00
60,9,0.9500,Sword.Turn.R_90,0.00,-1000.00,90.15,10000.00,100.00,10000.00,86.61,140.00,-1000.00
60,9,0.9667,Sword.Turn.R_90,0.00,-1000.00,90.15,10000.00,100.00,10000.00,86.61,140.00,-1000.00
60,9,0.9833,Sword.Turn.R_90,0.00,-1000.00,90.15,10000.00,100.00,10000.00,86.61,140.00,-1000.00
60,9,1.0000,Sword.Turn.R_90,0.00,-1000.00,90.15,10000.00,100.00,10000.00,86.61,140.00,-1000.00
60,9,1.0167,None,0.00,-1000.00,90.15,10000.00,100.00,10000.00,86.61,140.00,-1000.00
60,9,1.0333,None,0.00,-1000.00,90.15,10000.00,100.00,10000.00,86.61,140.00,-1000.00
60,9,1.0500,None,0.00,-1000.00,90.15,10000.00,100.00,10000.00,86.61,140.00,-1000.00
60,9,1.0667,None,0.00,-1000.00,90.15,10000.00,100.00,10000.00,86.61,140.00,-1000.00
60,9,1.0833,None,0.00,-1000.00,90.15,10000.00,100.00,10000.00,86.61,140.00,-1000.00
60,9,1.1000,None,0.00,-1000.00,90.15,10000.00,100.00,10000.00,86.61,140.00,-1000.00
60,9,1.1167,None,0.00,-1000.00,90.15,10000.00,100.00,10000.00,86.61,140.00,-1000.00
60,9,1.1333,None,0.00,-1000.00,90.15,10000.00,100.00,10000.00,86.61,140.00,-1000.00
60,9,1.1500,None,0.00,-1000.00,90.15,10000.00,100.00,10000.00,86.61,140.00,-1000.00
60,9,1.1667,None,0.00,-1000.00,90.15,10000.00,100.00,10000.00,86.61,140.00,-1000.00
60,9,1.1833,None,0.00,-1000.00,90.15,10000.00,100.00,10000.00,86.61,140.00,-1000.00
60,9,1.2000,None,0.00,-1000.00,90.15,10000.00,100.00,10000.00,86.61,140.00,-1000.00
60,9,1.2167,None,0.00,-1000.00,90.15,10000.00,100.00,10000.00,86.61,140.00,-1000.00
60,9,1.2333,None,0.00,-1000.00,90.15,10000.00,100.00,10000.00,86.61,140.00,-1000.00
60,9,1.2500,None,0.00,-1000.00,90.15,10000.00,100.00,10000.00,86.61,140.00,-1000.00
60,9,1.2667,None,0.00,-1000.00,90.15,10000.00,100.00,10000.00,86.61,140.00,-1000.00
60,9,1.2833,None,0.00,-1000.00,90.15,10000.00,100.00,10000.00,86.61,140.00,-1000.00
60,9,1.3000,None,0.00,-1000.00,90.15,10000.00,100.00,10000.00,86.61,140.00,-1000.00
60,9,1.3167,None,0.00,-1000.00,90.15,10000.00,100.00,10000.00,86.61,140.00,-1000.00
60,9,1.3333,None,0.00,-1000.00,90.15,10000.00,100.00,10000.00,86.61,140.00,-1000.00
60,9,1.3500,None,0.00,-1000.00,90.15,10000.00,100.00,10000.00,86.61,140.00,-1000.00
60,9,1.3667,None,0.00,-1000.00,90.15,10000.00,100.00,10000.00,86.61,140.00,-1000.00
60,9,1.3833,None,0.00,-1000.00,90.15,10000.00,100.00,10000.00,86.61,140.00,-1000.00
60,9,1.4000,None,0.00,-1000.00,90.15,10000.00,100.00,10000.00,86.61,140.00,-1000.00
60,9,1.4167,None,0.00,-1000.00,90.15,10000.00,100.00,10000.00,86.61,140.00,-1000.00
60,9,1.4333,None,0.00,-1000.00,90.15,10000.00,100.00,10000.00,86.61,140.00,-1000.00
60,9,1.4500,None,0.00,-1000.00,90.15,10000.00,100.00,10000.00,86.61,140.00,-1000.00
60,9,1.4667,None,0.00,-1000.00,90.15,10000.00,100.00,10000.00,86.61,140.00,-1000.00
60,9,1.4833,None,0.00,-1000.00,90.15,10000.00,100.00,10000.00,86.61,140.00,-1000.00
60,9,1.5000,None,0.00,-1000.00,90.15,10000.00,100.00,10000.00,86.61,140.00,-1000.00
60,10,0.0167,None,0.00,-1000.00,90.15,10000.00,100.00,10000.00,0.00,140.00,-1000.00
60,10,0.0333,None,-0.57,-999.99,90.15,10000.00,100.00,10000.00,0.00,500.00,-1000.00
60,10,0.0500,None,-1.71,-999.97,90.15,10000.00,100.00,10000.00,0.00,499.43,-999.99
60,10,0.0667,None,-3.41,-999.93,90.15,10000.00,100.00,10000.00,0.00,498.29,-999.97
60,10,0.0833,None,-5.69,-999.89,90.15,10000.00,100.00,10000.00,0.00,496.59,-999.93
60,10,0.1000,None,-8.19,-999.84,90.15,10000.00,100.00,10000.00,-0.00,494.31,-999.89
60,10,0.1167,None,-10.69,-999.79,90.15,10000.00,100.00,10000.00,-0.00,491.81,-999.84
60,10,0.1333,None,-13.19,-999.74,90.15,10000.00,100.00,10000.00,-0.00,489.31,-999.79
60,10,0.1500,None,-15.69,-999.69,90.15,10000.00,100.00,10000.00,-0.00,486.81,-999.74
60,10,0.1667,None,-18.19,-999.64,90.15,10000.00,100.00,10000.00,-0.00,484.31,-999.69
60,10,0.1833,None,-20.68,-999.59,90.15,10000.00,100.00,10000.00,-0.00,481.81,-999.64
60,10,0.2000,None,-23.18,-999.54,90.15,10000.00,100.00,10000.00,-0.00,479.32,-999.59
60,10,0.2167,None,-25.68,-999.49,90.15,10000.00,100.00,10000.00,-0.00,476.82,-999.54
60,10,0.2333,None,-28.18,-999.44,90.15,10000.00,100.00,10000.00,-0.00,474.32,-999.49
60,10,0.2500,None,-30.68,-999.39,90.15,10000.00,100.00,10000.00,-0.00,471.82,-999.44
60,10,0.2667,None,-33.18,-999.34,90.15,10000.00,100.00,10000.00,-0.00,469.32,-999.39
60,10,0.2833,None,-35.68,-999.29,90.15,10000.00,100.00,10000.00,-0.00,466.82,-999.34
60,10,0.3000,None,-38.18,-999.24,90.15,10000.00,100.00,10000.00,-0.00,464.32,-999.29
60,10,0.3167,None,-40.68,-999.19,90.15,10000.00,100.00,10000.00,-0.00,461.82,-999.24
60,10,0.3333,None,-43.18,-999.14,90.15,10000.00,100.00,10000.00,-0.00,459.32,-999.19
60,10,0.3500,None,-45.68,-999.09,90.15,10000.00,100.00,10000.00,-0.00,456.82,-999.14
60,10,0.3667,None,-48.18,-999.04,90.15,10000.00,100.00,10000.00,-0.00,454.32,-999.09
60,10,0.3833,None,-50.68,-998.99,90.15,10000.00,100.00,10000.00,-0.00,451.82,-999.04
60,10,0.4000,None,-53.18,-998.94,90.15,10000.00,100.00,10000.00,-0.00,449.32,-998.99
60,10,0.4167,None,-55.68,-998.89,90.15,10000.00,100.00,10000.00,-0.00,446.82,-998.94
60,10,0.4333,None,-58.18,-998.84,90.15,10000.00,100.00,10000.00,-0.00,444.32,-998.89
60,10,0.4500,None,-60.68,-998.79,90.15,10000.00,100.00,10000.00,-0.00,441.82,-998.84
60,10,0.4667,None,-63.18,-998.74,90.15,10000.00,100.00,10000.00,-0.00,439.32,-998.79
60,10,0.4833,None,-65.68,-998.69,90.15,10000.00,100.00,10000.00,-0.00,436.82,-998.74
60,10,0.5000,None,-68.18,-998.64,90.15,10000.00,100.00,10000.00,-0.00,434.32,-998.69
60,10,0.5167,None,-70.67,-998.59,90.15,10000.00,100.00,10000.00,-0.00,431.82,-998.64
60,10,0.5333,None,-73.17,-998.54,90.15,10000.00,100.00,10000.00,-0.00,429.33,-998.59
60,10,0.5500,None,-75.67,-998.49,90.15,10000.00,100.00,10000.00,-0.00,426.83,-998.54
60,10,0.5667,None,-78.17,-998.44,90.15,10000.00,100.00,10000.00,-0.00,424.33,-998.49
60,10,0.5833,None,-80.67,-998.39,90.15,10000.00,100.00,10000.00,-0.00,421.83,-998.44
60,10,0.6000,None,-83.17,-998.34,90.15,10000.00,100.00,10000.00,-0.00,419.33,-998.39
60,10,0.6167,None,-85.67,-998.32,90.15,10000.00,100.00,10000.00,-0.00,416.83,-998.34
60,10,0.6333,None,-88.17,-998.32,90.15,10000.00,100.00,10000.00,-0.00,414.33,-998.32
60,10,0.6500,None,-90.67,-998.33,90.15,10000.00,100.00,10000.00,-0.00,411.83,-998.32
60,10,0.6667,None,-93.17,-998.36,90.15,10000.00,100.00,10000.00,-0.00,409.33,-998.33
60,10,0.6833,None,-95.67,-998.39,90.15,10000.00,100.00,10000.00,-0.00,406.83,-998.36
60,10,0.7000,None,-98.17,-998.43,90.15,10000.00,100.00,10000.00,-0.00,404.33,-998.39
60,10,0.7167,None,-100.67,-998.47,90.15,10000.00,100.00,10000.00,-0.00,401.83,-998.43
60,10,0.7333,None,-103.17,-998.51,90.15,10000.00,100.00,10000.00,-0.00,399.33,-998.47
60,10,0.7500,None,-105.67,-998.56,90.15,10000.00,100.00,10000.00,-0.00,396.83,-998.51
60,10,0.7667,None,-108.17,-998.60,90.15,10000.00,100.00,10000.00,-0.00,394.33,-998.56
60,10,0.7833,None,-110.67,-998.65,90.15,10000.00,100.00,10000.00,0.00,391.83,-998.60
60,10,0.8000,None,-113.17,-998.70,90.15,10000.00,100.00,10000.00,0.00,389.33,-998.65
60,10,0.8167,None,-115.67,-998.75,90.15,10000.00,100.00,10000.00,0.00,386.83,-998.70
60,10,0.8333,None,-118.17,-998.80,90.15,10000.00,100.00,10000.00,0.00,384.33,-998.75
60,10,0.8500,None,-120.67,-998.85,90.15,10000.00,100.00,10000.00,0.00,381.83,-998.80
60,10,0.8667,None,-123.17,-998.90,90.15,10000.00,100.00,10000.00,0.00,379.33,-998.85
60,10,0.8833,None,-125.67,-998.95,90.15,10000.00,100.00,10000.00,0.00,376.83,-998.90
60,10,0.9000,None,-128.17,-999.00,90.15,10000.00,100.00,10000.00,0.00,374.33,-998.95
60,10,0.9167,None,-130.67,-999.05,90.15,10000.00,100.00,10000.00,0.00,371.83,-999.00
60,10,0.9333,None,-133.17,-999.10,90.15,10000.00,100.00,10000.00,0.00,369.33,-999.05
60,10,0.9500,None,-135.66,-999.15,90.15,10000.00,100.00,10000.00,0.00,366.83,-999.10
60,10,0.9667,None,-138.16,-999.20,90.15,10000.00,100.00,10000.00,0.00,364.34,-999.15
60,10,0.9833,None,-140.66,-999.25,90.15,10000.00,100.00,10000.00,0.00,361.84,-999.20
60,10,1.0000,None,-143.16,-999.30,90.15,10000.00,100.00,10000.00,0.00,359.34,-999.25
60,10,1.0167,None,-145.66,-999.35,90.15,10000.00,100.00,10000.00,0.00,356.84,-999.30
60,10,1.0333,None,-148.16,-999.40,90.15,10000.00,100.00,10000.00,0.00,354.34,-999.35
60,10,1.0500,None,-150.66,-999.45,90.15,10000.00,100.00,10000.00,0.00,351.84,-999.40
60,10,1.0667,None,-153.16,-999.50,90.15,10000.00,100.00,10000.00,0.00,349.34,-999.45
60,10,1.0833,None,-155.66,-999.55,90.15,10000.00,100.00,10000.00,0.00,346.84,-999.50
60,10,1.1000,None,-158.16,-999.60,90.15,10000.00,100.00,10000.00,0.00,344.34,-999.55
60,10,1.1167,None,-160.66,-999.65,90.15,10000.00,100.00,10000.00,0.01,341.84,-999.60
60,10,1.1333,None,-163.16,-999.70,90.15,10000.00,100.00,10000.00,0.01,339.34,-999.65
60,10,1.1500,None,-165.66,-999.75,90.15,10000.00,100.00,10000.00,0.01,336.84,-999.70
60,10,1.1667,None,-168.16,-999.80,90.15,10000.00,100.00,10000.00,0.01,334.34,-999.75
60,10,1.1833,None,-170.66,-999.85,90.15,10000.00,100.00,10000.00,0.01,331.84,-999.80
60,10,1.2000,None,-173.16,-999.90,90.15,10000.00,100.00,10000.00,0.01,329.34,-999.85
60,10,1.2167,None,-174.35,-999.92,90.15,10000.00,100.00,10000.00,0.01,326.84,-999.90
60,10,1.2333,None,-174.59,-999.93,90.15,10000.00,100.00,10000.00,0.01,325.65,-999.92
60,10,1.2500,None,-174.70,-999.93,90.15,10000.00,100.00,10000.00,0.01,325.41,-999.93
60,10,1.2667,None,-174.71,-999.94,90.15,10000.00,100.00,10000.00,0.01,325.30,-999.93
60,10,1.2833,None,-174.65,-999.94,90.15,10000.00,100.00,10000.00,0.00,325.29,-999.94
60,10,1.3000,None,-174.52,-999.95,90.15,10000.00,100.00,10000.00,0.00,325.35,-999.94
60,10,1.3167,None,-174.32,-999.95,90.15,10000.00,100.00,10000.00,0.00,325.48,-999.95
60,10,1.3333,None,-174.06,-999.95,90.15,10000.00,100.00,10000.00,0.00,325.68,-999.95
60,10,1.3500,None,-173.76,-999.95,90.15,10000.00,100.00,10000.00,0.00,325.94,-999.95
60,10,1.3667,None,-173.46,-999.96,90.15,10000.00,100.00,10000.00,0.00,326.24,-999.95
60,10,1.3833,None,-173.16,-999.96,90.15,10000.00,100.00,10000.00,0.00,326.54,-999.96
60,10,1.4000,None,-172.86,-999.96,90.15,10000.00,100.00,10000.00,0.00,326.84,-999.96
60,10,1.4167,None,-172.56,-999.96,90.15,10000.00,100.00,10000.00,0.00,327.14,-999.96
60,10,1.4333,None,-172.26,-999.96,90.15,10000.00,100.00,10000.00,0.00,327.44,-999.96
60,10,1.4500,None,-171.96,-999.96,90.15,10000.00,100.00,10000.00,0.00,327.74,-999.96
60,10,1.4667,None,-171.66,-999.96,90.15,10000.00,100.00,10000.00,0.00,328.04,-999.96
60,10,1.4833,None,-171.36,-999.96,90.15,10000.00,100.00,10000.00,0.00,328.34,-999.96
60,10,1.5000,None,-171.06,-999.96,90.15,10000.00,100.00,10000.00,0.00,328.64,-999.96
60,10,1.5167,None,-170.76,-999.96,90.15,10000.00,100.00,10000.00,0.00,328.94,-999.96
60,10,1.5333,None,-170.46,-999.96,90.15,10000.00,100.00,10000.00,0.00,329.24,-999.96
60,10,1.5500,None,-170.16,-999.96,90.15,10000.00,100.00,10000.00,0.00,329.54,-999.96
60,10,1.5667,None,-169.86,-999.96,90.15,10000.00,100.00,10000.00,0.00,329.84,-999.96
60,10,1.5833,None,-169.56,-999.96,90.15,10000.00,100.00,10000.00,0.00,330.14,-999.96
60,10,1.6000,None,-169.26,-999.96,90.15,10000.00,100.00,10000.00,0.00,330.44,-999.96
60,10,1.6167,None,-168.96,-999.96,90.15,10000.00,100.00,10000.00,0.00,330.74,-999.96
60,10,1.6333,None,-168.66,-999.96,90.15,10000.00,100.00,10000.00,0.00,331.04,-999.96
60,10,1.6500,None,-168.36,-999.96,90.15,10000.00,100.00,10000.00,0.00,331.34,-999.96
60,10,1.6667,None,-168.06,-999.96,90.15,10000.00,100.00,10000.00,0.00,331.64,-999.96
60,10,1.6833,None,-167.76,-999.96,90.15,10000.00,100.00,10000.00,0.00,331.94,-999.96
60,10,1.7000,None,-167.46,-999.96,90.15,10000.00,100.00,10000.00,0.00,332.24,-999.96
60,10,1.7167,None,-167.16,-999.96,90.15,10000.00,100.00,10000.00,0.00,332.54,-999.96
60,10,1.7333,None,-166.86,-999.96,90.15,10000.00,100.00,10000.00,0.00,332.84,-999.96
60,10,1.7500,None,-166.56,-999.96,90.15,10000.00,100.00,10000.00,0.00,333.14,-999.96
60,10,1.7667,None,-166.26,-999.96,90.15,10000.00,100.00,10000.00,0.00,333.44,-999.96
60,10,1.7833,None,-165.96,-999.96,90.15,10000.00,100.00,10000.00,0.00,333.74,-999.96
60,10,1.8000,None,-165.66,-999.96,90.15,10000.00,100.00,10000.00,0.00,334.04,-999.96
60,10,1.8167,None,-165.36,-999.96,90.15,10000.00,100.00,10000.00,0.00,334.34,-999.96
60,10,1.8333,None,-165.06,-999.96,90.15,10000.00,100.00,10000.00,0.00,334.64,-999.96
60,10,1.8500,None,-164.76,-999.96,90.15,10000.00,100.00,10000.00,0.00,334.94,-999.96
60,10,1.8667,None,-164.46,-999.96,90.15,10000.00,100.00,10000.00,0.00,335.24,-999.96
60,10,1.8833,None,-164.16,-999.96,90.15,10000.00,100.00,10000.00,0.00,335.54,-999.96
60,10,1.9000,None,-163.86,-999.96,90.15,10000.00,100.00,10000.00,0.00,335.84,-999.96
60,10,1.9167,None,-163.56,-999.96,90.15,10000.00,100.00,10000.00,0.00,336.14,-999.96
60,10,1.9333,None,-163.26,-999.96,90.15,10000.00,100.00,10000.00,0.00,336.44,-999.96
60,10,1.9500,None,-162.96,-999.96,90.15,10000.00,100.00,10000.00,0.00,336.74,-999.96
60,10,1.9667,None,-162.66,-999.96,90.15,10000.00,100.00,10000.00,0.00,337.04,-999.96
60,10,1.9833,None,-162.36,-999.96,90.15,10000.00,100.00,10000.00,0.00,337.34,-999.96
60,10,2.0000,None,-162.06,-999.96,90.15,10000.00,100.00,10000.00,0.00,337.64,-999.96
60,10,2.0167,None,-161.76,-999.96,90.15,10000.00,100.00,10000.00,0.00,337.94,-999.96
60,10,2.0333,None,-161.46,-999.96,90.15,10000.00,100.00,10000.00,0.00,338.24,-999.96
60,10,2.0500,None,-161.16,-999.96,90.15,10000.00,100.00,10000.00,0.00,338.54,-999.96
60,10,2.0667,None,-160.86,-999.96,90.15,10000.00,100.00,10000.00,0.00,338.84,-999.96
60,10,2.0833,None,-160.56,-999.96,90.15,10000.00,100.00,10000.00,0.00,339.14,-999.96
60,10,2.1000,None,-160.26,-999.96,90.15,10000.00,100.00,10000.00,0.00,339.44,-999.96
60,10,2.1167,None,-159.96,-999.96,90.15,10000.00,100.00,10000.00,0.00,339.74,-999.96
60,10,2.1333,None,-159.66,-999.96,90.15,10000.00,100.00,10000.00,0.00,340.04,-999.96
60,10,2.1500,None,-159.36,-999.96,90.15,10000.00,100.00,10000.00,0.00,340.34,-999.96
60,10,2.1667,None,-159.06,-999.96,90.15,10000.00,100.00,10000.00,0.00,340.64,-999.96
60,10,2.1833,None,-158.76,-999.96,90.15,10000.00,100.00,10000.00,0.00,340.94,-999.96
60,10,2.2000,None,-158.46,-999.96,90.15,10000.00,100.00,10000.00,0.00,341.24,-999.96
60,10,2.2167,None,-158.16,-999.96,90.15,10000.00,100.00,10000.00,0.00,341.54,-999.96
120,0,0.0083,Sword.Light.1,1.52,-1000.00,90.15,10000.00,100.00,10000.00,0.00,140.00,-1000.00
120,0,0.0167,Sword.Light.1,3.05,-1000.00,90.15,10000.00,100.00,10000.00,0.00,140.00,-1000.00
120,0,0.0250,Sword.Light.1,4.23,-1000.00,90.15,10000.00,100.00,10000.00,0.00,140.00,-1000.00
120,0,0.0333,Sword.Light.1,5.41,-1000.00,90.15,10000.00,100.00,10000.00,0.00,140.00,-1000.00
120,0,0.0417,Sword.Light.1,6.76,-1000.00,90.15,10000.00,100.00,10000.00,0.00,140.00,-1000.00
120,0,0.0500,Sword.Light.1,6.97,-1000.00,90.15,10000.00,100.00,10000.00,0.00,140.00,-1000.00
120,0,0.0583,Sword.Light.1,7.29,-1000.00,90.15,10000.00,100.00,10000.00,0.00,140.00,-1000.00
120,0,0.0667,Sword.Light.1,7.61,-1000.00,90.15,10000.00,100.00,10000.00,0.00,140.00,-1000.00
120,0,0.0750,Sword.Light.1,8.13,-1000.00,90.15,10000.00,100.00,10000.00,0.00,140.00,-1000.00
120,0,0.0833,Sword.Light.1,8.64,-1000.00,90.15,10000.00,100.00,10000.00,0.00,140.00,-1000.00
120,0,0.0917,Sword.Light.1,9.61,-1000.00,90.15,10000.00,100.00,10000.00,0.00,140.00,-1000.00
120,0,0.1000,Sword.Light.1,10.59,-1000.00,90.15,10000.00,100.00,10000.00,0.00,140.00,-1000.00
120,0,0.1083,Sword.Light.1,11.93,-1000.00,90.15,10000.00,100.00,10000.00,0.00,140.00,-1000.00
120,0,0.1167,Sword.Light.1,13.28,-1000.00,90.15,10000.00,100.00,10000.00,0.00,140.00,-1000.00
120,0,0.1250,Sword.Light.1,14.54,-1000.00,90.15,10000.00,100.00,10000.00,0.00,140.00,-1000.00
120,0,0.1333,Sword.Light.1,15.79,-1000.00,90.15,10000.00,100.00,10000.00,0.00,140.00,-1000.00
120,0,0.1417,Sword.Light.1,16.74,-1000.00,90.15,10000.00,100.00,10000.00,0.00,140.00,-1000.00
120,0,0.1500,Sword.Light.1,17.68,-1000.00,90.15,10000.00,100.00,10000.00,0.00,140.00,-1000.00
120,0,0.1583,Sword.Light.1,18.42,-1000.00,90.15,10000.00,100.00,10000.00,0.00,140.00,-1000.00
120,0,0.1667,Sword.Light.1,19.16,-1000.00,90.15,10000.00,100.00,10000.00,0.00,140.00,-1000.00
120,0,0.1750,Sword.Light.1,19.69,-1000.00,90.15,10000.00,100.00,10000.00,0.00,140.00,-1000.00
120,0,0.1833,Sword.Light.1,21.32,-1000.00,90.15,10000.00,100.00,10000.00,0.00,140.00,-1000.00
120,0,0.1917,Sword.Light.1,23.50,-1000.00,90.15,10000.00,100.00,10000.00,0.00,140.00,-1000.00
120,0,0.2000,Sword.Light.1,25.67,-1000.00,90.15,10000.00,100.00,10000.00,0.00,140.00,-1000.00
120,0,0.2083,Sword.Light.1,26.69,-1000.00,90.15,10000.00,100.00,10000.00,0.00,140.00,-1000.00
120,0,0.2167,Sword.Light.1,27.71,-1000.00,90.15,10000.00,100.00,9975.00,0.00,140.00,-1000.00
120,0,0.2250,Sword.Light.1,28.22,-1000.00,90.15,10000.00,100.00,9975.00,0.00,140.00,-1000.00
120,0,0.2333,Sword.Light.1,28.72,-1000.00,90.15,10000.00,100.00,9975.00,0.00,140.00,-1000.00
120,0,0.2417,Sword.Light.1,29.24,-1000.00,90.15,10000.00,100.00,9975.00,0.00,140.00,-1000.00
120,0,0.2500,Sword.Light.1,29.75,-1000.00,90.15,10000.00,100.00,9975.00,0.00,140.00,-1000.00
120,0,0.2583,Sword.Light.1,30.58,-1000.00,90.15,10000.00,100.00,9975.00,0.00,140.00,-1000.00
120,0,0.2667,Sword.Light.1,31.41,-1000.00,90.15,10000.00,100.00,9975.00,0.00,140.00,-1000.00
120,0,0.2750,Sword.Light.1,33.37,-1000.00,90.15,10000.00,100.00,9975.00,0.00,140.00,-1000.00
120,0,0.2833,Sword.Light.1,35.33,-1000.00,90.15,10000.00,100.00,9975.00,0.00,140.00,-1000.00
120,0,0.2917,Sword.Light.1,37.45,-1000.00,90.15,10000.00,100.00,9975.00,0.00,140.00,-1000.00
120,0,0.3000,Sword.Light.1,39.58,-1000.00,90.15,10000.00,100.00,9975.00,0.00,140.00,-1000.00
120,0,0.3083,Sword.Light.1,41.23,-1000.00,90.15,10000.00,100.00,9975.00,0.00,140.00,-1000.00
120,0,0.3167,Sword.Light.1,42.87,-1000.00,90.15,10000.00,100.00,9975.00,0.00,140.00,-1000.00
120,0,0.3250,Sword.Light.1,43.85,-1000.00,90.15,10000.00,100.00,9975.00,0.00,140.00,-1000.00
120,0,0.3333,Sword.Light.1,44.83,-1000.00,90.15,10000.00,100.00,9975.00,0.00,140.00,-1000.00
120,0,0.3417,Sword.Light.1,44.99,-1000.00,90.15,10000.00,100.00,9975.00,0.00,140.00,-1000.00
120,0,0.3500,Sword.Light.1,45.14,-1000.00,90.15,10000.00,100.00,9975.00,0.00,140.00,-1000.00
120,0,0.3583,Sword.Light.1,45.01,-1000.00,90.15,10000.00,100.00,9975.00,0.00,140.00,-1000.00
120,0,0.3667,Sword.Light.1,44.89,-1000.00,90.15,10000.00,100.00,9975.00,0.00,140.00,-1000.00
120,0,0.3750,Sword.Light.1,44.59,-1000.00,90.15,10000.00,100.00,9975.00,0.00,140.00,-1000.00
120,0,0.3833,Sword.Light.1,44.30,-1000.00,90.15,10000.00,100.00,9975.00,0.00,140.00,-1000.00
120,0,0.3917,Sword.Light.1,43.95,-1000.00,90.15,10000.00,100.00,9975.00,0.00,140.00,-1000.00
120,0,0.4000,Sword.Light.1,43.61,-1000.00,90.15,10000.00,100.00,9975.00,0.00,140.00,-1000.00
120,0,0.4083,Sword.Light.1,43.14,-1000.00,90.15,10000.00,100.00,9975.00,0.00,140.00,-1000.00
120,0,0.4167,Sword.Light.1,42.67,-1000.00,90.15,10000.00,100.00,9975.00,0.00,140.00,-1000.00
120,0,0.4250,Sword.Light.1,42.05,-1000.00,90.15,10000.00,100.00,9975.00,0.00,140.00,-1000.00
120,0,0.4333,Sword.Light.1,41.43,-1000.00,90.15,10000.00,100.00,9975.00,0.00,140.00,-1000.00
120,0,0.4417,Sword.Light.1,40.85,-1000.00,90.15,10000.00,100.00,9975.00,0.00,140.00,-1000.00
120,0,0.4500,Sword.Light.1,40.27,-1000.00,90.15,10000.00,100.00,9975.00,0.00,140.00,-1000.00
120,0,0.4583,Sword.Light.1,39.93,-1000.00,90.15,10000.00,100.00,9975.00,0.00,140.00,-1000.00
120,0,0.4667,Sword.Light.1,39.59,-1000.00,90.15,10000.00,100.00,9975.00,0.00,140.00,-1000.00
120,0,0.4750,Sword.Light.1,39.58,-1000.00,90.15,10000.00,100.00,9975.00,0.00,140.00,-1000.00
120,0,0.4833,Sword.Light.1,39.58,-1000.00,90.15,10000.00,100.00,9975.00,0.00,140.00,-1000.00
120,0,0.4917,Sword.Light.1,39.78,-1000.00,90.15,10000.00,100.00,9975.00,0.00,140.00,-1000.00
120,0,0.5000,Sword.Light.1,39.98,-1000.00,90.15,10000.00,100.00,9975.00,0.00,140.00,-1000.00
120,0,0.5083,Sword.Light.1,40.28,-1000.00,90.15,10000.00,100.00,9975.00,0.00,140.00,-1000.00
120,0,0.5167,Sword.Light.1,40.58,-1000.00,90.15,10000.00,100.00,9975.00,0.00,140.00,-1000.00
120,0,0.5250,Sword.Light.1,40.87,-1000.00,90.15,10000.00,100.00,9975.00,0.00,140.00,-1000.00
120,0,0.5333,Sword.Light.1,41.16,-1000.00,90.15,10000.00,100.00,9975.00,0.00,140.00,-1000.00
120,0,0.5417,Sword.Light.1,41.43,-1000.00,90.15,10000.00,100.00,9975.00,0.00,140.00,-1000.00
120,0,0.5500,Sword.Light.1,41.71,-1000.00,90.15,10000.00,100.00,9975.00,0.00,140.00,-1000.00
120,0,0.5583,Sword.Light.1,42.03,-1000.00,90.15,10000.00,100.00,9975.00,0.00,140.00,-1000.00
120,0,0.5667,Sword.Light.1,42.35,-1000.00,90.15,10000.00,100.00,9975.00,0.00,140.00,-1000.00
120,0,0.5750,Sword.Light.1,42.68,-1000.00,90.15,10000.00,100.00,9975.00,0.00,140.00,-1000.00
120,0,0.5833,Sword.Light.2,43.01,-1000.00,90.15,10000.00,100.00,9975.00,0.00,140.00,-1000.00
120,0,0.5917,Sword.Light.2,43.39,-1000.00,90.15,10000.00,100.00,9975.00,0.00,140.00,-1000.00
120,0,0.6000,Sword.Light.2,43.77,-1000.00,90.15,10000.00,100.00,9975.00,0.00,140.00,-1000.00
120,0,0.6083,Sword.Light.2,44.05,-1000.00,90.15,10000.00,100.00,9975.00,0.00,140.00,-1000.00
120,0,0.6167,Sword.Light.2,44.33,-1000.00,90.15,10000.00,100.00,9975.00,0.00,140.00,-1000.00
120,0,0.6250,Sword.Light.2,44.59,-1000.00,90.15,10000.00,100.00,9975.00,0.00,140.00,-1000.00
120,0,0.6333,Sword.Light.2,44.31,-1000.00,90.15,10000.00,100.00,9975.00,0.00,140.00,-1000.00
120,0,0.6417,Sword.Light.2,43.99,-1000.00,90.15,10000.00,100.00,9975.00,0.00,140.00,-1000.00
120,0,0.6500,Sword.Light.2,43.68,-1000.00,90.15,10000.00,100.00,9975.00,0.00,140.00,-1000.00
120,0,0.6583,Sword.Light.2,43.25,-1000.00,90.15,10000.00,100.00,9975.00,0.00,140.00,-1000.00
120,0,0.6667,Sword.Light.2,42.83,-1000.00,90.15,10000.00,100.00,9975.00,0.00,140.00,-1000.00
120,0,0.6750,Sword.Light.2,42.22,-1000.00,90.15,10000.00,100.00,9975.00,0.00,140.00,-1000.00
120,0,0.6833,Sword.Light.2,41.61,-1000.00,90.15,10000.00,100.00,9975.00,0.00,140.00,-1000.00
120,0,0.6917,Sword.Light.2,40.75,-1000.00,90.15,10000.00,100.00,9975.00,0.00,140.00,-1000.00
120,0,0.7000,Sword.Light.2,39.89,-1000.00,90.15,10000.00,100.00,9975.00,0.00,140.00,-1000.00
120,0,0.7083,Sword.Light.2,38.48,-1000.00,90.15,10000.00,100.00,9975.00,0.00,140.00,-1000.00
120,0,0.7167,Sword.Light.2,37.07,-1000.00,90.15,10000.00,100.00,9975.00,0.00,140.00,-1000.00
120,0,0.7250,Sword.Light.2,34.80,-1000.00,90.15,10000.00,100.00,9975.00,0.00,140.00,-1000.00
120,0,0.7333,Sword.Light.2,32.53,-1000.00,90.15,10000.00,100.00,9975.00,0.00,140.00,-1000.00
120,0,0.7417,Sword.Light.2,29.32,-1000.00,90.15,10000.00,100.00,9975.00,0.00,140.00,-1000.00
120,0,0.7500,Sword.Light.2,26.12,-1000.00,90.15,10000.00,100.00,9975.00,0.00,140.00,-1000.00
120,0,0.7583,Sword.Light.2,22.29,-1000.00,90.15,10000.00,100.00,9975.00,0.00,140.00,-1000.00
120,0,0.7667,Sword.Light.2,21.40,-1000.00,90.15,10000.00,100.00,9975.00,0.00,140.00,-1000.00
120,0,0.7750,Sword.Light.2,25.31,-1000.00,90.15,10000.00,100.00,9975.00,0.00,140.00,-1000.00
120,0,0.7833,Sword.Light.2,29.22,-1000.00,90.15,10000.00,100.00,9975.00,0.00,140.00,-1000.00
120,0,0.7917,Sword.Light.2,33.78,-1000.00,90.15,10000.00,100.00,9975.00,0.00,140.00,-1000.00
120,0,0.8000,Sword.Light.2,38.33,-1000.00,90.15,10000.00,100.00,9975.00,0.00,140.00,-1000.00
120,0,0.8083,Sword.Light.2,43.79,-1000.00,90.15,10000.00,100.00,9950.00,0.00,140.00,-1000.00
120,0,0.8167,Sword.Light.2,49.25,-1000.00,90.15,10000.00,100.00,9950.00,0.00,140.00,-1000.00
120,0,0.8250,Sword.Light.2,57.39,-1000.00,90.15,10000.00,100.00,9950.00,0.00,140.00,-1000.00
120,0,0.8333,Sword.Light.2,65.53,-1000.00,90.15,10000.00,100.00,9950.00,0.00,140.00,-1000.00
120,0,0.8417,Sword.Light.2,70.99,-1000.00,90.15,10000.00,100.00,9950.00,0.00,140.00,-1000.00
120,0,0.8500,Sword.Light.2,70.99,-1000.00,90.15,10000.00,100.00,9950.00,0.00,140.00,-1000.00
120,0,0.8583,Sword.Light.2,70.99,-1000.00,90.15,10000.00,100.00,9950.00,0.00,140.00,-1000.00
120,0,0.8667,Sword.Light.2,70.99,-1000.00,90.15,10000.00,100.00,9950.00,0.00,140.00,-1000.00
120,0,0.8750,Sword.Light.2,70.99,-1000.00,90.15,10000.00,100.00,9950.00,0.00,140.00,-1000.00
120,0,0.8833,Sword.Light.2,70.99,-1000.00,90.15,10000.00,100.00,9950.00,0.00,140.00,-1000.00
120,0,0.8917,Sword.Light.2,71.47,-1000.00,90.15,10000.00,100.00,9950.00,0.00,140.00,-1000.00
120,0,0.9000,Sword.Light.2,71.47,-1000.00,90.15,10000.00,100.00,9950.00,0.00,140.00,-1000.00
120,0,0.9083,Sword.Light.2,71.66,-1000.00,90.15,10000.00,100.00,9950.00,0.00,140.00,-1000.00
120,0,0.9167,Sword.Light.2,71.66,-1000.00,90.15,10000.00,100.00,9950.00,0.00,140.00,-1000.00
120,0,0.9250,Sword.Light.2,71.79,-1000.00,90.15,10000.00,100.00,9950.00,0.00,140.00,-1000.00
120,0,0.9333,Sword.Light.2,71.79,-1000.00,90.15,10000.00,100.00,9950.00,0.00,140.00,-1000.00
120,0,0.9417,Sword.Light.2,71.86,-1000.00,90.15,10000.00,100.00,9950.00,0.00,140.00,-1000.00
120,0,0.9500,Sword.Light.2,71.86,-1000.00,90.15,10000.00,100.00,9950.00,0.00,140.00,-1000.00
120,0,0.9583,Sword.Light.2,71.90,-1000.00,90.15,10000.00,100.00,9950.00,0.00,140.00,-1000.00
120,0,0.9667,Sword.Light.2,71.90,-1000.00,90.15,10000.00,100.00,9950.00,0.00,140.00,-1000.00
120,0,0.9750,Sword.Light.2,71.90,-1000.00,90.15,10000.00,100.00,9950.00,0.00,140.00,-1000.00
120,0,0.9833,Sword.Light.2,71.90,-1000.00,90.15,10000.00,100.00,9950.00,0.00,140.00,-1000.00
120,0,0.9917,Sword.Light.2,71.90,-1000.00,90.15,10000.00,100.00,9950.00,0.00,140.00,-1000.00
120,0,1.0000,Sword.Light.2,71.90,-1000.00,90.15,10000.00,100.00,9950.00,0.00,140.00,-1000.00
120,0,1.0083,Sword.Light.2,71.89,-1000.00,90.15,10000.00,100.00,9950.00,0.00,140.00,-1000.00
120,0,1.0167,Sword.Light.2,71.89,-1000.00,90.15,10000.00,100.00,9950.00,0.00,140.00,-1000.00
120,0,1.0250,Sword.Light.2,71.77,-1000.00,90.15,10000.00,100.00,9950.00,0.00,140.00,-1000.00
120,0,1.0333,Sword.Light.2,71.65,-1000.00,90.15,10000.00,100.00,9950.00,0.00,140.00,-1000.00
120,0,1.0417,Sword.Light.2,71.48,-1000.00,90.15,10000.00,100.00,9950.00,0.00,140.00,-1000.00
120,0,1.0500,Sword.Light.2,71.31,-1000.00,90.15,10000.00,100.00,9950.00,0.00,140.00,-1000.00
120,0,1.0583,Sword.Light.2,71.07,-1000.00,90.15,10000.00,100.00,9950.00,0.00,140.00,-1000.00
120,0,1.0667,Sword.Light.2,70.83,-1000.00,90.15,10000.00,100.00,9950.00,0.00,140.00,-1000.00
120,0,1.0750,Sword.Light.2,70.48,-1000.00,90.15,10000.00,100.00,9950.00,0.00,140.00,-1000.00
120,0,1.0833,Sword.Light.2,70.14,-1000.00,90.15,10000.00,100.00,9950.00,0.00,140.00,-1000.00
120,0,1.0917,Sword.Light.2,69.70,-1000.00,90.15,10000.00,100.00,9950.00,0.00,140.00,-1000.00
120,0,1.1000,Sword.Light.2,69.27,-1000.00,90.15,10000.00,100.00,9950.00,0.00,140.00,-1000.00
120,0,1.1083,Sword.Light.2,68.78,-1000.00,90.15,10000.00,100.00,9950.00,0.00,140.00,-1000.00
120,0,1.1167,Sword.Light.2,68.28,-1000.00,90.15,10000.00,100.00,9950.00,0.00,140.00,-1000.00
120,0,1.1250,Sword.Light.2,67.75,-1000.00,90.15,10000.00,100.00,9950.00,0.00,140.00,-1000.00
120,0,1.1333,Sword.Light.2,67.22,-1000.00,90.15,10000.00,100.00,9950.00,0.00,140.00,-1000.00
120,0,1.1417,Sword.Light.2,66.64,-1000.00,90.15,10000.00,100.00,9950.00,0.00,140.00,-1000.00
120,0,1.1500,Sword.Light.2,66.05,-1000.00,90.15,10000.00,100.00,9950.00,0.00,140.00,-1000.00
120,0,1.1583,Sword.Light.2,65.39,-1000.00,90.15,10000.00,100.00,9950.00,0.00,140.00,-1000.00
120,0,1.1667,Sword.Light.2,64.73,-1000.00,90.15,10000.00,100.00,9950.00,0.00,140.00,-1000.00
120,0,1.1750,Sword.Light.2,64.03,-1000.00,90.15,10000.00,100.00,9950.00,0.00,140.00,-1000.00
120,0,1.1833,Sword.Light.2,63.33,-1000.00,90.15,10000.00,100.00,9950.00,0.00,140.00,-1000.00
120,0,1.1917,Sword.Light.2,62.62,-1000.00,90.15,10000.00,100.00,9950.00,0.00,140.00,-1000.00
120,0,1.2000,Sword.Light.2,61.90,-1000.00,90.15,10000.00,100.00,9950.00,0.00,140.00,-1000.00
120,0,1.2083,Sword.Light.2,61.21,-1000.00,90.15,10000.00,100.00,9950.00,0.00,140.00,-1000.00
120,0,1.2167,Sword.Light.2,60.52,-1000.00,90.15,10000.00,100.00,9950.00,0.00,140.00,-1000.00
120,0,1.2250,Sword.Light.2,59.88,-1000.00,90.15,10000.00,100.00,9950.00,0.00,140.00,-1000.00
120,0,1.2333,Sword.Light.2,59.24,-1000.00,90.15,10000.00,100.00,9950.00,0.00,140.00,-1000.00
120,0,1.2417,Sword.Light.2,58.69,-1000.00,90.15,10000.00,100.00,9950.00,0.00,140.00,-1000.00
120,0,1.2500,Sword.Light.2,58.14,-1000.00,90.15,10000.00,100.00,9950.00,0.00,140.00,-1000.00
120,0,1.2583,Sword.Light.2,57.71,-1000.00,90.15,10000.00,100.00,9950.00,0.00,140.00,-1000.00
120,0,1.2667,Sword.Light.2,57.27,-1000.00,90.15,10000.00,100.00,9950.00,0.00,140.00,-1000.00
120,0,1.2750,Sword.Light.2,56.91,-1000.00,90.15,10000.00,100.00,9950.00,0.00,140.00,-1000.00
120,0,1.2833,Sword.Light.2,56.56,-1000.00,90.15,10000.00,100.00,9950.00,0.00,140.00,-1000.00
120,0,1.2917,Sword.Light.2,56.23,-1000.00,90.15,10000.00,100.00,9950.00,0.00,140.00,-1000.00
120,0,1.3000,Sword.Light.2,55.89,-1000.00,90.15,10000.00,100.00,9950.00,0.00,140.00,-1000.00
120,0,1.3083,Sword.Light.2,55.60,-1000.00,90.15,10000.00,100.00,9950.00,0.00,140.00,-1000.00
120,0,1.3167,Sword.Light.2,55.30,-1000.00,90.15,10000.00,100.00,9950.00,0.00,140.00,-1000.00
120,0,1.3250,Sword.Light.2,55.06,-1000.00,90.15,10000.00,100.00,9950.00,0.00,140.00,-1000.00
120,0,1.3333,Sword.Light.2,54.82,-1000.00,90.15,10000.00,100.00,9950.00,0.00,140.00,-1000.00
120,0,1.3417,Sword.Light.2,54.64,-1000.00,90.15,10000.00,100.00,9950.00,0.00,140.00,-1000.00
120,0,1.3500,Sword.Light.2,54.46,-1000.00,90.15,10000.00,100.00,9950.00,0.00,140.00,-1000.00
120,0,1.3583,Sword.Light.2,54.35,-1000.00,90.15,10000.00,100.00,9950.00,0.00,140.00,-1000.00
120,0,1.3667,Sword.Light.2,54.25,-1000.00,90.15,10000.00,100.00,9950.00,0.00,140.00,-1000.00
120,0,1.3750,Sword.Light.2,54.23,-1000.00,90.15,10000.00,100.00,9950.00,0.00,140.00,-1000.00
120,0,1.3833,Sword.Light.2,54.22,-1000.00,90.15,10000.00,100.00,9950.00,0.00,140.00,-1000.00
120,0,1.3917,Sword.Light.2,54.30,-1000.00,90.15,10000.00,100.00,9950.00,0.00,140.00,-1000.00
120,0,1.4000,Sword.Light.2,54.39,-1000.00,90.15,10000.00,100.00,9950.00,0.00,140.00,-1000.00
120,0,1.4083,Sword.Light.2,54.59,-1000.00,90.15,10000.00,100.00,9950.00,0.00,140.00,-1000.00
120,0,1.4167,Sword.Light.2,54.78,-1000.00,90.15,10000.00,100.00,9950.00,0.00,140.00,-1000.00
120,0,1.4250,Sword.Light.2,55.16,-1000.00,90.15,10000.00,100.00,9950.00,0.00,140.00,-1000.00
120,0,1.4333,Sword.Light.2,55.55,-1000.00,90.15,10000.00,100.00,9950.00,0.00,140.00,-1000.00
120,0,1.4417,Sword.Light.2,56.14,-1000.00,90.15,10000.00,100.00,9950.00,0.00,140.00,-1000.00
120,0,1.4500,Sword.Light.2,56.73,-1000.00,90.15,10000.00,100.00,9950.00,0.00,140.00,-1000.00
120,0,1.4583,Sword.Light.2,57.47,-1000.00,90.15,10000.00,100.00,9950.00,0.00,140.00,-1000.00
120,0,1.4667,Sword.Light.2,58.21,-1000.00,90.15,10000.00,100.00,9950.00,0.00,140.00,-1000.00
120,0,1.4750,Sword.Light.2,59.04,-1000.00,90.15,10000.00,100.00,9950.00,0.00,140.00,-1000.00
120,0,1.4833,Sword.Light.2,59.88,-1000.00,90.15,10000.00,100.00,9950.00,0.00,140.00,-1000.00
120,0,1.4917,Sword.Light.2,60.75,-1000.00,90.15,10000.00,100.00,9950.00,0.00,140.00,-1000.00
120,0,1.5000,Sword.Light.2,61.61,-1000.00,90.15,10000.00,100.00,9950.00,0.00,140.00,-1000.00
120,0,1.5083,Sword.Light.2,62.46,-1000.00,90.15,10000.00,100.00,9950.00,0.00,140.00,-1000.00
120,0,1.5167,Sword.Light.2,63.30,-1000.00,90.15,10000.00,100.00,9950.00,0.00,140.00,-1000.00
120,0,1.5250,Sword.Light.2,64.06,-1000.00,90.15,10000.00,100.00,9950.00,0.00,140.00,-1000.00
120,0,1.5333,Sword.Light.2,64.82,-1000.00,90.15,10000.00,100.00,9950.00,0.00,140.00,-1000.00
120,0,1.5417,Sword.Light.2,65.44,-1000.00,90.15,10000.00,100.00,9950.00,0.00,140.00,-1000.00
120,0,1.5500,Sword.Light.2,66.06,-1000.00,90.15,10000.00,100.00,9950.00,0.00,140.00,-1000.00
120,0,1.5583,Sword.Light.2,66.57,-1000.00,90.15,10000.00,100.00,9950.00,0.00,140.00,-1000.00
120,0,1.5667,Sword.Light.2,67.09,-1000.00,90.15,10000.00,100.00,9950.00,0.00,140.00,-1000.00
120,0,1.5750,Sword.Light.2,67.56,-1000.00,90.15,10000.00,100.00,9950.00,0.00,140.00,-1000.00
120,0,1.5833,Sword.Light.2,68.03,-1000.00,90.15,10000.00,100.00,9950.00,0.00,140.00,-1000.00
120,0,1.5917,Sword.Light.2,68.48,-1000.00,90.15,10000.00,100.00,9950.00,0.00,140.00,-1000.00
120,0,1.6000,Sword.Light.2,68.92,-1000.00,90.15,10000.00,100.00,9950.00,0.00,140.00,-1000.00
120,0,1.6083,Sword.Light.2,69.33,-1000.00,90.15,10000.00,100.00,9950.00,0.00,140.00,-1000.00
120,0,1.6167,Sword.Light.2,69.74,-1000.00,90.15,10000.00,100.00,9950.00,0.00,140.00,-1000.00
120,0,1.6250,Sword.Light.2,70.13,-1000.00,90.15,10000.00,100.00,9950.00,0.00,140.00,-1000.00
120,0,1.6333,Sword.Light.2,70.52,-1000.00,90.15,10000.00,100.00,9950.00,0.00,140.00,-1000.00
120,0,1.6417,Sword.Light.2,70.88,-1000.00,90.15,10000.00,100.00,9950.00,0.00,140.00,-1000.00
120,0,1.6500,Sword.Light.2,71.25,-1000.00,90.15,10000.00,100.00,9950.00,0.00,140.00,-1000.00
120,0,1.6583,Sword.Light.2,71.59,-1000.00,90.15,10000.00,100.00,9950.00,0.00,140.00,-1000.00
120,0,1.6667,Sword.Light.2,71.94,-1000.00,90.15,10000.00,100.00,9950.00,0.00,140.00,-1000.00
120,0,1.6750,Sword.Light.2,71.94,-1000.00,90.15,10000.00,100.00,9950.00,0.00,140.00,-1000.00
120,0,1.6833,Sword.Light.2,71.94,-1000.00,90.15,10000.00,100.00,9950.00,0.00,140.00,-1000.00
120,0,1.6917,Sword.Light.2,71.94,-1000.00,90.15,10000.00,100.00,9950.00,0.00,140.00,-1000.00
120,0,1.7000,Sword.Light.2,71.94,-1000.00,90.15,10000.00,100.00,9950.00,0.00,140.00,-1000.00
120,0,1.7083,Sword.Light.2,71.94,-1000.00,90.15,10000.00,100.00,9950.00,0.00,140.00,-1000.00
120,0,1.7167,Sword.Light.2,71.94,-1000.00,90.15,10000.00,100.00,9950.00,0.00,140.00,-1000.00
120,0,1.7250,Sword.Light.2,71.94,-1000.00,90.15,10000.00,100.00,9950.00,0.00,140.00,-1000.00
120,0,1.7333,Sword.Light.2,71.94,-1000.00,90.15,10000.00,100.00,9950.00,0.00,140.00,-1000.00
120,0,1.7417,Sword.Light.2,71.94,-1000.00,90.15,10000.00,100.00,9950.00,0.00,140.00,-1000.00
120,0,1.7500,Sword.Light.2,71.94,-1000.00,90.15,10000.00,100.00,9950.00,0.00,140.00,-1000.00
120,0,1.7583,Sword.Light.2,71.94,-1000.00,90.15,10000.00,100.00,9950.00,0.00,140.00,-1000.00
120,0,1.7667,Sword.Light.2,71.94,-1000.00,90.15,10000.00,100.00,9950.00,0.00,140.00,-1000.00
120,0,1.7750,Sword.Light.2,71.94,-1000.00,90.15,10000.00,100.00,9950.00,0.00,140.00,-1000.00
120,0,1.7833,Sword.Light.2,71.94,-1000.00,90.15,10000.00,100.00,9950.00,0.00,140.00,-1000.00
120,0,1.7917,Sword.Light.2,71.94,-1000.00,90.15,10000.00,100.00,9950.00,0.00,140.00,-1000.00
120,0,1.8000,Sword.Light.2,71.94,-1000.00,90.15,10000.00,100.00,9950.00,0.00,140.00,-1000.00
120,0,1.8083,Sword.Light.2,71.94,-1000.00,90.15,10000.00,100.00,9950.00,0.00,140.00,-1000.00
120,0,1.8167,Sword.Light.2,71.94,-1000.00,90.15,10000.00,100.00,9950.00,0.00,140.00,-1000.00
120,0,1.8250,Sword.Light.2,71.94,-1000.00,90.15,10000.00,100.00,9950.00,0.00,140.00,-1000.00
120,0,1.8333,Sword.Light.2,71.94,-1000.00,90.15,10000.00,100.00,9950.00,0.00,140.00,-1000.00
120,0,1.8417,Sword.Light.2,71.94,-1000.00,90.15,10000.00,100.00,9950.00,0.00,140.00,-1000.00
120,0,1.8500,Sword.Light.2,71.94,-1000.00,90.15,10000.00,100.00,9950.00,0.00,140.00,-1000.00
120,0,1.8583,Sword.Light.2,71.94,-1000.00,90.15,10000.00,100.00,9950.00,0.00,140.00,-1000.00
120,0,1.8667,Sword.Light.2,71.94,-1000.00,90.15,10000.00,100.00,9950.00,0.00,140.00,-1000.00
120,0,1.8750,Sword.Light.2,71.94,-1000.00,90.15,10000.00,100.00,9950.00,0.00,140.00,-1000.00
120,0,1.8833,Sword.Light.2,71.94,-1000.00,90.15,10000.00,100.00,9950.00,0.00,140.00,-1000.00
120,0,1.8917,Sword.Light.2,71.94,-1000.00,90.15,10000.00,100.00,9950.00,0.00,140.00,-1000.00
120,0,1.9000,Sword.Light.2,71.94,-1000.00,90.15,10000.00,100.00,9950.00,0.00,140.00,-1000.00
120,0,1.9083,Sword.Light.2,71.94,-1000.00,90.15,10000.00,100.00,9950.00,0.00,140.00,-1000.00
120,0,1.9167,Sword.Light.2,71.94,-1000.00,90.15,10000.00,100.00,9950.00,0.00,140.00,-1000.00
120,0,1.9250,Sword.Light.2,71.94,-1000.00,90.15,10000.00,100.00,9950.00,0.00,140.00,-1000.00
120,0,1.9333,Sword.Light.2,71.94,-1000.00,90.15,10000.00,100.00,9950.00,0.00,140.00,-1000.00
120,0,1.9417,Sword.Light.2,71.94,-1000.00,90.15,10000.00,100.00,9950.00,0.00,140.00,-1000.00
120,0,1.9500,Sword.Light.2,71.94,-1000.00,90.15,10000.00,100.00,9950.00,0.00,140.00,-1000.00
120,0,1.9583,Sword.Light.2,71.94,-1000.00,90.15,10000.00,100.00,9950.00,0.00,140.00,-1000.00
120,0,1.9667,Sword.Light.2,71.94,-1000.00,90.15,10000.00,100.00,9950.00,0.00,140.00,-1000.00
120,0,1.9750,Sword.Light.2,71.96,-1000.00,90.15,10000.00,100.00,9950.00,0.00,140.00,-1000.00
120,0,1.9833,Sword.Light.2,71.97,-1000.00,90.15,10000.00,100.00,9950.00,0.00,140.00,-1000.00
120,0,1.9917,Sword.Light.2,71.94,-1000.00,90.15,10000.00,100.00,9950.00,0.00,140.00,-1000.00
120,0,2.0000,Sword.Light.2,71.90,-1000.00,90.15,10000.00,100.00,9950.00,0.00,140.00,-1000.00
120,0,2.0083,Sword.Light.2,71.81,-1000.00,90.15,10000.00,100.00,9950.00,0.00,140.00,-1000.00
120,0,2.0167,Sword.Light.2,71.73,-1000.00,90.15,10000.00,100.00,9950.00,0.00,140.00,-1000.00
120,0,2.0250,Sword.Light.2,71.61,-1000.00,90.15,10000.00,100.00,9950.00,0.00,140.00,-1000.00
120,0,2.0333,Sword.Light.2,71.48,-1000.00,90.15,10000.00,100.00,9950.00,0.00,140.00,-1000.00
120,0,2.0417,Sword.Light.2,71.32,-1000.00,90.15,10000.00,100.00,9950.00,0.00,140.00,-1000.00
120,0,2.0500,Sword.Light.2,71.16,-1000.00,90.15,10000.00,100.00,9950.00,0.00,140.00,-1000.00
120,0,2.0583,Sword.Light.2,70.98,-1000.00,90.15,10000.00,100.00,9950.00,0.00,140.00,-1000.00
120,0,2.0667,Sword.Light.2,70.79,-1000.00,90.15,10000.00,100.00,9950.00,0.00,140.00,-1000.00
120,0,2.0750,Sword.Light.2,70.58,-1000.00,90.15,10000.00,100.00,9950.00,0.00,140.00,-1000.00
120,0,2.0833,Sword.Light.2,70.38,-1000.00,90.15,10000.00,100.00,9950.00,0.00,140.00,-1000.00
120,0,2.0917,Sword.Light.2,70.15,-1000.00,90.15,10000.00,100.00,9950.00,0.00,140.00,-1000.00
120,0,2.1000,Sword.Light.2,69.93,-1000.00,90.15,10000.00,100.00,9950.00,0.00,140.00,-1000.00
120,0,2.1083,Sword.Light.2,69.70,-1000.00,90.15,10000.00,100.00,9950.00,0.00,140.00,-1000.00
120,0,2.1167,Sword.Light.2,69.47,-1000.00,90.15,10000.00,100.00,9950.00,0.00,140.00,-1000.00
120,0,2.1250,Sword.Light.2,69.25,-1000.00,90.15,10000.00,100.00,9950.00,0.00,140.00,-1000.00
120,0,2.1333,Sword.Light.2,69.02,-1000.00,90.15,10000.00,100.00,9950.00,0.00,140.00,-1000.00
120,0,2.1417,Sword.Light.2,68.79,-1000.00,90.15,10000.00,100.00,9950.00,0.00,140.00,-1000.00
120,0,2.1500,Sword.Light.2,68.56,-1000.00,90.15,10000.00,100.00,9950.00,0.00,140.00,-1000.00
120,0,2.1583,Sword.Light.2,68.35,-1000.00,90.15,10000.00,100.00,9950.00,0.00,140.00,-1000.00
120,0,2.1667,Sword.Light.2,68.14,-1000.00,90.15,10000.00,100.00,9950.00,0.00,140.00,-1000.00
120,0,2.1750,Sword.Light.2,67.94,-1000.00,90.15,10000.00,100.00,9950.00,0.00,140.00,-1000.00
120,0,2.1833,Sword.Light.2,67.75,-1000.00,90.15,10000.00,100.00,9950.00,0.00,140.00,-1000.00
120,0,2.1917,Sword.Light.2,67.58,-1000.00,90.15,10000.00,100.00,9950.00,0.00,140.00,-1000.00
120,0,2.2000,Sword.Light.2,67.41,-1000.00,90.15,10000.00,100.00,9950.00,0.00,140.00,-1000.00
120,0,2.2083,Sword.Light.2,67.27,-1000.00,90.15,10000.00,100.00,9950.00,0.00,140.00,-1000.00
120,0,2.2167,Sword.Light.2,67.13,-1000.00,90.15,10000.00,100.00,9950.00,0.00,140.00,-1000.00
120,0,2.2250,Sword.Light.2,67.03,-1000.00,90.15,10000.00,100.00,9950.00,0.00,140.00,-1000.00
120,0,2.2333,Sword.Light.2,67.03,-1000.00,90.15,10000.00,100.00,9950.00,0.00,140.00,-1000.00
120,0,2.2417,Sword.Light.2,67.03,-1000.00,90.15,10000.00,100.00,9950.00,0.00,140.00,-1000.00
120,0,2.2500,Sword.Light.2,67.03,-1000.00,90.15,10000.00,100.00,9950.00,0.00,140.00,-1000.00
120,0,2.2583,Sword.Light.2,67.03,-1000.00,90.15,10000.00,100.00,9950.00,0.00,140.00,-1000.00
120,0,2.2667,Sword.Light.2,67.03,-1000.00,90.15,10000.00,100.00,9950.00,0.00,140.00,-1000.00
120,0,2.2750,Sword.Light.2,67.03,-1000.00,90.15,10000.00,100.00,9950.00,0.00,140.00,-1000.00
120,0,2.2833,Sword.Light.2,67.03,-1000.00,90.15,10000.00,100.00,9950.00,0.00,140.00,-1000.00
120,0,2.2917,Sword.Light.2,67.03,-1000.00,90.15,10000.00,100.00,9950.00,0.00,140.00,-1000.00
120,0,2.3000,Sword.Light.2,67.03,-1000.00,90.15,10000.00,100.00,9950.00,0.00,140.00,-1000.00
120,0,2.3083,Sword.Light.2,67.03,-1000.00,90.15,10000.00,100.00,9950.00,0.00,140.00,-1000.00
120,0,2.3167,Sword.Light.2,67.03,-1000.00,90.15,10000.00,100.00,9950.00,0.00,140.00,-1000.00
120,0,2.3250,Sword.Light.2,67.03,-1000.00,90.15,10000.00,100.00,9950.00,0.00,140.00,-1000.00
120,0,2.3333,Sword.Light.2,67.03,-1000.00,90.15,10000.00,100.00,9950.00,0.00,140.00,-1000.00
120,0,2.3417,Sword.Light.2,67.03,-1000.00,90.15,10000.00,100.00,9950.00,0.00,140.00,-1000.00
120,0,2.3500,Sword.Light.2,67.03,-1000.00,90.15,10000.00,100.00,9950.00,0.00,140.00,-1000.00
120,0,2.3583,Sword.Light.2,67.03,-1000.00,90.15,10000.00,100.00,9950.00,0.00,140.00,-1000.00
120,0,2.3667,Sword.Light.2,67.03,-1000.00,90.15,10000.00,100.00,9950.00,0.00,140.00,-1000.00
120,0,2.3750,Sword.Light.2,67.03,-1000.00,90.15,10000.00,100.00,9950.00,0.00,140.00,-1000.00
120,0,2.3833,Sword.Light.2,67.03,-1000.00,90.15,10000.00,100.00,9950.00,0.00,140.00,-1000.00
120,0,2.3917,Sword.Light.2,67.03,-1000.00,90.15,10000.00,100.00,9950.00,0.00,140.00,-1000.00
120,0,2.4000,Sword.Light.2,67.03,-1000.00,90.15,10000.00,100.00,9950.00,0.00,140.00,-1000.00
120,0,2.4083,Sword.Light.2,67.03,-1000.00,90.15,10000.00,100.00,9950.00,0.00,140.00,-1000.00
120,0,2.4167,Sword.Light.2,67.03,-1000.00,90.15,10000.00,100.00,9950.00,0.00,140.00,-1000.00
120,0,2.4250,Sword.Light.2,67.03,-1000.00,90.15,10000.00,100.00,9950.00,0.00,140.00,-1000.00
120,0,2.4333,Sword.Light.2,67.03,-1000.00,90.15,10000.00,100.00,9950.00,0.00,140.00,-1000.00
120,0,2.4417,Sword.Light.2,67.03,-1000.00,90.15,10000.00,100.00,9950.00,0.00,140.00,-1000.00
120,0,2.4500,Sword.Light.2,67.03,-1000.00,90.15,10000.00,100.00,9950.00,0.00,140.00,-1000.00
120,0,2.4583,Sword.Light.2,67.03,-1000.00,90.15,10000.00,100.00,9950.00,0.00,140.00,-1000.00
120,0,2.4667,None,67.03,-1000.00,90.15,10000.00,100.00,9950.00,0.00,140.00,-1000.00
120,0,2.4750,None,67.03,-1000.00,90.15,10000.00,100.00,9950.00,0.00,140.00,-1000.00
120,0,2.4833,None,67.03,-1000.00,90.15,10000.00,100.00,9950.00,0.00,140.00,-1000.00
120,0,2.4917,None,67.03,-1000.00,90.15,10000.00,100.00,9950.00,0.00,140.00,-1000.00
120,0,2.5000,None,67.03,-1000.00,90.15,10000.00,100.00,9950.00,0.00,140.00,-1000.00
120,0,2.5083,None,67.03,-1000.00,90.15,10000.00,100.00,9950.00,0.00,140.00,-1000.00
120,0,2.5167,None,67.03,-1000.00,90.15,10000.00,100.00,9950.00,0.00,140.00,-1000.00
120,0,2.5250,None,67.03,-1000.00,90.15,10000.00,100.00,9950.00,0.00,140.00,-1000.00
120,0,2.5333,None,67.03,-1000.00,90.15,10000.00,100.00,9950.00,0.00,140.00,-1000.00
120,0,2.5417,None,67.03,-1000.00,90.15,10000.00,100.00,9950.00,0.00,140.00,-1000.00
120,0,2.5500,None,67.03,-1000.00,90.15,10000.00,100.00,9950.00,0.00,140.00,-1000.00
120,0,2.5583,None,67.03,-1000.00,90.15,10000.00,100.00,9950.00,0.00,140.00,-1000.00
120,0,2.5667,None,67.03,-1000.00,90.15,10000.00,100.00,9950.00,0.00,140.00,-1000.00
120,0,2.5750,None,67.03,-1000.00,90.15,10000.00,100.00,9950.00,0.00,140.00,-1000.00
120,0,2.5833,None,67.03,-1000.00,90.15,10000.00,100.00,9950.00,0.00,140.00,-1000.00
120,0,2.5917,None,67.03,-1000.00,90.15,10000.00,100.00,9950.00,0.00,140.00,-1000.00
120,0,2.6000,None,67.03,-1000.00,90.15,10000.00,100.00,9950.00,0.00,140.00,-1000.00
120,0,2.6083,None,67.03,-1000.00,90.15,10000.00,100.00,9950.00,0.00,140.00,-1000.00
120,0,2.6167,None,67.03,-1000.00,90.15,10000.00,100.00,9950.00,0.00,140.00,-1000.00
120,0,2.6250,None,67.03,-1000.00,90.15,10000.00,100.00,9950.00,0.00,140.00,-1000.00
120,0,2.6333,None,67.03,-1000.00,90.15,10000.00,100.00,9950.00,0.00,140.00,-1000.00
120,0,2.6417,None,67.03,-1000.00,90.15,10000.00,100.00,9950.00,0.00,140.00,-1000.00
120,0,2.6500,None,67.03,-1000.00,90.15,10000.00,100.00,9950.00,0.00,140.00,-1000.00
120,0,2.6583,None,67.03,-1000.00,90.15,10000.00,100.00,9950.00,0.00,140.00,-1000.00
120,0,2.6667,None,67.03,-1000.00,90.15,10000.00,100.00,9950.00,0.00,140.00,-1000.00
120,0,2.6750,None,67.03,-1000.00,90.15,10000.00,100.00,9950.00,0.00,140.00,-1000.00
120,0,2.6833,None,67.03,-1000.00,90.15,10000.00,100.00,9950.00,0.00,140.00,-1000.00
120,0,2.6917,None,67.03,-1000.00,90.15,10000.00,100.00,9950.00,0.00,140.00,-1000.00
120,0,2.7000,None,67.03,-1000.00,90.15,10000.00,100.00,9950.00,0.00,140.00,-1000.00
120,0,2.7083,None,67.03,-1000.00,90.15,10000.00,100.00,9950.00,0.00,140.00,-1000.00
120,0,2.7167,None,67.03,-1000.00,90.15,10000.00,100.00,9950.00,0.00,140.00,-1000.00
120,0,2.7250,None,67.03,-1000.00,90.15,10000.00,100.00,9950.00,0.00,140.00,-1000.00
120,0,2.7333,None,67.03,-1000.00,90.15,10000.00,100.00,9950.00,0.00,140.00,-1000.00
120,0,2.7417,None,67.03,-1000.00,90.15,10000.00,100.00,9950.00,0.00,140.00,-1000.00
120,0,2.7500,None,67.03,-1000.00,90.15,10000.00,100.00,9950.00,0.00,140.00,-1000.00
120,0,2.7583,None,67.03,-1000.00,90.15,10000.00,100.00,9950.00,0.00,140.00,-1000.00
120,0,2.7667,None,67.03,-1000.00,90.15,10000.00,100.00,9950.00,0.00,140.00,-1000.00
120,0,2.7750,None,67.03,-1000.00,90.15,10000.00,100.00,9950.00,0.00,140.00,-1000.00
120,0,2.7833,None,67.03,-1000.00,90.15,10000.00,100.00,9950.00,0.00,140.00,-1000.00
120,0,2.7917,None,67.03,-1000.00,90.15,10000.00,100.00,9950.00,0.00,140.00,-1000.00
120,0,2.8000,None,67.03,-1000.00,90.15,10000.00,100.00,9950.00,0.00,140.00,-1000.00
120,0,2.8083,None,67.03,-1000.00,90.15,10000.00,100.00,9950.00,0.00,140.00,-1000.00
120,0,2.8167,None,67.03,-1000.00,90.15,10000.00,100.00,9950.00,0.00,140.00,-1000.00
120,0,2.8250,None,67.03,-1000.00,90.15,10000.00,100.00,9950.00,0.00,140.00,-1000.00
120,0,2.8333,None,67.03,-1000.00,90.15,10000.00,100.00,9950.00,0.00,140.00,-1000.00
120,0,2.8417,None,67.03,-1000.00,90.15,10000.00,100.00,9950.00,0.00,140.00,-1000.00
120,0,2.8500,None,67.03,-1000.00,90.15,10000.00,100.00,9950.00,0.00,140.00,-1000.00
120,0,2.8583,None,67.03,-1000.00,90.15,10000.00,100.00,9950.00,0.00,140.00,-1000.00
120,0,2.8667,None,67.03,-1000.00,90.15,10000.00,100.00,9950.00,0.00,140.00,-1000.00
120,0,2.8750,None,67.03,-1000.00,90.15,10000.00,100.00,9950.00,0.00,140.00,-1000.00
120,0,2.8833,None,67.03,-1000.00,90.15,10000.00,100.00,9950.00,0.00,140.00,-1000.00
120,0,2.8917,None,67.03,-1000.00,90.15,10000.00,100.00,9950.00,0.00,140.00,-1000.00
120,0,2.9000,None,67.03,-1000.00,90.15,10000.00,100.00,9950.00,0.00,140.00,-1000.00
120,0,2.9083,None,67.03,-1000.00,90.15,10000.00,100.00,9950.00,0.00,140.00,-1000.00
120,0,2.9167,None,67.03,-1000.00,90.15,10000.00,100.00,9950.00,0.00,140.00,-1000.00
120,0,2.9250,None,67.03,-1000.00,90.15,10000.00,100.00,9950.00,0.00,140.00,-1000.00
120,0,2.9333,None,67.03,-1000.00,90.15,10000.00,100.00,9950.00,0.00,140.00,-1000.00
120,0,2.9417,None,67.03,-1000.00,90.15,10000.00,100.00,9950.00,0.00,140.00,-1000.00
120,0,2.9500,None,67.03,-1000.00,90.15,10000.00,100.00,9950.00,0.00,140.00,-1000.00
120,0,2.9583,None,67.03,-1000.00,90.15,10000.00,100.00,9950.00,0.00,140.00,-1000.00
120,0,2.9667,None,67.03,-1000.00,90.15,10000.00,100.00,9950.00,0.00,140.00,-1000.00
120,0,2.9750,None,67.03,-1000.00,90.15,10000.00,100.00,9950.00,0.00,140.00,-1000.00
120,0,2.9833,None,67.03,-1000.00,90.15,10000.00,100.00,9950.00,0.00,140.00,-1000.00
120,0,2.9917,None,67.03,-1000.00,90.15,10000.00,100.00,9950.00,0.00,140.00,-1000.00
120,0,3.0000,None,67.03,-1000.00,90.15,10000.00,100.00,9950.00,0.00,140.00,-1000.00
120,0,3.0083,None,67.03,-1000.00,90.15,10000.00,100.00,9950.00,0.00,140.00,-1000.00
120,0,3.0167,None,67.03,-1000.00,90.15,10000.00,100.00,9950.00,0.00,140.00,-1000.00
120,0,3.0250,None,67.03,-1000.00,90.15,10000.00,100.00,9950.00,0.00,140.00,-1000.00
120,0,3.0333,None,67.03,-1000.00,90.15,10000.00,100.00,9950.00,0.00,140.00,-1000.00
120,0,3.0417,None,67.03,-1000.00,90.15,10000.00,100.00,9950.00,0.00,140.00,-1000.00
120,0,3.0500,None,67.03,-1000.00,90.15,10000.00,100.00,9950.00,0.00,140.00,-1000.00
120,0,3.0583,None,67.03,-1000.00,90.15,10000.00,100.00,9950.00,0.00,140.00,-1000.00
120,0,3.0667,None,67.03,-1000.00,90.15,10000.00,100.00,9950.00,0.00,140.00,-1000.00
120,0,3.0750,None,67.03,-1000.00,90.15,10000.00,100.00,9950.00,0.00,140.00,-1000.00
120,0,3.0833,None,67.03,-1000.00,90.15,10000.00,100.00,9950.00,0.00,140.00,-1000.00
120,0,3.0917,None,67.03,-1000.00,90.15,10000.00,100.00,9950.00,0.00,140.00,-1000.00
120,0,3.1000,None,67.03,-1000.00,90.15,10000.00,100.00,9950.00,0.00,140.00,-1000.00
120,0,3.1083,None,67.03,-1000.00,90.15,10000.00,100.00,9950.00,0.00,140.00,-1000.00
120,0,3.1167,None,67.03,-1000.00,90.15,10000.00,100.00,9950.00,0.00,140.00,-1000.00
120,0,3.1250,None,67.03,-1000.00,90.15,10000.00,100.00,9950.00,0.00,140.00,-1000.00
120,0,3.1333,None,67.03,-1000.00,90.15,10000.00,100.00,9950.00,0.00,140.00,-1000.00
120,0,3.1417,None,67.03,-1000.00,90.15,10000.00,100.00,9950.00,0.00,140.00,-1000.00
120,0,3.1500,None,67.03,-1000.00,90.15,10000.00,100.00,9950.00,0.00,140.00,-1000.00
120,0,3.1583,None,67.03,-1000.00,90.15,10000.00,100.00,9950.00,0.00,140.00,-1000.00
120,0,3.1667,None,67.03,-1000.00,90.15,10000.00,100.00,9950.00,0.00,140.00,-1000.00
120,0,3.1750,None,67.03,-1000.00,90.15,10000.00,100.00,9950.00,0.00,140.00,-1000.00
120,0,3.1833,None,67.03,-1000.00,90.15,10000.00,100.00,9950.00,0.00,140.00,-1000.00
120,0,3.1917,None,67.03,-1000.00,90.15,10000.00,100.00,9950.00,0.00,140.00,-1000.00
120,0,3.2000,None,67.03,-1000.00,90.15,10000.00,100.00,9950.00,0.00,140.00,-1000.00
120,0,3.2083,None,67.03,-1000.00,90.15,10000.00,100.00,9950.00,0.00,140.00,-1000.00
120,0,3.2167,None,67.03,-1000.00,90.15,10000.00,100.00,9950.00,0.00,140.00,-1000.00
120,0,3.2250,None,67.03,-1000.00,90.15,10000.00,100.00,9950.00,0.00,140.00,-1000.00
120,0,3.2333,None,67.03,-1000.00,90.15,10000.00,100.00,9950.00,0.00,140.00,-1000.00
120,0,3.2417,None,67.03,-1000.00,90.15,10000.00,100.00,9950.00,0.00,140.00,-1000.00
120,0,3.2500,None,67.03,-1000.00,90.15,10000.00,100.00,9950.00,0.00,140.00,-1000.00
120,0,3.2583,None,67.03,-1000.00,90.15,10000.00,100.00,9950.00,0.00,140.00,-1000.00
120,0,3.2667,None,67.03,-1000.00,90.15,10000.00,100.00,9950.00,0.00,140.00,-1000.00
120,0,3.2750,None,67.03,-1000.00,90.15,10000.00,100.00,9950.00,0.00,140.00,-1000.00
120,0,3.2833,None,67.03,-1000.00,90.15,10000.00,100.00,9950.00,0.00,140.00,-1000.00
120,0,3.2917,None,67.03,-1000.00,90.15,10000.00,100.00,9950.00,0.00,140.00,-1000.00
120,0,3.3000,None,67.03,-1000.00,90.15,10000.00,100.00,9950.00,0.00,140.00,-1000.00
120,0,3.3083,None,67.03,-1000.00,90.15,10000.00,100.00,9950.00,0.00,140.00,-1000.00
120,0,3.3167,None,67.03,-1000.00,90.15,10000.00,100.00,9950.00,0.00,140.00,-1000.00
120,0,3.3250,None,67.03,-1000.00,90.15,10000.00,100.00,9950.00,0.00,140.00,-1000.00
120,0,3.3333,None,67.03,-1000.00,90.15,10000.00,100.00,9950.00,0.00,140.00,-1000.00
120,0,3.3417,None,67.03,-1000.00,90.15,10000.00,100.00,9950.00,0.00,140.00,-1000.00
120,0,3.3500,None,67.03,-1000.00,90.15,10000.00,100.00,9950.00,0.00,140.00,-1000.00
120,0,3.3583,None,67.03,-1000.00,90.15,10000.00,100.00,9950.00,0.00,140.00,-1000.00
120,0,3.3667,None,67.03,-1000.00,90.15,10000.00,100.00,9950.00,0.00,140.00,-1000.00
120,0,3.3750,None,67.03,-1000.00,90.15,10000.00,100.00,9950.00,0.00,140.00,-1000.00
120,0,3.3833,None,67.03,-1000.00,90.15,10000.00,100.00,9950.00,0.00,140.00,-1000.00
120,0,3.3917,None,67.03,-1000.00,90.15,10000.00,100.00,9950.00,0.00,140.00,-1000.00
120,0,3.4000,None,67.03,-1000.00,90.15,10000.00,100.00,9950.00,0.00,140.00,-1000.00
120,0,3.4083,None,67.03,-1000.00,90.15,10000.00,100.00,9950.00,0.00,140.00,-1000.00
120,0,3.4167,None,67.03,-1000.00,90.15,10000.00,100.00,9950.00,0.00,140.00,-1000.00
120,0,3.4250,None,67.03,-1000.00,90.15,10000.00,100.00,9950.00,0.00,140.00,-1000.00
120,0,3.4333,None,67.03,-1000.00,90.15,10000.00,100.00,9950.00,0.00,140.00,-1000.00
120,0,3.4417,None,67.03,-1000.00,90.15,10000.00,100.00,9950.00,0.00,140.00,-1000.00
120,0,3.4500,None,67.03,-1000.00,90.15,10000.00,100.00,9950.00,0.00,140.00,-1000.00
120,0,3.4583,None,67.03,-1000.00,90.15,10000.00,100.00,9950.00,0.00,140.00,-1000.00
120,0,3.4667,None,67.03,-1000.00,90.15,10000.00,100.00,9950.00,0.00,140.00,-1000.00
120,0,3.4750,None,67.03,-1000.00,90.15,10000.00,100.00,9950.00,0.00,140.00,-1000.00
120,0,3.4833,None,67.03,-1000.00,90.15,10000.00,100.00,9950.00,0.00,140.00,-1000.00
120,0,3.4917,None,67.03,-1000.00,90.15,10000.00,100.00,9950.00,0.00,140.00,-1000.00
120,0,3.5000,None,67.03,-1000.00,90.15,10000.00,100.00,9950.00,0.00,140.00,-1000.00
120,0,3.5083,None,67.03,-1000.00,90.15,10000.00,100.00,9950.00,0.00,140.00,-1000.00
120,0,3.5167,None,67.03,-1000.00,90.15,10000.00,100.00,9950.00,0.00,140.00,-1000.00
120,0,3.5250,None,67.03,-1000.00,90.15,10000.00,100.00,9950.00,0.00,140.00,-1000.00
120,0,3.5333,None,67.03,-1000.00,90.15,10000.00,100.00,9950.00,0.00,140.00,-1000.00
120,0,3.5417,None,67.03,-1000.00,90.15,10000.00,100.00,9950.00,0.00,140.00,-1000.00
120,0,3.5500,None,67.03,-1000.00,90.15,10000.00,100.00,9950.00,0.00,140.00,-1000.00
120,0,3.5583,None,67.03,-1000.00,90.15,10000.00,100.00,9950.00,0.00,140.00,-1000.00
120,0,3.5667,None,67.03,-1000.00,90.15,10000.00,100.00,9950.00,0.00,140.00,-1000.00
120,0,3.5750,None,67.03,-1000.00,90.15,10000.00,100.00,9950.00,0.00,140.00,-1000.00
120,0,3.5833,None,67.03,-1000.00,90.15,10000.00,100.00,9950.00,0.00,140.00,-1000.00
120,0,3.5917,None,67.03,-1000.00,90.15,10000.00,100.00,9950.00,0.00,140.00,-1000.00
120,0,3.6000,None,67.03,-1000.00,90.15,10000.00,100.00,9950.00,0.00,140.00,-1000.00
120,0,3.6083,None,67.03,-1000.00,90.15,10000.00,100.00,9950.00,0.00,140.00,-1000.00
120,0,3.6167,None,67.03,-1000.00,90.15,10000.00,100.00,9950.00,0.00,140.00,-1000.00
120,0,3.6250,None,67.03,-1000.00,90.15,10000.00,100.00,9950.00,0.00,140.00,-1000.00
120,0,3.6333,None,67.03,-1000.00,90.15,10000.00,100.00,9950.00,0.00,140.00,-1000.00
120,0,3.6417,None,67.03,-1000.00,90.15,10000.00,100.00,9950.00,0.00,140.00,-1000.00
120,0,3.6500,None,67.03,-1000.00,90.15,10000.00,100.00,9950.00,0.00,140.00,-1000.00
120,0,3.6583,None,67.03,-1000.00,90.15,10000.00,100.00,9950.00,0.00,140.00,-1000.00
120,0,3.6667,None,67.03,-1000.00,90.15,10000.00,100.00,9950.00,0.00,140.00,-1000.00
120,0,3.6750,None,67.03,-1000.00,90.15,10000.00,100.00,9950.00,0.00,140.00,-1000.00
120,0,3.6833,None,67.03,-1000.00,90.15,10000.00,100.00,9950.00,0.00,140.00,-1000.00
120,0,3.6917,None,67.03,-1000.00,90.15,10000.00,100.00,9950.00,0.00,140.00,-1000.00
120,0,3.7000,None,67.03,-1000.00,90.15,10000.00,100.00,9950.00,0.00,140.00,-1000.00
120,0,3.7083,None,67.03,-1000.00,90.15,10000.00,100.00,9950.00,0.00,140.00,-1000.00
120,0,3.7167,None,67.03,-1000.00,90.15,10000.00,100.00,9950.00,0.00,140.00,-1000.00
120,0,3.7250,None,67.03,-1000.00,90.15,10000.00,100.00,9950.00,0.00,140.00,-1000.00
120,0,3.7333,None,67.03,-1000.00,90.15,10000.00,100.00,9950.00,0.00,140.00,-1000.00
120,0,3.7417,None,67.03,-1000.00,90.15,10000.00,100.00,9950.00,0.00,140.00,-1000.00
120,0,3.7500,None,67.03,-1000.00,90.15,10000.00,100.00,9950.00,0.00,140.00,-1000.00
120,0,3.7583,None,67.03,-1000.00,90.15,10000.00,100.00,9950.00,0.00,140.00,-1000.00
120,0,3.7667,None,67.03,-1000.00,90.15,10000.00,100.00,9950.00,0.00,140.00,-1000.00
120,0,3.7750,None,67.03,-1000.00,90.15,10000.00,100.00,9950.00,0.00,140.00,-1000.00
120,0,3.7833,None,67.03,-1000.00,90.15,10000.00,100.00,9950.00,0.00,140.00,-1000.00
120,0,3.7917,None,67.03,-1000.00,90.15,10000.00,100.00,9950.00,0.00,140.00,-1000.00
120,0,3.8000,None,67.03,-1000.00,90.15,10000.00,100.00,9950.00,0.00,140.00,-1000.00
120,0,3.8083,None,67.03,-1000.00,90.15,10000.00,100.00,9950.00,0.00,140.00,-1000.00
120,0,3.8167,None,67.03,-1000.00,90.15,10000.00,100.00,9950.00,0.00,140.00,-1000.00
120,0,3.8250,None,67.03,-1000.00,90.15,10000.00,100.00,9950.00,0.00,140.00,-1000.00
120,0,3.8333,None,67.03,-1000.00,90.15,10000.00,100.00,9950.00,0.00,140.00,-1000.00
120,0,3.8417,None,67.03,-1000.00,90.15,10000.00,100.00,9950.00,0.00,140.00,-1000.00
120,0,3.8500,None,67.03,-1000.00,90.15,10000.00,100.00,9950.00,0.00,140.00,-1000.00
120,0,3.8583,None,67.03,-1000.00,90.15,10000.00,100.00,9950.00,0.00,140.00,-1000.00
120,0,3.8667,None,67.03,-1000.00,90.15,10000.00,100.00,9950.00,0.00,140.00,-1000.00
120,0,3.8750,None,67.03,-1000.00,90.15,10000.00,100.00,9950.00,0.00,140.00,-1000.00
120,0,3.8833,None,67.03,-1000.00,90.15,10000.00,100.00,9950.00,0.00,140.00,-1000.00
120,0,3.8917,None,67.03,-1000.00,90.15,10000.00,100.00,9950.00,0.00,140.00,-1000.00
120,0,3.9000,None,67.03,-1000.00,90.15,10000.00,100.00,9950.00,0.00,140.00,-1000.00
120,0,3.9083,None,67.03,-1000.00,90.15,10000.00,100.00,9950.00,0.00,140.00,-1000.00
120,0,3.9167,None,67.03,-1000.00,90.15,10000.00,100.00,9950.00,0.00,140.00,-1000.00
120,0,3.9250,None,67.03,-1000.00,90.15,10000.00,100.00,9950.00,0.00,140.00,-1000.00
120,0,3.9333,None,67.03,-1000.00,90.15,10000.00,100.00,9950.00,0.00,140.00,-1000.00
120,0,3.9417,None,67.03,-1000.00,90.15,10000.00,100.00,9950.00,0.00,140.00,-1000.00
120,0,3.9500,None,67.03,-1000.00,90.15,10000.00,100.00,9950.00,0.00,140.00,-1000.00
120,0,3.9583,None,67.03,-1000.00,90.15,10000.00,100.00,9950.00,0.00,140.00,-1000.00
120,0,3.9667,None,67.03,-1000.00,90.15,10000.00,100.00,9950.00,0.00,140.00,-1000.00
120,0,3.9750,None,67.03,-1000.00,90.15,10000.00,100.00,9950.00,0.00,140.00,-1000.00
120,0,3.9833,None,67.03,-1000.00,90.15,10000.00,100.00,9950.00,0.00,140.00,-1000.00
120,0,3.9917,None,67.03,-1000.00,90.15,10000.00,100.00,9950.00,0.00,140.00,-1000.00
120,0,4.0000,None,67.03,-1000.00,90.15,10000.00,100.00,9950.00,0.00,140.00,-1000.00
120,0,4.0083,None,67.03,-1000.00,90.15,10000.00,100.00,9950.00,0.00,140.00,-1000.00
120,1,0.0083,Sword.Light.1,1.52,-1000.00,90.15,10000.00,100.00,10000.00,0.00,140.00,-1000.00
120,1,0.0167,Sword.Light.1,3.05,-1000.00,90.15,10000.00,100.00,10000.00,0.00,140.00,-1000.00
120,1,0.0250,Sword.Light.1,4.23,-1000.00,90.15,10000.00,100.00,10000.00,0.00,140.00,-1000.00
120,1,0.0333,Sword.Light.1,5.41,-1000.00,90.15,10000.00,100.00,10000.00,0.00,140.00,-1000.00
120,1,0.0417,Sword.Light.1,6.76,-1000.00,90.15,10000.00,100.00,10000.00,0.00,140.00,-1000.00
120,1,0.0500,Sword.Light.1,6.97,-1000.00,90.15,10000.00,100.00,10000.00,0.00,140.00,-1000.00
120,1,0.0583,Sword.Light.1,7.29,-1000.00,90.15,10000.00,100.00,10000.00,0.00,140.00,-1000.00
120,1,0.0667,Sword.Light.1,7.61,-1000.00,90.15,10000.00,100.00,10000.00,0.00,140.00,-1000.00
120,1,0.0750,Sword.Light.1,8.13,-1000.00,90.15,10000.00,100.00,10000.00,0.00,140.00,-1000.00
120,1,0.0833,Sword.Light.1,8.64,-1000.00,90.15,10000.00,100.00,10000.00,0.00,140.00,-1000.00
120,1,0.0917,Sword.Light.1,9.61,-1000.00,90.15,10000.00,100.00,10000.00,0.00,140.00,-1000.00
120,1,0.1000,Sword.Light.1,10.59,-1000.00,90.15,10000.00,100.00,10000.00,0.00,140.00,-1000.00
120,1,0.1083,Sword.Light.1,11.93,-1000.00,90.15,10000.00,100.00,10000.00,0.00,140.00,-1000.00
120,1,0.1167,Sword.Light.1,13.28,-1000.00,90.15,10000.00,100.00,10000.00,0.00,140.00,-1000.00
120,1,0.1250,Sword.Light.1,14.54,-1000.00,90.15,10000.00,100.00,10000.00,0.00,140.00,-1000.00
120,1,0.1333,Sword.Light.1,15.79,-1000.00,90.15,10000.00,100.00,10000.00,0.00,140.00,-1000.00
120,1,0.1417,Sword.Light.1,16.74,-1000.00,90.15,10000.00,100.00,10000.00,0.00,140.00,-1000.00
120,1,0.1500,Sword.Light.1,17.68,-1000.00,90.15,10000.00,100.00,10000.00,0.00,140.00,-1000.00
120,1,0.1583,Sword.Light.1,18.42,-1000.00,90.15,10000.00,100.00,10000.00,0.00,140.00,-1000.00
120,1,0.1667,Sword.Light.1,19.16,-1000.00,90.15,10000.00,100.00,10000.00,0.00,140.00,-1000.00
120,1,0.1750,Sword.Light.1,19.69,-1000.00,90.15,10000.00,100.00,10000.00,0.00,140.00,-1000.00
120,1,0.1833,Sword.Light.1,21.32,-1000.00,90.15,10000.00,100.00,10000.00,0.00,140.00,-1000.00
120,1,0.1917,Sword.Light.1,23.50,-1000.00,90.15,10000.00,100.00,10000.00,0.00,140.00,-1000.00
120,1,0.2000,Sword.Light.1,25.67,-1000.00,90.15,10000.00,100.00,10000.00,0.00,140.00,-1000.00
120,1,0.2083,Sword.Light.1,26.69,-1000.00,90.15,10000.00,100.00,10000.00,0.00,140.00,-1000.00
120,1,0.2167,Sword.Light.1,27.71,-1000.00,90.15,10000.00,100.00,9975.00,0.00,140.00,-1000.00
120,1,0.2250,Sword.Light.1,28.22,-1000.00,90.15,10000.00,100.00,9975.00,0.00,140.00,-1000.00
120,1,0.2333,Sword.Light.1,28.72,-1000.00,90.15,10000.00,100.00,9975.00,0.00,140.00,-1000.00
120,1,0.2417,Sword.Light.1,29.24,-1000.00,90.15,10000.00,100.00,9975.00,0.00,140.00,-1000.00
120,1,0.2500,Sword.Light.1,29.75,-1000.00,90.15,10000.00,100.00,9975.00,0.00,140.00,-1000.00
120,1,0.2583,Sword.Light.1,30.58,-1000.00,90.15,10000.00,100.00,9975.00,0.00,140.00,-1000.00
120,1,0.2667,Sword.Light.1,31.41,-1000.00,90.15,10000.00,100.00,9975.00,0.00,140.00,-1000.00
120,1,0.2750,Sword.Light.1,33.37,-1000.00,90.15,10000.00,100.00,9975.00,0.00,140.00,-1000.00
120,1,0.2833,Sword.Light.1,35.33,-1000.00,90.15,10000.00,100.00,9975.00,0.00,140.00,-1000.00
120,1,0.2917,Sword.Light.1,37.45,-1000.00,90.15,10000.00,100.00,9975.00,0.00,140.00,-1000.00
120,1,0.3000,Sword.Light.1,39.58,-1000.00,90.15,10000.00,100.00,9975.00,0.00,140.00,-1000.00
120,1,0.3083,Sword.Light.1,41.23,-1000.00,90.15,10000.00,100.00,9975.00,0.00,140.00,-1000.00
120,1,0.3167,Sword.Light.1,42.87,-1000.00,90.15,10000.00,100.00,9975.00,0.00,140.00,-1000.00
120,1,0.3250,Sword.Light.1,43.85,-1000.00,90.15,10000.00,100.00,9975.00,0.00,140.00,-1000.00
120,1,0.3333,Sword.Light.1,44.83,-1000.00,90.15,10000.00,100.00,9975.00,0.00,140.00,-1000.00
120,1,0.3417,Sword.Light.1,44.99,-1000.00,90.15,10000.00,100.00,9975.00,0.00,140.00,-1000.00
120,1,0.3500,Sword.Light.1,45.14,-1000.00,90.15,10000.00,100.00,9975.00,0.00,140.00,-1000.00
120,1,0.3583,Sword.Light.1,45.01,-1000.00,90.15,10000.00,100.00,9975.00,0.00,140.00,-1000.00
120,1,0.3667,Sword.Light.1,44.89,-1000.00,90.15,10000.00,100.00,9975.00,0.00,140.00,-1000.00
120,1,0.3750,Sword.Light.1,44.59,-1000.00,90.15,10000.00,100.00,9975.00,0.00,140.00,-1000.00
120,1,0.3833,Sword.Light.1,44.30,-1000.00,90.15,10000.00,100.00,9975.00,0.00,140.00,-1000.00
120,1,0.3917,Sword.Light.1,43.95,-1000.00,90.15,10000.00,100.00,9975.00,0.00,140.00,-1000.00
120,1,0.4000,Sword.Light.1,43.61,-1000.00,90.15,10000.00,100.00,9975.00,0.00,140.00,-1000.00
120,1,0.4083,Sword.Light.1,43.14,-1000.00,90.15,10000.00,100.00,9975.00,0.00,140.00,-1000.00
120,1,0.4167,Sword.Light.1,42.67,-1000.00,90.15,10000.00,100.00,9975.00,0.00,140.00,-1000.00
120,1,0.4250,Sword.Light.1,42.05,-1000.00,90.15,10000.00,100.00,9975.00,0.00,140.00,-1000.00
120,1,0.4333,Sword.Light.1,41.43,-1000.00,90.15,10000.00,100.00,9975.00,0.00,140.00,-1000.00
120,1,0.4417,Sword.Light.1,40.85,-1000.00,90.15,10000.00,100.00,9975.00,0.00,140.00,-1000.00
120,1,0.4500,Sword.Light.1,40.27,-1000.00,90.15,10000.00,100.00,9975.00,0.00,140.00,-1000.00
120,1,0.4583,Sword.Light.1,39.93,-1000.00,90.15,10000.00,100.00,9975.00,0.00,140.00,-1000.00
120,1,0.4667,Sword.Light.1,39.59,-1000.00,90.15,10000.00,100.00,9975.00,0.00,140.00,-1000.00
120,1,0.4750,Sword.Light.1,39.58,-1000.00,90.15,10000.00,100.00,9975.00,0.00,140.00,-1000.00
120,1,0.4833,Sword.Light.1,39.58,-1000.00,90.15,10000.00,100.00,9975.00,0.00,140.00,-1000.00
120,1,0.4917,Sword.Light.1,39.78,-1000.00,90.15,10000.00,100.00,9975.00,0.00,140.00,-1000.00
120,1,0.5000,Sword.Light.1,39.98,-1000.00,90.15,10000.00,100.00,9975.00,0.00,140.00,-1000.00
120,1,0.5083,Sword.Light.1,40.28,-1000.00,90.15,10000.00,100.00,9975.00,0.00,140.00,-1000.00
120,1,0.5167,Sword.Light.1,40.58,-1000.00,90.15,10000.00,100.00,9975.00,0.00,140.00,-1000.00
120,1,0.5250,Sword.Light.1,40.87,-1000.00,90.15,10000.00,100.00,9975.00,0.00,140.00,-1000.00
120,1,0.5333,Sword.Light.1,41.16,-1000.00,90.15,10000.00,100.00,9975.00,0.00,140.00,-1000.00
120,1,0.5417,Sword.Light.1,41.43,-1000.00,90.15,10000.00,100.00,9975.00,0.00,140.00,-1000.00
120,1,0.5500,Sword.Light.1,41.71,-1000.00,90.15,10000.00,100.00,9975.00,0.00,140.00,-1000.00
120,1,0.5583,Sword.Light.1,42.03,-1000.00,90.15,10000.00,100.00,9975.00,0.00,140.00,-1000.00
120,1,0.5667,Sword.Light.1,42.35,-1000.00,90.15,10000.00,100.00,9975.00,0.00,140.00,-1000.00
120,1,0.5750,Sword.Light.1,42.68,-1000.00,90.15,10000.00,100.00,9975.00,0.00,140.00,-1000.00
120,1,0.5833,Sword.Light.2,43.01,-1000.00,90.15,10000.00,100.00,9975.00,0.00,140.00,-1000.00
120,1,0.5917,Sword.Light.2,43.39,-1000.00,90.15,10000.00,100.00,9975.00,0.00,140.00,-1000.00
120,1,0.6000,Sword.Light.2,43.77,-1000.00,90.15,10000.00,100.00,9975.00,0.00,140.00,-1000.00
120,1,0.6083,Sword.Light.2,44.05,-1000.00,90.15,10000.00,100.00,9975.00,0.00,140.00,-1000.00
120,1,0.6167,Sword.Light.2,44.33,-1000.00,90.15,10000.00,100.00,9975.00,0.00,140.00,-1000.00
120,1,0.6250,Sword.Light.2,44.59,-1000.00,90.15,10000.00,100.00,9975.00,0.00,140.00,-1000.00
120,1,0.6333,Sword.Light.2,44.31,-1000.00,90.15,10000.00,100.00,9975.00,0.00,140.00,-1000.00
120,1,0.6417,Sword.Light.2,43.99,-1000.00,90.15,10000.00,100.00,9975.00,0.00,140.00,-1000.00
120,1,0.6500,Sword.Light.2,43.68,-1000.00,90.15,10000.00,100.00,9975.00,0.00,140.00,-1000.00
120,1,0.6583,Sword.Light.2,43.25,-1000.00,90.15,10000.00,100.00,9975.00,0.00,140.00,-1000.00
120,1,0.6667,Sword.Light.2,42.83,-1000.00,90.15,10000.00,100.00,9975.00,0.00,140.00,-1000.00
120,1,0.6750,Sword.Light.2,42.22,-1000.00,90.15,10000.00,100.00,9975.00,0.00,140.00,-1000.00
120,1,0.6833,Sword.Light.2,41.61,-1000.00,90.15,10000.00,100.00,9975.00,0.00,140.00,-1000.00
120,1,0.6917,Sword.Light.2,40.75,-1000.00,90.15,10000.00,100.00,9975.00,0.00,140.00,-1000.00
120,1,0.7000,Sword.Light.2,39.89,-1000.00,90.15,10000.00,100.00,9975.00,0.00,140.00,-1000.00
120,1,0.7083,Sword.Light.2,38.48,-1000.00,90.15,10000.00,100.00,9975.00,0.00,140.00,-1000.00
120,1,0.7167,Sword.Light.2,37.07,-1000.00,90.15,10000.00,100.00,9975.00,0.00,140.00,-1000.00
120,1,0.7250,Sword.Light.2,34.80,-1000.00,90.15,10000.00,100.00,9975.00,0.00,140.00,-1000.00
120,1,0.7333,Sword.Light.2,32.53,-1000.00,90.15,10000.00,100.00,9975.00,0.00,140.00,-1000.00
120,1,0.7417,Sword.Light.2,29.32,-1000.00,90.15,10000.00,100.00,9975.00,0.00,140.00,-1000.00
120,1,0.7500,Sword.Light.2,26.12,-1000.00,90.15,10000.00,100.00,9975.00,0.00,140.00,-1000.00
120,1,0.7583,Sword.Light.2,22.29,-1000.00,90.15,10000.00,100.00,9975.00,0.00,140.00,-1000.00
120,1,0.7667,Sword.Light.2,21.40,-1000.00,90.15,10000.00,100.00,9975.00,0.00,140.00,-1000.00
120,1,0.7750,Sword.Light.2,25.31,-1000.00,90.15,10000.00,100.00,9975.00,0.00,140.00,-1000.00
120,1,0.7833,Sword.Light.2,29.22,-1000.00,90.15,10000.00,100.00,9975.00,0.00,140.00,-1000.00
120,1,0.7917,Sword.Light.2,33.78,-1000.00,90.15,10000.00,100.00,9975.00,0.00,140.00,-1000.00
120,1,0.8000,Sword.Light.2,38.33,-1000.00,90.15,10000.00,100.00,9975.00,0.00,140.00,-1000.00
120,1,0.8083,Sword.Light.2,43.79,-1000.00,90.15,10000.00,100.00,9950.00,0.00,140.00,-1000.00
120,1,0.8167,Sword.Light.2,49.25,-1000.00,90.15,10000.00,100.00,9950.00,0.00,140.00,-1000.00
120,1,0.8250,Sword.Light.2,57.39,-1000.00,90.15,10000.00,100.00,9950.00,0.00,140.00,-1000.00
120,1,0.8333,Sword.Light.2,65.53,-1000.00,90.15,10000.00,100.00,9950.00,0.00,140.00,-1000.00
120,1,0.8417,Sword.Light.2,70.99,-1000.00,90.15,10000.00,100.00,9950.00,0.00,140.00,-1000.00
120,1,0.8500,Sword.Light.2,70.99,-1000.00,90.15,10000.00,100.00,9950.00,0.00,140.00,-1000.00
120,1,0.8583,Sword.Light.2,70.99,-1000.00,90.15,10000.00,100.00,9950.00,0.00,140.00,-1000.00
120,1,0.8667,Sword.Light.2,70.99,-1000.00,90.15,10000.00,100.00,9950.00,0.00,140.00,-1000.00
120,1,0.8750,Sword.Light.2,70.99,-1000.00,90.15,10000.00,100.00,9950.00,0.00,140.00,-1000.00
120,1,0.8833,Sword.Light.2,70.99,-1000.00,90.15,10000.00,100.00,9950.00,0.00,140.00,-1000.00
120,1,0.8917,Sword.Light.2,71.47,-1000.00,90.15,10000.00,100.00,9950.00,0.00,140.00,-1000.00
120,1,0.9000,Sword.Light.2,71.47,-1000.00,90.15,10000.00,100.00,9950.00,0.00,140.00,-1000.00
120,1,0.9083,Sword.Light.2,71.66,-1000.00,90.15,10000.00,100.00,9950.00,0.00,140.00,-1000.00
120,1,0.9167,Sword.Light.2,71.66,-1000.00,90.15,10000.00,100.00,9950.00,0.00,140.00,-1000.00
120,1,0.9250,Sword.Light.2,71.79,-1000.00,90.15,10000.00,100.00,9950.00,0.00,140.00,-1000.00
120,1,0.9333,Sword.Light.2,71.79,-1000.00,90.15,10000.00,100.00,9950.00,0.00,140.00,-1000.00
120,1,0.9417,Sword.Light.2,71.86,-1000.00,90.15,10000.00,100.00,9950.00,0.00,140.00,-1000.00
120,1,0.9500,Sword.Light.2,71.86,-1000.00,90.15,10000.00,100.00,9950.00,0.00,140.00,-1000.00
120,1,0.9583,Sword.Light.2,71.90,-1000.00,90.15,10000.00,100.00,9950.00,0.00,140.00,-1000.00
120,1,0.9667,Sword.Light.2,71.90,-1000.00,90.15,10000.00,100.00,9950.00,0.00,140.00,-1000.00
120,1,0.9750,Sword.Light.2,71.90,-1000.00,90.15,10000.00,100.00,9950.00,0.00,140.00,-1000.00
120,1,0.9833,Sword.Light.2,71.90,-1000.00,90.15,10000.00,100.00,9950.00,0.00,140.00,-1000.00
120,1,0.9917,Sword.Light.2,71.90,-1000.00,90.15,10000.00,100.00,9950.00,0.00,140.00,-1000.00
120,1,1.0000,Sword.Light.2,71.90,-1000.00,90.15,10000.00,100.00,9950.00,0.00,140.00,-1000.00
120,1,1.0083,Sword.Light.2,71.89,-1000.00,90.15,10000.00,100.00,9950.00,0.00,140.00,-1000.00
120,1,1.0167,Sword.Light.2,71.89,-1000.00,90.15,10000.00,100.00,9950.00,0.00,140.00,-1000.00
120,1,1.0250,Sword.Light.2,71.77,-1000.00,90.15,10000.00,100.00,9950.00,0.00,140.00,-1000.00
120,1,1.0333,Sword.Light.2,71.65,-1000.00,90.15,10000.00,100.00,9950.00,0.00,140.00,-1000.00
120,1,1.0417,Sword.Light.2,71.48,-1000.00,90.15,10000.00,100.00,9950.00,0.00,140.00,-1000.00
120,1,1.0500,Sword.Light.2,71.31,-1000.00,90.15,10000.00,100.00,9950.00,0.00,140.00,-1000.00
120,1,1.0583,Sword.Light.2,71.07,-1000.00,90.15,10000.00,100.00,9950.00,0.00,140.00,-1000.00
120,1,1.0667,Sword.Light.2,70.83,-1000.00,90.15,10000.00,100.00,9950.00,0.00,140.00,-1000.00
120,1,1.0750,Sword.Light.2,70.48,-1000.00,90.15,10000.00,100.00,9950.00,0.00,140.00,-1000.00
120,1,1.0833,Sword.Light.2,70.14,-1000.00,90.15,10000.00,100.00,9950.00,0.00,140.00,-1000.00
120,1,1.0917,Sword.Light.2,69.70,-1000.00,90.15,10000.00,100.00,9950.00,0.00,140.00,-1000.00
120,1,1.1000,Sword.Light.2,69.27,-1000.00,90.15,10000.00,100.00,9950.00,0.00,140.00,-1000.00
120,1,1.1083,Sword.Light.2,68.78,-1000.00,90.15,10000.00,100.00,9950.00,0.00,140.00,-1000.00
120,1,1.1167,Sword.Light.2,68.28,-1000.00,90.15,10000.00,100.00,9950.00,0.00,140.00,-1000.00
120,1,1.1250,Sword.Light.2,67.75,-1000.00,90.15,10000.00,100.00,9950.00,0.00,140.00,-1000.00
120,1,1.1333,Sword.Light.2,67.22,-1000.00,90.15,10000.00,100.00,9950.00,0.00,140.00,-1000.00
120,1,1.1417,Sword.Light.2,66.64,-1000.00,90.15,10000.00,100.00,9950.00,0.00,140.00,-1000.00
120,1,1.1500,Sword.Light.2,66.05,-1000.00,90.15,10000.00,100.00,9950.00,0.00,140.00,-1000.00
120,1,1.1583,Sword.Light.2,65.39,-1000.00,90.15,10000.00,100.00,9950.00,0.00,140.00,-1000.00
120,1,1.1667,Sword.Light.3,64.73,-1000.00,90.15,10000.00,100.00,9950.00,0.00,140.00,-1000.00
120,1,1.1750,Sword.Light.3,65.70,-1000.00,90.15,10000.00,100.00,9950.00,0.00,140.00,-1000.00
120,1,1.1833,Sword.Light.3,66.66,-1000.00,90.15,10000.00,100.00,9950.00,0.00,140.00,-1000.00
120,1,1.1917,Sword.Light.3,67.58,-1000.00,90.15,10000.00,100.00,9950.00,0.00,140.00,-1000.00
120,1,1.2000,Sword.Light.3,68.49,-1000.00,90.15,10000.00,100.00,9950.00,0.00,140.00,-1000.00
120,1,1.2083,Sword.Light.3,69.41,-1000.00,90.15,10000.00,100.00,9950.00,0.00,140.00,-1000.00
120,1,1.2167,Sword.Light.3,67.34,-1000.00,90.15,10000.00,100.00,9950.00,0.00,140.00,-1000.00
120,1,1.2250,Sword.Light.3,65.16,-1000.00,90.15,10000.00,100.00,9950.00,0.00,140.00,-1000.00
120,1,1.2333,Sword.Light.3,62.98,-1000.00,90.15,10000.00,100.00,9950.00,0.00,140.00,-1000.00
120,1,1.2417,Sword.Light.3,60.56,-1000.00,90.15,10000.00,100.00,9950.00,0.00,140.00,-1000.00
120,1,1.2500,Sword.Light.3,58.14,-1000.00,90.15,10000.00,100.00,9950.00,0.00,140.00,-1000.00
120,1,1.2583,Sword.Light.3,55.37,-1000.00,90.15,10000.00,100.00,9950.00,0.00,140.00,-1000.00
120,1,1.2667,Sword.Light.3,52.61,-1000.00,90.15,10000.00,100.00,9950.00,0.00,140.00,-1000.00
120,1,1.2750,Sword.Light.3,49.64,-1000.00,90.15,10000.00,100.00,9950.00,0.00,140.00,-1000.00
120,1,1.2833,Sword.Light.3,46.68,-1000.00,90.15,10000.00,100.00,9950.00,0.00,140.00,-1000.00
120,1,1.2917,Sword.Light.3,43.66,-1000.00,90.15,10000.00,100.00,9950.00,0.00,140.00,-1000.00
120,1,1.3000,Sword.Light.3,40.65,-1000.00,90.15,10000.00,100.00,9950.00,0.00,140.00,-1000.00
120,1,1.3083,Sword.Light.3,37.39,-1000.00,90.15,10000.00,100.00,9950.00,0.00,140.00,-1000.00
120,1,1.3167,Sword.Light.3,34.13,-1000.00,90.15,10000.00,100.00,9950.00,0.00,140.00,-1000.00
120,1,1.3250,Sword.Light.3,30.47,-1000.00,90.15,10000.00,100.00,9950.00,0.00,140.00,-1000.00
120,1,1.3333,Sword.Light.3,26.80,-1000.00,90.15,10000.00,100.00,9950.00,0.00,140.00,-1000.00
120,1,1.3417,Sword.Light.3,22.55,-1000.00,90.15,10000.00,100.00,9950.00,0.00,140.00,-1000.00
120,1,1.3500,Sword.Light.3,20.75,-1000.00,90.15,10000.00,100.00,9950.00,0.00,140.00,-1000.00
120,1,1.3583,Sword.Light.3,22.98,-1000.00,90.15,10000.00,100.00,9950.00,0.00,140.00,-1000.00
120,1,1.3667,Sword.Light.3,25.20,-1000.00,90.15,10000.00,100.00,9950.00,0.00,140.00,-1000.00
120,1,1.3750,Sword.Light.3,27.68,-1000.00,90.15,10000.00,100.00,9950.00,0.00,140.00,-1000.00
120,1,1.3833,Sword.Light.3,30.16,-1000.00,90.15,10000.00,100.00,9950.00,0.00,140.00,-1000.00
120,1,1.3917,Sword.Light.3,32.82,-1000.00,90.15,10000.00,100.00,9950.00,0.00,140.00,-1000.00
120,1,1.4000,Sword.Light.3,35.48,-1000.00,90.15,10000.00,100.00,9950.00,0.00,140.00,-1000.00
120,1,1.4083,Sword.Light.3,38.40,-1000.00,90.15,10000.00,100.00,9950.00,0.00,140.00,-1000.00
120,1,1.4167,Sword.Light.3,41.32,-1000.00,90.15,10000.00,100.00,9950.00,0.00,140.00,-1000.00
120,1,1.4250,Sword.Light.3,44.59,-1000.00,90.15,10000.00,100.00,9950.00,0.00,140.00,-1000.00
120,1,1.4333,Sword.Light.3,47.85,-1000.00,90.15,10000.00,100.00,9950.00,0.00,140.00,-1000.00
120,1,1.4417,Sword.Light.3,51.53,-1000.00,90.15,10000.00,100.00,9950.00,0.00,140.00,-1000.00
120,1,1.4500,Sword.Light.3,55.21,-1000.00,90.15,10000.00,100.00,9950.00,0.00,140.00,-1000.00
120,1,1.4583,Sword.Light.3,59.39,-1000.00,90.15,10000.00,100.00,9950.00,0.00,140.00,-1000.00
120,1,1.4667,Sword.Light.3,63.57,-1000.00,90.15,10000.00,100.00,9950.00,0.00,140.00,-1000.00
120,1,1.4750,Sword.Light.3,68.44,-1000.00,90.15,10000.00,100.00,9950.00,0.00,140.00,-1000.00
120,1,1.4833,Sword.Light.3,71.51,-1000.00,90.15,10000.00,100.00,9950.00,0.00,140.00,-1000.00
120,1,1.4917,Sword.Light.3,71.51,-1000.00,90.15,10000.00,100.00,9950.00,0.00,140.00,-1000.00
120,1,1.5000,Sword.Light.3,71.51,-1000.00,90.15,10000.00,100.00,9950.00,0.00,140.00,-1000.00
120,1,1.5083,Sword.Light.3,71.51,-1000.00,90.15,10000.00,100.00,9950.00,0.00,140.00,-1000.00
120,1,1.5167,Sword.Light.3,71.51,-1000.00,90.15,10000.00,100.00,9950.00,0.00,140.00,-1000.00
120,1,1.5250,Sword.Light.3,71.51,-1000.00,90.15,10000.00,100.00,9925.00,0.00,140.00,-1000.00
120,1,1.5333,Sword.Light.3,71.51,-1000.00,90.15,10000.00,100.00,9925.00,0.00,140.00,-1000.00
120,1,1.5417,Sword.Light.3,71.51,-1000.00,90.15,10000.00,100.00,9925.00,0.00,140.00,-1000.00
120,1,1.5500,Sword.Light.3,71.51,-1000.00,90.15,10000.00,100.00,9925.00,0.00,140.00,-1000.00
120,1,1.5583,Sword.Light.3,71.51,-1000.00,90.15,10000.00,100.00,9925.00,0.00,140.00,-1000.00
120,1,1.5667,Sword.Light.3,71.51,-1000.00,90.15,10000.00,100.00,9925.00,0.00,140.00,-1000.00
120,1,1.5750,Sword.Light.3,71.51,-1000.00,90.15,10000.00,100.00,9925.00,0.00,140.00,-1000.00
120,1,1.5833,Sword.Light.3,71.51,-1000.00,90.15,10000.00,100.00,9925.00,0.00,140.00,-1000.00
120,1,1.5917,Sword.Light.3,71.54,-1000.00,90.15,10000.00,100.00,9925.00,0.00,140.00,-1000.00
120,1,1.6000,Sword.Light.3,71.54,-1000.00,90.15,10000.00,100.00,9925.00,0.00,140.00,-1000.00
120,1,1.6083,Sword.Light.3,71.66,-1000.00,90.15,10000.00,100.00,9925.00,0.00,140.00,-1000.00
120,1,1.6167,Sword.Light.3,71.66,-1000.00,90.15,10000.00,100.00,9925.00,0.00,140.00,-1000.00
120,1,1.6250,Sword.Light.3,71.80,-1000.00,90.15,10000.00,100.00,9925.00,0.00,140.00,-1000.00
120,1,1.6333,Sword.Light.3,71.80,-1000.00,90.15,10000.00,100.00,9925.00,0.00,140.00,-1000.00
120,1,1.6417,Sword.Light.3,71.90,-1000.00,90.15,10000.00,100.00,9925.00,0.00,140.00,-1000.00
120,1,1.6500,Sword.Light.3,71.90,-1000.00,90.15,10000.00,100.00,9925.00,0.00,140.00,-1000.00
120,1,1.6583,Sword.Light.3,71.86,-1000.00,90.15,10000.00,100.00,9925.00,0.00,140.00,-1000.00
120,1,1.6667,Sword.Light.3,71.83,-1000.00,90.15,10000.00,100.00,9925.00,0.00,140.00,-1000.00
120,1,1.6750,Sword.Light.3,71.54,-1000.00,90.15,10000.00,100.00,9925.00,0.00,140.00,-1000.00
120,1,1.6833,Sword.Light.3,71.25,-1000.00,90.15,10000.00,100.00,9925.00,0.00,140.00,-1000.00
120,1,1.6917,Sword.Light.3,71.02,-1000.00,90.15,10000.00,100.00,9925.00,0.00,140.00,-1000.00
120,1,1.7000,Sword.Light.3,70.78,-1000.00,90.15,10000.00,100.00,9925.00,0.00,140.00,-1000.00
120,1,1.7083,Sword.Light.3,70.61,-1000.00,90.15,10000.00,100.00,9925.00,0.00,140.00,-1000.00
120,1,1.7167,Sword.Light.3,70.44,-1000.00,90.15,10000.00,100.00,9925.00,0.00,140.00,-1000.00
120,1,1.7250,Sword.Light.3,70.19,-1000.00,90.15,10000.00,100.00,9925.00,0.00,140.00,-1000.00
120,1,1.7333,Sword.Light.3,69.95,-1000.00,90.15,10000.00,100.00,9925.00,0.00,140.00,-1000.00
120,1,1.7417,Sword.Light.3,69.70,-1000.00,90.15,10000.00,100.00,9925.00,0.00,140.00,-1000.00
120,1,1.7500,Sword.Light.3,69.44,-1000.00,90.15,10000.00,100.00,9925.00,0.00,140.00,-1000.00
120,1,1.7583,Sword.Light.3,69.23,-1000.00,90.15,10000.00,100.00,9925.00,0.00,140.00,-1000.00
120,1,1.7667,Sword.Light.3,69.02,-1000.00,90.15,10000.00,100.00,9925.00,0.00,140.00,-1000.00
120,1,1.7750,Sword.Light.3,68.85,-1000.00,90.15,10000.00,100.00,9925.00,0.00,140.00,-1000.00
120,1,1.7833,Sword.Light.3,68.68,-1000.00,90.15,10000.00,100.00,9925.00,0.00,140.00,-1000.00
120,1,1.7917,Sword.Light.3,68.54,-1000.00,90.15,10000.00,100.00,9925.00,0.00,140.00,-1000.00
120,1,1.8000,Sword.Light.3,68.39,-1000.00,90.15,10000.00,100.00,9925.00,0.00,140.00,-1000.00
120,1,1.8083,Sword.Light.3,68.28,-1000.00,90.15,10000.00,100.00,9925.00,0.00,140.00,-1000.00
120,1,1.8167,Sword.Light.3,68.18,-1000.00,90.15,10000.00,100.00,9925.00,0.00,140.00,-1000.00
120,1,1.8250,Sword.Light.3,68.14,-1000.00,90.15,10000.00,100.00,9925.00,0.00,140.00,-1000.00
120,1,1.8333,Sword.Light.3,68.11,-1000.00,90.15,10000.00,100.00,9925.00,0.00,140.00,-1000.00
120,1,1.8417,Sword.Light.3,68.11,-1000.00,90.15,10000.00,100.00,9925.00,0.00,140.00,-1000.00
120,1,1.8500,Sword.Light.4,68.12,-1000.00,90.15,10000.00,100.00,9925.00,0.00,140.00,-1000.00
120,1,1.8583,Sword.Light.4,68.37,-1000.00,90.15,10000.00,100.00,9925.00,0.00,140.00,-1000.00
120,1,1.8667,Sword.Light.4,68.62,-1000.00,90.15,10000.00,100.00,9925.00,0.00,140.00,-1000.00
120,1,1.8750,Sword.Light.4,68.64,-1000.00,90.15,10000.00,100.00,9925.00,0.00,140.00,-1000.00
120,1,1.8833,Sword.Light.4,68.65,-1000.00,90.15,10000.00,100.00,9925.00,0.00,140.00,-1000.00
120,1,1.8917,Sword.Light.4,68.57,-1000.00,90.15,10000.00,100.00,9925.00,0.00,140.00,-1000.00
120,1,1.9000,Sword.Light.4,68.71,-1000.00,90.15,10000.00,100.00,9925.00,0.00,140.00,-1000.00
120,1,1.9083,Sword.Light.4,68.76,-1000.00,90.15,10000.00,100.00,9925.00,0.00,140.00,-1000.00
120,1,1.9167,Sword.Light.4,68.82,-1000.00,90.15,10000.00,100.00,9925.00,0.00,140.00,-1000.00
120,1,1.9250,Sword.Light.4,68.56,-1000.00,90.15,10000.00,100.00,9925.00,0.00,140.00,-1000.00
120,1,1.9333,Sword.Light.4,68.30,-1000.00,90.15,10000.00,100.00,9925.00,0.00,140.00,-1000.00
120,1,1.9417,Sword.Light.4,67.48,-1000.00,90.15,10000.00,100.00,9925.00,0.00,140.00,-1000.00
120,1,1.9500,Sword.Light.4,66.66,-1000.00,90.15,10000.00,100.00,9925.00,0.00,140.00,-1000.00
120,1,1.9583,Sword.Light.4,65.04,-1000.00,90.15,10000.00,100.00,9925.00,0.00,140.00,-1000.00
120,1,1.9667,Sword.Light.4,63.42,-1000.00,90.15,10000.00,100.00,9925.00,0.00,140.00,-1000.00
120,1,1.9750,Sword.Light.4,60.77,-1000.00,90.15,10000.00,100.00,9925.00,0.00,140.00,-1000.00
120,1,1.9833,Sword.Light.4,58.12,-1000.00,90.15,10000.00,100.00,9925.00,0.00,140.00,-1000.00
120,1,1.9917,Sword.Light.4,53.23,-1000.00,90.15,10000.00,100.00,9925.00,0.00,140.00,-1000.00
120,1,2.0000,Sword.Light.4,48.34,-1000.00,90.15,10000.00,100.00,9925.00,0.00,140.00,-1000.00
120,1,2.0083,Sword.Light.4,41.02,-1000.00,90.15,10000.00,100.00,9925.00,0.00,140.00,-1000.00
120,1,2.0167,Sword.Light.4,33.69,-1000.00,90.15,10000.00,100.00,9925.00,0.00,140.00,-1000.00
120,1,2.0250,Sword.Light.4,25.13,-1000.00,90.15,10000.00,100.00,9925.00,0.00,140.00,-1000.00
120,1,2.0333,Sword.Light.4,22.03,-1000.00,90.15,10000.00,100.00,9925.00,0.00,140.00,-1000.00
120,1,2.0417,Sword.Light.4,27.12,-1000.00,90.15,10000.00,100.00,9925.00,0.00,140.00,-1000.00
120,1,2.0500,Sword.Light.4,32.20,-1000.00,90.15,10000.00,100.00,9925.00,0.00,140.00,-1000.00
120,1,2.0583,Sword.Light.4,36.56,-1000.00,90.15,10000.00,100.00,9925.00,0.00,140.00,-1000.00
120,1,2.0667,Sword.Light.4,40.92,-1000.00,90.15,10000.00,100.00,9925.00,0.00,140.00,-1000.00
120,1,2.0750,Sword.Light.4,44.56,-1000.00,90.15,10000.00,100.00,9925.00,0.00,140.00,-1000.00
120,1,2.0833,Sword.Light.4,48.19,-1000.00,90.15,10000.00,100.00,9925.00,0.00,140.00,-1000.00
120,1,2.0917,Sword.Light.4,51.63,-1000.00,90.15,10000.00,100.00,9925.00,0.00,140.00,-1000.00
120,1,2.1000,Sword.Light.4,55.07,-1000.00,90.15,10000.00,100.00,9925.00,0.00,140.00,-1000.00
120,1,2.1083,Sword.Light.4,58.34,-1000.00,90.15,10000.00,100.00,9925.00,0.00,140.00,-1000.00
120,1,2.1167,Sword.Light.4,61.61,-1000.00,90.15,10000.00,100.00,9925.00,0.00,140.00,-1000.00
120,1,2.1250,Sword.Light.4,64.74,-1000.00,90.15,10000.00,100.00,9925.00,0.00,140.00,-1000.00
120,1,2.1333,Sword.Light.4,67.87,-1000.00,90.15,10000.00,100.00,9925.00,0.00,140.00,-1000.00
120,1,2.1417,Sword.Light.4,70.90,-1000.00,90.15,10000.00,100.00,9925.00,0.00,140.00,-1000.00
120,1,2.1500,Sword.Light.4,71.69,-1000.00,90.15,10000.00,100.00,9925.00,0.00,140.00,-1000.00
120,1,2.1583,Sword.Light.4,71.70,-1000.00,90.15,10000.00,100.00,9925.00,0.00,140.00,-1000.00
120,1,2.1667,Sword.Light.4,71.70,-1000.00,90.15,10000.00,100.00,9925.00,0.00,140.00,-1000.00
120,1,2.1750,Sword.Light.4,71.71,-1000.00,90.15,10000.00,100.00,9925.00,0.00,140.00,-1000.00
120,1,2.1833,Sword.Light.4,71.71,-1000.00,90.15,10000.00,100.00,9925.00,0.00,140.00,-1000.00
120,1,2.1917,Sword.Light.4,71.71,-1000.00,90.15,10000.00,100.00,9925.00,0.00,140.00,-1000.00
120,1,2.2000,Sword.Light.4,71.71,-1000.00,90.15,10000.00,100.00,9925.00,0.00,140.00,-1000.00
120,1,2.2083,Sword.Light.4,71.72,-1000.00,90.15,10000.00,100.00,9925.00,0.00,140.00,-1000.00
120,1,2.2167,Sword.Light.4,71.72,-1000.00,90.15,10000.00,100.00,9925.00,0.00,140.00,-1000.00
120,1,2.2250,Sword.Light.4,71.74,-1000.00,90.15,10000.00,100.00,9925.00,0.00,140.00,-1000.00
120,1,2.2333,Sword.Light.4,71.74,-1000.00,90.15,10000.00,100.00,9925.00,0.00,140.00,-1000.00
120,1,2.2417,Sword.Light.4,71.75,-1000.00,90.15,10000.00,100.00,9925.00,0.00,140.00,-1000.00
120,1,2.2500,Sword.Light.4,71.75,-1000.00,90.15,10000.00,100.00,9925.00,0.00,140.00,-1000.00
120,1,2.2583,Sword.Light.4,71.78,-1000.00,90.15,10000.00,100.00,9925.00,0.00,140.00,-1000.00
120,1,2.2667,Sword.Light.4,71.78,-1000.00,90.15,10000.00,100.00,9925.00,0.00,140.00,-1000.00
120,1,2.2750,Sword.Light.4,71.82,-1000.00,90.15,10000.00,100.00,9891.25,0.00,140.00,-1000.00
120,1,2.2833,Sword.Light.4,71.82,-1000.00,90.15,10000.00,100.00,9891.25,0.00,140.00,-1000.00
120,1,2.2917,Sword.Light.4,71.87,-1000.00,90.15,10000.00,100.00,9891.25,0.00,140.00,-1000.00
120,1,2.3000,Sword.Light.4,71.87,-1000.00,90.15,10000.00,100.00,9891.25,0.00,140.00,-1000.00
120,1,2.3083,Sword.Light.4,71.89,-1000.00,90.15,10000.00,100.00,9891.25,0.00,140.00,-1000.00
120,1,2.3167,Sword.Light.4,71.89,-1000.00,90.15,10000.00,100.00,9891.25,0.00,140.00,-1000.00
120,1,2.3250,Sword.Light.4,71.89,-1000.00,90.15,10000.00,100.00,9891.25,0.00,140.00,-1000.00
120,1,2.3333,Sword.Light.4,71.89,-1000.00,90.15,10000.00,100.00,9891.25,0.00,140.00,-1000.00
120,1,2.3417,Sword.Light.4,71.89,-1000.00,90.15,10000.00,100.00,9891.25,0.00,140.00,-1000.00
120,1,2.3500,Sword.Light.4,71.89,-1000.00,90.15,10000.00,100.00,9891.25,0.00,140.00,-1000.00
120,1,2.3583,Sword.Light.4,71.89,-1000.00,90.15,10000.00,100.00,9891.25,0.00,140.00,-1000.00
120,1,2.3667,Sword.Light.4,71.89,-1000.00,90.15,10000.00,100.00,9891.25,0.00,140.00,-1000.00
120,1,2.3750,Sword.Light.4,71.89,-1000.00,90.15,10000.00,100.00,9891.25,0.00,140.00,-1000.00
120,1,2.3833,Sword.Light.4,71.89,-1000.00,90.15,10000.00,100.00,9891.25,0.00,140.00,-1000.00
120,1,2.3917,Sword.Light.4,71.90,-1000.00,90.15,10000.00,100.00,9891.25,0.00,140.00,-1000.00
120,1,2.4000,Sword.Light.4,71.90,-1000.00,90.15,10000.00,100.00,9891.25,0.00,140.00,-1000.00
120,1,2.4083,Sword.Light.4,70.52,-1000.00,90.15,10000.00,100.00,9891.25,0.00,140.00,-1000.00
120,1,2.4167,Sword.Light.4,69.14,-1000.00,90.15,10000.00,100.00,9891.25,0.00,140.00,-1000.00
120,1,2.4250,Sword.Light.4,66.51,-1000.00,90.15,10000.00,100.00,9891.25,0.00,140.00,-1000.00
120,1,2.4333,Sword.Light.4,63.88,-1000.00,90.15,10000.00,100.00,9891.25,0.00,140.00,-1000.00
120,1,2.4417,Sword.Light.4,61.12,-1000.00,90.15,10000.00,100.00,9891.25,0.00,140.00,-1000.00
120,1,2.4500,Sword.Light.4,58.35,-1000.00,90.15,10000.00,100.00,9891.25,0.00,140.00,-1000.00
120,1,2.4583,Sword.Light.4,56.53,-1000.00,90.15,10000.00,100.00,9891.25,0.00,140.00,-1000.00
120,1,2.4667,Sword.Light.4,54.71,-1000.00,90.15,10000.00,100.00,9891.25,0.00,140.00,-1000.00
120,1,2.4750,Sword.Light.4,54.26,-1000.00,90.15,10000.00,100.00,9891.25,0.00,140.00,-1000.00
120,1,2.4833,Sword.Light.4,53.80,-1000.00,90.15,10000.00,100.00,9891.25,0.00,140.00,-1000.00
120,1,2.4917,Sword.Light.4,54.08,-1000.00,90.15,10000.00,100.00,9891.25,0.00,140.00,-1000.00
120,1,2.5000,Sword.Light.4,54.36,-1000.00,90.15,10000.00,100.00,9891.25,0.00,140.00,-1000.00
120,1,2.5083,Sword.Light.4,54.94,-1000.00,90.15,10000.00,100.00,9891.25,0.00,140.00,-1000.00
120,1,2.5167,Sword.Light.4,55.51,-1000.00,90.15,10000.00,100.00,9891.25,0.00,140.00,-1000.00
120,1,2.5250,Sword.Light.4,55.95,-1000.00,90.15,10000.00,100.00,9891.25,0.00,140.00,-1000.00
120,1,2.5333,Sword.Light.4,56.39,-1000.00,90.15,10000.00,100.00,9891.25,0.00,140.00,-1000.00
120,1,2.5417,Sword.Light.4,56.61,-1000.00,90.15,10000.00,100.00,9891.25,0.00,140.00,-1000.00
120,1,2.5500,Sword.Light.4,56.84,-1000.00,90.15,10000.00,100.00,9891.25,0.00,140.00,-1000.00
120,1,2.5583,Sword.Light.4,57.09,-1000.00,90.15,10000.00,100.00,9891.25,0.00,140.00,-1000.00
120,1,2.5667,Sword.Light.4,57.33,-1000.00,90.15,10000.00,100.00,9891.25,0.00,140.00,-1000.00
120,1,2.5750,Sword.Light.4,57.58,-1000.00,90.15,10000.00,100.00,9891.25,0.00,140.00,-1000.00
120,1,2.5833,Sword.Light.4,57.83,-1000.00,90.15,10000.00,100.00,9891.25,0.00,140.00,-1000.00
120,1,2.5917,Sword.Light.4,58.08,-1000.00,90.15,10000.00,100.00,9891.25,0.00,140.00,-1000.00
120,1,2.6000,Sword.Light.4,58.33,-1000.00,90.15,10000.00,100.00,9891.25,0.00,140.00,-1000.00
120,1,2.6083,Sword.Light.4,58.57,-1000.00,90.15,10000.00,100.00,9891.25,0.00,140.00,-1000.00
120,1,2.6167,Sword.Light.4,58.81,-1000.00,90.15,10000.00,100.00,9891.25,0.00,140.00,-1000.00
120,1,2.6250,Sword.Light.4,59.04,-1000.00,90.15,10000.00,100.00,9891.25,0.00,140.00,-1000.00
120,1,2.6333,Sword.Light.4,59.27,-1000.00,90.15,10000.00,100.00,9891.25,0.00,140.00,-1000.00
120,1,2.6417,Sword.Light.4,59.47,-1000.00,90.15,10000.00,100.00,9891.25,0.00,140.00,-1000.00
120,1,2.6500,Sword.Light.4,59.68,-1000.00,90.15,10000.00,100.00,9891.25,0.00,140.00,-1000.00
120,1,2.6583,Sword.Light.4,59.86,-1000.00,90.15,10000.00,100.00,9891.25,0.00,140.00,-1000.00
120,1,2.6667,Sword.Light.4,60.04,-1000.00,90.15,10000.00,100.00,9891.25,0.00,140.00,-1000.00
120,1,2.6750,Sword.Light.4,60.21,-1000.00,90.15,10000.00,100.00,9891.25,0.00,140.00,-1000.00
120,1,2.6833,Sword.Light.4,60.39,-1000.00,90.15,10000.00,100.00,9891.25,0.00,140.00,-1000.00
120,1,2.6917,Sword.Light.4,60.59,-1000.00,90.15,10000.00,100.00,9891.25,0.00,140.00,-1000.00
120,1,2.7000,Sword.Light.4,60.80,-1000.00,90.15,10000.00,100.00,9891.25,0.00,140.00,-1000.00
120,1,2.7083,Sword.Light.4,61.01,-1000.00,90.15,10000.00,100.00,9891.25,0.00,140.00,-1000.00
120,1,2.7167,Sword.Light.4,61.23,-1000.00,90.15,10000.00,100.00,9891.25,0.00,140.00,-1000.00
120,1,2.7250,Sword.Light.4,61.44,-1000.00,90.15,10000.00,100.00,9891.25,0.00,140.00,-1000.00
120,1,2.7333,Sword.Light.4,61.66,-1000.00,90.15,10000.00,100.00,9891.25,0.00,140.00,-1000.00
120,1,2.7417,Sword.Light.4,61.86,-1000.00,90.15,10000.00,100.00,9891.25,0.00,140.00,-1000.00
120,1,2.7500,Sword.Light.4,62.06,-1000.00,90.15,10000.00,100.00,9891.25,0.00,140.00,-1000.00
120,1,2.7583,Sword.Light.4,62.24,-1000.00,90.15,10000.00,100.00,9891.25,0.00,140.00,-1000.00
120,1,2.7667,Sword.Light.4,62.42,-1000.00,90.15,10000.00,100.00,9891.25,0.00,140.00,-1000.00
120,1,2.7750,Sword.Light.4,62.56,-1000.00,90.15,10000.00,100.00,9891.25,0.00,140.00,-1000.00
120,1,2.7833,Sword.Light.4,62.70,-1000.00,90.15,10000.00,100.00,9891.25,0.00,140.00,-1000.00
120,1,2.7917,Sword.Light.4,62.79,-1000.00,90.15,10000.00,100.00,9891.25,0.00,140.00,-1000.00
120,1,2.8000,Sword.Light.4,62.87,-1000.00,90.15,10000.00,100.00,9891.25,0.00,140.00,-1000.00
120,1,2.8083,Sword.Light.4,62.90,-1000.00,90.15,10000.00,100.00,9891.25,0.00,140.00,-1000.00
120,1,2.8167,Sword.Light.4,62.92,-1000.00,90.15,10000.00,100.00,9891.25,0.00,140.00,-1000.00
120,1,2.8250,Sword.Light.4,62.87,-1000.00,90.15,10000.00,100.00,9891.25,0.00,140.00,-1000.00
120,1,2.8333,Sword.Light.4,62.82,-1000.00,90.15,10000.00,100.00,9891.25,0.00,140.00,-1000.00
120,1,2.8417,Sword.Light.4,62.69,-1000.00,90.15,10000.00,100.00,9891.25,0.00,140.00,-1000.00
120,1,2.8500,Sword.Light.4,62.55,-1000.00,90.15,10000.00,100.00,9891.25,0.00,140.00,-1000.00
120,1,2.8583,Sword.Light.4,62.29,-1000.00,90.15,10000.00,100.00,9891.25,0.00,140.00,-1000.00
120,1,2.8667,Sword.Light.4,62.04,-1000.00,90.15,10000.00,100.00,9891.25,0.00,140.00,-1000.00
120,1,2.8750,Sword.Light.4,61.67,-1000.00,90.15,10000.00,100.00,9891.25,0.00,140.00,-1000.00
120,1,2.8833,Sword.Light.4,61.29,-1000.00,90.15,10000.00,100.00,9891.25,0.00,140.00,-1000.00
120,1,2.8917,Sword.Light.4,60.83,-1000.00,90.15,10000.00,100.00,9891.25,0.00,140.00,-1000.00
120,1,2.9000,Sword.Light.4,60.36,-1000.00,90.15,10000.00,100.00,9891.25,0.00,140.00,-1000.00
120,1,2.9083,Sword.Light.4,59.83,-1000.00,90.15,10000.00,100.00,9891.25,0.00,140.00,-1000.00
120,1,2.9167,Sword.Light.4,59.29,-1000.00,90.15,10000.00,100.00,9891.25,0.00,140.00,-1000.00
120,1,2.9250,Sword.Light.4,58.71,-1000.00,90.15,10000.00,100.00,9891.25,0.00,140.00,-1000.00
120,1,2.9333,Sword.Light.4,58.12,-1000.00,90.15,10000.00,100.00,9891.25,0.00,140.00,-1000.00
120,1,2.9417,Sword.Light.4,57.52,-1000.00,90.15,10000.00,100.00,9891.25,0.00,140.00,-1000.00
120,1,2.9500,Sword.Light.4,56.91,-1000.00,90.15,10000.00,100.00,9891.25,0.00,140.00,-1000.00
120,1,2.9583,Sword.Light.4,56.31,-1000.00,90.15,10000.00,100.00,9891.25,0.00,140.00,-1000.00
120,1,2.9667,Sword.Light.4,55.70,-1000.00,90.15,10000.00,100.00,9891.25,0.00,140.00,-1000.00
120,1,2.9750,Sword.Light.4,55.12,-1000.00,90.15,10000.00,100.00,9891.25,0.00,140.00,-1000.00
120,1,2.9833,Sword.Light.4,54.53,-1000.00,90.15,10000.00,100.00,9891.25,0.00,140.00,-1000.00
120,1,2.9917,Sword.Light.4,54.00,-1000.00,90.15,10000.00,100.00,9891.25,0.00,140.00,-1000.00
120,1,3.0000,Sword.Light.4,53.47,-1000.00,90.15,10000.00,100.00,9891.25,0.00,140.00,-1000.00
120,1,3.0083,Sword.Light.4,53.01,-1000.00,90.15,10000.00,100.00,9891.25,0.00,140.00,-1000.00
120,1,3.0167,Sword.Light.4,52.55,-1000.00,90.15,10000.00,100.00,9891.25,0.00,140.00,-1000.00
120,1,3.0250,Sword.Light.4,52.18,-1000.00,90.15,10000.00,100.00,9891.25,0.00,140.00,-1000.00
120,1,3.0333,Sword.Light.4,51.82,-1000.00,90.15,10000.00,100.00,9891.25,0.00,140.00,-1000.00
120,1,3.0417,Sword.Light.4,51.59,-1000.00,90.15,10000.00,100.00,9891.25,0.00,140.00,-1000.00
120,1,3.0500,Sword.Light.4,51.37,-1000.00,90.15,10000.00,100.00,9891.25,0.00,140.00,-1000.00
120,1,3.0583,Sword.Light.4,51.30,-1000.00,90.15,10000.00,100.00,9891.25,0.00,140.00,-1000.00
120,1,3.0667,Sword.Light.4,51.23,-1000.00,90.15,10000.00,100.00,9891.25,0.00,140.00,-1000.00
120,1,3.0750,Sword.Light.4,51.27,-1000.00,90.15,10000.00,100.00,9891.25,0.00,140.00,-1000.00
120,1,3.0833,Sword.Light.4,51.30,-1000.00,90.15,10000.00,100.00,9891.25,0.00,140.00,-1000.00
120,1,3.0917,Sword.Light.4,51.41,-1000.00,90.15,10000.00,100.00,9891.25,0.00,140.00,-1000.00
120,1,3.1000,Sword.Light.4,51.51,-1000.00,90.15,10000.00,100.00,9891.25,0.00,140.00,-1000.00
120,1,3.1083,Sword.Light.4,51.64,-1000.00,90.15,10000.00,100.00,9891.25,0.00,140.00,-1000.00
120,1,3.1167,Sword.Light.4,51.77,-1000.00,90.15,10000.00,100.00,9891.25,0.00,140.00,-1000.00
120,1,3.1250,Sword.Light.4,51.89,-1000.00,90.15,10000.00,100.00,9891.25,0.00,140.00,-1000.00
120,1,3.1333,Sword.Light.4,52.00,-1000.00,90.15,10000.00,100.00,9891.25,0.00,140.00,-1000.00
120,1,3.1417,Sword.Light.4,52.10,-1000.00,90.15,10000.00,100.00,9891.25,0.00,140.00,-1000.00
120,1,3.1500,Sword.Light.4,52.20,-1000.00,90.15,10000.00,100.00,9891.25,0.00,140.00,-1000.00
120,1,3.1583,Sword.Light.4,52.30,-1000.00,90.15,10000.00,100.00,9891.25,0.00,140.00,-1000.00
120,1,3.1667,Sword.Light.4,52.41,-1000.00,90.15,10000.00,100.00,9891.25,0.00,140.00,-1000.00
120,1,3.1750,Sword.Light.4,52.51,-1000.00,90.15,10000.00,100.00,9891.25,0.00,140.00,-1000.00
120,1,3.1833,Sword.Light.4,52.62,-1000.00,90.15,10000.00,100.00,9891.25,0.00,140.00,-1000.00
120,1,3.1917,Sword.Light.4,52.74,-1000.00,90.15,10000.00,100.00,9891.25,0.00,140.00,-1000.00
120,1,3.2000,Sword.Light.4,52.86,-1000.00,90.15,10000.00,100.00,9891.25,0.00,140.00,-1000.00
120,1,3.2083,Sword.Light.4,52.98,-1000.00,90.15,10000.00,100.00,9891.25,0.00,140.00,-1000.00
120,1,3.2167,Sword.Light.4,53.10,-1000.00,90.15,10000.00,100.00,9891.25,0.00,140.00,-1000.00
120,1,3.2250,Sword.Light.4,53.24,-1000.00,90.15,10000.00,100.00,9891.25,0.00,140.00,-1000.00
120,1,3.2333,Sword.Light.4,53.37,-1000.00,90.15,10000.00,100.00,9891.25,0.00,140.00,-1000.00
120,1,3.2417,Sword.Light.4,53.51,-1000.00,90.15,10000.00,100.00,9891.25,0.00,140.00,-1000.00
120,1,3.2500,Sword.Light.4,53.64,-1000.00,90.15,10000.00,100.00,9891.25,0.00,140.00,-1000.00
120,1,3.2583,Sword.Light.4,53.78,-1000.00,90.15,10000.00,100.00,9891.25,0.00,140.00,-1000.00
120,1,3.2667,Sword.Light.4,53.92,-1000.00,90.15,10000.00,100.00,9891.25,0.00,140.00,-1000.00
120,1,3.2750,Sword.Light.4,54.07,-1000.00,90.15,10000.00,100.00,9891.25,0.00,140.00,-1000.00
120,1,3.2833,Sword.Light.4,54.22,-1000.00,90.15,10000.00,100.00,9891.25,0.00,140.00,-1000.00
120,1,3.2917,Sword.Light.4,54.37,-1000.00,90.15,10000.00,100.00,9891.25,0.00,140.00,-1000.00
120,1,3.3000,Sword.Light.4,54.53,-1000.00,90.15,10000.00,100.00,9891.25,0.00,140.00,-1000.00
120,1,3.3083,Sword.Light.4,54.68,-1000.00,90.15,10000.00,100.00,9891.25,0.00,140.00,-1000.00
120,1,3.3167,Sword.Light.4,54.84,-1000.00,90.15,10000.00,100.00,9891.25,0.00,140.00,-1000.00
120,1,3.3250,Sword.Light.4,55.00,-1000.00,90.15,10000.00,100.00,9891.25,0.00,140.00,-1000.00
120,1,3.3333,Sword.Light.4,55.16,-1000.00,90.15,10000.00,100.00,9891.25,0.00,140.00,-1000.00
120,1,3.3417,Sword.Light.4,55.34,-1000.00,90.15,10000.00,100.00,9891.25,0.00,140.00,-1000.00
120,1,3.3500,Sword.Light.4,55.51,-1000.00,90.15,10000.00,100.00,9891.25,0.00,140.00,-1000.00
120,1,3.3583,Sword.Light.4,55.71,-1000.00,90.15,10000.00,100.00,9891.25,0.00,140.00,-1000.00
120,1,3.3667,Sword.Light.4,55.90,-1000.00,90.15,10000.00,100.00,9891.25,0.00,140.00,-1000.00
120,1,3.3750,Sword.Light.4,56.11,-1000.00,90.15,10000.00,100.00,9891.25,0.00,140.00,-1000.00
120,1,3.3833,Sword.Light.4,56.32,-1000.00,90.15,10000.00,100.00,9891.25,0.00,140.00,-1000.00
120,1,3.3917,Sword.Light.4,56.53,-1000.00,90.15,10000.00,100.00,9891.25,0.00,140.00,-1000.00
120,1,3.4000,Sword.Light.4,56.75,-1000.00,90.15,10000.00,100.00,9891.25,0.00,140.00,-1000.00
120,1,3.4083,Sword.Light.4,56.97,-1000.00,90.15,10000.00,100.00,9891.25,0.00,140.00,-1000.00
120,1,3.4167,Sword.Light.4,57.19,-1000.00,90.15,10000.00,100.00,9891.25,0.00,140.00,-1000.00
120,1,3.4250,Sword.Light.4,57.41,-1000.00,90.15,10000.00,100.00,9891.25,0.00,140.00,-1000.00
120,1,3.4333,Sword.Light.4,57.63,-1000.00,90.15,10000.00,100.00,9891.25,0.00,140.00,-1000.00
120,1,3.4417,Sword.Light.4,57.85,-1000.00,90.15,10000.00,100.00,9891.25,0.00,140.00,-1000.00
120,1,3.4500,Sword.Light.4,58.07,-1000.00,90.15,10000.00,100.00,9891.25,0.00,140.00,-1000.00
120,1,3.4583,Sword.Light.4,58.27,-1000.00,90.15,10000.00,100.00,9891.25,0.00,140.00,-1000.00
120,1,3.4667,Sword.Light.4,58.48,-1000.00,90.15,10000.00,100.00,9891.25,0.00,140.00,-1000.00
120,1,3.4750,Sword.Light.4,58.67,-1000.00,90.15,10000.00,100.00,9891.25,0.00,140.00,-1000.00
120,1,3.4833,Sword.Light.4,58.87,-1000.00,90.15,10000.00,100.00,9891.25,0.00,140.00,-1000.00
120,1,3.4917,Sword.Light.4,59.04,-1000.00,90.15,10000.00,100.00,9891.25,0.00,140.00,-1000.00
120,1,3.5000,Sword.Light.4,59.21,-1000.00,90.15,10000.00,100.00,9891.25,0.00,140.00,-1000.00
120,1,3.5083,Sword.Light.4,59.37,-1000.00,90.15,10000.00,100.00,9891.25,0.00,140.00,-1000.00
120,1,3.5167,Sword.Light.4,59.37,-1000.00,90.15,10000.00,100.00,9891.25,0.00,140.00,-1000.00
120,1,3.5250,Sword.Light.4,59.37,-1000.00,90.15,10000.00,100.00,9891.25,0.00,140.00,-1000.00
120,1,3.5333,Sword.Light.4,59.37,-1000.00,90.15,10000.00,100.00,9891.25,0.00,140.00,-1000.00
120,1,3.5417,Sword.Light.4,59.37,-1000.00,90.15,10000.00,100.00,9891.25,0.00,140.00,-1000.00
120,1,3.5500,Sword.Light.4,59.37,-1000.00,90.15,10000.00,100.00,9891.25,0.00,140.00,-1000.00
120,1,3.5583,Sword.Light.4,59.37,-1000.00,90.15,10000.00,100.00,9891.25,0.00,140.00,-1000.00
120,1,3.5667,Sword.Light.4,59.37,-1000.00,90.15,10000.00,100.00,9891.25,0.00,140.00,-1000.00
120,1,3.5750,Sword.Light.4,59.37,-1000.00,90.15,10000.00,100.00,9891.25,0.00,140.00,-1000.00
120,1,3.5833,Sword.Light.4,59.37,-1000.00,90.15,10000.00,100.00,9891.25,0.00,140.00,-1000.00
120,1,3.5917,Sword.Light.4,59.37,-1000.00,90.15,10000.00,100.00,9891.25,0.00,140.00,-1000.00
120,1,3.6000,Sword.Light.4,59.37,-1000.00,90.15,10000.00,100.00,9891.25,0.00,140.00,-1000.00
120,1,3.6083,Sword.Light.4,59.37,-1000.00,90.15,10000.00,100.00,9891.25,0.00,140.00,-1000.00
120,1,3.6167,Sword.Light.4,59.37,-1000.00,90.15,10000.00,100.00,9891.25,0.00,140.00,-1000.00
120,1,3.6250,Sword.Light.4,59.37,-1000.00,90.15,10000.00,100.00,9891.25,0.00,140.00,-1000.00
120,1,3.6333,Sword.Light.4,59.37,-1000.00,90.15,10000.00,100.00,9891.25,0.00,140.00,-1000.00
120,1,3.6417,Sword.Light.4,59.37,-1000.00,90.15,10000.00,100.00,9891.25,0.00,140.00,-1000.00
120,1,3.6500,Sword.Light.4,59.37,-1000.00,90.15,10000.00,100.00,9891.25,0.00,140.00,-1000.00
120,1,3.6583,Sword.Light.4,59.37,-1000.00,90.15,10000.00,100.00,9891.25,0.00,140.00,-1000.00
120,1,3.6667,Sword.Light.4,59.37,-1000.00,90.15,10000.00,100.00,9891.25,0.00,140.00,-1000.00
120,1,3.6750,Sword.Light.4,59.37,-1000.00,90.15,10000.00,100.00,9891.25,0.00,140.00,-1000.00
120,1,3.6833,Sword.Light.4,59.37,-1000.00,90.15,10000.00,100.00,9891.25,0.00,140.00,-1000.00
120,1,3.6917,Sword.Light.4,59.37,-1000.00,90.15,10000.00,100.00,9891.25,0.00,140.00,-1000.00
120,1,3.7000,Sword.Light.4,59.37,-1000.00,90.15,10000.00,100.00,9891.25,0.00,140.00,-1000.00
120,1,3.7083,Sword.Light.4,59.37,-1000.00,90.15,10000.00,100.00,9891.25,0.00,140.00,-1000.00
120,1,3.7167,Sword.Light.4,59.37,-1000.00,90.15,10000.00,100.00,9891.25,0.00,140.00,-1000.00
120,1,3.7250,Sword.Light.4,59.37,-1000.00,90.15,10000.00,100.00,9891.25,0.00,140.00,-1000.00
120,1,3.7333,Sword.Light.4,59.37,-1000.00,90.15,10000.00,100.00,9891.25,0.00,140.00,-1000.00
120,1,3.7417,Sword.Light.4,59.37,-1000.00,90.15,10000.00,100.00,9891.25,0.00,140.00,-1000.00
120,1,3.7500,None,59.37,-1000.00,90.15,10000.00,100.00,9891.25,0.00,140.00,-1000.00
120,1,3.7583,None,59.37,-1000.00,90.15,10000.00,100.00,9891.25,0.00,140.00,-1000.00
120,1,3.7667,None,59.37,-1000.00,90.15,10000.00,100.00,9891.25,0.00,140.00,-1000.00
120,1,3.7750,None,59.37,-1000.00,90.15,10000.00,100.00,9891.25,0.00,140.00,-1000.00
120,1,3.7833,None,59.37,-1000.00,90.15,10000.00,100.00,9891.25,0.00,140.00,-1000.00
120,1,3.7917,None,59.37,-1000.00,90.15,10000.00,100.00,9891.25,0.00,140.00,-1000.00
120,1,3.8000,None,59.37,-1000.00,90.15,10000.00,100.00,9891.25,0.00,140.00,-1000.00
120,1,3.8083,None,59.37,-1000.00,90.15,10000.00,100.00,9891.25,0.00,140.00,-1000.00
120,1,3.8167,None,59.37,-1000.00,90.15,10000.00,100.00,9891.25,0.00,140.00,-1000.00
120,1,3.8250,None,59.37,-1000.00,90.15,10000.00,100.00,9891.25,0.00,140.00,-1000.00
120,1,3.8333,None,59.37,-1000.00,90.15,10000.00,100.00,9891.25,0.00,140.00,-1000.00
120,1,3.8417,None,59.37,-1000.00,90.15,10000.00,100.00,9891.25,0.00,140.00,-1000.00
120,1,3.8500,None,59.37,-1000.00,90.15,10000.00,100.00,9891.25,0.00,140.00,-1000.00
120,1,3.8583,None,59.37,-1000.00,90.15,10000.00,100.00,9891.25,0.00,140.00,-1000.00
120,1,3.8667,None,59.37,-1000.00,90.15,10000.00,100.00,9891.25,0.00,140.00,-1000.00
120,1,3.8750,None,59.37,-1000.00,90.15,10000.00,100.00,9891.25,0.00,140.00,-1000.00
120,1,3.8833,None,59.37,-1000.00,90.15,10000.00,100.00,9891.25,0.00,140.00,-1000.00
120,1,3.8917,None,59.37,-1000.00,90.15,10000.00,100.00,9891.25,0.00,140.00,-1000.00
120,1,3.9000,None,59.37,-1000.00,90.15,10000.00,100.00,9891.25,0.00,140.00,-1000.00
120,1,3.9083,None,59.37,-1000.00,90.15,10000.00,100.00,9891.25,0.00,140.00,-1000.00
120,1,3.9167,None,59.37,-1000.00,90.15,10000.00,100.00,9891.25,0.00,140.00,-1000.00
120,1,3.9250,None,59.37,-1000.00,90.15,10000.00,100.00,9891.25,0.00,140.00,-1000.00
120,1,3.9333,None,59.37,-1000.00,90.15,10000.00,100.00,9891.25,0.00,140.00,-1000.00
120,1,3.9417,None,59.37,-1000.00,90.15,10000.00,100.00,9891.25,0.00,140.00,-1000.00
120,1,3.9500,None,59.37,-1000.00,90.15,10000.00,100.00,9891.25,0.00,140.00,-1000.00
120,1,3.9583,None,59.37,-1000.00,90.15,10000.00,100.00,9891.25,0.00,140.00,-1000.00
120,1,3.9667,None,59.37,-1000.00,90.15,10000.00,100.00,9891.25,0.00,140.00,-1000.00
120,1,3.9750,None,59.37,-1000.00,90.15,10000.00,100.00,9891.25,0.00,140.00,-1000.00
120,1,3.9833,None,59.37,-1000.00,90.15,10000.00,100.00,9891.25,0.00,140.00,-1000.00
120,1,3.9917,None,59.37,-1000.00,90.15,10000.00,100.00,9891.25,0.00,140.00,-1000.00
120,1,4.0000,None,59.37,-1000.00,90.15,10000.00,100.00,9891.25,0.00,140.00,-1000.00
120,1,4.0083,None,59.37,-1000.00,90.15,10000.00,100.00,9891.25,0.00,140.00,-1000.00
120,2,0.0083,Sword.Dodge.F,-2.19,-1000.00,90.15,10000.00,70.00,10000.00,0.00,-1400.00,1200.00
120,2,0.0167,Sword.Dodge.F,-4.37,-1000.00,90.15,10000.00,70.00,10000.00,0.00,-1400.00,1200.00
120,2,0.0250,Sword.Dodge.F,-7.50,-1000.00,90.15,10000.00,70.00,10000.00,0.00,-1400.00,1200.00
120,2,0.0333,Sword.Dodge.F,-10.62,-1000.00,90.15,10000.00,70.00,10000.00,0.00,-1400.00,1200.00
120,2,0.0417,Sword.Dodge.F,-11.87,-1000.00,90.15,10000.00,70.00,10000.00,0.00,-1400.00,1200.00
120,2,0.0500,Sword.Dodge.F,-13.11,-1000.00,90.15,10000.00,70.00,10000.00,0.00,-1400.00,1200.00
120,2,0.0583,Sword.Dodge.F,-9.67,-1000.00,90.15,10000.00,70.00,10000.00,0.00,-1400.00,1200.00
120,2,0.0667,Sword.Dodge.F,-6.22,-1000.00,90.15,10000.00,70.00,10000.00,0.00,-1400.00,1200.00
120,2,0.0750,Sword.Dodge.F,2.96,-1000.00,90.15,10000.00,70.00,10000.00,0.00,-1400.00,1200.00
120,2,0.0833,Sword.Dodge.F,12.15,-1000.00,90.15,10000.00,70.00,10000.00,0.00,-1400.00,1200.00
120,2,0.0917,Sword.Dodge.F,24.98,-1000.00,90.15,10000.00,70.00,10000.00,0.00,-1400.00,1200.00
120,2,0.1000,Sword.Dodge.F,37.81,-1000.00,90.15,10000.00,70.00,10000.00,0.00,-1400.00,1200.00
120,2,0.1083,Sword.Dodge.F,52.43,-1000.00,90.15,10000.00,70.00,10000.00,0.00,-1400.00,1200.00
120,2,0.1167,Sword.Dodge.F,67.04,-1000.00,90.15,10000.00,70.00,10000.00,0.00,-1400.00,1200.00
120,2,0.1250,Sword.Dodge.F,81.56,-1000.00,90.15,10000.00,70.00,10000.00,0.00,-1400.00,1200.00
120,2,0.1333,Sword.Dodge.F,96.08,-1000.00,90.15,10000.00,70.00,10000.00,0.00,-1400.00,1200.00
120,2,0.1417,Sword.Dodge.F,108.64,-1000.00,90.15,10000.00,70.00,10000.00,0.00,-1400.00,1200.00
120,2,0.1500,Sword.Dodge.F,121.19,-1000.00,90.15,10000.00,70.00,10000.00,0.00,-1400.00,1200.00
120,2,0.1583,Sword.Dodge.F,132.08,-1000.00,90.15,10000.00,70.00,10000.00,0.00,-1400.00,1200.00
120,2,0.1667,Sword.Dodge.F,142.96,-1000.00,90.15,10000.00,70.00,10000.00,0.00,-1400.00,1200.00
120,2,0.1750,Sword.Dodge.F,153.63,-1000.00,90.15,10000.00,70.00,10000.00,0.00,-1400.00,1200.00
120,2,0.1833,Sword.Dodge.F,164.30,-1000.00,90.15,10000.00,70.00,10000.00,0.00,-1400.00,1200.00
120,2,0.1917,Sword.Dodge.F,174.64,-1000.00,90.15,10000.00,70.00,10000.00,0.00,-1400.00,1200.00
120,2,0.2000,Sword.Dodge.F,184.98,-1000.00,90.15,10000.00,70.00,10000.00,0.00,-1400.00,1200.00
120,2,0.2083,Sword.Dodge.F,194.88,-1000.00,90.15,10000.00,70.00,10000.00,0.00,-1400.00,1200.00
120,2,0.2167,Sword.Dodge.F,204.78,-1000.00,90.15,10000.00,70.00,10000.00,0.00,-1400.00,1200.00
120,2,0.2250,Sword.Dodge.F,214.12,-1000.00,90.15,10000.00,70.00,10000.00,0.00,-1400.00,1200.00
120,2,0.2333,Sword.Dodge.F,223.47,-1000.00,90.15,10000.00,70.00,10000.00,0.00,-1400.00,1200.00
120,2,0.2417,Sword.Dodge.F,232.14,-1000.00,90.15,10000.00,70.00,10000.00,0.00,-1400.00,1200.00
120,2,0.2500,Sword.Dodge.F,240.81,-1000.00,90.15,10000.00,70.00,10000.00,0.00,-1400.00,1200.00
120,2,0.2583,Sword.Dodge.F,248.70,-1000.00,90.15,10000.00,70.00,10000.00,0.00,-1400.00,1200.00
120,2,0.2667,Sword.Dodge.F,256.59,-1000.00,90.15,10000.00,70.00,10000.00,0.00,-1400.00,1200.00
120,2,0.2750,Sword.Dodge.F,263.67,-1000.00,90.15,10000.00,70.00,10000.00,0.00,-1400.00,1200.00
120,2,0.2833,Sword.Dodge.F,270.75,-1000.00,90.15,10000.00,70.00,10000.00,0.00,-1400.00,1200.00
120,2,0.2917,Sword.Dodge.F,277.18,-1000.00,90.15,10000.00,70.00,10000.00,0.00,-1400.00,1200.00
120,2,0.3000,Sword.Dodge.F,283.61,-1000.00,90.15,10000.00,70.00,10000.00,0.00,-1400.00,1200.00
120,2,0.3083,Sword.Dodge.F,289.53,-1000.00,90.15,10000.00,70.00,10000.00,0.00,-1400.00,1200.00
120,2,0.3167,Sword.Dodge.F,295.44,-1000.00,90.15,10000.00,70.00,10000.00,0.00,-1400.00,1200.00
120,2,0.3250,Sword.Dodge.F,300.97,-1000.00,90.15,10000.00,70.00,10000.00,0.00,-1400.00,1200.00
120,2,0.3333,Sword.Dodge.F,306.50,-1000.00,90.15,10000.00,70.00,10000.00,0.00,-1400.00,1200.00
120,2,0.3417,Sword.Dodge.F,311.78,-1000.00,90.15,10000.00,70.00,10000.00,0.00,-1400.00,1200.00
120,2,0.3500,Sword.Dodge.F,317.07,-1000.00,90.15,10000.00,70.00,10000.00,0.00,-1400.00,1200.00
120,2,0.3583,Sword.Dodge.F,322.23,-1000.00,90.15,10000.00,70.00,10000.00,0.00,-1400.00,1200.00
120,2,0.3667,Sword.Dodge.F,327.40,-1000.00,90.15,10000.00,70.00,10000.00,0.00,-1400.00,1200.00
120,2,0.3750,Sword.Dodge.F,332.58,-1000.00,90.15,10000.00,70.00,10000.00,0.00,-1400.00,1200.00
120,2,0.3833,Sword.Dodge.F,337.77,-1000.00,90.15,10000.00,70.00,10000.00,0.00,-1400.00,1200.00
120,2,0.3917,Sword.Dodge.F,343.12,-1000.00,90.15,10000.00,70.00,10000.00,0.00,-1400.00,1200.00
120,2,0.4000,Sword.Dodge.F,348.46,-1000.00,90.15,10000.00,70.00,10000.00,0.00,-1400.00,1200.00
120,2,0.4083,Sword.Dodge.F,354.09,-1000.00,90.15,10000.00,70.00,10000.00,0.00,-1400.00,1200.00
120,2,0.4167,Sword.Dodge.F,359.73,-1000.00,90.15,10000.00,70.00,10000.00,0.00,-1400.00,1200.00
120,2,0.4250,Sword.Dodge.F,365.81,-1000.00,90.15,10000.00,70.00,10000.00,0.00,-1400.00,1200.00
120,2,0.4333,Sword.Dodge.F,371.89,-1000.00,90.15,10000.00,70.00,10000.00,0.00,-1400.00,1200.00
120,2,0.4417,Sword.Dodge.F,378.26,-1000.00,90.15,10000.00,70.00,10000.00,0.00,-1400.00,1200.00
120,2,0.4500,Sword.Dodge.F,384.63,-1000.00,90.15,10000.00,70.00,10000.00,0.00,-1400.00,1200.00
120,2,0.4583,Sword.Dodge.F,390.96,-1000.00,90.15,10000.00,70.00,10000.00,0.00,-1400.00,1200.00
120,2,0.4667,Sword.Dodge.F,397.28,-1000.00,90.15,10000.00,70.00,10000.00,0.00,-1400.00,1200.00
120,2,0.4750,Sword.Dodge.F,403.23,-1000.00,90.15,10000.00,70.00,10000.00,0.00,-1400.00,1200.00
120,2,0.4833,Sword.Dodge.F,409.18,-1000.00,90.15,10000.00,70.00,10000.00,0.00,-1400.00,1200.00
120,2,0.4917,Sword.Dodge.F,414.40,-1000.00,90.15,10000.00,70.00,10000.00,0.00,-1400.00,1200.00
120,2,0.5000,Sword.Dodge.F,419.63,-1000.00,90.15,10000.00,70.00,10000.00,0.00,-1400.00,1200.00
120,2,0.5083,Sword.Dodge.F,424.19,-1000.00,90.15,10000.00,70.00,10000.00,0.00,-1400.00,1200.00
120,2,0.5167,Sword.Dodge.F,428.75,-1000.00,90.15,10000.00,70.00,10000.00,0.00,-1400.00,1200.00
120,2,0.5250,Sword.Dodge.F,432.92,-1000.00,90.15,10000.00,70.00,10000.00,0.00,-1400.00,1200.00
120,2,0.5333,Sword.Dodge.F,437.09,-1000.00,90.15,10000.00,70.00,10000.00,0.00,-1400.00,1200.00
120,2,0.5417,Sword.Dodge.F,440.92,-1000.00,90.15,10000.00,70.00,10000.00,0.00,-1400.00,1200.00
120,2,0.5500,Sword.Dodge.F,444.75,-1000.00,90.15,10000.00,70.00,10000.00,0.00,-1400.00,1200.00
120,2,0.5583,Sword.Dodge.F,448.27,-1000.00,90.15,10000.00,70.00,10000.00,0.00,-1400.00,1200.00
120,2,0.5667,Sword.Dodge.F,451.80,-1000.00,90.15,10000.00,70.00,10000.00,0.00,-1400.00,1200.00
120,2,0.5750,Sword.Dodge.F,455.06,-1000.00,90.15,10000.00,70.00,10000.00,0.00,-1400.00,1200.00
120,2,0.5833,Sword.Dodge.F,458.33,-1000.00,90.15,10000.00,70.00,10000.00,0.00,-1400.00,1200.00
120,2,0.5917,Sword.Dodge.F,461.38,-1000.00,90.15,10000.00,70.00,10000.00,0.00,-1400.00,1200.00
120,2,0.6000,Sword.Dodge.F,464.42,-1000.00,90.15,10000.00,70.00,10000.00,0.00,-1400.00,1200.00
120,2,0.6083,Sword.Dodge.F,466.66,-1000.00,90.15,10000.00,70.00,10000.00,0.00,-1400.00,1200.00
120,2,0.6167,Sword.Dodge.F,468.89,-1000.00,90.15,10000.00,70.00,10000.00,0.00,-1400.00,1200.00
120,2,0.6250,Sword.Dodge.F,470.08,-1000.00,90.15,10000.00,70.00,10000.00,0.00,-1400.00,1200.00
120,2,0.6333,Sword.Dodge.F,471.27,-1000.00,90.15,10000.00,70.00,10000.00,0.00,-1400.00,1200.00
120,2,0.6417,Sword.Dodge.F,471.98,-1000.00,90.15,10000.00,70.00,10000.00,0.00,-1400.00,1200.00
120,2,0.6500,Sword.Dodge.F,472.69,-1000.00,90.15,10000.00,70.00,10000.00,0.00,-1400.00,1200.00
120,2,0.6583,Sword.Dodge.F,473.31,-1000.00,90.15,10000.00,70.00,10000.00,0.00,-1400.00,1200.00
120,2,0.6667,Sword.Dodge.F,473.93,-1000.00,90.15,10000.00,70.00,10000.00,0.00,-1400.00,1200.00
120,2,0.6750,Sword.Dodge.F,474.47,-1000.00,90.15,10000.00,70.00,10000.00,0.00,-1400.00,1200.00
120,2,0.6833,Sword.Dodge.F,475.01,-1000.00,90.15,10000.00,70.00,10000.00,0.00,-1400.00,1200.00
120,2,0.6917,Sword.Dodge.F,475.49,-1000.00,90.15,10000.00,70.00,10000.00,0.00,-1400.00,1200.00
120,2,0.7000,Sword.Dodge.F,475.97,-1000.00,90.15,10000.00,70.00,10000.00,0.00,-1400.00,1200.00
120,2,0.7083,Sword.Dodge.F,476.37,-1000.00,90.15,10000.00,70.00,10000.00,0.00,-1400.00,1200.00
120,2,0.7167,Sword.Dodge.F,476.78,-1000.00,90.15,10000.00,70.00,10000.00,0.00,-1400.00,1200.00
120,2,0.7250,Sword.Dodge.F,477.13,-1000.00,90.15,10000.00,70.00,10000.00,0.00,-1400.00,1200.00
120,2,0.7333,Sword.Dodge.F,477.48,-1000.00,90.15,10000.00,70.00,10000.00,0.00,-1400.00,1200.00
120,2,0.7417,Sword.Dodge.F,477.77,-1000.00,90.15,10000.00,70.00,10000.00,0.00,-1400.00,1200.00
120,2,0.7500,Sword.Dodge.F,478.06,-1000.00,90.15,10000.00,70.00,10000.00,0.00,-1400.00,1200.00
120,2,0.7583,Sword.Dodge.F,478.31,-1000.00,90.15,10000.00,70.00,10000.00,0.00,-1400.00,1200.00
120,2,0.7667,Sword.Dodge.F,478.31,-1000.00,90.15,10000.00,70.00,10000.00,0.00,-1400.00,1200.00
120,2,0.7750,Sword.Dodge.F,478.31,-1000.00,90.15,10000.00,70.00,10000.00,0.00,-1400.00,1200.00
120,2,0.7833,Sword.Dodge.F,478.31,-1000.00,90.15,10000.00,70.00,10000.00,0.00,-1400.00,1200.00
120,2,0.7917,Sword.Dodge.F,478.31,-1000.00,90.15,10000.00,70.00,10000.00,0.00,-1400.00,1200.00
120,2,0.8000,Sword.Dodge.F,478.31,-1000.00,90.15,10000.00,70.00,10000.00,0.00,-1400.00,1200.00
120,2,0.8083,Sword.Dodge.F,478.31,-1000.00,90.15,10000.00,70.00,10000.00,0.00,-1400.00,1200.00
120,2,0.8167,Sword.Dodge.F,478.31,-1000.00,90.15,10000.00,70.00,10000.00,0.00,-1400.00,1200.00
120,2,0.8250,Sword.Dodge.F,478.31,-1000.00,90.15,10000.00,70.00,10000.00,0.00,-1400.00,1200.00
120,2,0.8333,Sword.Dodge.F,478.31,-1000.00,90.15,10000.00,70.00,10000.00,0.00,-1400.00,1200.00
120,2,0.8417,Sword.Dodge.F,478.31,-1000.00,90.15,10000.00,70.00,10000.00,0.00,-1400.00,1200.00
120,2,0.8500,Sword.Dodge.F,478.31,-1000.00,90.15,10000.00,70.00,10000.00,0.00,-1400.00,1200.00
120,2,0.8583,Sword.Dodge.F,478.31,-1000.00,90.15,10000.00,70.00,10000.00,0.00,-1400.00,1200.00
120,2,0.8667,Sword.Dodge.F,478.31,-1000.00,90.15,10000.00,70.00,10000.00,0.00,-1400.00,1200.00
120,2,0.8750,Sword.Dodge.F,478.31,-1000.00,90.15,10000.00,70.00,10000.00,0.00,-1400.00,1200.00
120,2,0.8833,Sword.Dodge.F,478.31,-1000.00,90.15,10000.00,70.00,10000.00,0.00,-1400.00,1200.00
120,2,0.8917,Sword.Dodge.F,478.31,-1000.00,90.15,10000.00,70.00,10000.00,0.00,-1400.00,1200.00
120,2,0.9000,Sword.Dodge.F,478.31,-1000.00,90.15,10000.00,70.00,10000.00,0.00,-1400.00,1200.00
120,2,0.9083,Sword.Dodge.F,478.31,-1000.00,90.15,10000.00,70.00,10000.00,0.00,-1400.00,1200.00
120,2,0.9167,Sword.Dodge.F,478.31,-1000.00,90.15,10000.00,70.00,10000.00,0.00,-1400.00,1200.00
120,2,0.9250,Sword.Dodge.F,478.31,-1000.00,90.15,10000.00,70.00,10000.00,0.00,-1400.00,1200.00
120,2,0.9333,Sword.Dodge.F,478.31,-1000.00,90.15,10000.00,70.00,10000.00,0.00,-1400.00,1200.00
120,2,0.9417,Sword.Dodge.F,478.31,-1000.00,90.15,10000.00,70.00,10000.00,0.00,-1400.00,1200.00
120,2,0.9500,Sword.Dodge.F,478.31,-1000.00,90.15,10000.00,70.00,10000.00,0.00,-1400.00,1200.00
120,2,0.9583,Sword.Dodge.F,478.31,-1000.00,90.15,10000.00,70.00,10000.00,0.00,-1400.00,1200.00
120,2,0.9667,Sword.Dodge.F,478.31,-1000.00,90.15,10000.00,70.00,10000.00,0.00,-1400.00,1200.00
120,2,0.9750,Sword.Dodge.F,478.31,-1000.00,90.15,10000.00,70.00,10000.00,0.00,-1400.00,1200.00
120,2,0.9833,Sword.Dodge.F,478.31,-1000.00,90.15,10000.00,70.00,10000.00,0.00,-1400.00,1200.00
120,2,0.9917,Sword.Dodge.F,478.31,-1000.00,90.15,10000.00,70.00,10000.00,0.00,-1400.00,1200.00
120,2,1.0000,None,478.31,-1000.00,90.15,10000.00,70.00,10000.00,0.00,-1400.00,1200.00
120,2,1.0083,None,478.31,-1000.00,90.15,10000.00,70.21,10000.00,0.00,-1400.00,1200.00
120,2,1.0167,None,478.31,-1000.00,90.15,10000.00,70.42,10000.00,0.00,-1400.00,1200.00
120,2,1.0250,None,478.31,-1000.00,90.15,10000.00,70.63,10000.00,0.00,-1400.00,1200.00
120,2,1.0333,None,478.31,-1000.00,90.15,10000.00,70.83,10000.00,0.00,-1400.00,1200.00
120,2,1.0417,None,478.31,-1000.00,90.15,10000.00,71.04,10000.00,0.00,-1400.00,1200.00
120,2,1.0500,None,478.31,-1000.00,90.15,10000.00,71.25,10000.00,0.00,-1400.00,1200.00
120,2,1.0583,None,478.31,-1000.00,90.15,10000.00,71.46,10000.00,0.00,-1400.00,1200.00
120,2,1.0667,None,478.31,-1000.00,90.15,10000.00,71.67,10000.00,0.00,-1400.00,1200.00
120,2,1.0750,None,478.31,-1000.00,90.15,10000.00,71.88,10000.00,0.00,-1400.00,1200.00
120,2,1.0833,None,478.31,-1000.00,90.15,10000.00,72.08,10000.00,0.00,-1400.00,1200.00
120,2,1.0917,None,478.31,-1000.00,90.15,10000.00,72.29,10000.00,0.00,-1400.00,1200.00
120,2,1.1000,None,478.31,-1000.00,90.15,10000.00,72.50,10000.00,0.00,-1400.00,1200.00
120,2,1.1083,None,478.31,-1000.00,90.15,10000.00,72.71,10000.00,0.00,-1400.00,1200.00
120,2,1.1167,None,478.31,-1000.00,90.15,10000.00,72.92,10000.00,0.00,-1400.00,1200.00
120,2,1.1250,None,478.31,-1000.00,90.15,10000.00,73.13,10000.00,0.00,-1400.00,1200.00
120,2,1.1333,None,478.31,-1000.00,90.15,10000.00,73.33,10000.00,0.00,-1400.00,1200.00
120,2,1.1417,None,478.31,-1000.00,90.15,10000.00,73.54,10000.00,0.00,-1400.00,1200.00
120,2,1.1500,None,478.31,-1000.00,90.15,10000.00,73.75,10000.00,0.00,-1400.00,1200.00
120,3,0.0083,Sword.Dodge.B,-1.00,-1000.00,90.15,10000.00,70.00,10000.00,0.00,-1400.00,1200.00
120,3,0.0167,Sword.Dodge.B,-2.00,-1000.00,90.15,10000.00,70.00,10000.00,0.00,-1400.00,1200.00
120,3,0.0250,Sword.Dodge.B,-2.60,-1000.00,90.15,10000.00,70.00,10000.00,0.00,-1400.00,1200.00
120,3,0.0333,Sword.Dodge.B,-3.20,-1000.00,90.15,10000.00,70.00,10000.00,0.00,-1400.00,1200.00
120,3,0.0417,Sword.Dodge.B,-4.61,-1000.00,90.15,10000.00,70.00,10000.00,0.00,-1400.00,1200.00
120,3,0.0500,Sword.Dodge.B,-6.02,-1000.00,90.15,10000.00,70.00,10000.00,0.00,-1400.00,1200.00
120,3,0.0583,Sword.Dodge.B,-9.48,-1000.00,90.15,10000.00,70.00,10000.00,0.00,-1400.00,1200.00
120,3,0.0667,Sword.Dodge.B,-12.93,-1000.00,90.15,10000.00,70.00,10000.00,0.00,-1400.00,1200.00
120,3,0.0750,Sword.Dodge.B,-18.84,-1000.00,90.15,10000.00,70.00,10000.00,0.00,-1400.00,1200.00
120,3,0.0833,Sword.Dodge.B,-24.75,-1000.00,90.15,10000.00,70.00,10000.00,0.00,-1400.00,1200.00
120,3,0.0917,Sword.Dodge.B,-32.42,-1000.00,90.15,10000.00,70.00,10000.00,0.00,-1400.00,1200.00
120,3,0.1000,Sword.Dodge.B,-40.10,-1000.00,90.15,10000.00,70.00,10000.00,0.00,-1400.00,1200.00
120,3,0.1083,Sword.Dodge.B,-49.14,-1000.00,90.15,10000.00,70.00,10000.00,0.00,-1400.00,1200.00
120,3,0.1167,Sword.Dodge.B,-58.18,-1000.00,90.15,10000.00,70.00,10000.00,0.00,-1400.00,1200.00
120,3,0.1250,Sword.Dodge.B,-68.17,-1000.00,90.15,10000.00,70.00,10000.00,0.00,-1400.00,1200.00
120,3,0.1333,Sword.Dodge.B,-78.16,-1000.00,90.15,10000.00,70.00,10000.00,0.00,-1400.00,1200.00
120,3,0.1417,Sword.Dodge.B,-88.93,-1000.00,90.15,10000.00,70.00,10000.00,0.00,-1400.00,1200.00
120,3,0.1500,Sword.Dodge.B,-99.71,-1000.00,90.15,10000.00,70.00,10000.00,0.00,-1400.00,1200.00
120,3,0.1583,Sword.Dodge.B,-111.19,-1000.00,90.15,10000.00,70.00,10000.00,0.00,-1400.00,1200.00
120,3,0.1667,Sword.Dodge.B,-122.67,-1000.00,90.15,10000.00,70.00,10000.00,0.00,-1400.00,1200.00
120,3,0.1750,Sword.Dodge.B,-134.64,-1000.00,90.15,10000.00,70.00,10000.00,0.00,-1400.00,1200.00
120,3,0.1833,Sword.Dodge.B,-146.61,-1000.00,90.15,10000.00,70.00,10000.00,0.00,-1400.00,1200.00
120,3,0.1917,Sword.Dodge.B,-158.84,-1000.00,90.15,10000.00,70.00,10000.00,0.00,-1400.00,1200.00
120,3,0.2000,Sword.Dodge.B,-171.07,-1000.00,90.15,10000.00,70.00,10000.00,0.00,-1400.00,1200.00
120,3,0.2083,Sword.Dodge.B,-183.33,-1000.00,90.15,10000.00,70.00,10000.00,0.00,-1400.00,1200.00
120,3,0.2167,Sword.Dodge.B,-195.59,-1000.00,90.15,10000.00,70.00,10000.00,0.00,-1400.00,1200.00
120,3,0.2250,Sword.Dodge.B,-207.67,-1000.00,90.15,10000.00,70.00,10000.00,0.00,-1400.00,1200.00
120,3,0.2333,Sword.Dodge.B,-219.74,-1000.00,90.15,10000.00,70.00,10000.00,0.00,-1400.00,1200.00
120,3,0.2417,Sword.Dodge.B,-231.96,-1000.00,90.15,10000.00,70.00,10000.00,0.00,-1400.00,1200.00
120,3,0.2500,Sword.Dodge.B,-244.17,-1000.00,90.15,10000.00,70.00,10000.00,0.00,-1400.00,1200.00
120,3,0.2583,Sword.Dodge.B,-256.88,-1000.00,90.15,10000.00,70.00,10000.00,0.00,-1400.00,1200.00
120,3,0.2667,Sword.Dodge.B,-269.59,-1000.00,90.15,10000.00,70.00,10000.00,0.00,-1400.00,1200.00
120,3,0.2750,Sword.Dodge.B,-282.59,-1000.00,90.15,10000.00,70.00,10000.00,0.00,-1400.00,1200.00
120,3,0.2833,Sword.Dodge.B,-295.59,-1000.00,90.15,10000.00,70.00,10000.00,0.00,-1400.00,1200.00
120,3,0.2917,Sword.Dodge.B,-308.67,-1000.00,90.15,10000.00,70.00,10000.00,0.00,-1400.00,1200.00
120,3,0.3000,Sword.Dodge.B,-321.75,-1000.00,90.15,10000.00,70.00,10000.00,0.00,-1400.00,1200.00
120,3,0.3083,Sword.Dodge.B,-334.70,-1000.00,90.15,10000.00,70.00,10000.00,0.00,-1400.00,1200.00
120,3,0.3167,Sword.Dodge.B,-347.66,-1000.00,90.15,10000.00,70.00,10000.00,0.00,-1400.00,1200.00
120,3,0.3250,Sword.Dodge.B,-360.28,-1000.00,90.15,10000.00,70.00,10000.00,0.00,-1400.00,1200.00
120,3,0.3333,Sword.Dodge.B,-372.91,-1000.00,90.15,10000.00,70.00,10000.00,0.00,-1400.00,1200.00
120,3,0.3417,Sword.Dodge.B,-384.99,-1000.00,90.15,10000.00,70.00,10000.00,0.00,-1400.00,1200.00
120,3,0.3500,Sword.Dodge.B,-397.07,-1000.00,90.15,10000.00,70.00,10000.00,0.00,-1400.00,1200.00
120,3,0.3583,Sword.Dodge.B,-408.42,-1000.00,90.15,10000.00,70.00,10000.00,0.00,-1400.00,1200.00
120,3,0.3667,Sword.Dodge.B,-419.76,-1000.00,90.15,10000.00,70.00,10000.00,0.00,-1400.00,1200.00
120,3,0.3750,Sword.Dodge.B,-430.15,-1000.00,90.15,10000.00,70.00,10000.00,0.00,-1400.00,1200.00
120,3,0.3833,Sword.Dodge.B,-440.55,-1000.00,90.15,10000.00,70.00,10000.00,0.00,-1400.00,1200.00
120,3,0.3917,Sword.Dodge.B,-449.79,-1000.00,90.15,10000.00,70.00,10000.00,0.00,-1400.00,1200.00
120,3,0.4000,Sword.Dodge.B,-459.02,-1000.00,90.15,10000.00,70.00,10000.00,0.00,-1400.00,1200.00
120,3,0.4083,Sword.Dodge.B,-466.11,-1000.00,90.15,10000.00,70.00,10000.00,0.00,-1400.00,1200.00
120,3,0.4167,Sword.Dodge.B,-473.19,-1000.00,90.15,10000.00,70.00,10000.00,0.00,-1400.00,1200.00
120,3,0.4250,Sword.Dodge.B,-477.71,-1000.00,90.15,10000.00,70.00,10000.00,0.00,-1400.00,1200.00
120,3,0.4333,Sword.Dodge.B,-482.23,-1000.00,90.15,10000.00,70.00,10000.00,0.00,-1400.00,1200.00
120,3,0.4417,Sword.Dodge.B,-484.88,-1000.00,90.15,10000.00,70.00,10000.00,0.00,-1400.00,1200.00
120,3,0.4500,Sword.Dodge.B,-487.52,-1000.00,90.15,10000.00,70.00,10000.00,0.00,-1400.00,1200.00
120,3,0.4583,Sword.Dodge.B,-488.98,-1000.00,90.15,10000.00,70.00,10000.00,0.00,-1400.00,1200.00
120,3,0.4667,Sword.Dodge.B,-490.45,-1000.00,90.15,10000.00,70.00,10000.00,0.00,-1400.00,1200.00
120,3,0.4750,Sword.Dodge.B,-491.40,-1000.00,90.15,10000.00,70.00,10000.00,0.00,-1400.00,1200.00
120,3,0.4833,Sword.Dodge.B,-492.36,-1000.00,90.15,10000.00,70.00,10000.00,0.00,-1400.00,1200.00
120,3,0.4917,Sword.Dodge.B,-493.51,-1000.00,90.15,10000.00,70.00,10000.00,0.00,-1400.00,1200.00
120,3,0.5000,Sword.Dodge.B,-494.65,-1000.00,90.15,10000.00,70.00,10000.00,0.00,-1400.00,1200.00
120,3,0.5083,Sword.Dodge.B,-495.68,-1000.00,90.15,10000.00,70.00,10000.00,0.00,-1400.00,1200.00
120,3,0.5167,Sword.Dodge.B,-496.70,-1000.00,90.15,10000.00,70.00,10000.00,0.00,-1400.00,1200.00
120,3,0.5250,Sword.Dodge.B,-497.01,-1000.00,90.15,10000.00,70.00,10000.00,0.00,-1400.00,1200.00
120,3,0.5333,Sword.Dodge.B,-497.31,-1000.00,90.15,10000.00,70.00,10000.00,0.00,-1400.00,1200.00
120,3,0.5417,Sword.Dodge.B,-497.11,-1000.00,90.15,10000.00,70.00,10000.00,0.00,-1400.00,1200.00
120,3,0.5500,Sword.Dodge.B,-496.91,-1000.00,90.15,10000.00,70.00,10000.00,0.00,-1400.00,1200.00
120,3,0.5583,Sword.Dodge.B,-496.44,-1000.00,90.15,10000.00,70.00,10000.00,0.00,-1400.00,1200.00
120,3,0.5667,Sword.Dodge.B,-495.96,-1000.00,90.15,10000.00,70.00,10000.00,0.00,-1400.00,1200.00
120,3,0.5750,Sword.Dodge.B,-495.43,-1000.00,90.15,10000.00,70.00,10000.00,0.00,-1400.00,1200.00
120,3,0.5833,Sword.Dodge.B,-494.90,-1000.00,90.15,10000.00,70.00,10000.00,0.00,-1400.00,1200.00
120,3,0.5917,Sword.Dodge.B,-494.53,-1000.00,90.15,10000.00,70.00,10000.00,0.00,-1400.00,1200.00
120,3,0.6000,Sword.Dodge.B,-494.17,-1000.00,90.15,10000.00,70.00,10000.00,0.00,-1400.00,1200.00
120,3,0.6083,Sword.Dodge.B,-493.93,-1000.00,90.15,10000.00,70.00,10000.00,0.00,-1400.00,1200.00
120,3,0.6167,Sword.Dodge.B,-493.70,-1000.00,90.15,10000.00,70.00,10000.00,0.00,-1400.00,1200.00
120,3,0.6250,Sword.Dodge.B,-493.42,-1000.00,90.15,10000.00,70.00,10000.00,0.00,-1400.00,1200.00
120,3,0.6333,Sword.Dodge.B,-493.14,-1000.00,90.15,10000.00,70.00,10000.00,0.00,-1400.00,1200.00
120,3,0.6417,Sword.Dodge.B,-492.82,-1000.00,90.15,10000.00,70.00,10000.00,0.00,-1400.00,1200.00
120,3,0.6500,Sword.Dodge.B,-492.50,-1000.00,90.15,10000.00,70.00,10000.00,0.00,-1400.00,1200.00
120,3,0.6583,Sword.Dodge.B,-492.16,-1000.00,90.15,10000.00,70.00,10000.00,0.00,-1400.00,1200.00
120,3,0.6667,Sword.Dodge.B,-491.81,-1000.00,90.15,10000.00,70.00,10000.00,0.00,-1400.00,1200.00
120,3,0.6750,Sword.Dodge.B,-491.45,-1000.00,90.15,10000.00,70.00,10000.00,0.00,-1400.00,1200.00
120,3,0.6833,Sword.Dodge.B,-491.08,-1000.00,90.15,10000.00,70.00,10000.00,0.00,-1400.00,1200.00
120,3,0.6917,Sword.Dodge.B,-490.71,-1000.00,90.15,10000.00,70.00,10000.00,0.00,-1400.00,1200.00
120,3,0.7000,Sword.Dodge.B,-490.33,-1000.00,90.15,10000.00,70.00,10000.00,0.00,-1400.00,1200.00
120,3,0.7083,Sword.Dodge.B,-489.95,-1000.00,90.15,10000.00,70.00,10000.00,0.00,-1400.00,1200.00
120,3,0.7167,Sword.Dodge.B,-489.58,-1000.00,90.15,10000.00,70.00,10000.00,0.00,-1400.00,1200.00
120,3,0.7250,Sword.Dodge.B,-489.21,-1000.00,90.15,10000.00,70.00,10000.00,0.00,-1400.00,1200.00
120,3,0.7333,Sword.Dodge.B,-488.84,-1000.00,90.15,10000.00,70.00,10000.00,0.00,-1400.00,1200.00
120,3,0.7417,Sword.Dodge.B,-488.44,-1000.00,90.15,10000.00,70.00,10000.00,0.00,-1400.00,1200.00
120,3,0.7500,Sword.Dodge.B,-488.05,-1000.00,90.15,10000.00,70.00,10000.00,0.00,-1400.00,1200.00
120,3,0.7583,Sword.Dodge.B,-487.62,-1000.00,90.15,10000.00,70.00,10000.00,0.00,-1400.00,1200.00
120,3,0.7667,Sword.Dodge.B,-487.38,-1000.00,90.15,10000.00,70.00,10000.00,0.00,-1400.00,1200.00
120,3,0.7750,Sword.Dodge.B,-487.38,-1000.00,90.15,10000.00,70.00,10000.00,0.00,-1400.00,1200.00
120,3,0.7833,Sword.Dodge.B,-487.38,-1000.00,90.15,10000.00,70.00,10000.00,0.00,-1400.00,1200.00
120,3,0.7917,Sword.Dodge.B,-487.38,-1000.00,90.15,10000.00,70.00,10000.00,0.00,-1400.00,1200.00
120,3,0.8000,Sword.Dodge.B,-487.38,-1000.00,90.15,10000.00,70.00,10000.00,0.00,-1400.00,1200.00
120,3,0.8083,Sword.Dodge.B,-487.38,-1000.00,90.15,10000.00,70.00,10000.00,0.00,-1400.00,1200.00
120,3,0.8167,Sword.Dodge.B,-487.38,-1000.00,90.15,10000.00,70.00,10000.00,0.00,-1400.00,1200.00
120,3,0.8250,Sword.Dodge.B,-487.38,-1000.00,90.15,10000.00,70.00,10000.00,0.00,-1400.00,1200.00
120,3,0.8333,Sword.Dodge.B,-487.38,-1000.00,90.15,10000.00,70.00,10000.00,0.00,-1400.00,1200.00
120,3,0.8417,Sword.Dodge.B,-487.38,-1000.00,90.15,10000.00,70.00,10000.00,0.00,-1400.00,1200.00
120,3,0.8500,Sword.Dodge.B,-487.38,-1000.00,90.15,10000.00,70.00,10000.00,0.00,-1400.00,1200.00
120,3,0.8583,Sword.Dodge.B,-487.38,-1000.00,90.15,10000.00,70.00,10000.00,0.00,-1400.00,1200.00
120,3,0.8667,Sword.Dodge.B,-487.38,-1000.00,90.15,10000.00,70.00,10000.00,0.00,-1400.00,1200.00
120,3,0.8750,Sword.Dodge.B,-487.38,-1000.00,90.15,10000.00,70.00,10000.00,0.00,-1400.00,1200.00
120,3,0.8833,Sword.Dodge.B,-487.38,-1000.00,90.15,10000.00,70.00,10000.00,0.00,-1400.00,1200.00
120,3,0.8917,Sword.Dodge.B,-487.38,-1000.00,90.15,10000.00,70.00,10000.00,0.00,-1400.00,1200.00
120,3,0.9000,Sword.Dodge.B,-487.38,-1000.00,90.15,10000.00,70.00,10000.00,0.00,-1400.00,1200.00
120,3,0.9083,Sword.Dodge.B,-487.38,-1000.00,90.15,10000.00,70.00,10000.00,0.00,-1400.00,1200.00
120,3,0.9167,Sword.Dodge.B,-487.38,-1000.00,90.15,10000.00,70.00,10000.00,0.00,-1400.00,1200.00
120,3,0.9250,Sword.Dodge.B,-487.38,-1000.00,90.15,10000.00,70.00,10000.00,0.00,-1400.00,1200.00
120,3,0.9333,Sword.Dodge.B,-487.38,-1000.00,90.15,10000.00,70.00,10000.00,0.00,-1400.00,1200.00
120,3,0.9417,Sword.Dodge.B,-487.38,-1000.00,90.15,10000.00,70.00,10000.00,0.00,-1400.00,1200.00
120,3,0.9500,Sword.Dodge.B,-487.38,-1000.00,90.15,10000.00,70.00,10000.00,0.00,-1400.00,1200.00
120,3,0.9583,Sword.Dodge.B,-487.38,-1000.00,90.15,10000.00,70.00,10000.00,0.00,-1400.00,1200.00
120,3,0.9667,Sword.Dodge.B,-487.38,-1000.00,90.15,10000.00,70.00,10000.00,0.00,-1400.00,1200.00
120,3,0.9750,Sword.Dodge.B,-487.38,-1000.00,90.15,10000.00,70.00,10000.00,0.00,-1400.00,1200.00
120,3,0.9833,Sword.Dodge.B,-487.38,-1000.00,90.15,10000.00,70.00,10000.00,0.00,-1400.00,1200.00
120,3,0.9917,Sword.Dodge.B,-487.38,-1000.00,90.15,10000.00,70.00,10000.00,0.00,-1400.00,1200.00
120,3,1.0000,None,-487.38,-1000.00,90.15,10000.00,70.00,10000.00,0.00,-1400.00,1200.00
120,3,1.0083,None,-487.38,-1000.00,90.15,10000.00,70.21,10000.00,0.00,-1400.00,1200.00
120,3,1.0167,None,-487.38,-1000.00,90.15,10000.00,70.42,10000.00,0.00,-1400.00,1200.00
120,3,1.0250,None,-487.38,-1000.00,90.15,10000.00,70.63,10000.00,0.00,-1400.00,1200.00
120,3,1.0333,None,-487.38,-1000.00,90.15,10000.00,70.83,10000.00,0.00,-1400.00,1200.00
120,3,1.0417,None,-487.38,-1000.00,90.15,10000.00,71.04,10000.00,0.00,-1400.00,1200.00
120,3,1.0500,None,-487.38,-1000.00,90.15,10000.00,71.25,10000.00,0.00,-1400.00,1200.00
120,3,1.0583,None,-487.38,-1000.00,90.15,10000.00,71.46,10000.00,0.00,-1400.00,1200.00
120,3,1.0667,None,-487.38,-1000.00,90.15,10000.00,71.67,10000.00,0.00,-1400.00,1200.00
120,3,1.0750,None,-487.38,-1000.00,90.15,10000.00,71.88,10000.00,0.00,-1400.00,1200.00
120,3,1.0833,None,-487.38,-1000.00,90.15,10000.00,72.08,10000.00,0.00,-1400.00,1200.00
120,3,1.0917,None,-487.38,-1000.00,90.15,10000.00,72.29,10000.00,0.00,-1400.00,1200.00
120,3,1.1000,None,-487.38,-1000.00,90.15,10000.00,72.50,10000.00,0.00,-1400.00,1200.00
120,3,1.1083,None,-487.38,-1000.00,90.15,10000.00,72.71,10000.00,0.00,-1400.00,1200.00
120,3,1.1167,None,-487.38,-1000.00,90.15,10000.00,72.92,10000.00,0.00,-1400.00,1200.00
120,3,1.1250,None,-487.38,-1000.00,90.15,10000.00,73.13,10000.00,0.00,-1400.00,1200.00
120,3,1.1333,None,-487.38,-1000.00,90.15,10000.00,73.33,10000.00,0.00,-1400.00,1200.00
120,3,1.1417,None,-487.38,-1000.00,90.15,10000.00,73.54,10000.00,0.00,-1400.00,1200.00
120,3,1.1500,None,-487.38,-1000.00,90.15,10000.00,73.75,10000.00,0.00,-1400.00,1200.00
120,4,0.0083,Sword.Dodge.L,-0.00,-1000.66,90.15,10000.00,70.00,10000.00,0.00,-1400.00,1200.00
120,4,0.0167,Sword.Dodge.L,-0.00,-1001.32,90.15,10000.00,70.00,10000.00,0.00,-1400.00,1200.00
120,4,0.0250,Sword.Dodge.L,-0.00,-1001.67,90.15,10000.00,70.00,10000.00,0.00,-1400.00,1200.00
120,4,0.0333,Sword.Dodge.L,-0.00,-1002.02,90.15,10000.00,70.00,10000.00,0.00,-1400.00,1200.00
120,4,0.0417,Sword.Dodge.L,-0.00,-1002.98,90.15,10000.00,70.00,10000.00,0.00,-1400.00,1200.00
120,4,0.0500,Sword.Dodge.L,-0.00,-1003.95,90.15,10000.00,70.00,10000.00,0.00,-1400.00,1200.00
120,4,0.0583,Sword.Dodge.L,-0.00,-1006.46,90.15,10000.00,70.00,10000.00,0.00,-1400.00,1200.00
120,4,0.0667,Sword.Dodge.L,-0.00,-1008.98,90.15,10000.00,70.00,10000.00,0.00,-1400.00,1200.00
120,4,0.0750,Sword.Dodge.L,-0.00,-1015.27,90.15,10000.00,70.00,10000.00,0.00,-1400.00,1200.00
120,4,0.0833,Sword.Dodge.L,-0.00,-1021.56,90.15,10000.00,70.00,10000.00,0.00,-1400.00,1200.00
120,4,0.0917,Sword.Dodge.L,-0.00,-1032.34,90.15,10000.00,70.00,10000.00,0.00,-1400.00,1200.00
120,4,0.1000,Sword.Dodge.L,-0.00,-1043.11,90.15,10000.00,70.00,10000.00,0.00,-1400.00,1200.00
120,4,0.1083,Sword.Dodge.L,-0.00,-1059.54,90.15,10000.00,70.00,10000.00,0.00,-1400.00,1200.00
120,4,0.1167,Sword.Dodge.L,-0.00,-1075.97,90.15,10000.00,70.00,10000.00,0.00,-1400.00,1200.00
120,4,0.1250,Sword.Dodge.L,-0.00,-1092.72,90.15,10000.00,70.00,10000.00,0.00,-1400.00,1200.00
120,4,0.1333,Sword.Dodge.L,-0.00,-1109.47,90.15,10000.00,70.00,10000.00,0.00,-1400.00,1200.00
120,4,0.1417,Sword.Dodge.L,-0.00,-1122.48,90.15,10000.00,70.00,10000.00,0.00,-1400.00,1200.00
120,4,0.1500,Sword.Dodge.L,-0.00,-1135.50,90.15,10000.00,70.00,10000.00,0.00,-1400.00,1200.00
120,4,0.1583,Sword.Dodge.L,-0.00,-1148.16,90.15,10000.00,70.00,10000.00,0.00,-1400.00,1200.00
120,4,0.1667,Sword.Dodge.L,-0.00,-1160.82,90.15,10000.00,70.00,10000.00,0.00,-1400.00,1200.00
120,4,0.1750,Sword.Dodge.L,-0.00,-1173.10,90.15,10000.00,70.00,10000.00,0.00,-1400.00,1200.00
120,4,0.1833,Sword.Dodge.L,-0.00,-1185.38,90.15,10000.00,70.00,10000.00,0.00,-1400.00,1200.00
120,4,0.1917,Sword.Dodge.L,-0.00,-1197.26,90.15,10000.00,70.00,10000.00,0.00,-1400.00,1200.00
120,4,0.2000,Sword.Dodge.L,-0.00,-1209.15,90.15,10000.00,70.00,10000.00,0.00,-1400.00,1200.00
120,4,0.2083,Sword.Dodge.L,-0.00,-1220.62,90.15,10000.00,70.00,10000.00,0.00,-1400.00,1200.00
120,4,0.2167,Sword.Dodge.L,-0.00,-1232.08,90.15,10000.00,70.00,10000.00,0.00,-1400.00,1200.00
120,4,0.2250,Sword.Dodge.L,-0.00,-1243.11,90.15,10000.00,70.00,10000.00,0.00,-1400.00,1200.00
120,4,0.2333,Sword.Dodge.L,-0.00,-1254.14,90.15,10000.00,70.00,10000.00,0.00,-1400.00,1200.00
120,4,0.2417,Sword.Dodge.L,-0.00,-1264.99,90.15,10000.00,70.00,10000.00,0.00,-1400.00,1200.00
120,4,0.2500,Sword.Dodge.L,-0.00,-1275.84,90.15,10000.00,70.00,10000.00,0.00,-1400.00,1200.00
120,4,0.2583,Sword.Dodge.L,-0.00,-1286.68,90.15,10000.00,70.00,10000.00,0.00,-1400.00,1200.00
120,4,0.2667,Sword.Dodge.L,-0.00,-1297.52,90.15,10000.00,70.00,10000.00,0.00,-1400.00,1200.00
120,4,0.2750,Sword.Dodge.L,-0.00,-1308.22,90.15,10000.00,70.00,10000.00,0.00,-1400.00,1200.00
120,4,0.2833,Sword.Dodge.L,-0.00,-1318.92,90.15,10000.00,70.00,10000.00,0.00,-1400.00,1200.00
120,4,0.2917,Sword.Dodge.L,-0.00,-1329.34,90.15,10000.00,70.00,10000.00,0.00,-1400.00,1200.00
120,4,0.3000,Sword.Dodge.L,-0.00,-1339.76,90.15,10000.00,70.00,10000.00,0.00,-1400.00,1200.00
120,4,0.3083,Sword.Dodge.L,-0.00,-1349.76,90.15,10000.00,70.00,10000.00,0.00,-1400.00,1200.00
120,4,0.3167,Sword.Dodge.L,-0.00,-1359.76,90.15,10000.00,70.00,10000.00,0.00,-1400.00,1200.00
120,4,0.3250,Sword.Dodge.L,-0.00,-1369.21,90.15,10000.00,70.00,10000.00,0.00,-1400.00,1200.00
120,4,0.3333,Sword.Dodge.L,-0.00,-1378.65,90.15,10000.00,70.00,10000.00,0.00,-1400.00,1200.00
120,4,0.3417,Sword.Dodge.L,-0.00,-1387.41,90.15,10000.00,70.00,10000.00,0.00,-1400.00,1200.00
120,4,0.3500,Sword.Dodge.L,-0.00,-1396.16,90.15,10000.00,70.00,10000.00,0.00,-1400.00,1200.00
120,4,0.3583,Sword.Dodge.L,-0.00,-1404.08,90.15,10000.00,70.00,10000.00,0.00,-1400.00,1200.00
120,4,0.3667,Sword.Dodge.L,-0.00,-1412.01,90.15,10000.00,70.00,10000.00,0.00,-1400.00,1200.00
120,4,0.3750,Sword.Dodge.L,-0.00,-1419.07,90.15,10000.00,70.00,10000.00,0.00,-1400.00,1200.00
120,4,0.3833,Sword.Dodge.L,-0.00,-1426.12,90.15,10000.00,70.00,10000.00,0.00,-1400.00,1200.00
120,4,0.3917,Sword.Dodge.L,-0.00,-1432.44,90.15,10000.00,70.00,10000.00,0.00,-1400.00,1200.00
120,4,0.4000,Sword.Dodge.L,-0.00,-1438.75,90.15,10000.00,70.00,10000.00,0.00,-1400.00,1200.00
120,4,0.4083,Sword.Dodge.L,-0.00,-1444.41,90.15,10000.00,70.00,10000.00,0.00,-1400.00,1200.00
120,4,0.4167,Sword.Dodge.L,-0.00,-1450.06,90.15,10000.00,70.00,10000.00,0.00,-1400.00,1200.00
120,4,0.4250,Sword.Dodge.L,-0.00,-1455.15,90.15,10000.00,70.00,10000.00,0.00,-1400.00,1200.00
120,4,0.4333,Sword.Dodge.L,-0.00,-1460.23,90.15,10000.00,70.00,10000.00,0.00,-1400.00,1200.00
120,4,0.4417,Sword.Dodge.L,-0.00,-1464.83,90.15,10000.00,70.00,10000.00,0.00,-1400.00,1200.00
120,4,0.4500,Sword.Dodge.L,-0.00,-1469.42,90.15,10000.00,70.00,10000.00,0.00,-1400.00,1200.00
120,4,0.4583,Sword.Dodge.L,-0.00,-1473.62,90.15,10000.00,70.00,10000.00,0.00,-1400.00,1200.00
120,4,0.4667,Sword.Dodge.L,-0.00,-1477.82,90.15,10000.00,70.00,10000.00,0.00,-1400.00,1200.00
120,4,0.4750,Sword.Dodge.L,-0.00,-1481.71,90.15,10000.00,70.00,10000.00,0.00,-1400.00,1200.00
120,4,0.4833,Sword.Dodge.L,-0.00,-1485.60,90.15,10000.00,70.00,10000.00,0.00,-1400.00,1200.00
120,4,0.4917,Sword.Dodge.L,-0.00,-1489.27,90.15,10000.00,70.00,10000.00,0.00,-1400.00,1200.00
120,4,0.5000,Sword.Dodge.L,-0.00,-1492.93,90.15,10000.00,70.00,10000.00,0.00,-1400.00,1200.00
120,4,0.5083,Sword.Dodge.L,-0.00,-1495.99,90.15,10000.00,70.00,10000.00,0.00,-1400.00,1200.00
120,4,0.5167,Sword.Dodge.L,-0.00,-1499.04,90.15,10000.00,70.00,10000.00,0.00,-1400.00,1200.00
120,4,0.5250,Sword.Dodge.L,-0.00,-1501.20,90.15,10000.00,70.00,10000.00,0.00,-1400.00,1200.00
120,4,0.5333,Sword.Dodge.L,-0.00,-1503.36,90.15,10000.00,70.00,10000.00,0.00,-1400.00,1200.00
120,4,0.5417,Sword.Dodge.L,-0.00,-1504.86,90.15,10000.00,70.00,10000.00,0.00,-1400.00,1200.00
120,4,0.5500,Sword.Dodge.L,-0.00,-1506.36,90.15,10000.00,70.00,10000.00,0.00,-1400.00,1200.00
120,4,0.5583,Sword.Dodge.L,-0.00,-1507.45,90.15,10000.00,70.00,10000.00,0.00,-1400.00,1200.00
120,4,0.5667,Sword.Dodge.L,-0.00,-1508.53,90.15,10000.00,70.00,10000.00,0.00,-1400.00,1200.00
120,4,0.5750,Sword.Dodge.L,-0.00,-1509.45,90.15,10000.00,70.00,10000.00,0.00,-1400.00,1200.00
120,4,0.5833,Sword.Dodge.L,-0.00,-1510.36,90.15,10000.00,70.00,10000.00,0.00,-1400.00,1200.00
120,4,0.5917,Sword.Dodge.L,-0.00,-1511.34,90.15,10000.00,70.00,10000.00,0.00,-1400.00,1200.00
120,4,0.6000,Sword.Dodge.L,-0.00,-1512.32,90.15,10000.00,70.00,10000.00,0.00,-1400.00,1200.00
120,4,0.6083,Sword.Dodge.L,-0.00,-1513.32,90.15,10000.00,70.00,10000.00,0.00,-1400.00,1200.00
120,4,0.6167,Sword.Dodge.L,-0.00,-1514.33,90.15,10000.00,70.00,10000.00,0.00,-1400.00,1200.00
120,4,0.6250,Sword.Dodge.L,-0.00,-1515.16,90.15,10000.00,70.00,10000.00,0.00,-1400.00,1200.00
120,4,0.6333,Sword.Dodge.L,-0.00,-1515.99,90.15,10000.00,70.00,10000.00,0.00,-1400.00,1200.00
120,4,0.6417,Sword.Dodge.L,-0.00,-1516.65,90.15,10000.00,70.00,10000.00,0.00,-1400.00,1200.00
120,4,0.6500,Sword.Dodge.L,-0.00,-1517.30,90.15,10000.00,70.00,10000.00,0.00,-1400.00,1200.00
120,4,0.6583,Sword.Dodge.L,-0.00,-1517.78,90.15,10000.00,70.00,10000.00,0.00,-1400.00,1200.00
120,4,0.6667,Sword.Dodge.L,-0.00,-1518.26,90.15,10000.00,70.00,10000.00,0.00,-1400.00,1200.00
120,4,0.6750,Sword.Dodge.L,-0.00,-1518.57,90.15,10000.00,70.00,10000.00,0.00,-1400.00,1200.00
120,4,0.6833,Sword.Dodge.L,-0.00,-1518.88,90.15,10000.00,70.00,10000.00,0.00,-1400.00,1200.00
120,4,0.6917,Sword.Dodge.L,-0.00,-1519.02,90.15,10000.00,70.00,10000.00,0.00,-1400.00,1200.00
120,4,0.7000,Sword.Dodge.L,-0.00,-1519.16,90.15,10000.00,70.00,10000.00,0.00,-1400.00,1200.00
120,4,0.7083,Sword.Dodge.L,-0.00,-1519.12,90.15,10000.00,70.00,10000.00,0.00,-1400.00,1200.00
120,4,0.7167,Sword.Dodge.L,-0.00,-1519.09,90.15,10000.00,70.00,10000.00,0.00,-1400.00,1200.00
120,4,0.7250,Sword.Dodge.L,-0.00,-1518.90,90.15,10000.00,70.00,10000.00,0.00,-1400.00,1200.00
120,4,0.7333,Sword.Dodge.L,-0.00,-1518.71,90.15,10000.00,70.00,10000.00,0.00,-1400.00,1200.00
120,4,0.7417,Sword.Dodge.L,-0.00,-1518.39,90.15,10000.00,70.00,10000.00,0.00,-1400.00,1200.00
120,4,0.7500,Sword.Dodge.L,-0.00,-1518.07,90.15,10000.00,70.00,10000.00,0.00,-1400.00,1200.00
120,4,0.7583,Sword.Dodge.L,-0.00,-1517.63,90.15,10000.00,70.00,10000.00,0.00,-1400.00,1200.00
120,4,0.7667,Sword.Dodge.L,-0.00,-1517.40,90.15,10000.00,70.00,10000.00,0.00,-1400.00,1200.00
120,4,0.7750,Sword.Dodge.L,-0.00,-1517.40,90.15,10000.00,70.00,10000.00,0.00,-1400.00,1200.00
120,4,0.7833,Sword.Dodge.L,-0.00,-1517.40,90.15,10000.00,70.00,10000.00,0.00,-1400.00,1200.00
120,4,0.7917,Sword.Dodge.L,-0.00,-1517.40,90.15,10000.00,70.00,10000.00,0.00,-1400.00,1200.00
120,4,0.8000,Sword.Dodge.L,-0.00,-1517.40,90.15,10000.00,70.00,10000.00,0.00,-1400.00,1200.00
120,4,0.8083,Sword.Dodge.L,-0.00,-1517.40,90.15,10000.00,70.00,10000.00,0.00,-1400.00,1200.00
120,4,0.8167,Sword.Dodge.L,-0.00,-1517.40,90.15,10000.00,70.00,10000.00,0.00,-1400.00,1200.00
120,4,0.8250,Sword.Dodge.L,-0.00,-1517.40,90.15,10000.00,70.00,10000.00,0.00,-1400.00,1200.00
120,4,0.8333,Sword.Dodge.L,-0.00,-1517.40,90.15,10000.00,70.00,10000.00,0.00,-1400.00,1200.00
120,4,0.8417,Sword.Dodge.L,-0.00,-1517.40,90.15,10000.00,70.00,10000.00,0.00,-1400.00,1200.00
120,4,0.8500,Sword.Dodge.L,-0.00,-1517.40,90.15,10000.00,70.00,10000.00,0.00,-1400.00,1200.00
120,4,0.8583,Sword.Dodge.L,-0.00,-1517.40,90.15,10000.00,70.00,10000.00,0.00,-1400.00,1200.00
120,4,0.8667,Sword.Dodge.L,-0.00,-1517.40,90.15,10000.00,70.00,10000.00,0.00,-1400.00,1200.00
120,4,0.8750,Sword.Dodge.L,-0.00,-1517.40,90.15,10000.00,70.00,10000.00,0.00,-1400.00,1200.00
120,4,0.8833,Sword.Dodge.L,-0.00,-1517.40,90.15,10000.00,70.00,10000.00,0.00,-1400.00,1200.00
120,4,0.8917,Sword.Dodge.L,-0.00,-1517.40,90.15,10000.00,70.00,10000.00,0.00,-1400.00,1200.00
120,4,0.9000,Sword.Dodge.L,-0.00,-1517.40,90.15,10000.00,70.00,10000.00,0.00,-1400.00,1200.00
120,4,0.9083,Sword.Dodge.L,-0.00,-1517.40,90.15,10000.00,70.00,10000.00,0.00,-1400.00,1200.00
120,4,0.9167,Sword.Dodge.L,-0.00,-1517.40,90.15,10000.00,70.00,10000.00,0.00,-1400.00,1200.00
120,4,0.9250,Sword.Dodge.L,-0.00,-1517.40,90.15,10000.00,70.00,10000.00,0.00,-1400.00,1200.00
120,4,0.9333,Sword.Dodge.L,-0.00,-1517.40,90.15,10000.00,70.00,10000.00,0.00,-1400.00,1200.00
120,4,0.9417,Sword.Dodge.L,-0.00,-1517.40,90.15,10000.00,70.00,10000.00,0.00,-1400.00,1200.00
120,4,0.9500,Sword.Dodge.L,-0.00,-1517.40,90.15,10000.00,70.00,10000.00,0.00,-1400.00,1200.00
120,4,0.9583,Sword.Dodge.L,-0.00,-1517.40,90.15,10000.00,70.00,10000.00,0.00,-1400.00,1200.00
120,4,0.9667,Sword.Dodge.L,-0.00,-1517.40,90.15,10000.00,70.00,10000.00,0.00,-1400.00,1200.00
120,4,0.9750,Sword.Dodge.L,-0.00,-1517.40,90.15,10000.00,70.00,10000.00,0.00,-1400.00,1200.00
120,4,0.9833,Sword.Dodge.L,-0.00,-1517.40,90.15,10000.00,70.00,10000.00,0.00,-1400.00,1200.00
120,4,0.9917,Sword.Dodge.L,-0.00,-1517.40,90.15,10000.00,70.00,10000.00,0.00,-1400.00,1200.00
120,4,1.0000,None,-0.00,-1517.40,90.15,10000.00,70.00,10000.00,0.00,-1400.00,1200.00
120,4,1.0083,None,-0.00,-1517.40,90.15,10000.00,70.21,10000.00,0.00,-1400.00,1200.00
120,4,1.0167,None,-0.00,-1517.40,90.15,10000.00,70.42,10000.00,0.00,-1400.00,1200.00
120,4,1.0250,None,-0.00,-1517.40,90.15,10000.00,70.63,10000.00,0.00,-1400.00,1200.00
120,4,1.0333,None,-0.00,-1517.40,90.15,10000.00,70.83,10000.00,0.00,-1400.00,1200.00
120,4,1.0417,None,-0.00,-1517.40,90.15,10000.00,71.04,10000.00,0.00,-1400.00,1200.00
120,4,1.0500,None,-0.00,-1517.40,90.15,10000.00,71.25,10000.00,0.00,-1400.00,1200.00
120,4,1.0583,None,-0.00,-1517.40,90.15,10000.00,71.46,10000.00,0.00,-1400.00,1200.00
120,4,1.0667,None,-0.00,-1517.40,90.15,10000.00,71.67,10000.00,0.00,-1400.00,1200.00
120,4,1.0750,None,-0.00,-1517.40,90.15,10000.00,71.88,10000.00,0.00,-1400.00,1200.00
120,4,1.0833,None,-0.00,-1517.40,90.15,10000.00,72.08,10000.00,0.00,-1400.00,1200.00
120,4,1.0917,None,-0.00,-1517.40,90.15,10000.00,72.29,10000.00,0.00,-1400.00,1200.00
120,4,1.1000,None,-0.00,-1517.40,90.15,10000.00,72.50,10000.00,0.00,-1400.00,1200.00
120,4,1.1083,None,-0.00,-1517.40,90.15,10000.00,72.71,10000.00,0.00,-1400.00,1200.00
120,4,1.1167,None,-0.00,-1517.40,90.15,10000.00,72.92,10000.00,0.00,-1400.00,1200.00
120,4,1.1250,None,-0.00,-1517.40,90.15,10000.00,73.13,10000.00,0.00,-1400.00,1200.00
120,4,1.1333,None,-0.00,-1517.40,90.15,10000.00,73.33,10000.00,0.00,-1400.00,1200.00
120,4,1.1417,None,-0.00,-1517.40,90.15,10000.00,73.54,10000.00,0.00,-1400.00,1200.00
120,4,1.1500,None,-0.00,-1517.40,90.15,10000.00,73.75,10000.00,0.00,-1400.00,1200.00
120,5,0.0083,Sword.Dodge.R,0.00,-999.98,90.15,10000.00,70.00,10000.00,0.00,-1400.00,1200.00
120,5,0.0167,Sword.Dodge.R,0.00,-999.96,90.15,10000.00,70.00,10000.00,0.00,-1400.00,1200.00
120,5,0.0250,Sword.Dodge.R,-0.00,-1000.41,90.15,10000.00,70.00,10000.00,0.00,-1400.00,1200.00
120,5,0.0333,Sword.Dodge.R,-0.00,-1000.87,90.15,10000.00,70.00,10000.00,0.00,-1400.00,1200.00
120,5,0.0417,Sword.Dodge.R,-0.00,-1000.37,90.15,10000.00,70.00,10000.00,0.00,-1400.00,1200.00
120,5,0.0500,Sword.Dodge.R,0.00,-999.87,90.15,10000.00,70.00,10000.00,0.00,-1400.00,1200.00
120,5,0.0583,Sword.Dodge.R,0.00,-996.95,90.15,10000.00,70.00,10000.00,0.00,-1400.00,1200.00
120,5,0.0667,Sword.Dodge.R,0.00,-994.03,90.15,10000.00,70.00,10000.00,0.00,-1400.00,1200.00
120,5,0.0750,Sword.Dodge.R,0.00,-984.52,90.15,10000.00,70.00,10000.00,0.00,-1400.00,1200.00
120,5,0.0833,Sword.Dodge.R,0.00,-975.01,90.15,10000.00,70.00,10000.00,0.00,-1400.00,1200.00
120,5,0.0917,Sword.Dodge.R,0.00,-959.88,90.15,10000.00,70.00,10000.00,0.00,-1400.00,1200.00
120,5,0.1000,Sword.Dodge.R,0.00,-944.75,90.15,10000.00,70.00,10000.00,0.00,-1400.00,1200.00
120,5,0.1083,Sword.Dodge.R,0.00,-924.47,90.15,10000.00,70.00,10000.00,0.00,-1400.00,1200.00
120,5,0.1167,Sword.Dodge.R,0.00,-904.18,90.15,10000.00,70.00,10000.00,0.00,-1400.00,1200.00
120,5,0.1250,Sword.Dodge.R,0.00,-885.78,90.15,10000.00,70.00,10000.00,0.00,-1400.00,1200.00
120,5,0.1333,Sword.Dodge.R,0.00,-867.39,90.15,10000.00,70.00,10000.00,0.00,-1400.00,1200.00
120,5,0.1417,Sword.Dodge.R,0.00,-855.51,90.15,10000.00,70.00,10000.00,0.00,-1400.00,1200.00
120,5,0.1500,Sword.Dodge.R,0.00,-843.64,90.15,10000.00,70.00,10000.00,0.00,-1400.00,1200.00
120,5,0.1583,Sword.Dodge.R,0.00,-832.11,90.15,10000.00,70.00,10000.00,0.00,-1400.00,1200.00
120,5,0.1667,Sword.Dodge.R,0.00,-820.58,90.15,10000.00,70.00,10000.00,0.00,-1400.00,1200.00
120,5,0.1750,Sword.Dodge.R,0.00,-809.40,90.15,10000.00,70.00,10000.00,0.00,-1400.00,1200.00
120,5,0.1833,Sword.Dodge.R,0.00,-798.22,90.15,10000.00,70.00,10000.00,0.00,-1400.00,1200.00
120,5,0.1917,Sword.Dodge.R,0.00,-787.40,90.15,10000.00,70.00,10000.00,0.00,-1400.00,1200.00
120,5,0.2000,Sword.Dodge.R,0.00,-776.59,90.15,10000.00,70.00,10000.00,0.00,-1400.00,1200.00
120,5,0.2083,Sword.Dodge.R,0.00,-766.14,90.15,10000.00,70.00,10000.00,0.00,-1400.00,1200.00
120,5,0.2167,Sword.Dodge.R,0.00,-755.69,90.15,10000.00,70.00,10000.00,0.00,-1400.00,1200.00
120,5,0.2250,Sword.Dodge.R,0.00,-745.62,90.15,10000.00,70.00,10000.00,0.00,-1400.00,1200.00
120,5,0.2333,Sword.Dodge.R,0.00,-735.54,90.15,10000.00,70.00,10000.00,0.00,-1400.00,1200.00
120,5,0.2417,Sword.Dodge.R,0.00,-725.85,90.15,10000.00,70.00,10000.00,0.00,-1400.00,1200.00
120,5,0.2500,Sword.Dodge.R,0.00,-716.16,90.15,10000.00,70.00,10000.00,0.00,-1400.00,1200.00
120,5,0.2583,Sword.Dodge.R,0.00,-706.87,90.15,10000.00,70.00,10000.00,0.00,-1400.00,1200.00
120,5,0.2667,Sword.Dodge.R,0.00,-697.57,90.15,10000.00,70.00,10000.00,0.00,-1400.00,1200.00
120,5,0.2750,Sword.Dodge.R,0.00,-688.67,90.15,10000.00,70.00,10000.00,0.00,-1400.00,1200.00
120,5,0.2833,Sword.Dodge.R,0.00,-679.77,90.15,10000.00,70.00,10000.00,0.00,-1400.00,1200.00
120,5,0.2917,Sword.Dodge.R,0.00,-671.54,90.15,10000.00,70.00,10000.00,0.00,-1400.00,1200.00
120,5,0.3000,Sword.Dodge.R,0.00,-663.31,90.15,10000.00,70.00,10000.00,0.00,-1400.00,1200.00
120,5,0.3083,Sword.Dodge.R,0.00,-655.91,90.15,10000.00,70.00,10000.00,0.00,-1400.00,1200.00
120,5,0.3167,Sword.Dodge.R,0.00,-648.51,90.15,10000.00,70.00,10000.00,0.00,-1400.00,1200.00
120,5,0.3250,Sword.Dodge.R,0.00,-641.80,90.15,10000.00,70.00,10000.00,0.00,-1400.00,1200.00
120,5,0.3333,Sword.Dodge.R,0.00,-635.08,90.15,10000.00,70.00,10000.00,0.00,-1400.00,1200.00
120,5,0.3417,Sword.Dodge.R,0.00,-628.90,90.15,10000.00,70.00,10000.00,0.00,-1400.00,1200.00
120,5,0.3500,Sword.Dodge.R,0.00,-622.72,90.15,10000.00,70.00,10000.00,0.00,-1400.00,1200.00
120,5,0.3583,Sword.Dodge.R,0.00,-616.93,90.15,10000.00,70.00,10000.00,0.00,-1400.00,1200.00
120,5,0.3667,Sword.Dodge.R,0.00,-611.13,90.15,10000.00,70.00,10000.00,0.00,-1400.00,1200.00
120,5,0.3750,Sword.Dodge.R,0.00,-605.57,90.15,10000.00,70.00,10000.00,0.00,-1400.00,1200.00
120,5,0.3833,Sword.Dodge.R,0.00,-600.02,90.15,10000.00,70.00,10000.00,0.00,-1400.00,1200.00
120,5,0.3917,Sword.Dodge.R,0.00,-594.55,90.15,10000.00,70.00,10000.00,0.00,-1400.00,1200.00
120,5,0.4000,Sword.Dodge.R,0.00,-589.08,90.15,10000.00,70.00,10000.00,0.00,-1400.00,1200.00
120,5,0.4083,Sword.Dodge.R,0.00,-583.77,90.15,10000.00,70.00,10000.00,0.00,-1400.00,1200.00
120,5,0.4167,Sword.Dodge.R,0.00,-578.45,90.15,10000.00,70.00,10000.00,0.00,-1400.00,1200.00
120,5,0.4250,Sword.Dodge.R,0.00,-573.49,90.15,10000.00,70.00,10000.00,0.00,-1400.00,1200.00
120,5,0.4333,Sword.Dodge.R,0.00,-568.52,90.15,10000.00,70.00,10000.00,0.00,-1400.00,1200.00
120,5,0.4417,Sword.Dodge.R,0.00,-563.95,90.15,10000.00,70.00,10000.00,0.00,-1400.00,1200.00
120,5,0.4500,Sword.Dodge.R,0.00,-559.37,90.15,10000.00,70.00,10000.00,0.00,-1400.00,1200.00
120,5,0.4583,Sword.Dodge.R,0.00,-555.23,90.15,10000.00,70.00,10000.00,0.00,-1400.00,1200.00
120,5,0.4667,Sword.Dodge.R,0.00,-551.09,90.15,10000.00,70.00,10000.00,0.00,-1400.00,1200.00
120,5,0.4750,Sword.Dodge.R,0.00,-547.42,90.15,10000.00,70.00,10000.00,0.00,-1400.00,1200.00
120,5,0.4833,Sword.Dodge.R,0.00,-543.76,90.15,10000.00,70.00,10000.00,0.00,-1400.00,1200.00
120,5,0.4917,Sword.Dodge.R,0.00,-540.62,90.15,10000.00,70.00,10000.00,0.00,-1400.00,1200.00
120,5,0.5000,Sword.Dodge.R,0.00,-537.47,90.15,10000.00,70.00,10000.00,0.00,-1400.00,1200.00
120,5,0.5083,Sword.Dodge.R,0.00,-534.77,90.15,10000.00,70.00,10000.00,0.00,-1400.00,1200.00
120,5,0.5167,Sword.Dodge.R,0.00,-532.06,90.15,10000.00,70.00,10000.00,0.00,-1400.00,1200.00
120,5,0.5250,Sword.Dodge.R,0.00,-529.65,90.15,10000.00,70.00,10000.00,0.00,-1400.00,1200.00
120,5,0.5333,Sword.Dodge.R,0.00,-527.25,90.15,10000.00,70.00,10000.00,0.00,-1400.00,1200.00
120,5,0.5417,Sword.Dodge.R,0.00,-525.13,90.15,10000.00,70.00,10000.00,0.00,-1400.00,1200.00
120,5,0.5500,Sword.Dodge.R,0.00,-523.00,90.15,10000.00,70.00,10000.00,0.00,-1400.00,1200.00
120,5,0.5583,Sword.Dodge.R,0.00,-521.14,90.15,10000.00,70.00,10000.00,0.00,-1400.00,1200.00
120,5,0.5667,Sword.Dodge.R,0.00,-519.28,90.15,10000.00,70.00,10000.00,0.00,-1400.00,1200.00
120,5,0.5750,Sword.Dodge.R,0.00,-517.67,90.15,10000.00,70.00,10000.00,0.00,-1400.00,1200.00
120,5,0.5833,Sword.Dodge.R,0.00,-516.05,90.15,10000.00,70.00,10000.00,0.00,-1400.00,1200.00
120,5,0.5917,Sword.Dodge.R,0.00,-514.65,90.15,10000.00,70.00,10000.00,0.00,-1400.00,1200.00
120,5,0.6000,Sword.Dodge.R,0.00,-513.25,90.15,10000.00,70.00,10000.00,0.00,-1400.00,1200.00
120,5,0.6083,Sword.Dodge.R,0.00,-512.05,90.15,10000.00,70.00,10000.00,0.00,-1400.00,1200.00
120,5,0.6167,Sword.Dodge.R,0.00,-510.85,90.15,10000.00,70.00,10000.00,0.00,-1400.00,1200.00
120,5,0.6250,Sword.Dodge.R,0.00,-509.83,90.15,10000.00,70.00,10000.00,0.00,-1400.00,1200.00
120,5,0.6333,Sword.Dodge.R,0.00,-508.81,90.15,10000.00,70.00,10000.00,0.00,-1400.00,1200.00
120,5,0.6417,Sword.Dodge.R,0.00,-508.11,90.15,10000.00,70.00,10000.00,0.00,-1400.00,1200.00
120,5,0.6500,Sword.Dodge.R,0.00,-507.40,90.15,10000.00,70.00,10000.00,0.00,-1400.00,1200.00
120,5,0.6583,Sword.Dodge.R,0.00,-507.09,90.15,10000.00,70.00,10000.00,0.00,-1400.00,1200.00
120,5,0.6667,Sword.Dodge.R,0.00,-506.78,90.15,10000.00,70.00,10000.00,0.00,-1400.00,1200.00
120,5,0.6750,Sword.Dodge.R,0.00,-506.78,90.15,10000.00,70.00,10000.00,0.00,-1400.00,1200.00
120,5,0.6833,Sword.Dodge.R,0.00,-506.77,90.15,10000.00,70.00,10000.00,0.00,-1400.00,1200.00
120,5,0.6917,Sword.Dodge.R,0.00,-506.99,90.15,10000.00,70.00,10000.00,0.00,-1400.00,1200.00
120,5,0.7000,Sword.Dodge.R,0.00,-507.21,90.15,10000.00,70.00,10000.00,0.00,-1400.00,1200.00
120,5,0.7083,Sword.Dodge.R,0.00,-507.56,90.15,10000.00,70.00,10000.00,0.00,-1400.00,1200.00
120,5,0.7167,Sword.Dodge.R,0.00,-507.91,90.15,10000.00,70.00,10000.00,0.00,-1400.00,1200.00
120,5,0.7250,Sword.Dodge.R,0.00,-508.30,90.15,10000.00,70.00,10000.00,0.00,-1400.00,1200.00
120,5,0.7333,Sword.Dodge.R,0.00,-508.69,90.15,10000.00,70.00,10000.00,0.00,-1400.00,1200.00
120,5,0.7417,Sword.Dodge.R,0.00,-509.03,90.15,10000.00,70.00,10000.00,0.00,-1400.00,1200.00
120,5,0.7500,Sword.Dodge.R,0.00,-509.38,90.15,10000.00,70.00,10000.00,0.00,-1400.00,1200.00
120,5,0.7583,Sword.Dodge.R,0.00,-509.75,90.15,10000.00,70.00,10000.00,0.00,-1400.00,1200.00
120,5,0.7667,Sword.Dodge.R,0.00,-509.93,90.15,10000.00,70.00,10000.00,0.00,-1400.00,1200.00
120,5,0.7750,Sword.Dodge.R,0.00,-509.93,90.15,10000.00,70.00,10000.00,0.00,-1400.00,1200.00
120,5,0.7833,Sword.Dodge.R,0.00,-509.93,90.15,10000.00,70.00,10000.00,0.00,-1400.00,1200.00
120,5,0.7917,Sword.Dodge.R,0.00,-509.93,90.15,10000.00,70.00,10000.00,0.00,-1400.00,1200.00
120,5,0.8000,Sword.Dodge.R,0.00,-509.93,90.15,10000.00,70.00,10000.00,0.00,-1400.00,1200.00
120,5,0.8083,Sword.Dodge.R,0.00,-509.93,90.15,10000.00,70.00,10000.00,0.00,-1400.00,1200.00
120,5,0.8167,Sword.Dodge.R,0.00,-509.93,90.15,10000.00,70.00,10000.00,0.00,-1400.00,1200.00
120,5,0.8250,Sword.Dodge.R,0.00,-509.93,90.15,10000.00,70.00,10000.00,0.00,-1400.00,1200.00
120,5,0.8333,Sword.Dodge.R,0.00,-509.93,90.15,10000.00,70.00,10000.00,0.00,-1400.00,1200.00
120,5,0.8417,Sword.Dodge.R,0.00,-509.93,90.15,10000.00,70.00,10000.00,0.00,-1400.00,1200.00
120,5,0.8500,Sword.Dodge.R,0.00,-509.93,90.15,10000.00,70.00,10000.00,0.00,-1400.00,1200.00
120,5,0.8583,Sword.Dodge.R,0.00,-509.93,90.15,10000.00,70.00,10000.00,0.00,-1400.00,1200.00
120,5,0.8667,Sword.Dodge.R,0.00,-509.93,90.15,10000.00,70.00,10000.00,0.00,-1400.00,1200.00
120,5,0.8750,Sword.Dodge.R,0.00,-509.93,90.15,10000.00,70.00,10000.00,0.00,-1400.00,1200.00
120,5,0.8833,Sword.Dodge.R,0.00,-509.93,90.15,10000.00,70.00,10000.00,0.00,-1400.00,1200.00
120,5,0.8917,Sword.Dodge.R,0.00,-509.93,90.15,10000.00,70.00,10000.00,0.00,-1400.00,1200.00
120,5,0.9000,Sword.Dodge.R,0.00,-509.93,90.15,10000.00,70.00,10000.00,0.00,-1400.00,1200.00
120,5,0.9083,Sword.Dodge.R,0.00,-509.93,90.15,10000.00,70.00,10000.00,0.00,-1400.00,1200.00
120,5,0.9167,Sword.Dodge.R,0.00,-509.93,90.15,10000.00,70.00,10000.00,0.00,-1400.00,1200.00
120,5,0.9250,Sword.Dodge.R,0.00,-509.93,90.15,10000.00,70.00,10000.00,0.00,-1400.00,1200.00
120,5,0.9333,Sword.Dodge.R,0.00,-509.93,90.15,10000.00,70.00,10000.00,0.00,-1400.00,1200.00
120,5,0.9417,Sword.Dodge.R,0.00,-509.93,90.15,10000.00,70.00,10000.00,0.00,-1400.00,1200.00
120,5,0.9500,Sword.Dodge.R,0.00,-509.93,90.15,10000.00,70.00,10000.00,0.00,-1400.00,1200.00
120,5,0.9583,Sword.Dodge.R,0.00,-509.93,90.15,10000.00,70.00,10000.00,0.00,-1400.00,1200.00
120,5,0.9667,Sword.Dodge.R,0.00,-509.93,90.15,10000.00,70.00,10000.00,0.00,-1400.00,1200.00
120,5,0.9750,Sword.Dodge.R,0.00,-509.93,90.15,10000.00,70.00,10000.00,0.00,-1400.00,1200.00
120,5,0.9833,Sword.Dodge.R,0.00,-509.93,90.15,10000.00,70.00,10000.00,0.00,-1400.00,1200.00
120,5,0.9917,Sword.Dodge.R,0.00,-509.93,90.15,10000.00,70.00,10000.00,0.00,-1400.00,1200.00
120,5,1.0000,None,0.00,-509.93,90.15,10000.00,70.21,10000.00,0.00,-1400.00,1200.00
120,5,1.0083,None,0.00,-509.93,90.15,10000.00,70.42,10000.00,0.00,-1400.00,1200.00
120,5,1.0167,None,0.00,-509.93,90.15,10000.00,70.63,10000.00,0.00,-1400.00,1200.00
120,5,1.0250,None,0.00,-509.93,90.15,10000.00,70.83,10000.00,0.00,-1400.00,1200.00
120,5,1.0333,None,0.00,-509.93,90.15,10000.00,71.04,10000.00,0.00,-1400.00,1200.00
120,5,1.0417,None,0.00,-509.93,90.15,10000.00,71.25,10000.00,0.00,-1400.00,1200.00
120,5,1.0500,None,0.00,-509.93,90.15,10000.00,71.46,10000.00,0.00,-1400.00,1200.00
120,5,1.0583,None,0.00,-509.93,90.15,10000.00,71.67,10000.00,0.00,-1400.00,1200.00
120,5,1.0667,None,0.00,-509.93,90.15,10000.00,71.88,10000.00,0.00,-1400.00,1200.00
120,5,1.0750,None,0.00,-509.93,90.15,10000.00,72.08,10000.00,0.00,-1400.00,1200.00
120,5,1.0833,None,0.00,-509.93,90.15,10000.00,72.29,10000.00,0.00,-1400.00,1200.00
120,5,1.0917,None,0.00,-509.93,90.15,10000.00,72.50,10000.00,0.00,-1400.00,1200.00
120,5,1.1000,None,0.00,-509.93,90.15,10000.00,72.71,10000.00,0.00,-1400.00,1200.00
120,5,1.1083,None,0.00,-509.93,90.15,10000.00,72.92,10000.00,0.00,-1400.00,1200.00
120,5,1.1167,None,0.00,-509.93,90.15,10000.00,73.13,10000.00,0.00,-1400.00,1200.00
120,5,1.1250,None,0.00,-509.93,90.15,10000.00,73.33,10000.00,0.00,-1400.00,1200.00
120,5,1.1333,None,0.00,-509.93,90.15,10000.00,73.54,10000.00,0.00,-1400.00,1200.00
120,5,1.1417,None,0.00,-509.93,90.15,10000.00,73.75,10000.00,0.00,-1400.00,1200.00
120,5,1.1500,None,0.00,-509.93,90.15,10000.00,73.96,10000.00,0.00,-1400.00,1200.00
120,6,0.0083,Sword.Dodge.F,-2.19,-1000.00,90.15,10000.00,70.00,10000.00,0.00,-1400.00,1200.00
120,6,0.0167,Sword.Dodge.F,-4.37,-1000.00,90.15,10000.00,70.00,10000.00,0.00,-1400.00,1200.00
120,6,0.0250,Sword.Dodge.F,-7.50,-1000.00,90.15,10000.00,70.00,10000.00,0.00,-1400.00,1200.00
120,6,0.0333,Sword.Dodge.F,-10.62,-1000.00,90.15,10000.00,70.00,10000.00,0.00,-1400.00,1200.00
120,6,0.0417,Sword.Dodge.F,-11.87,-1000.00,90.15,10000.00,70.00,10000.00,0.00,-1400.00,1200.00
120,6,0.0500,Sword.Dodge.F,-13.11,-1000.00,90.15,10000.00,70.00,10000.00,0.00,-1400.00,1200.00
120,6,0.0583,Sword.Dodge.F,-9.67,-1000.00,90.15,10000.00,70.00,10000.00,0.00,-1400.00,1200.00
120,6,0.0667,Sword.Dodge.F,-6.22,-1000.00,90.15,10000.00,70.00,10000.00,0.00,-1400.00,1200.00
120,6,0.0750,Sword.Dodge.F,2.96,-1000.00,90.15,10000.00,70.00,10000.00,0.00,-1400.00,1200.00
120,6,0.0833,Sword.Dodge.F,12.15,-1000.00,90.15,10000.00,70.00,10000.00,0.00,-1400.00,1200.00
120,6,0.0917,Sword.Dodge.F,24.98,-1000.00,90.15,10000.00,70.00,10000.00,0.00,-1400.00,1200.00
120,6,0.1000,Sword.Dodge.F,37.81,-1000.00,90.15,10000.00,70.00,10000.00,0.00,-1400.00,1200.00
120,6,0.1083,Sword.Dodge.F,52.43,-1000.00,90.15,10000.00,70.00,10000.00,0.00,-1400.00,1200.00
120,6,0.1167,Sword.Dodge.F,67.04,-1000.00,90.15,10000.00,70.00,10000.00,0.00,-1400.00,1200.00
120,6,0.1250,Sword.Dodge.F,81.56,-1000.00,90.15,10000.00,70.00,10000.00,0.00,-1400.00,1200.00
120,6,0.1333,Sword.Dodge.F,96.08,-1000.00,90.15,10000.00,70.00,10000.00,0.00,-1400.00,1200.00
120,6,0.1417,Sword.Dodge.F,108.64,-1000.00,90.15,10000.00,70.00,10000.00,0.00,-1400.00,1200.00
120,6,0.1500,Sword.Dodge.F,121.19,-1000.00,90.15,10000.00,70.00,10000.00,0.00,-1400.00,1200.00
120,6,0.1583,Sword.Dodge.F,132.08,-1000.00,90.15,10000.00,70.00,10000.00,0.00,-1400.00,1200.00
120,6,0.1667,Sword.Dodge.F,142.96,-1000.00,90.15,10000.00,70.00,10000.00,0.00,-1400.00,1200.00
120,6,0.1750,Sword.Dodge.F,153.63,-1000.00,90.15,10000.00,70.00,10000.00,0.00,-1400.00,1200.00
120,6,0.1833,Sword.Dodge.F,164.30,-1000.00,90.15,10000.00,70.00,10000.00,0.00,-1400.00,1200.00
120,6,0.1917,Sword.Dodge.F,174.64,-1000.00,90.15,10000.00,70.00,10000.00,0.00,-1400.00,1200.00
120,6,0.2000,Sword.Dodge.F,184.98,-1000.00,90.15,10000.00,70.00,10000.00,0.00,-1400.00,1200.00
120,6,0.2083,Sword.Dodge.F,194.88,-1000.00,90.15,10000.00,70.00,10000.00,0.00,-1400.00,1200.00
120,6,0.2167,Sword.Dodge.F,204.78,-1000.00,90.15,10000.00,70.00,10000.00,0.00,-1400.00,1200.00
120,6,0.2250,Sword.Dodge.F,214.12,-1000.00,90.15,10000.00,70.00,10000.00,0.00,-1400.00,1200.00
120,6,0.2333,Sword.Dodge.F,223.47,-1000.00,90.15,10000.00,70.00,10000.00,0.00,-1400.00,1200.00
120,6,0.2417,Sword.Dodge.F,232.14,-1000.00,90.15,10000.00,70.00,10000.00,0.00,-1400.00,1200.00
120,6,0.2500,Sword.Dodge.F,240.81,-1000.00,90.15,10000.00,70.00,10000.00,0.00,-1400.00,1200.00
120,6,0.2583,Sword.Dodge.F,248.70,-1000.00,90.15,10000.00,70.00,10000.00,0.00,-1400.00,1200.00
120,6,0.2667,Sword.Dodge.F,256.59,-1000.00,90.15,10000.00,70.00,10000.00,0.00,-1400.00,1200.00
120,6,0.2750,Sword.Dodge.F,263.67,-1000.00,90.15,10000.00,70.00,10000.00,0.00,-1400.00,1200.00
120,6,0.2833,Sword.Dodge.F,270.75,-1000.00,90.15,10000.00,70.00,10000.00,0.00,-1400.00,1200.00
120,6,0.2917,Sword.Dodge.F,277.18,-1000.00,90.15,10000.00,70.00,10000.00,0.00,-1400.00,1200.00
120,6,0.3000,Sword.Dodge.F,283.61,-1000.00,90.15,10000.00,70.00,10000.00,0.00,-1400.00,1200.00
120,6,0.3083,Sword.Dodge.F,289.53,-1000.00,90.15,10000.00,70.00,10000.00,0.00,-1400.00,1200.00
120,6,0.3167,Sword.Dodge.F,295.44,-1000.00,90.15,10000.00,70.00,10000.00,0.00,-1400.00,1200.00
120,6,0.3250,Sword.Dodge.F,300.97,-1000.00,90.15,10000.00,70.00,10000.00,0.00,-1400.00,1200.00
120,6,0.3333,Sword.Dodge.F,306.50,-1000.00,90.15,10000.00,70.00,10000.00,0.00,-1400.00,1200.00
120,6,0.3417,Sword.Dodge.F,311.78,-1000.00,90.15,10000.00,70.00,10000.00,0.00,-1400.00,1200.00
120,6,0.3500,Sword.Dodge.F,317.07,-1000.00,90.15,10000.00,70.00,10000.00,0.00,-1400.00,1200.00
120,6,0.3583,Sword.Dodge.F,322.23,-1000.00,90.15,10000.00,70.00,10000.00,0.00,-1400.00,1200.00
120,6,0.3667,Sword.Dodge.F,327.40,-1000.00,90.15,10000.00,70.00,10000.00,0.00,-1400.00,1200.00
120,6,0.3750,Sword.Dodge.F,332.58,-1000.00,90.15,10000.00,70.00,10000.00,0.00,-1400.00,1200.00
120,6,0.3833,Sword.Dodge.F,337.77,-1000.00,90.15,10000.00,70.00,10000.00,0.00,-1400.00,1200.00
120,6,0.3917,Sword.Dodge.F,343.12,-1000.00,90.15,10000.00,70.00,10000.00,0.00,-1400.00,1200.00
120,6,0.4000,Sword.Dodge.F,348.46,-1000.00,90.15,10000.00,70.00,10000.00,0.00,-1400.00,1200.00
120,6,0.4083,Sword.Dodge.F,354.09,-1000.00,90.15,10000.00,70.00,10000.00,0.00,-1400.00,1200.00
120,6,0.4167,Sword.Dodge.F,359.73,-1000.00,90.15,10000.00,70.00,10000.00,0.00,-1400.00,1200.00
120,6,0.4250,Sword.Dodge.F,365.81,-1000.00,90.15,10000.00,70.00,10000.00,0.00,-1400.00,1200.00
120,6,0.4333,Sword.Dodge.F,371.89,-1000.00,90.15,10000.00,70.00,10000.00,0.00,-1400.00,1200.00
120,6,0.4417,Sword.Dodge.F,378.26,-1000.00,90.15,10000.00,70.00,10000.00,0.00,-1400.00,1200.00
120,6,0.4500,Sword.Dodge.F,384.63,-1000.00,90.15,10000.00,70.00,10000.00,0.00,-1400.00,1200.00
120,6,0.4583,Sword.Dodge.F,390.96,-1000.00,90.15,10000.00,70.00,10000.00,0.00,-1400.00,1200.00
120,6,0.4667,Sword.Dodge.F,397.28,-1000.00,90.15,10000.00,70.00,10000.00,0.00,-1400.00,1200.00
120,6,0.4750,Sword.Dodge.F,403.23,-1000.00,90.15,10000.00,70.00,10000.00,0.00,-1400.00,1200.00
120,6,0.4833,Sword.Dodge.F,409.18,-1000.00,90.15,10000.00,70.00,10000.00,0.00,-1400.00,1200.00
120,6,0.4917,Sword.Dodge.F,414.40,-1000.00,90.15,10000.00,70.00,10000.00,0.00,-1400.00,1200.00
120,6,0.5000,Sword.Dodge.F,419.63,-1000.00,90.15,10000.00,70.00,10000.00,0.00,-1400.00,1200.00
120,6,0.5083,Sword.Dodge.F,424.19,-1000.00,90.15,10000.00,70.00,10000.00,0.00,-1400.00,1200.00
120,6,0.5167,Sword.Dodge.F,428.75,-1000.00,90.15,10000.00,70.00,10000.00,0.00,-1400.00,1200.00
120,6,0.5250,Sword.Dodge.F,432.92,-1000.00,90.15,10000.00,70.00,10000.00,0.00,-1400.00,1200.00
120,6,0.5333,Sword.Dodge.F,437.09,-1000.00,90.15,10000.00,70.00,10000.00,0.00,-1400.00,1200.00
120,6,0.5417,Sword.Dodge.F,440.92,-1000.00,90.15,10000.00,70.00,10000.00,0.00,-1400.00,1200.00
120,6,0.5500,Sword.Dodge.F,444.75,-1000.00,90.15,10000.00,70.00,10000.00,0.00,-1400.00,1200.00
120,6,0.5583,Sword.Dodge.F,448.27,-1000.00,90.15,10000.00,70.00,10000.00,0.00,-1400.00,1200.00
120,6,0.5667,Sword.Dodge.F,451.80,-1000.00,90.15,10000.00,70.00,10000.00,0.00,-1400.00,1200.00
120,6,0.5750,Sword.Dodge.F,455.06,-1000.00,90.15,10000.00,70.00,10000.00,0.00,-1400.00,1200.00
120,6,0.5833,Sword.Dodge.F,458.33,-1000.00,90.15,10000.00,70.00,10000.00,0.00,-1400.00,1200.00
120,6,0.5917,Sword.Dodge.F,461.38,-1000.00,90.15,10000.00,70.00,10000.00,0.00,-1400.00,1200.00
120,6,0.6000,Sword.Dodge.F,464.42,-1000.00,90.15,10000.00,70.00,10000.00,0.00,-1400.00,1200.00
120,6,0.6083,Sword.Dodge.F,466.66,-1000.00,90.15,10000.00,70.00,10000.00,0.00,-1400.00,1200.00
120,6,0.6167,Sword.Dodge.F,468.89,-1000.00,90.15,10000.00,70.00,10000.00,0.00,-1400.00,1200.00
120,6,0.6250,Sword.Dodge.F,470.08,-1000.00,90.15,10000.00,70.00,10000.00,0.00,-1400.00,1200.00
120,6,0.6333,Sword.Dodge.F,471.27,-1000.00,90.15,10000.00,70.00,10000.00,0.00,-1400.00,1200.00
120,6,0.6417,Sword.Dodge.F,471.98,-1000.00,90.15,10000.00,70.00,10000.00,0.00,-1400.00,1200.00
120,6,0.6500,Sword.Dodge.F,472.69,-1000.00,90.15,10000.00,70.00,10000.00,0.00,-1400.00,1200.00
120,6,0.6583,Sword.Dodge.F,473.31,-1000.00,90.15,10000.00,70.00,10000.00,0.00,-1400.00,1200.00
120,6,0.6667,Sword.Dodge.F,473.93,-1000.00,90.15,10000.00,70.00,10000.00,0.00,-1400.00,1200.00
120,6,0.6750,Sword.Dodge.F,474.47,-1000.00,90.15,10000.00,70.00,10000.00,0.00,-1400.00,1200.00
120,6,0.6833,Sword.Dodge.F,475.01,-1000.00,90.15,10000.00,70.00,10000.00,0.00,-1400.00,1200.00
120,6,0.6917,Sword.Dodge.F,475.49,-1000.00,90.15,10000.00,70.00,10000.00,0.00,-1400.00,1200.00
120,6,0.7000,Sword.Dodge.F,475.97,-1000.00,90.15,10000.00,70.00,10000.00,0.00,-1400.00,1200.00
120,6,0.7083,Sword.Dodge.F,476.37,-1000.00,90.15,10000.00,70.00,10000.00,0.00,-1400.00,1200.00
120,6,0.7167,Sword.Dodge.F,476.78,-1000.00,90.15,10000.00,70.00,10000.00,0.00,-1400.00,1200.00
120,6,0.7250,Sword.Dodge.F,477.13,-1000.00,90.15,10000.00,70.00,10000.00,0.00,-1400.00,1200.00
120,6,0.7333,Sword.Dodge.F,477.48,-1000.00,90.15,10000.00,70.00,10000.00,0.00,-1400.00,1200.00
120,6,0.7417,Sword.Dodge.F,477.77,-1000.00,90.15,10000.00,70.00,10000.00,0.00,-1400.00,1200.00
120,6,0.7500,Sword.Dodge.F,478.06,-1000.00,90.15,10000.00,70.00,10000.00,0.00,-1400.00,1200.00
120,6,0.7583,Sword.Dodge.F,478.31,-1000.00,90.15,10000.00,70.00,10000.00,0.00,-1400.00,1200.00
120,6,0.7667,Sword.Dodge.F,478.31,-1000.00,90.15,10000.00,70.00,10000.00,0.00,-1400.00,1200.00
120,6,0.7750,Sword.Dodge.F,478.31,-1000.00,90.15,10000.00,70.00,10000.00,0.00,-1400.00,1200.00
120,6,0.7833,Sword.Dodge.F,478.31,-1000.00,90.15,10000.00,70.00,10000.00,0.00,-1400.00,1200.00
120,6,0.7917,Sword.Dodge.F,478.31,-1000.00,90.15,10000.00,70.00,10000.00,0.00,-1400.00,1200.00
120,6,0.8000,Sword.Dodge.F,478.31,-1000.00,90.15,10000.00,70.00,10000.00,0.00,-1400.00,1200.00
120,6,0.8083,Sword.Dodge.F,478.31,-1000.00,90.15,10000.00,70.00,10000.00,0.00,-1400.00,1200.00
120,6,0.8167,Sword.Dodge.F,478.31,-1000.00,90.15,10000.00,70.00,10000.00,0.00,-1400.00,1200.00
120,6,0.8250,Sword.Dodge.F,478.31,-1000.00,90.15,10000.00,70.00,10000.00,0.00,-1400.00,1200.00
120,6,0.8333,Sword.Dodge.F,478.31,-1000.00,90.15,10000.00,70.00,10000.00,0.00,-1400.00,1200.00
120,6,0.8417,Sword.Dodge.F,478.31,-1000.00,90.15,10000.00,70.00,10000.00,0.00,-1400.00,1200.00
120,6,0.8500,Sword.Dodge.F,478.31,-1000.00,90.15,10000.00,70.00,10000.00,0.00,-1400.00,1200.00
120,6,0.8583,Sword.Dodge.F,478.31,-1000.00,90.15,10000.00,70.00,10000.00,0.00,-1400.00,1200.00
120,6,0.8667,Sword.Dodge.F,478.31,-1000.00,90.15,10000.00,70.00,10000.00,0.00,-1400.00,1200.00
120,6,0.8750,Sword.Dodge.F,478.31,-1000.00,90.15,10000.00,70.00,10000.00,0.00,-1400.00,1200.00
120,6,0.8833,Sword.Dodge.F,478.31,-1000.00,90.15,10000.00,70.00,10000.00,0.00,-1400.00,1200.00
120,6,0.8917,Sword.Dodge.F,478.31,-1000.00,90.15,10000.00,70.00,10000.00,0.00,-1400.00,1200.00
120,6,0.9000,Sword.Dodge.F,478.31,-1000.00,90.15,10000.00,70.00,10000.00,0.00,-1400.00,1200.00
120,6,0.9083,Sword.Dodge.F,478.31,-1000.00,90.15,10000.00,70.00,10000.00,0.00,-1400.00,1200.00
120,6,0.9167,Sword.Dodge.F,478.31,-1000.00,90.15,10000.00,70.00,10000.00,0.00,-1400.00,1200.00
120,6,0.9250,Sword.Dodge.F,478.31,-1000.00,90.15,10000.00,70.00,10000.00,0.00,-1400.00,1200.00
120,6,0.9333,Sword.Dodge.F,478.31,-1000.00,90.15,10000.00,70.00,10000.00,0.00,-1400.00,1200.00
120,6,0.9417,Sword.Dodge.F,478.31,-1000.00,90.15,10000.00,70.00,10000.00,0.00,-1400.00,1200.00
120,6,0.9500,Sword.Dodge.F,478.31,-1000.00,90.15,10000.00,70.00,10000.00,0.00,-1400.00,1200.00
120,6,0.9583,Sword.Dodge.F,478.31,-1000.00,90.15,10000.00,70.00,10000.00,0.00,-1400.00,1200.00
120,6,0.9667,Sword.Dodge.F,478.31,-1000.00,90.15,10000.00,70.00,10000.00,0.00,-1400.00,1200.00
120,6,0.9750,Sword.Dodge.F,478.31,-1000.00,90.15,10000.00,70.00,10000.00,0.00,-1400.00,1200.00
120,6,0.9833,Sword.Dodge.F,478.31,-1000.00,90.15,10000.00,70.00,10000.00,0.00,-1400.00,1200.00
120,6,0.9917,Sword.Dodge.F,478.31,-1000.00,90.15,10000.00,70.00,10000.00,0.00,-1400.00,1200.00
120,6,1.0000,None,478.31,-1000.00,90.15,10000.00,70.00,10000.00,0.00,-1400.00,1200.00
120,6,1.0083,None,478.31,-1000.00,90.15,10000.00,70.21,10000.00,0.00,-1400.00,1200.00
120,6,1.0167,None,478.31,-1000.00,90.15,10000.00,70.42,10000.00,0.00,-1400.00,1200.00
120,6,1.0250,None,478.31,-1000.00,90.15,10000.00,70.63,10000.00,0.00,-1400.00,1200.00
120,6,1.0333,None,478.31,-1000.00,90.15,10000.00,70.83,10000.00,0.00,-1400.00,1200.00
120,6,1.0417,None,478.31,-1000.00,90.15,10000.00,71.04,10000.00,0.00,-1400.00,1200.00
120,6,1.0500,None,478.31,-1000.00,90.15,10000.00,71.25,10000.00,0.00,-1400.00,1200.00
120,6,1.0583,None,478.31,-1000.00,90.15,10000.00,71.46,10000.00,0.00,-1400.00,1200.00
120,6,1.0667,None,478.31,-1000.00,90.15,10000.00,71.67,10000.00,0.00,-1400.00,1200.00
120,6,1.0750,None,478.31,-1000.00,90.15,10000.00,71.88,10000.00,0.00,-1400.00,1200.00
120,6,1.0833,None,478.31,-1000.00,90.15,10000.00,72.08,10000.00,0.00,-1400.00,1200.00
120,6,1.0917,None,478.31,-1000.00,90.15,10000.00,72.29,10000.00,0.00,-1400.00,1200.00
120,6,1.1000,None,478.31,-1000.00,90.15,10000.00,72.50,10000.00,0.00,-1400.00,1200.00
120,6,1.1083,None,478.31,-1000.00,90.15,10000.00,72.71,10000.00,0.00,-1400.00,1200.00
120,6,1.1167,None,478.31,-1000.00,90.15,10000.00,72.92,10000.00,0.00,-1400.00,1200.00
120,6,1.1250,None,478.31,-1000.00,90.15,10000.00,73.13,10000.00,0.00,-1400.00,1200.00
120,6,1.1333,None,478.31,-1000.00,90.15,10000.00,73.33,10000.00,0.00,-1400.00,1200.00
120,6,1.1417,None,478.31,-1000.00,90.15,10000.00,73.54,10000.00,0.00,-1400.00,1200.00
120,6,1.1500,None,478.31,-1000.00,90.15,10000.00,73.75,10000.00,0.00,-1400.00,1200.00
120,7,0.0083,None,0.00,-1000.00,90.15,10000.00,100.00,10000.00,0.00,140.00,-1000.00
120,7,0.0167,None,0.00,-1000.00,90.15,10000.00,100.00,10000.00,0.00,140.00,-1000.00
120,7,0.0250,None,0.00,-1000.00,90.15,10000.00,100.00,10000.00,0.00,140.00,-1000.00
120,7,0.0333,None,0.00,-1000.00,90.15,10000.00,100.00,10000.00,0.00,140.00,-1000.00
120,7,0.0417,None,0.00,-1000.00,90.15,10000.00,100.00,10000.00,0.00,140.00,-1000.00
120,7,0.0500,None,0.00,-1000.00,90.15,10000.00,100.00,10000.00,0.00,140.00,-1000.00
120,7,0.0583,None,0.00,-1000.00,90.15,10000.00,100.00,10000.00,0.00,140.00,-1000.00
120,7,0.0667,None,0.00,-1000.00,90.15,10000.00,100.00,10000.00,0.00,140.00,-1000.00
120,7,0.0750,None,0.00,-1000.00,90.15,10000.00,100.00,10000.00,0.00,140.00,-1000.00
120,7,0.0833,None,0.00,-1000.00,90.15,10000.00,100.00,10000.00,0.00,140.00,-1000.00
120,7,0.0917,None,0.00,-1000.00,90.15,10000.00,100.00,10000.00,0.00,140.00,-1000.00
120,7,0.1000,None,0.00,-1000.00,90.15,10000.00,100.00,10000.00,0.00,140.00,-1000.00
120,7,0.1083,None,0.00,-1000.00,90.15,10000.00,100.00,10000.00,0.00,140.00,-1000.00
120,7,0.1167,None,0.00,-1000.00,90.15,10000.00,100.00,10000.00,0.00,140.00,-1000.00
120,7,0.1250,None,0.00,-1000.00,90.15,10000.00,100.00,10000.00,0.00,140.00,-1000.00
120,7,0.1333,Sword.ParryCounter,1.42,-1000.00,90.15,10000.00,100.00,10000.00,0.00,140.00,-1000.00
120,7,0.1417,Sword.ParryCounter,2.84,-1000.00,90.15,10000.00,100.00,10000.00,0.00,140.00,-1000.00
120,7,0.1500,Sword.ParryCounter,4.26,-1000.00,90.15,10000.00,100.00,10000.00,0.00,140.00,-1000.00
120,7,0.1583,Sword.ParryCounter,5.68,-1000.00,90.15,10000.00,100.00,10000.00,0.00,140.00,-1000.00
120,7,0.1667,Sword.ParryCounter,7.10,-1000.00,90.15,10000.00,100.00,10000.00,0.00,140.00,-1000.00
120,7,0.1750,Sword.ParryCounter,8.51,-1000.00,90.15,10000.00,100.00,10000.00,0.00,140.00,-1000.00
120,7,0.1833,Sword.ParryCounter,9.94,-1000.00,90.15,10000.00,100.00,10000.00,0.00,140.00,-1000.00
120,7,0.1917,Sword.ParryCounter,11.36,-1000.00,90.15,10000.00,100.00,10000.00,0.00,140.00,-1000.00
120,7,0.2000,Sword.ParryCounter,12.79,-1000.00,90.15,10000.00,100.00,10000.00,0.00,140.00,-1000.00
120,7,0.2083,Sword.ParryCounter,14.22,-1000.00,90.15,10000.00,100.00,10000.00,0.00,140.00,-1000.00
120,7,0.2167,Sword.ParryCounter,15.66,-1000.00,90.15,10000.00,100.00,10000.00,0.00,140.00,-1000.00
120,7,0.2250,Sword.ParryCounter,17.10,-1000.00,90.15,10000.00,100.00,10000.00,0.00,140.00,-1000.00
120,7,0.2333,Sword.ParryCounter,18.52,-1000.00,90.15,10000.00,100.00,10000.00,0.00,140.00,-1000.00
120,7,0.2417,Sword.ParryCounter,19.94,-1000.00,90.15,10000.00,100.00,10000.00,0.00,140.00,-1000.00
120,7,0.2500,Sword.ParryCounter,21.34,-1000.00,90.15,10000.00,100.00,10000.00,0.00,140.00,-1000.00
120,7,0.2583,Sword.ParryCounter,22.74,-1000.00,90.15,10000.00,100.00,10000.00,0.00,140.00,-1000.00
120,7,0.2667,Sword.ParryCounter,24.15,-1000.00,90.15,10000.00,100.00,10000.00,0.00,140.00,-1000.00
120,7,0.2750,Sword.ParryCounter,25.55,-1000.00,90.15,10000.00,100.00,10000.00,0.00,140.00,-1000.00
120,7,0.2833,Sword.ParryCounter,27.00,-1000.00,90.15,10000.00,100.00,10000.00,0.00,140.00,-1000.00
120,7,0.2917,Sword.ParryCounter,28.44,-1000.00,90.15,10000.00,100.00,10000.00,0.00,140.00,-1000.00
120,7,0.3000,Sword.ParryCounter,29.96,-1000.00,90.15,10000.00,100.00,10000.00,0.00,140.00,-1000.00
120,7,0.3083,Sword.ParryCounter,31.47,-1000.00,90.15,10000.00,100.00,10000.00,0.00,140.00,-1000.00
120,7,0.3167,Sword.ParryCounter,33.09,-1000.00,90.15,10000.00,100.00,10000.00,0.00,140.00,-1000.00
120,7,0.3250,Sword.ParryCounter,34.71,-1000.00,90.15,10000.00,100.00,10000.00,0.00,140.00,-1000.00
120,7,0.3333,Sword.ParryCounter,36.45,-1000.00,90.15,10000.00,100.00,10000.00,0.00,140.00,-1000.00
120,7,0.3417,Sword.ParryCounter,38.19,-1000.00,90.15,10000.00,100.00,10000.00,0.00,140.00,-1000.00
120,7,0.3500,Sword.ParryCounter,40.04,-1000.00,90.15,10000.00,100.00,10000.00,0.00,140.00,-1000.00
120,7,0.3583,Sword.ParryCounter,41.89,-1000.00,90.15,10000.00,100.00,10000.00,0.00,140.00,-1000.00
120,7,0.3667,Sword.ParryCounter,43.84,-1000.00,90.15,10000.00,100.00,10000.00,0.00,140.00,-1000.00
120,7,0.3750,Sword.ParryCounter,45.79,-1000.00,90.15,10000.00,100.00,10000.00,0.00,140.00,-1000.00
120,7,0.3833,Sword.ParryCounter,47.83,-1000.00,90.15,10000.00,100.00,10000.00,0.00,140.00,-1000.00
120,7,0.3917,Sword.ParryCounter,49.88,-1000.00,90.15,10000.00,100.00,10000.00,0.00,140.00,-1000.00
120,7,0.4000,Sword.ParryCounter,52.01,-1000.00,90.15,10000.00,100.00,10000.00,0.00,140.00,-1000.00
120,7,0.4083,Sword.ParryCounter,54.15,-1000.00,90.15,10000.00,100.00,10000.00,0.00,140.00,-1000.00
120,7,0.4167,Sword.ParryCounter,56.52,-1000.00,90.15,10000.00,100.00,10000.00,0.00,140.00,-1000.00
120,7,0.4250,Sword.ParryCounter,58.90,-1000.00,90.15,10000.00,100.00,10000.00,0.00,140.00,-1000.00
120,7,0.4333,Sword.ParryCounter,61.51,-1000.00,90.15,10000.00,100.00,10000.00,0.00,140.00,-1000.00
120,7,0.4417,Sword.ParryCounter,64.13,-1000.00,90.15,10000.00,100.00,10000.00,0.00,140.00,-1000.00
120,7,0.4500,Sword.ParryCounter,66.77,-1000.00,90.15,10000.00,100.00,10000.00,0.00,140.00,-1000.00
120,7,0.4583,Sword.ParryCounter,69.40,-1000.00,90.15,10000.00,100.00,10000.00,0.00,140.00,-1000.00
120,7,0.4667,Sword.ParryCounter,71.84,-1000.00,90.15,10000.00,100.00,10000.00,0.00,140.00,-1000.00
120,7,0.4750,Sword.ParryCounter,71.84,-1000.00,90.15,10000.00,100.00,10000.00,0.00,140.00,-1000.00
120,7,0.4833,Sword.ParryCounter,71.84,-1000.00,90.15,10000.00,100.00,10000.00,0.00,140.00,-1000.00
120,7,0.4917,Sword.ParryCounter,71.84,-1000.00,90.15,10000.00,100.00,10000.00,0.00,140.00,-1000.00
120,7,0.5000,Sword.ParryCounter,71.85,-1000.00,90.15,10000.00,100.00,10000.00,0.00,140.00,-1000.00
120,7,0.5083,Sword.ParryCounter,71.85,-1000.00,90.15,10000.00,100.00,10000.00,0.00,140.00,-1000.00
120,7,0.5167,Sword.ParryCounter,71.89,-1000.00,90.15,10000.00,100.00,10000.00,0.00,140.00,-1000.00
120,7,0.5250,Sword.ParryCounter,71.89,-1000.00,90.15,10000.00,100.00,10000.00,0.00,140.00,-1000.00
120,7,0.5333,Sword.ParryCounter,71.90,-1000.00,90.15,10000.00,100.00,10000.00,0.00,140.00,-1000.00
120,7,0.5417,Sword.ParryCounter,71.90,-1000.00,90.15,10000.00,100.00,10000.00,0.00,140.00,-1000.00
120,7,0.5500,Sword.ParryCounter,71.90,-1000.00,90.15,10000.00,100.00,10000.00,0.00,140.00,-1000.00
120,7,0.5583,Sword.ParryCounter,71.90,-1000.00,90.15,10000.00,100.00,10000.00,0.00,140.00,-1000.00
120,7,0.5667,Sword.ParryCounter,71.90,-1000.00,90.15,10000.00,100.00,10000.00,0.00,140.00,-1000.00
120,7,0.5750,Sword.ParryCounter,71.90,-1000.00,90.15,10000.00,100.00,10000.00,0.00,140.00,-1000.00
120,7,0.5833,Sword.ParryCounter,71.90,-1000.00,90.15,10000.00,100.00,10000.00,0.00,140.00,-1000.00
120,7,0.5917,Sword.ParryCounter,71.90,-1000.00,90.15,10000.00,100.00,10000.00,0.00,140.00,-1000.00
120,7,0.6000,Sword.ParryCounter,71.90,-1000.00,90.15,10000.00,100.00,10000.00,0.00,140.00,-1000.00
120,7,0.6083,Sword.ParryCounter,71.90,-1000.00,90.15,10000.00,100.00,10000.00,0.00,140.00,-1000.00
120,7,0.6167,Sword.ParryCounter,71.90,-1000.00,90.15,10000.00,100.00,10000.00,0.00,140.00,-1000.00
120,7,0.6250,Sword.ParryCounter,71.90,-1000.00,90.15,10000.00,100.00,10000.00,0.00,140.00,-1000.00
120,7,0.6333,Sword.ParryCounter,71.90,-1000.00,90.15,10000.00,100.00,10000.00,0.00,140.00,-1000.00
120,7,0.6417,Sword.ParryCounter,71.90,-1000.00,90.15,10000.00,100.00,10000.00,0.00,140.00,-1000.00
120,7,0.6500,Sword.ParryCounter,71.90,-1000.00,90.15,10000.00,100.00,10000.00,0.00,140.00,-1000.00
120,7,0.6583,Sword.ParryCounter,71.90,-1000.00,90.15,10000.00,100.00,10000.00,0.00,140.00,-1000.00
120,7,0.6667,Sword.ParryCounter,71.90,-1000.00,90.15,10000.00,100.00,10000.00,0.00,140.00,-1000.00
120,7,0.6750,Sword.ParryCounter,71.90,-1000.00,90.15,10000.00,100.00,10000.00,0.00,140.00,-1000.00
120,7,0.6833,Sword.ParryCounter,71.90,-1000.00,90.15,10000.00,100.00,10000.00,0.00,140.00,-1000.00
120,7,0.6917,Sword.ParryCounter,71.90,-1000.00,90.15,10000.00,100.00,10000.00,0.00,140.00,-1000.00
120,7,0.7000,Sword.ParryCounter,71.90,-1000.00,90.15,10000.00,100.00,10000.00,0.00,140.00,-1000.00
120,7,0.7083,Sword.ParryCounter,71.90,-1000.00,90.15,10000.00,100.00,10000.00,0.00,140.00,-1000.00
120,7,0.7167,Sword.ParryCounter,71.90,-1000.00,90.15,10000.00,100.00,10000.00,0.00,140.00,-1000.00
120,7,0.7250,Sword.ParryCounter,71.90,-1000.00,90.15,10000.00,100.00,10000.00,0.00,140.00,-1000.00
120,7,0.7333,Sword.ParryCounter,71.90,-1000.00,90.15,10000.00,100.00,10000.00,0.00,140.00,-1000.00
120,7,0.7417,Sword.ParryCounter,71.90,-1000.00,90.15,10000.00,100.00,10000.00,0.00,140.00,-1000.00
120,7,0.7500,Sword.ParryCounter,71.82,-1000.00,90.15,10000.00,100.00,10000.00,0.00,140.00,-1000.00
120,7,0.7583,Sword.ParryCounter,71.75,-1000.00,90.15,10000.00,100.00,10000.00,0.00,140.00,-1000.00
120,7,0.7667,Sword.ParryCounter,71.42,-1000.00,90.15,10000.00,100.00,10000.00,0.00,140.00,-1000.00
120,7,0.7750,Sword.ParryCounter,71.09,-1000.00,90.15,10000.00,100.00,10000.00,0.00,140.00,-1000.00
120,7,0.7833,Sword.ParryCounter,70.59,-1000.00,90.15,10000.00,100.00,10000.00,0.00,140.00,-1000.00
120,7,0.7917,Sword.ParryCounter,70.09,-1000.00,90.15,10000.00,100.00,10000.00,0.00,140.00,-1000.00
120,7,0.8000,Sword.ParryCounter,69.49,-1000.00,90.15,10000.00,100.00,10000.00,0.00,140.00,-1000.00
120,7,0.8083,Sword.ParryCounter,68.88,-1000.00,90.15,10000.00,100.00,10000.00,0.00,140.00,-1000.00
120,7,0.8167,Sword.ParryCounter,68.23,-1000.00,90.15,10000.00,100.00,10000.00,0.00,140.00,-1000.00
120,7,0.8250,Sword.ParryCounter,67.59,-1000.00,90.15,10000.00,100.00,10000.00,0.00,140.00,-1000.00
120,7,0.8333,Sword.ParryCounter,66.76,-1000.00,90.15,10000.00,100.00,10000.00,0.00,140.00,-1000.00
120,7,0.8417,Sword.ParryCounter,65.93,-1000.00,90.15,10000.00,100.00,10000.00,0.00,140.00,-1000.00
120,7,0.8500,Sword.ParryCounter,64.88,-1000.00,90.15,10000.00,100.00,10000.00,0.00,140.00,-1000.00
120,7,0.8583,Sword.ParryCounter,63.83,-1000.00,90.15,10000.00,100.00,10000.00,0.00,140.00,-1000.00
120,7,0.8667,Sword.ParryCounter,62.82,-1000.00,90.15,10000.00,100.00,10000.00,0.00,140.00,-1000.00
120,7,0.8750,Sword.ParryCounter,61.82,-1000.00,90.15,10000.00,100.00,10000.00,0.00,140.00,-1000.00
120,7,0.8833,Sword.ParryCounter,61.13,-1000.00,90.15,10000.00,100.00,10000.00,0.00,140.00,-1000.00
120,7,0.8917,Sword.ParryCounter,60.45,-1000.00,90.15,10000.00,100.00,10000.00,0.00,140.00,-1000.00
120,7,0.9000,Sword.ParryCounter,60.78,-1000.00,90.15,10000.00,100.00,10000.00,0.00,140.00,-1000.00
120,7,0.9083,Sword.ParryCounter,61.11,-1000.00,90.15,10000.00,100.00,10000.00,0.00,140.00,-1000.00
120,7,0.9167,Sword.ParryCounter,61.72,-1000.00,90.15,10000.00,100.00,10000.00,0.00,140.00,-1000.00
120,7,0.9250,Sword.ParryCounter,62.33,-1000.00,90.15,10000.00,100.00,10000.00,0.00,140.00,-1000.00
120,7,0.9333,Sword.ParryCounter,62.20,-1000.00,90.15,10000.00,100.00,10000.00,0.00,140.00,-1000.00
120,7,0.9417,Sword.ParryCounter,62.07,-1000.00,90.15,10000.00,100.00,10000.00,0.00,140.00,-1000.00
120,7,0.9500,Sword.ParryCounter,61.70,-1000.00,90.15,10000.00,100.00,10000.00,0.00,140.00,-1000.00
120,7,0.9583,Sword.ParryCounter,61.33,-1000.00,90.15,10000.00,100.00,10000.00,0.00,140.00,-1000.00
120,7,0.9667,Sword.ParryCounter,60.92,-1000.00,90.15,10000.00,100.00,10000.00,0.00,140.00,-1000.00
120,7,0.9750,Sword.ParryCounter,60.51,-1000.00,90.15,10000.00,100.00,10000.00,0.00,140.00,-1000.00
120,7,0.9833,Sword.ParryCounter,60.06,-1000.00,90.15,10000.00,100.00,10000.00,0.00,140.00,-1000.00
120,7,0.9917,Sword.ParryCounter,59.60,-1000.00,90.15,10000.00,100.00,10000.00,0.00,140.00,-1000.00
120,7,1.0000,Sword.ParryCounter,59.14,-1000.00,90.15,10000.00,100.00,10000.00,0.00,140.00,-1000.00
120,7,1.0083,Sword.ParryCounter,58.68,-1000.00,90.15,10000.00,100.00,10000.00,0.00,140.00,-1000.00
120,7,1.0167,Sword.ParryCounter,58.25,-1000.00,90.15,10000.00,100.00,10000.00,0.00,140.00,-1000.00
120,7,1.0250,Sword.ParryCounter,57.81,-1000.00,90.15,10000.00,100.00,10000.00,0.00,140.00,-1000.00
120,7,1.0333,Sword.ParryCounter,57.37,-1000.00,90.15,10000.00,100.00,10000.00,0.00,140.00,-1000.00
120,7,1.0417,Sword.ParryCounter,56.93,-1000.00,90.15,10000.00,100.00,10000.00,0.00,140.00,-1000.00
120,7,1.0500,Sword.ParryCounter,56.48,-1000.00,90.15,10000.00,100.00,10000.00,0.00,140.00,-1000.00
120,7,1.0583,Sword.ParryCounter,56.03,-1000.00,90.15,10000.00,100.00,10000.00,0.00,140.00,-1000.00
120,7,1.0667,Sword.ParryCounter,55.64,-1000.00,90.15,10000.00,100.00,10000.00,0.00,140.00,-1000.00
120,7,1.0750,Sword.ParryCounter,55.25,-1000.00,90.15,10000.00,100.00,10000.00,0.00,140.00,-1000.00
120,7,1.0833,Sword.ParryCounter,55.01,-1000.00,90.15,10000.00,100.00,10000.00,0.00,140.00,-1000.00
120,7,1.0917,Sword.ParryCounter,54.76,-1000.00,90.15,10000.00,100.00,10000.00,0.00,140.00,-1000.00
120,7,1.1000,Sword.ParryCounter,54.71,-1000.00,90.15,10000.00,100.00,10000.00,0.00,140.00,-1000.00
120,7,1.1083,Sword.ParryCounter,54.65,-1000.00,90.15,10000.00,100.00,10000.00,0.00,140.00,-1000.00
120,7,1.1167,Sword.ParryCounter,54.74,-1000.00,90.15,10000.00,100.00,10000.00,0.00,140.00,-1000.00
120,7,1.1250,Sword.ParryCounter,54.83,-1000.00,90.15,10000.00,100.00,10000.00,0.00,140.00,-1000.00
120,7,1.1333,Sword.ParryCounter,54.99,-1000.00,90.15,10000.00,100.00,10000.00,0.00,140.00,-1000.00
120,7,1.1417,Sword.ParryCounter,55.14,-1000.00,90.15,10000.00,100.00,10000.00,0.00,140.00,-1000.00
120,7,1.1500,Sword.ParryCounter,55.27,-1000.00,90.15,10000.00,100.00,10000.00,0.00,140.00,-1000.00
120,7,1.1583,Sword.ParryCounter,55.40,-1000.00,90.15,10000.00,100.00,10000.00,0.00,140.00,-1000.00
120,7,1.1667,Sword.ParryCounter,55.51,-1000.00,90.15,10000.00,100.00,10000.00,0.00,140.00,-1000.00
120,7,1.1750,Sword.ParryCounter,55.62,-1000.00,90.15,10000.00,100.00,10000.00,0.00,140.00,-1000.00
120,7,1.1833,Sword.ParryCounter,55.74,-1000.00,90.15,10000.00,100.00,10000.00,0.00,140.00,-1000.00
120,7,1.1917,Sword.ParryCounter,55.86,-1000.00,90.15,10000.00,100.00,10000.00,0.00,140.00,-1000.00
120,7,1.2000,Sword.ParryCounter,55.99,-1000.00,90.15,10000.00,100.00,10000.00,0.00,140.00,-1000.00
120,7,1.2083,Sword.ParryCounter,56.12,-1000.00,90.15,10000.00,100.00,10000.00,0.00,140.00,-1000.00
120,7,1.2167,Sword.ParryCounter,56.23,-1000.00,90.15,10000.00,100.00,10000.00,0.00,140.00,-1000.00
120,7,1.2250,Sword.ParryCounter,56.35,-1000.00,90.15,10000.00,100.00,10000.00,0.00,140.00,-1000.00
120,7,1.2333,Sword.ParryCounter,56.45,-1000.00,90.15,10000.00,100.00,10000.00,0.00,140.00,-1000.00
120,7,1.2417,Sword.ParryCounter,56.54,-1000.00,90.15,10000.00,100.00,10000.00,0.00,140.00,-1000.00
120,7,1.2500,Sword.ParryCounter,56.63,-1000.00,90.15,10000.00,100.00,10000.00,0.00,140.00,-1000.00
120,7,1.2583,Sword.ParryCounter,56.71,-1000.00,90.15,10000.00,100.00,10000.00,0.00,140.00,-1000.00
120,7,1.2667,Sword.ParryCounter,56.79,-1000.00,90.15,10000.00,100.00,10000.00,0.00,140.00,-1000.00
120,7,1.2750,Sword.ParryCounter,56.88,-1000.00,90.15,10000.00,100.00,10000.00,0.00,140.00,-1000.00
120,7,1.2833,Sword.ParryCounter,56.99,-1000.00,90.15,10000.00,100.00,10000.00,0.00,140.00,-1000.00
120,7,1.2917,Sword.ParryCounter,57.09,-1000.00,90.15,10000.00,100.00,10000.00,0.00,140.00,-1000.00
120,7,1.3000,Sword.ParryCounter,57.25,-1000.00,90.15,10000.00,100.00,10000.00,0.00,140.00,-1000.00
120,7,1.3083,Sword.ParryCounter,57.40,-1000.00,90.15,10000.00,100.00,10000.00,0.00,140.00,-1000.00
120,7,1.3167,Sword.ParryCounter,57.59,-1000.00,90.15,10000.00,100.00,10000.00,0.00,140.00,-1000.00
120,7,1.3250,Sword.ParryCounter,57.78,-1000.00,90.15,10000.00,100.00,10000.00,0.00,140.00,-1000.00
120,7,1.3333,Sword.ParryCounter,57.98,-1000.00,90.15,10000.00,100.00,10000.00,0.00,140.00,-1000.00
120,7,1.3417,Sword.ParryCounter,58.18,-1000.00,90.15,10000.00,100.00,10000.00,0.00,140.00,-1000.00
120,7,1.3500,Sword.ParryCounter,58.39,-1000.00,90.15,10000.00,100.00,10000.00,0.00,140.00,-1000.00
120,7,1.3583,Sword.ParryCounter,58.61,-1000.00,90.15,10000.00,100.00,10000.00,0.00,140.00,-1000.00
120,7,1.3667,Sword.ParryCounter,58.84,-1000.00,90.15,10000.00,100.00,10000.00,0.00,140.00,-1000.00
120,7,1.3750,Sword.ParryCounter,59.07,-1000.00,90.15,10000.00,100.00,10000.00,0.00,140.00,-1000.00
120,7,1.3833,Sword.ParryCounter,59.32,-1000.00,90.15,10000.00,100.00,10000.00,0.00,140.00,-1000.00
120,7,1.3917,Sword.ParryCounter,59.57,-1000.00,90.15,10000.00,100.00,10000.00,0.00,140.00,-1000.00
120,7,1.4000,Sword.ParryCounter,59.84,-1000.00,90.15,10000.00,100.00,10000.00,0.00,140.00,-1000.00
120,7,1.4083,Sword.ParryCounter,60.11,-1000.00,90.15,10000.00,100.00,10000.00,0.00,140.00,-1000.00
120,7,1.4167,Sword.ParryCounter,60.40,-1000.00,90.15,10000.00,100.00,10000.00,0.00,140.00,-1000.00
120,7,1.4250,Sword.ParryCounter,60.69,-1000.00,90.15,10000.00,100.00,10000.00,0.00,140.00,-1000.00
120,7,1.4333,Sword.ParryCounter,61.00,-1000.00,90.15,10000.00,100.00,10000.00,0.00,140.00,-1000.00
120,7,1.4417,Sword.ParryCounter,61.31,-1000.00,90.15,10000.00,100.00,10000.00,0.00,140.00,-1000.00
120,7,1.4500,Sword.ParryCounter,61.62,-1000.00,90.15,10000.00,100.00,10000.00,0.00,140.00,-1000.00
120,7,1.4583,Sword.ParryCounter,61.94,-1000.00,90.15,10000.00,100.00,10000.00,0.00,140.00,-1000.00
120,7,1.4667,Sword.ParryCounter,62.26,-1000.00,90.15,10000.00,100.00,10000.00,0.00,140.00,-1000.00
120,7,1.4750,Sword.ParryCounter,62.58,-1000.00,90.15,10000.00,100.00,10000.00,0.00,140.00,-1000.00
120,7,1.4833,Sword.ParryCounter,62.90,-1000.00,90.15,10000.00,100.00,10000.00,0.00,140.00,-1000.00
120,7,1.4917,Sword.ParryCounter,63.23,-1000.00,90.15,10000.00,100.00,10000.00,0.00,140.00,-1000.00
120,7,1.5000,Sword.ParryCounter,63.56,-1000.00,90.15,10000.00,100.00,10000.00,0.00,140.00,-1000.00
120,7,1.5083,Sword.ParryCounter,63.90,-1000.00,90.15,10000.00,100.00,10000.00,0.00,140.00,-1000.00
120,7,1.5167,Sword.ParryCounter,64.24,-1000.00,90.15,10000.00,100.00,10000.00,0.00,140.00,-1000.00
120,7,1.5250,Sword.ParryCounter,64.58,-1000.00,90.15,10000.00,100.00,10000.00,0.00,140.00,-1000.00
120,7,1.5333,Sword.ParryCounter,64.91,-1000.00,90.15,10000.00,100.00,10000.00,0.00,140.00,-1000.00
120,7,1.5417,Sword.ParryCounter,65.25,-1000.00,90.15,10000.00,100.00,10000.00,0.00,140.00,-1000.00
120,7,1.5500,Sword.ParryCounter,65.60,-1000.00,90.15,10000.00,100.00,10000.00,0.00,140.00,-1000.00
120,7,1.5583,Sword.ParryCounter,65.94,-1000.00,90.15,10000.00,100.00,10000.00,0.00,140.00,-1000.00
120,7,1.5667,Sword.ParryCounter,66.28,-1000.00,90.15,10000.00,100.00,10000.00,0.00,140.00,-1000.00
120,7,1.5750,Sword.ParryCounter,66.63,-1000.00,90.15,10000.00,100.00,10000.00,0.00,140.00,-1000.00
120,7,1.5833,Sword.ParryCounter,66.97,-1000.00,90.15,10000.00,100.00,10000.00,0.00,140.00,-1000.00
120,7,1.5917,Sword.ParryCounter,67.32,-1000.00,90.15,10000.00,100.00,10000.00,0.00,140.00,-1000.00
120,7,1.6000,Sword.ParryCounter,67.66,-1000.00,90.15,10000.00,100.00,10000.00,0.00,140.00,-1000.00
120,7,1.6083,Sword.ParryCounter,68.01,-1000.00,90.15,10000.00,100.00,10000.00,0.00,140.00,-1000.00
120,7,1.6167,Sword.ParryCounter,68.35,-1000.00,90.15,10000.00,100.00,10000.00,0.00,140.00,-1000.00
120,7,1.6250,Sword.ParryCounter,68.69,-1000.00,90.15,10000.00,100.00,10000.00,0.00,140.00,-1000.00
120,7,1.6333,Sword.ParryCounter,69.03,-1000.00,90.15,10000.00,100.00,10000.00,0.00,140.00,-1000.00
120,7,1.6417,Sword.ParryCounter,69.37,-1000.00,90.15,10000.00,100.00,10000.00,0.00,140.00,-1000.00
120,7,1.6500,Sword.ParryCounter,69.70,-1000.00,90.15,10000.00,100.00,10000.00,0.00,140.00,-1000.00
120,7,1.6583,Sword.ParryCounter,70.04,-1000.00,90.15,10000.00,100.00,10000.00,0.00,140.00,-1000.00
120,7,1.6667,Sword.ParryCounter,70.37,-1000.00,90.15,10000.00,100.00,10000.00,0.00,140.00,-1000.00
120,7,1.6750,Sword.ParryCounter,70.70,-1000.00,90.15,10000.00,100.00,10000.00,0.00,140.00,-1000.00
120,7,1.6833,Sword.ParryCounter,71.03,-1000.00,90.15,10000.00,100.00,10000.00,0.00,140.00,-1000.00
120,7,1.6917,Sword.ParryCounter,71.36,-1000.00,90.15,10000.00,100.00,10000.00,0.00,140.00,-1000.00
120,7,1.7000,Sword.ParryCounter,71.68,-1000.00,90.15,10000.00,100.00,10000.00,0.00,140.00,-1000.00
120,7,1.7083,Sword.ParryCounter,71.90,-1000.00,90.15,10000.00,100.00,10000.00,0.00,140.00,-1000.00
120,7,1.7167,Sword.ParryCounter,71.90,-1000.00,90.15,10000.00,100.00,10000.00,0.00,140.00,-1000.00
120,7,1.7250,Sword.ParryCounter,71.90,-1000.00,90.15,10000.00,100.00,10000.00,0.00,140.00,-1000.00
120,7,1.7333,Sword.ParryCounter,71.90,-1000.00,90.15,10000.00,100.00,10000.00,0.00,140.00,-1000.00
120,7,1.7417,Sword.ParryCounter,71.90,-1000.00,90.15,10000.00,100.00,10000.00,0.00,140.00,-1000.00
120,7,1.7500,Sword.ParryCounter,71.90,-1000.00,90.15,10000.00,100.00,10000.00,0.00,140.00,-1000.00
120,7,1.7583,Sword.ParryCounter,71.90,-1000.00,90.15,10000.00,100.00,10000.00,0.00,140.00,-1000.00
120,7,1.7667,Sword.ParryCounter,71.90,-1000.00,90.15,10000.00,100.00,10000.00,0.00,140.00,-1000.00
120,7,1.7750,Sword.ParryCounter,71.90,-1000.00,90.15,10000.00,100.00,10000.00,0.00,140.00,-1000.00
120,7,1.7833,Sword.ParryCounter,71.90,-1000.00,90.15,10000.00,100.00,10000.00,0.00,140.00,-1000.00
120,7,1.7917,Sword.ParryCounter,71.90,-1000.00,90.15,10000.00,100.00,10000.00,0.00,140.00,-1000.00
120,7,1.8000,Sword.ParryCounter,71.90,-1000.00,90.15,10000.00,100.00,10000.00,0.00,140.00,-1000.00
120,7,1.8083,Sword.ParryCounter,71.90,-1000.00,90.15,10000.00,100.00,10000.00,0.00,140.00,-1000.00
120,7,1.8167,Sword.ParryCounter,71.90,-1000.00,90.15,10000.00,100.00,10000.00,0.00,140.00,-1000.00
120,7,1.8250,Sword.ParryCounter,71.90,-1000.00,90.15,10000.00,100.00,10000.00,0.00,140.00,-1000.00
120,7,1.8333,Sword.ParryCounter,71.90,-1000.00,90.15,10000.00,100.00,10000.00,0.00,140.00,-1000.00
120,7,1.8417,Sword.ParryCounter,71.90,-1000.00,90.15,10000.00,100.00,10000.00,0.00,140.00,-1000.00
120,7,1.8500,Sword.ParryCounter,71.90,-1000.00,90.15,10000.00,100.00,10000.00,0.00,140.00,-1000.00
120,7,1.8583,Sword.ParryCounter,71.90,-1000.00,90.15,10000.00,100.00,10000.00,0.00,140.00,-1000.00
120,7,1.8667,Sword.ParryCounter,71.90,-1000.00,90.15,10000.00,100.00,10000.00,0.00,140.00,-1000.00
120,7,1.8750,Sword.ParryCounter,71.90,-1000.00,90.15,10000.00,100.00,10000.00,0.00,140.00,-1000.00
120,7,1.8833,Sword.ParryCounter,71.90,-1000.00,90.15,10000.00,100.00,10000.00,0.00,140.00,-1000.00
120,7,1.8917,Sword.ParryCounter,71.90,-1000.00,90.15,10000.00,100.00,10000.00,0.00,140.00,-1000.00
120,7,1.9000,Sword.ParryCounter,71.90,-1000.00,90.15,10000.00,100.00,10000.00,0.00,140.00,-1000.00
120,7,1.9083,Sword.ParryCounter,71.90,-1000.00,90.15,10000.00,100.00,10000.00,0.00,140.00,-1000.00
120,7,1.9167,Sword.ParryCounter,71.90,-1000.00,90.15,10000.00,100.00,10000.00,0.00,140.00,-1000.00
120,7,1.9250,Sword.ParryCounter,71.90,-1000.00,90.15,10000.00,100.00,10000.00,0.00,140.00,-1000.00
120,7,1.9333,Sword.ParryCounter,71.90,-1000.00,90.15,10000.00,100.00,10000.00,0.00,140.00,-1000.00
120,7,1.9417,Sword.ParryCounter,71.90,-1000.00,90.15,10000.00,100.00,10000.00,0.00,140.00,-1000.00
120,7,1.9500,Sword.ParryCounter,71.90,-1000.00,90.15,10000.00,100.00,10000.00,0.00,140.00,-1000.00
120,7,1.9583,Sword.ParryCounter,71.90,-1000.00,90.15,10000.00,100.00,10000.00,0.00,140.00,-1000.00
120,7,1.9667,Sword.ParryCounter,71.90,-1000.00,90.15,10000.00,100.00,10000.00,0.00,140.00,-1000.00
120,7,1.9750,Sword.ParryCounter,71.90,-1000.00,90.15,10000.00,100.00,10000.00,0.00,140.00,-1000.00
120,7,1.9833,Sword.ParryCounter,71.90,-1000.00,90.15,10000.00,100.00,10000.00,0.00,140.00,-1000.00
120,7,1.9917,Sword.ParryCounter,71.90,-1000.00,90.15,10000.00,100.00,10000.00,0.00,140.00,-1000.00
120,7,2.0000,Sword.ParryCounter,71.90,-1000.00,90.15,10000.00,100.00,10000.00,0.00,140.00,-1000.00
120,7,2.0083,Sword.ParryCounter,71.90,-1000.00,90.15,10000.00,100.00,10000.00,0.00,140.00,-1000.00
120,7,2.0167,Sword.ParryCounter,71.90,-1000.00,90.15,10000.00,100.00,10000.00,0.00,140.00,-1000.00
120,7,2.0250,Sword.ParryCounter,71.90,-1000.00,90.15,10000.00,100.00,10000.00,0.00,140.00,-1000.00
120,7,2.0333,Sword.ParryCounter,71.90,-1000.00,90.15,10000.00,100.00,10000.00,0.00,140.00,-1000.00
120,7,2.0417,Sword.ParryCounter,71.90,-1000.00,90.15,10000.00,100.00,10000.00,0.00,140.00,-1000.00
120,7,2.0500,Sword.ParryCounter,71.90,-1000.00,90.15,10000.00,100.00,10000.00,0.00,140.00,-1000.00
120,7,2.0583,Sword.ParryCounter,71.90,-1000.00,90.15,10000.00,100.00,10000.00,0.00,140.00,-1000.00
120,7,2.0667,Sword.ParryCounter,71.97,-1000.00,90.15,10000.00,100.00,10000.00,0.00,140.00,-1000.00
120,7,2.0750,Sword.ParryCounter,71.97,-1000.00,90.15,10000.00,100.00,10000.00,0.00,140.00,-1000.00
120,7,2.0833,Sword.ParryCounter,71.99,-1000.00,90.15,10000.00,100.00,10000.00,0.00,140.00,-1000.00
120,7,2.0917,Sword.ParryCounter,72.00,-1000.00,90.15,10000.00,100.00,10000.00,0.00,140.00,-1000.00
120,7,2.1000,Sword.ParryCounter,71.99,-1000.00,90.15,10000.00,100.00,10000.00,0.00,140.00,-1000.00
120,7,2.1083,Sword.ParryCounter,71.97,-1000.00,90.15,10000.00,100.00,10000.00,0.00,140.00,-1000.00
120,7,2.1167,Sword.ParryCounter,71.97,-1000.00,90.15,10000.00,100.00,10000.00,0.00,140.00,-1000.00
120,7,2.1250,Sword.ParryCounter,71.97,-1000.00,90.15,10000.00,100.00,10000.00,0.00,140.00,-1000.00
120,7,2.1333,Sword.ParryCounter,71.97,-1000.00,90.15,10000.00,100.00,10000.00,0.00,140.00,-1000.00
120,7,2.1417,Sword.ParryCounter,71.97,-1000.00,90.15,10000.00,100.00,10000.00,0.00,140.00,-1000.00
120,7,2.1500,Sword.ParryCounter,71.97,-1000.00,90.15,10000.00,100.00,10000.00,0.00,140.00,-1000.00
120,7,2.1583,Sword.ParryCounter,71.97,-1000.00,90.15,10000.00,100.00,10000.00,0.00,140.00,-1000.00
120,7,2.1667,Sword.ParryCounter,71.97,-1000.00,90.15,10000.00,100.00,10000.00,0.00,140.00,-1000.00
120,7,2.1750,Sword.ParryCounter,71.97,-1000.00,90.15,10000.00,100.00,10000.00,0.00,140.00,-1000.00
120,7,2.1833,Sword.ParryCounter,71.97,-1000.00,90.15,10000.00,100.00,10000.00,0.00,140.00,-1000.00
120,7,2.1917,Sword.ParryCounter,71.97,-1000.00,90.15,10000.00,100.00,10000.00,0.00,140.00,-1000.00
120,7,2.2000,Sword.ParryCounter,71.97,-1000.00,90.15,10000.00,100.00,10000.00,0.00,140.00,-1000.00
120,7,2.2083,Sword.ParryCounter,71.97,-1000.00,90.15,10000.00,100.00,10000.00,0.00,140.00,-1000.00
120,7,2.2167,Sword.ParryCounter,71.97,-1000.00,90.15,10000.00,100.00,10000.00,0.00,140.00,-1000.00
120,7,2.2250,Sword.ParryCounter,71.97,-1000.00,90.15,10000.00,100.00,10000.00,0.00,140.00,-1000.00
120,7,2.2333,Sword.ParryCounter,71.97,-1000.00,90.15,10000.00,100.00,10000.00,0.00,140.00,-1000.00
120,7,2.2417,None,71.97,-1000.00,90.15,10000.00,100.00,10000.00,0.00,140.00,-1000.00
120,7,0.0083,None,71.97,-1000.00,90.15,10000.00,100.00,10000.00,0.00,140.00,-1000.00
120,7,0.0167,None,71.97,-1000.00,90.15,10000.00,100.00,10000.00,0.00,140.00,-1000.00
120,7,0.0250,None,71.97,-1000.00,90.15,10000.00,100.00,10000.00,0.00,140.00,-1000.00
120,7,0.0333,None,71.97,-1000.00,90.15,10000.00,100.00,10000.00,0.00,140.00,-1000.00
120,7,0.0417,None,71.97,-1000.00,90.15,10000.00,100.00,10000.00,0.00,140.00,-1000.00
120,7,0.0500,None,71.97,-1000.00,90.15,10000.00,100.00,10000.00,0.00,140.00,-1000.00
120,7,0.0583,None,71.97,-1000.00,90.15,10000.00,100.00,10000.00,0.00,140.00,-1000.00
120,7,0.0667,None,71.97,-1000.00,90.15,10000.00,100.00,10000.00,0.00,140.00,-1000.00
120,7,0.0750,None,71.97,-1000.00,90.15,10000.00,100.00,10000.00,0.00,140.00,-1000.00
120,7,0.0833,None,71.97,-1000.00,90.15,10000.00,100.00,10000.00,0.00,140.00,-1000.00
120,7,0.0917,None,71.97,-1000.00,90.15,10000.00,100.00,10000.00,0.00,140.00,-1000.00
120,7,0.1000,None,71.97,-1000.00,90.15,10000.00,100.00,10000.00,0.00,140.00,-1000.00
120,7,0.1083,None,71.97,-1000.00,90.15,10000.00,100.00,10000.00,0.00,140.00,-1000.00
120,7,0.1167,None,71.97,-1000.00,90.15,10000.00,100.00,10000.00,0.00,140.00,-1000.00
120,7,0.1250,None,71.97,-1000.00,90.15,10000.00,100.00,10000.00,0.00,140.00,-1000.00
120,7,0.1333,None,71.97,-1000.00,90.15,10000.00,100.00,10000.00,0.00,140.00,-1000.00
120,7,0.1417,None,71.97,-1000.00,90.15,10000.00,100.00,10000.00,0.00,140.00,-1000.00
120,7,0.1500,None,71.97,-1000.00,90.15,10000.00,100.00,10000.00,0.00,140.00,-1000.00
120,7,0.1583,None,71.97,-1000.00,90.15,10000.00,100.00,10000.00,0.00,140.00,-1000.00
120,7,0.1667,None,71.97,-1000.00,90.15,10000.00,100.00,10000.00,0.00,140.00,-1000.00
120,7,0.1750,None,71.97,-1000.00,90.15,10000.00,100.00,10000.00,0.00,140.00,-1000.00
120,7,0.1833,None,71.97,-1000.00,90.15,10000.00,100.00,10000.00,0.00,140.00,-1000.00
120,7,0.1917,None,71.97,-1000.00,90.15,10000.00,100.00,10000.00,0.00,140.00,-1000.00
120,7,0.2000,None,71.97,-1000.00,90.15,10000.00,100.00,10000.00,0.00,140.00,-1000.00
120,7,0.2083,None,71.97,-1000.00,90.15,10000.00,100.00,10000.00,0.00,140.00,-1000.00
120,7,0.2167,None,71.97,-1000.00,90.15,10000.00,100.00,10000.00,0.00,140.00,-1000.00
120,7,0.2250,None,71.97,-1000.00,90.15,10000.00,100.00,10000.00,0.00,140.00,-1000.00
120,7,0.2333,None,71.97,-1000.00,90.15,10000.00,100.00,10000.00,0.00,140.00,-1000.00
120,7,0.2417,None,71.97,-1000.00,90.15,10000.00,100.00,10000.00,0.00,140.00,-1000.00
120,7,0.2500,None,71.97,-1000.00,90.15,10000.00,100.00,10000.00,0.00,140.00,-1000.00
120,7,0.2583,None,71.97,-1000.00,90.15,9995.00,85.00,10000.00,0.00,140.00,-1000.00
120,7,0.2667,None,71.97,-1000.00,90.15,9995.00,85.00,10000.00,0.00,140.00,-1000.00
120,7,0.2750,None,71.97,-1000.00,90.15,9995.00,85.00,10000.00,0.00,140.00,-1000.00
120,7,0.2833,None,71.97,-1000.00,90.15,9995.00,85.00,10000.00,0.00,140.00,-1000.00
120,7,0.2917,None,71.97,-1000.00,90.15,9995.00,85.00,10000.00,0.00,140.00,-1000.00
120,7,0.3000,None,71.97,-1000.00,90.15,9995.00,85.00,10000.00,0.00,140.00,-1000.00
120,7,0.3083,None,71.97,-1000.00,90.15,9995.00,85.00,10000.00,0.00,140.00,-1000.00
120,7,0.3167,None,71.97,-1000.00,90.15,9995.00,85.00,10000.00,0.00,140.00,-1000.00
120,7,0.3250,None,71.97,-1000.00,90.15,9995.00,85.00,10000.00,0.00,140.00,-1000.00
120,7,0.3333,None,71.97,-1000.00,90.15,9995.00,85.00,10000.00,0.00,140.00,-1000.00
120,7,0.3417,None,71.97,-1000.00,90.15,9995.00,85.00,10000.00,0.00,140.00,-1000.00
120,7,0.3500,None,71.97,-1000.00,90.15,9995.00,85.00,10000.00,0.00,140.00,-1000.00
120,7,0.3583,None,71.97,-1000.00,90.15,9995.00,85.00,10000.00,0.00,140.00,-1000.00
120,7,0.3667,None,71.97,-1000.00,90.15,9995.00,85.00,10000.00,0.00,140.00,-1000.00
120,7,0.3750,None,71.97,-1000.00,90.15,9995.00,85.00,10000.00,0.00,140.00,-1000.00
120,7,0.3833,None,71.97,-1000.00,90.15,9995.00,85.00,10000.00,0.00,140.00,-1000.00
120,7,0.3917,None,71.97,-1000.00,90.15,9995.00,85.00,10000.00,0.00,140.00,-1000.00
120,7,0.4000,None,71.97,-1000.00,90.15,9995.00,85.00,10000.00,0.00,140.00,-1000.00
120,7,0.4083,None,71.97,-1000.00,90.15,9995.00,85.00,10000.00,0.00,140.00,-1000.00
120,7,0.4167,None,71.97,-1000.00,90.15,9995.00,85.00,10000.00,0.00,140.00,-1000.00
120,7,0.4250,None,71.97,-1000.00,90.15,9995.00,85.00,10000.00,0.00,140.00,-1000.00
120,7,0.4333,None,71.97,-1000.00,90.15,9995.00,85.00,10000.00,0.00,140.00,-1000.00
120,7,0.4417,None,71.97,-1000.00,90.15,9995.00,85.00,10000.00,0.00,140.00,-1000.00
120,7,0.4500,None,71.97,-1000.00,90.15,9995.00,85.00,10000.00,0.00,140.00,-1000.00
120,7,0.4583,None,71.97,-1000.00,90.15,9995.00,85.00,10000.00,0.00,140.00,-1000.00
120,7,0.4667,None,71.97,-1000.00,90.15,9995.00,85.00,10000.00,0.00,140.00,-1000.00
120,7,0.4750,None,71.97,-1000.00,90.15,9995.00,85.00,10000.00,0.00,140.00,-1000.00
120,7,0.4833,None,71.97,-1000.00,90.15,9995.00,85.00,10000.00,0.00,140.00,-1000.00
120,7,0.4917,None,71.97,-1000.00,90.15,9995.00,85.00,10000.00,0.00,140.00,-1000.00
120,7,0.5000,None,71.97,-1000.00,90.15,9995.00,85.00,10000.00,0.00,140.00,-1000.00
120,7,0.5083,None,71.97,-1000.00,90.15,9995.00,85.00,10000.00,0.00,140.00,-1000.00
120,7,0.5167,None,71.97,-1000.00,90.15,9995.00,85.00,10000.00,0.00,140.00,-1000.00
120,7,0.5250,None,71.97,-1000.00,90.15,9995.00,85.00,10000.00,0.00,140.00,-1000.00
120,7,0.5333,None,71.97,-1000.00,90.15,9995.00,85.00,10000.00,0.00,140.00,-1000.00
120,7,0.5417,None,71.97,-1000.00,90.15,9995.00,85.00,10000.00,0.00,140.00,-1000.00
120,7,0.5500,None,71.97,-1000.00,90.15,9995.00,85.00,10000.00,0.00,140.00,-1000.00
120,7,0.5583,None,71.97,-1000.00,90.15,9995.00,85.00,10000.00,0.00,140.00,-1000.00
120,7,0.5667,None,71.97,-1000.00,90.15,9995.00,85.00,10000.00,0.00,140.00,-1000.00
120,7,0.5750,None,71.97,-1000.00,90.15,9995.00,85.00,10000.00,0.00,140.00,-1000.00
120,7,0.5833,None,71.97,-1000.00,90.15,9995.00,85.00,10000.00,0.00,140.00,-1000.00
120,7,0.5917,None,71.97,-1000.00,90.15,9995.00,85.00,10000.00,0.00,140.00,-1000.00
120,7,0.6000,None,71.97,-1000.00,90.15,9995.00,85.00,10000.00,0.00,140.00,-1000.00
120,7,0.6083,None,71.97,-1000.00,90.15,9995.00,85.00,10000.00,0.00,140.00,-1000.00
120,7,0.6167,None,71.97,-1000.00,90.15,9995.00,85.00,10000.00,0.00,140.00,-1000.00
120,7,0.6250,None,71.97,-1000.00,90.15,9995.00,85.00,10000.00,0.00,140.00,-1000.00
120,7,0.6333,None,71.97,-1000.00,90.15,9995.00,85.00,10000.00,0.00,140.00,-1000.00
120,7,0.6417,None,71.97,-1000.00,90.15,9995.00,85.00,10000.00,0.00,140.00,-1000.00
120,7,0.6500,None,71.97,-1000.00,90.15,9995.00,85.00,10000.00,0.00,140.00,-1000.00
120,7,0.6583,None,71.97,-1000.00,90.15,9995.00,85.00,10000.00,0.00,140.00,-1000.00
120,7,0.6667,None,71.97,-1000.00,90.15,9995.00,85.00,10000.00,0.00,140.00,-1000.00
120,7,0.6750,None,71.97,-1000.00,90.15,9995.00,85.00,10000.00,0.00,140.00,-1000.00
120,7,0.6833,None,71.97,-1000.00,90.15,9995.00,85.00,10000.00,0.00,140.00,-1000.00
120,7,0.6917,None,71.97,-1000.00,90.15,9995.00,85.00,10000.00,0.00,140.00,-1000.00
120,7,0.7000,None,71.97,-1000.00,90.15,9995.00,85.00,10000.00,0.00,140.00,-1000.00
120,7,0.7083,None,71.97,-1000.00,90.15,9995.00,85.00,10000.00,0.00,140.00,-1000.00
120,7,0.7167,None,71.97,-1000.00,90.15,9995.00,85.00,10000.00,0.00,140.00,-1000.00
120,7,0.7250,None,71.97,-1000.00,90.15,9995.00,85.00,10000.00,0.00,140.00,-1000.00
120,7,0.7333,None,71.97,-1000.00,90.15,9970.00,0.00,10000.00,0.00,140.00,-1000.00
120,7,0.7417,None,71.97,-1000.00,90.15,9970.00,0.00,10000.00,0.00,140.00,-1000.00
120,7,0.7500,None,71.97,-1000.00,90.15,9970.00,0.00,10000.00,0.00,140.00,-1000.00
120,7,0.7583,None,71.97,-1000.00,90.15,9970.00,0.00,10000.00,0.00,140.00,-1000.00
120,7,0.7667,None,71.97,-1000.00,90.15,9970.00,0.00,10000.00,0.00,140.00,-1000.00
120,7,0.7750,None,71.97,-1000.00,90.15,9970.00,0.00,10000.00,0.00,140.00,-1000.00
120,7,0.7833,None,71.97,-1000.00,90.15,9970.00,0.00,10000.00,0.00,140.00,-1000.00
120,7,0.7917,None,71.97,-1000.00,90.15,9970.00,0.00,10000.00,0.00,140.00,-1000.00
120,7,0.8000,None,71.97,-1000.00,90.15,9970.00,0.00,10000.00,0.00,140.00,-1000.00
120,7,0.8083,None,71.97,-1000.00,90.15,9970.00,0.00,10000.00,0.00,140.00,-1000.00
120,7,0.8167,None,71.97,-1000.00,90.15,9970.00,0.00,10000.00,0.00,140.00,-1000.00
120,7,0.8250,None,71.97,-1000.00,90.15,9970.00,0.00,10000.00,0.00,140.00,-1000.00
120,7,0.8333,None,71.97,-1000.00,90.15,9970.00,0.00,10000.00,0.00,140.00,-1000.00
120,7,0.8417,None,71.97,-1000.00,90.15,9970.00,0.00,10000.00,0.00,140.00,-1000.00
120,7,0.8500,None,71.97,-1000.00,90.15,9970.00,0.00,10000.00,0.00,140.00,-1000.00
120,7,0.8583,None,71.97,-1000.00,90.15,9970.00,0.00,10000.00,0.00,140.00,-1000.00
120,7,0.8667,None,71.97,-1000.00,90.15,9970.00,0.00,10000.00,0.00,140.00,-1000.00
120,7,0.8750,None,71.97,-1000.00,90.15,9970.00,0.00,10000.00,0.00,140.00,-1000.00
120,7,0.8833,None,71.97,-1000.00,90.15,9970.00,0.00,10000.00,0.00,140.00,-1000.00
120,7,0.8917,None,71.97,-1000.00,90.15,9970.00,0.00,10000.00,0.00,140.00,-1000.00
120,7,0.9000,None,71.97,-1000.00,90.15,9970.00,0.00,10000.00,0.00,140.00,-1000.00
120,7,0.9083,None,71.97,-1000.00,90.15,9970.00,0.00,10000.00,0.00,140.00,-1000.00
120,7,0.9167,None,71.97,-1000.00,90.15,9970.00,0.00,10000.00,0.00,140.00,-1000.00
120,7,0.9250,None,71.97,-1000.00,90.15,9970.00,0.00,10000.00,0.00,140.00,-1000.00
120,7,0.9333,None,71.97,-1000.00,90.15,9970.00,0.00,10000.00,0.00,140.00,-1000.00
120,7,0.9417,None,71.97,-1000.00,90.15,9970.00,0.00,10000.00,0.00,140.00,-1000.00
120,7,0.9500,None,71.97,-1000.00,90.15,9970.00,0.00,10000.00,0.00,140.00,-1000.00
120,7,0.9583,None,71.97,-1000.00,90.15,9970.00,0.00,10000.00,0.00,140.00,-1000.00
120,7,0.9667,None,71.97,-1000.00,90.15,9970.00,0.00,10000.00,0.00,140.00,-1000.00
120,7,0.9750,None,71.97,-1000.00,90.15,9970.00,0.00,10000.00,0.00,140.00,-1000.00
120,7,0.9833,None,71.97,-1000.00,90.15,9970.00,0.00,10000.00,0.00,140.00,-1000.00
120,7,0.9917,None,71.97,-1000.00,90.15,9970.00,0.00,10000.00,0.00,140.00,-1000.00
120,7,1.0000,None,71.97,-1000.00,90.15,9970.00,0.00,10000.00,0.00,140.00,-1000.00
120,7,1.0083,None,71.97,-1000.00,90.15,9970.00,0.00,10000.00,0.00,140.00,-1000.00
120,7,1.0167,None,71.97,-1000.00,90.15,9970.00,0.00,10000.00,0.00,140.00,-1000.00
120,7,1.0250,None,71.97,-1000.00,90.15,9970.00,0.00,10000.00,0.00,140.00,-1000.00
120,7,1.0333,None,71.97,-1000.00,90.15,9970.00,0.00,10000.00,0.00,140.00,-1000.00
120,7,1.0417,None,71.97,-1000.00,90.15,9970.00,0.00,10000.00,0.00,140.00,-1000.00
120,7,1.0500,None,71.97,-1000.00,90.15,9970.00,0.00,10000.00,0.00,140.00,-1000.00
120,7,1.0583,None,71.97,-1000.00,90.15,9970.00,0.00,10000.00,0.00,140.00,-1000.00
120,7,1.0667,None,71.97,-1000.00,90.15,9970.00,0.00,10000.00,0.00,140.00,-1000.00
120,7,1.0750,None,71.97,-1000.00,90.15,9970.00,0.00,10000.00,0.00,140.00,-1000.00
120,7,1.0833,None,71.97,-1000.00,90.15,9970.00,0.00,10000.00,0.00,140.00,-1000.00
120,7,1.0917,None,71.97,-1000.00,90.15,9970.00,0.00,10000.00,0.00,140.00,-1000.00
120,7,1.1000,None,71.97,-1000.00,90.15,9970.00,0.00,10000.00,0.00,140.00,-1000.00
120,7,1.1083,None,71.97,-1000.00,90.15,9970.00,0.00,10000.00,0.00,140.00,-1000.00
120,7,1.1167,None,71.97,-1000.00,90.15,9970.00,0.00,10000.00,0.00,140.00,-1000.00
120,7,1.1250,None,71.97,-1000.00,90.15,9970.00,0.00,10000.00,0.00,140.00,-1000.00
120,7,1.1333,None,71.97,-1000.00,90.15,9970.00,0.00,10000.00,0.00,140.00,-1000.00
120,7,1.1417,None,71.97,-1000.00,90.15,9970.00,0.00,10000.00,0.00,140.00,-1000.00
120,7,1.1500,None,71.97,-1000.00,90.15,9970.00,0.00,10000.00,0.00,140.00,-1000.00
120,7,1.1583,None,71.97,-1000.00,90.15,9970.00,0.00,10000.00,0.00,140.00,-1000.00
120,7,1.1667,None,71.97,-1000.00,90.15,9970.00,0.00,10000.00,0.00,140.00,-1000.00
120,7,1.1750,None,71.97,-1000.00,90.15,9970.00,0.00,10000.00,0.00,140.00,-1000.00
120,7,1.1833,None,71.97,-1000.00,90.15,9970.00,0.00,10000.00,0.00,140.00,-1000.00
120,7,1.1917,None,71.97,-1000.00,90.15,9970.00,0.00,10000.00,0.00,140.00,-1000.00
120,7,1.2000,None,71.97,-1000.00,90.15,9970.00,0.00,10000.00,0.00,140.00,-1000.00
120,7,1.2083,None,71.97,-1000.00,90.15,9970.00,0.00,10000.00,0.00,140.00,-1000.00
120,7,1.2167,None,71.97,-1000.00,90.15,9970.00,0.00,10000.00,0.00,140.00,-1000.00
120,7,1.2250,None,71.97,-1000.00,90.15,9970.00,0.00,10000.00,0.00,140.00,-1000.00
120,7,1.2333,None,71.97,-1000.00,90.15,9970.00,0.00,10000.00,0.00,140.00,-1000.00
120,7,1.2417,None,71.97,-1000.00,90.15,9970.00,0.00,10000.00,0.00,140.00,-1000.00
120,7,1.2500,None,71.97,-1000.00,90.15,9970.00,0.00,10000.00,0.00,140.00,-1000.00
120,7,1.2583,None,71.97,-1000.00,90.15,9970.00,0.00,10000.00,0.00,140.00,-1000.00
120,7,1.2667,None,71.97,-1000.00,90.15,9970.00,0.00,10000.00,0.00,140.00,-1000.00
120,7,1.2750,None,71.97,-1000.00,90.15,9970.00,0.00,10000.00,0.00,140.00,-1000.00
120,7,1.2833,None,71.97,-1000.00,90.15,9970.00,0.00,10000.00,0.00,140.00,-1000.00
120,7,1.2917,None,71.97,-1000.00,90.15,9970.00,0.00,10000.00,0.00,140.00,-1000.00
120,7,1.3000,None,71.97,-1000.00,90.15,9970.00,0.00,10000.00,0.00,140.00,-1000.00
120,7,1.3083,None,71.97,-1000.00,90.15,9970.00,0.00,10000.00,0.00,140.00,-1000.00
120,7,1.3167,None,71.97,-1000.00,90.15,9970.00,0.00,10000.00,0.00,140.00,-1000.00
120,7,1.3250,None,71.97,-1000.00,90.15,9970.00,0.00,10000.00,0.00,140.00,-1000.00
120,7,1.3333,None,71.97,-1000.00,90.15,9970.00,0.00,10000.00,0.00,140.00,-1000.00
120,7,1.3417,None,71.97,-1000.00,90.15,9970.00,0.00,10000.00,0.00,140.00,-1000.00
120,7,1.3500,None,71.97,-1000.00,90.15,9970.00,0.00,10000.00,0.00,140.00,-1000.00
120,7,1.3583,None,71.97,-1000.00,90.15,9970.00,0.00,10000.00,0.00,140.00,-1000.00
120,7,1.3667,None,71.97,-1000.00,90.15,9970.00,0.00,10000.00,0.00,140.00,-1000.00
120,7,1.3750,None,71.97,-1000.00,90.15,9970.00,0.00,10000.00,0.00,140.00,-1000.00
120,7,1.3833,None,71.97,-1000.00,90.15,9970.00,0.00,10000.00,0.00,140.00,-1000.00
120,7,1.3917,None,71.97,-1000.00,90.15,9970.00,0.00,10000.00,0.00,140.00,-1000.00
120,7,1.4000,None,71.97,-1000.00,90.15,9970.00,0.00,10000.00,0.00,140.00,-1000.00
120,7,1.4083,None,71.97,-1000.00,90.15,9970.00,0.00,10000.00,0.00,140.00,-1000.00
120,7,1.4167,None,71.97,-1000.00,90.15,9970.00,0.00,10000.00,0.00,140.00,-1000.00
120,7,1.4250,None,71.97,-1000.00,90.15,9970.00,0.00,10000.00,0.00,140.00,-1000.00
120,7,1.4333,None,71.97,-1000.00,90.15,9970.00,0.00,10000.00,0.00,140.00,-1000.00
120,7,1.4417,None,71.97,-1000.00,90.15,9970.00,0.00,10000.00,0.00,140.00,-1000.00
120,7,1.4500,None,71.97,-1000.00,90.15,9970.00,0.00,10000.00,0.00,140.00,-1000.00
120,7,1.4583,None,71.97,-1000.00,90.15,9970.00,0.00,10000.00,0.00,140.00,-1000.00
120,7,1.4667,None,71.97,-1000.00,90.15,9970.00,0.00,10000.00,0.00,140.00,-1000.00
120,7,1.4750,None,71.97,-1000.00,90.15,9970.00,0.00,10000.00,0.00,140.00,-1000.00
120,7,1.4833,None,71.97,-1000.00,90.15,9970.00,0.00,10000.00,0.00,140.00,-1000.00
120,7,1.4917,None,71.97,-1000.00,90.15,9970.00,0.00,10000.00,0.00,140.00,-1000.00
120,7,1.5000,None,71.97,-1000.00,90.15,9970.00,0.00,10000.00,0.00,140.00,-1000.00
120,7,1.5083,None,71.97,-1000.00,90.15,9970.00,0.00,10000.00,0.00,140.00,-1000.00
120,7,1.5167,None,71.97,-1000.00,90.15,9970.00,0.00,10000.00,0.00,140.00,-1000.00
120,7,1.5250,None,71.97,-1000.00,90.15,9970.00,0.00,10000.00,0.00,140.00,-1000.00
120,7,1.5333,None,71.97,-1000.00,90.15,9970.00,0.00,10000.00,0.00,140.00,-1000.00
120,7,1.5417,None,71.97,-1000.00,90.15,9970.00,0.00,10000.00,0.00,140.00,-1000.00
120,7,1.5500,None,71.97,-1000.00,90.15,9970.00,0.00,10000.00,0.00,140.00,-1000.00
120,7,1.5583,None,71.97,-1000.00,90.15,9970.00,0.00,10000.00,0.00,140.00,-1000.00
120,7,1.5667,None,71.97,-1000.00,90.15,9970.00,0.00,10000.00,0.00,140.00,-1000.00
120,7,1.5750,None,71.97,-1000.00,90.15,9970.00,0.00,10000.00,0.00,140.00,-1000.00
120,7,1.5833,None,71.97,-1000.00,90.15,9970.00,0.00,10000.00,0.00,140.00,-1000.00
120,7,1.5917,None,71.97,-1000.00,90.15,9970.00,0.00,10000.00,0.00,140.00,-1000.00
120,7,1.6000,None,71.97,-1000.00,90.15,9970.00,0.00,10000.00,0.00,140.00,-1000.00
120,7,1.6083,None,71.97,-1000.00,90.15,9970.00,0.00,10000.00,0.00,140.00,-1000.00
120,7,1.6167,None,71.97,-1000.00,90.15,9970.00,0.00,10000.00,0.00,140.00,-1000.00
120,7,1.6250,None,71.97,-1000.00,90.15,9970.00,0.00,10000.00,0.00,140.00,-1000.00
120,7,1.6333,None,71.97,-1000.00,90.15,9970.00,0.00,10000.00,0.00,140.00,-1000.00
120,7,1.6417,None,71.97,-1000.00,90.15,9970.00,0.00,10000.00,0.00,140.00,-1000.00
120,7,1.6500,None,71.97,-1000.00,90.15,9970.00,0.00,10000.00,0.00,140.00,-1000.00
120,7,1.6583,None,71.97,-1000.00,90.15,9970.00,0.00,10000.00,0.00,140.00,-1000.00
120,7,1.6667,None,71.97,-1000.00,90.15,9970.00,0.00,10000.00,0.00,140.00,-1000.00
120,7,1.6750,None,71.97,-1000.00,90.15,9970.00,0.00,10000.00,0.00,140.00,-1000.00
120,7,1.6833,None,71.97,-1000.00,90.15,9970.00,0.00,10000.00,0.00,140.00,-1000.00
120,7,1.6917,None,71.97,-1000.00,90.15,9970.00,0.00,10000.00,0.00,140.00,-1000.00
120,7,1.7000,None,71.97,-1000.00,90.15,9970.00,0.00,10000.00,0.00,140.00,-1000.00
120,7,1.7083,None,71.97,-1000.00,90.15,9970.00,0.00,10000.00,0.00,140.00,-1000.00
120,7,1.7167,None,71.97,-1000.00,90.15,9970.00,0.00,10000.00,0.00,140.00,-1000.00
120,7,1.7250,None,71.97,-1000.00,90.15,9970.00,0.21,10000.00,0.00,140.00,-1000.00
120,7,1.7333,None,71.97,-1000.00,90.15,9970.00,0.42,10000.00,0.00,140.00,-1000.00
120,7,1.7417,None,71.97,-1000.00,90.15,9970.00,0.62,10000.00,0.00,140.00,-1000.00
120,7,1.7500,None,71.97,-1000.00,90.15,9970.00,0.83,10000.00,0.00,140.00,-1000.00
120,7,1.7583,None,71.97,-1000.00,90.15,9970.00,1.04,10000.00,0.00,140.00,-1000.00
120,7,1.7667,None,71.97,-1000.00,90.15,9970.00,1.25,10000.00,0.00,140.00,-1000.00
120,7,1.7750,None,71.97,-1000.00,90.15,9970.00,1.46,10000.00,0.00,140.00,-1000.00
120,7,1.7833,None,71.97,-1000.00,90.15,9970.00,1.67,10000.00,0.00,140.00,-1000.00
120,7,1.7917,None,71.97,-1000.00,90.15,9970.00,1.88,10000.00,0.00,140.00,-1000.00
120,7,1.8000,None,71.97,-1000.00,90.15,9970.00,2.08,10000.00,0.00,140.00,-1000.00
120,7,1.8083,None,71.97,-1000.00,90.15,9970.00,2.29,10000.00,0.00,140.00,-1000.00
120,7,1.8167,None,71.97,-1000.00,90.15,9970.00,2.50,10000.00,0.00,140.00,-1000.00
120,7,1.8250,None,71.97,-1000.00,90.15,9970.00,2.71,10000.00,0.00,140.00,-1000.00
120,7,1.8333,None,71.97,-1000.00,90.15,9970.00,2.92,10000.00,0.00,140.00,-1000.00
120,7,1.8417,None,71.97,-1000.00,90.15,9970.00,3.12,10000.00,0.00,140.00,-1000.00
120,7,1.8500,None,71.97,-1000.00,90.15,9970.00,3.33,10000.00,0.00,140.00,-1000.00
120,8,0.0083,Sword.Air.Light.1,0.00,-1000.00,1699.55,10000.00,100.00,10000.00,0.00,-1400.00,1200.00
120,8,0.0167,Sword.Air.Light.1,0.00,-1000.00,1699.03,10000.00,100.00,10000.00,0.00,-1400.00,1200.00
120,8,0.0250,Sword.Air.Light.1,0.00,-1000.00,1698.44,10000.00,100.00,10000.00,0.00,-1400.00,1200.00
120,8,0.0333,Sword.Air.Light.1,0.00,-1000.00,1697.79,10000.00,100.00,10000.00,0.00,-1400.00,1200.00
120,8,0.0417,Sword.Air.Light.1,0.00,-1000.00,1697.07,10000.00,100.00,10000.00,0.00,-1400.00,1200.00
120,8,0.0500,Sword.Air.Light.1,0.00,-1000.00,1696.27,10000.00,100.00,10000.00,0.00,-1400.00,1200.00
120,8,0.0583,Sword.Air.Light.1,0.00,-1000.00,1695.42,10000.00,100.00,10000.00,0.00,-1400.00,1200.00
120,8,0.0667,Sword.Air.Light.1,0.00,-1000.00,1694.49,10000.00,100.00,10000.00,0.00,-1400.00,1200.00
120,8,0.0750,Sword.Air.Light.1,0.00,-1000.00,1693.49,10000.00,100.00,10000.00,0.00,-1400.00,1200.00
120,8,0.0833,Sword.Air.Light.1,0.00,-1000.00,1692.43,10000.00,100.00,10000.00,0.00,-1400.00,1200.00
120,8,0.0917,Sword.Air.Light.1,0.00,-1000.00,1691.30,10000.00,100.00,10000.00,0.00,-1400.00,1200.00
120,8,0.1000,Sword.Air.Light.1,0.00,-1000.00,1690.10,10000.00,100.00,10000.00,0.00,-1400.00,1200.00
120,8,0.1083,Sword.Air.Light.1,0.00,-1000.00,1688.83,10000.00,100.00,10000.00,0.00,-1400.00,1200.00
120,8,0.1167,Sword.Air.Light.1,0.00,-1000.00,1687.50,10000.00,100.00,10000.00,0.00,-1400.00,1200.00
120,8,0.1250,Sword.Air.Light.1,0.00,-1000.00,1686.09,10000.00,100.00,10000.00,0.00,-1400.00,1200.00
120,8,0.1333,Sword.Air.Light.1,0.00,-1000.00,1684.62,10000.00,100.00,10000.00,0.00,-1400.00,1200.00
120,8,0.1417,Sword.Air.Light.1,0.00,-1000.00,1683.08,10000.00,100.00,10000.00,0.00,-1400.00,1200.00
120,8,0.1500,Sword.Air.Light.1,0.00,-1000.00,1681.47,10000.00,100.00,10000.00,0.00,-1400.00,1200.00
120,8,0.1583,Sword.Air.Light.1,0.00,-1000.00,1679.80,10000.00,100.00,10000.00,0.00,-1400.00,1200.00
120,8,0.1667,Sword.Air.Light.1,0.00,-1000.00,1678.06,10000.00,100.00,10000.00,0.00,-1400.00,1200.00
120,8,0.1750,Sword.Air.Light.1,0.00,-1000.00,1676.24,10000.00,100.00,10000.00,0.00,-1400.00,1200.00
120,8,0.1833,Sword.Air.Light.1,0.00,-1000.00,1674.36,10000.00,100.00,10000.00,0.00,-1400.00,1200.00
120,8,0.1917,Sword.Air.Light.1,0.00,-1000.00,1672.42,10000.00,100.00,10000.00,0.00,-1400.00,1200.00
120,8,0.2000,Sword.Air.Light.1,0.00,-1000.00,1670.40,10000.00,100.00,10000.00,0.00,-1400.00,1200.00
120,8,0.2083,Sword.Air.Light.1,0.00,-1000.00,1668.32,10000.00,100.00,10000.00,0.00,-1400.00,1200.00
120,8,0.2167,Sword.Air.Light.1,0.00,-1000.00,1666.16,10000.00,100.00,10000.00,0.00,-1400.00,1200.00
120,8,0.2250,Sword.Air.Light.1,0.00,-1000.00,1663.94,10000.00,100.00,10000.00,0.00,-1400.00,1200.00
120,8,0.2333,Sword.Air.Light.1,0.00,-1000.00,1661.66,10000.00,100.00,10000.00,0.00,-1400.00,1200.00
120,8,0.2417,Sword.Air.Light.1,0.00,-1000.00,1659.30,10000.00,100.00,10000.00,0.00,-1400.00,1200.00
120,8,0.2500,Sword.Air.Light.1,0.00,-1000.00,1656.87,10000.00,100.00,10000.00,0.00,-1400.00,1200.00
120,8,0.2583,Sword.Air.Light.1,0.00,-1000.00,1654.38,10000.00,100.00,10000.00,0.00,-1400.00,1200.00
120,8,0.2667,Sword.Air.Light.1,0.00,-1000.00,1651.82,10000.00,100.00,10000.00,0.00,-1400.00,1200.00
120,8,0.2750,Sword.Air.Light.1,0.00,-1000.00,1649.19,10000.00,100.00,10000.00,0.00,-1400.00,1200.00
120,8,0.2833,Sword.Air.Light.1,0.00,-1000.00,1646.50,10000.00,100.00,10000.00,0.00,-1400.00,1200.00
120,8,0.2917,Sword.Air.Light.1,0.00,-1000.00,1643.73,10000.00,100.00,10000.00,0.00,-1400.00,1200.00
120,8,0.3000,Sword.Air.Light.1,0.00,-1000.00,1640.90,10000.00,100.00,10000.00,0.00,-1400.00,1200.00
120,8,0.3083,Sword.Air.Light.1,0.00,-1000.00,1638.00,10000.00,100.00,10000.00,0.00,-1400.00,1200.00
120,8,0.3167,Sword.Air.Light.1,0.00,-1000.00,1635.03,10000.00,100.00,10000.00,0.00,-1400.00,1200.00
120,8,0.3250,Sword.Air.Light.1,0.00,-1000.00,1631.99,10000.00,100.00,10000.00,0.00,-1400.00,1200.00
120,8,0.3333,Sword.Air.Light.1,0.00,-1000.00,1628.89,10000.00,100.00,10000.00,0.00,-1400.00,1200.00
120,8,0.3417,Sword.Air.Light.1,0.00,-1000.00,1625.72,10000.00,100.00,10000.00,0.00,-1400.00,1200.00
120,8,0.3500,Sword.Air.Light.1,0.00,-1000.00,1622.47,10000.00,100.00,10000.00,0.00,-1400.00,1200.00
120,8,0.3583,Sword.Air.Light.1,0.00,-1000.00,1619.17,10000.00,100.00,10000.00,0.00,-1400.00,1200.00
120,8,0.3667,Sword.Air.Light.1,0.00,-1000.00,1615.79,10000.00,100.00,10000.00,0.00,-1400.00,1200.00
120,8,0.3750,Sword.Air.Light.1,0.00,-1000.00,1612.34,10000.00,100.00,10000.00,0.00,-1400.00,1200.00
120,8,0.3833,Sword.Air.Light.1,0.00,-1000.00,1608.83,10000.00,100.00,10000.00,0.00,-1400.00,1200.00
120,8,0.3917,Sword.Air.Light.1,0.00,-1000.00,1605.25,10000.00,100.00,10000.00,0.00,-1400.00,1200.00
120,8,0.4000,Sword.Air.Light.1,0.00,-1000.00,1601.60,10000.00,100.00,10000.00,0.00,-1400.00,1200.00
120,8,0.4083,Sword.Air.Light.1,0.00,-1000.00,1597.88,10000.00,100.00,10000.00,0.00,-1400.00,1200.00
120,8,0.4167,Sword.Air.Light.1,0.00,-1000.00,1594.10,10000.00,100.00,10000.00,0.00,-1400.00,1200.00
120,8,0.4250,Sword.Air.Light.1,0.00,-1000.00,1590.24,10000.00,100.00,10000.00,0.00,-1400.00,1200.00
120,8,0.4333,Sword.Air.Light.1,0.00,-1000.00,1586.32,10000.00,100.00,10000.00,0.00,-1400.00,1200.00
120,8,0.4417,Sword.Air.Light.1,0.00,-1000.00,1582.33,10000.00,100.00,10000.00,0.00,-1400.00,1200.00
120,8,0.4500,Sword.Air.Light.1,0.00,-1000.00,1578.27,10000.00,100.00,10000.00,0.00,-1400.00,1200.00
120,8,0.4583,Sword.Air.Light.1,0.00,-1000.00,1574.15,10000.00,100.00,10000.00,0.00,-1400.00,1200.00
120,8,0.4667,Sword.Air.Light.1,0.00,-1000.00,1569.96,10000.00,100.00,10000.00,0.00,-1400.00,1200.00
120,8,0.4750,Sword.Air.Light.1,0.00,-1000.00,1565.69,10000.00,100.00,10000.00,0.00,-1400.00,1200.00
120,8,0.4833,Sword.Air.Light.2,0.00,-1000.00,1561.36,10000.00,100.00,10000.00,0.00,-1400.00,1200.00
120,8,0.4917,Sword.Air.Light.2,0.00,-1000.00,1556.97,10000.00,100.00,10000.00,0.00,-1400.00,1200.00
120,8,0.5000,Sword.Air.Light.2,0.00,-1000.00,1552.50,10000.00,100.00,10000.00,0.00,-1400.00,1200.00
120,8,0.5083,Sword.Air.Light.2,0.00,-1000.00,1547.97,10000.00,100.00,10000.00,0.00,-1400.00,1200.00
120,8,0.5167,Sword.Air.Light.2,0.00,-1000.00,1543.36,10000.00,100.00,10000.00,0.00,-1400.00,1200.00
120,8,0.5250,Sword.Air.Light.2,0.00,-1000.00,1538.69,10000.00,100.00,10000.00,0.00,-1400.00,1200.00
120,8,0.5333,Sword.Air.Light.2,0.00,-1000.00,1533.96,10000.00,100.00,10000.00,0.00,-1400.00,1200.00
120,8,0.5417,Sword.Air.Light.2,0.00,-1000.00,1529.15,10000.00,100.00,10000.00,0.00,-1400.00,1200.00
120,8,0.5500,Sword.Air.Light.2,0.00,-1000.00,1524.27,10000.00,100.00,10000.00,0.00,-1400.00,1200.00
120,8,0.5583,Sword.Air.Light.2,0.00,-1000.00,1519.33,10000.00,100.00,10000.00,0.00,-1400.00,1200.00
120,8,0.5667,Sword.Air.Light.2,0.00,-1000.00,1514.32,10000.00,100.00,10000.00,0.00,-1400.00,1200.00
120,8,0.5750,Sword.Air.Light.2,0.00,-1000.00,1509.24,10000.00,100.00,10000.00,0.00,-1400.00,1200.00
120,8,0.5833,Sword.Air.Light.2,0.00,-1000.00,1504.10,10000.00,100.00,10000.00,0.00,-1400.00,1200.00
120,8,0.5917,Sword.Air.Light.2,0.00,-1000.00,1498.88,10000.00,100.00,10000.00,0.00,-1400.00,1200.00
120,8,0.6000,Sword.Air.Light.2,0.00,-1000.00,1493.60,10000.00,100.00,10000.00,0.00,-1400.00,1200.00
120,8,0.6083,Sword.Air.Light.2,0.00,-1000.00,1488.25,10000.00,100.00,10000.00,0.00,-1400.00,1200.00
120,8,0.6167,Sword.Air.Light.2,0.00,-1000.00,1482.83,10000.00,100.00,10000.00,0.00,-1400.00,1200.00
120,8,0.6250,Sword.Air.Light.2,0.00,-1000.00,1477.34,10000.00,100.00,10000.00,0.00,-1400.00,1200.00
120,8,0.6333,Sword.Air.Light.2,0.00,-1000.00,1471.79,10000.00,100.00,10000.00,0.00,-1400.00,1200.00
120,8,0.6417,Sword.Air.Light.2,0.00,-1000.00,1466.17,10000.00,100.00,10000.00,0.00,-1400.00,1200.00
120,8,0.6500,Sword.Air.Light.2,0.00,-1000.00,1460.47,10000.00,100.00,10000.00,0.00,-1400.00,1200.00
120,8,0.6583,Sword.Air.Light.2,0.00,-1000.00,1454.72,10000.00,100.00,10000.00,0.00,-1400.00,1200.00
120,8,0.6667,Sword.Air.Light.2,0.00,-1000.00,1448.89,10000.00,100.00,10000.00,0.00,-1400.00,1200.00
120,8,0.6750,Sword.Air.Light.2,0.00,-1000.00,1442.99,10000.00,100.00,10000.00,0.00,-1400.00,1200.00
120,8,0.6833,Sword.Air.Light.2,0.00,-1000.00,1437.03,10000.00,100.00,10000.00,0.00,-1400.00,1200.00
120,8,0.6917,Sword.Air.Light.2,0.00,-1000.00,1431.00,10000.00,100.00,10000.00,0.00,-1400.00,1200.00
120,8,0.7000,Sword.Air.Light.2,0.00,-1000.00,1424.90,10000.00,100.00,10000.00,0.00,-1400.00,1200.00
120,8,0.7083,Sword.Air.Light.2,0.00,-1000.00,1418.73,10000.00,100.00,10000.00,0.00,-1400.00,1200.00
120,8,0.7167,Sword.Air.Light.2,0.00,-1000.00,1412.50,10000.00,100.00,10000.00,0.00,-1400.00,1200.00
120,8,0.7250,Sword.Air.Light.2,0.00,-1000.00,1406.19,10000.00,100.00,10000.00,0.00,-1400.00,1200.00
120,8,0.7333,Sword.Air.Light.2,0.00,-1000.00,1399.82,10000.00,100.00,10000.00,0.00,-1400.00,1200.00
120,8,0.7417,Sword.Air.Light.2,0.00,-1000.00,1393.38,10000.00,100.00,10000.00,0.00,-1400.00,1200.00
120,8,0.7500,Sword.Air.Light.2,0.00,-1000.00,1386.87,10000.00,100.00,10000.00,0.00,-1400.00,1200.00
120,8,0.7583,Sword.Air.Light.2,0.00,-1000.00,1380.30,10000.00,100.00,10000.00,0.00,-1400.00,1200.00
120,8,0.7667,Sword.Air.Light.2,0.00,-1000.00,1373.66,10000.00,100.00,10000.00,0.00,-1400.00,1200.00
120,8,0.7750,Sword.Air.Light.2,0.00,-1000.00,1366.94,10000.00,100.00,10000.00,0.00,-1400.00,1200.00
120,8,0.7833,Sword.Air.Light.2,0.00,-1000.00,1360.16,10000.00,100.00,10000.00,0.00,-1400.00,1200.00
120,8,0.7917,Sword.Air.Light.2,0.00,-1000.00,1353.32,10000.00,100.00,10000.00,0.00,-1400.00,1200.00
120,8,0.8000,Sword.Air.Light.2,0.00,-1000.00,1346.40,10000.00,100.00,10000.00,0.00,-1400.00,1200.00
120,8,0.8083,Sword.Air.Light.2,0.00,-1000.00,1339.42,10000.00,100.00,10000.00,0.00,-1400.00,1200.00
120,8,0.8167,Sword.Air.Light.2,0.00,-1000.00,1332.36,10000.00,100.00,10000.00,0.00,-1400.00,1200.00
120,8,0.8250,Sword.Air.Light.2,0.00,-1000.00,1325.24,10000.00,100.00,10000.00,0.00,-1400.00,1200.00
120,8,0.8333,Sword.Air.Light.2,0.00,-1000.00,1318.06,10000.00,100.00,10000.00,0.00,-1400.00,1200.00
120,8,0.8417,Sword.Air.Light.2,0.00,-1000.00,1310.80,10000.00,100.00,10000.00,0.00,-1400.00,1200.00
120,8,0.8500,Sword.Air.Light.2,0.00,-1000.00,1303.47,10000.00,100.00,10000.00,0.00,-1400.00,1200.00
120,8,0.8583,Sword.Air.Light.2,0.00,-1000.00,1296.08,10000.00,100.00,10000.00,0.00,-1400.00,1200.00
120,8,0.8667,Sword.Air.Light.2,0.00,-1000.00,1288.62,10000.00,100.00,10000.00,0.00,-1400.00,1200.00
120,8,0.8750,Sword.Air.Light.2,0.00,-1000.00,1281.09,10000.00,100.00,10000.00,0.00,-1400.00,1200.00
120,8,0.8833,Sword.Air.Light.2,0.00,-1000.00,1273.50,10000.00,100.00,10000.00,0.00,-1400.00,1200.00
120,8,0.8917,Sword.Air.Light.2,0.00,-1000.00,1265.83,10000.00,100.00,10000.00,0.00,-1400.00,1200.00
120,8,0.9000,Sword.Air.Light.2,0.00,-1000.00,1258.10,10000.00,100.00,10000.00,0.00,-1400.00,1200.00
120,8,0.9083,Sword.Air.Light.2,0.00,-1000.00,1250.30,10000.00,100.00,10000.00,0.00,-1400.00,1200.00
120,8,0.9167,Sword.Air.Light.2,0.00,-1000.00,1242.43,10000.00,100.00,10000.00,0.00,-1400.00,1200.00
120,8,0.9250,Sword.Air.Light.2,0.00,-1000.00,1234.49,10000.00,100.00,10000.00,0.00,-1400.00,1200.00
120,8,0.9333,Sword.Air.Light.2,0.00,-1000.00,1226.49,10000.00,100.00,10000.00,0.00,-1400.00,1200.00
120,8,0.9417,Sword.Air.Light.2,0.00,-1000.00,1218.42,10000.00,100.00,10000.00,0.00,-1400.00,1200.00
120,8,0.9500,Sword.Air.Light.2,0.00,-1000.00,1210.27,10000.00,100.00,10000.00,0.00,-1400.00,1200.00
120,8,0.9583,Sword.Air.Light.2,0.00,-1000.00,1202.07,10000.00,100.00,10000.00,0.00,-1400.00,1200.00
120,8,0.9667,Sword.Air.Light.2,0.00,-1000.00,1193.79,10000.00,100.00,10000.00,0.00,-1400.00,1200.00
120,8,0.9750,Sword.Air.Light.2,0.00,-1000.00,1185.44,10000.00,100.00,10000.00,0.00,-1400.00,1200.00
120,8,0.9833,Sword.Air.Light.2,0.00,-1000.00,1177.03,10000.00,100.00,10000.00,0.00,-1400.00,1200.00
120,8,0.9917,Sword.Air.Light.2,0.00,-1000.00,1168.55,10000.00,100.00,10000.00,0.00,-1400.00,1200.00
120,8,1.0000,Sword.Air.Light.2,0.00,-1000.00,1160.00,10000.00,100.00,10000.00,0.00,-1400.00,1200.00
120,8,1.0083,Sword.Air.Light.2,0.00,-1000.00,1151.38,10000.00,100.00,10000.00,0.00,-1400.00,1200.00
120,8,1.0167,Sword.Air.Light.2,0.00,-1000.00,1142.70,10000.00,100.00,10000.00,0.00,-1400.00,1200.00
120,8,1.0250,Sword.Air.Light.2,0.00,-1000.00,1133.94,10000.00,100.00,10000.00,0.00,-1400.00,1200.00
120,8,1.0333,Sword.Air.Light.2,0.00,-1000.00,1125.12,10000.00,100.00,10000.00,0.00,-1400.00,1200.00
120,8,1.0417,Sword.Air.Light.2,0.00,-1000.00,1116.23,10000.00,100.00,10000.00,0.00,-1400.00,1200.00
120,8,1.0500,Sword.Air.Light.2,0.00,-1000.00,1107.27,10000.00,100.00,10000.00,0.00,-1400.00,1200.00
120,8,1.0583,Sword.Air.Light.2,0.00,-1000.00,1098.25,10000.00,100.00,10000.00,0.00,-1400.00,1200.00
120,8,1.0667,Sword.Air.Light.2,0.00,-1000.00,1089.16,10000.00,100.00,10000.00,0.00,-1400.00,1200.00
120,8,1.0750,Sword.Air.Light.2,0.00,-1000.00,1079.99,10000.00,100.00,10000.00,0.00,-1400.00,1200.00
120,8,1.0833,Sword.Air.Light.2,0.00,-1000.00,1070.76,10000.00,100.00,10000.00,0.00,-1400.00,1200.00
120,8,1.0917,Sword.Air.Light.2,0.00,-1000.00,1061.47,10000.00,100.00,10000.00,0.00,-1400.00,1200.00
120,8,1.1000,Sword.Air.Light.2,0.00,-1000.00,1052.10,10000.00,100.00,10000.00,0.00,-1400.00,1200.00
120,8,1.1083,Sword.Air.Light.2,0.00,-1000.00,1042.67,10000.00,100.00,10000.00,0.00,-1400.00,1200.00
120,8,1.1167,Sword.Air.Light.2,0.00,-1000.00,1033.16,10000.00,100.00,10000.00,0.00,-1400.00,1200.00
120,8,1.1250,Sword.Air.Light.2,0.00,-1000.00,1023.59,10000.00,100.00,10000.00,0.00,-1400.00,1200.00
120,8,1.1333,Sword.Air.Light.2,0.00,-1000.00,1013.96,10000.00,100.00,10000.00,0.00,-1400.00,1200.00
120,8,1.1417,Sword.Air.Light.2,0.00,-1000.00,1004.25,10000.00,100.00,10000.00,0.00,-1400.00,1200.00
120,8,1.1500,Sword.Air.Light.2,0.00,-1000.00,994.47,10000.00,100.00,10000.00,0.00,-1400.00,1200.00
120,8,1.1583,Sword.Air.Light.2,0.00,-1000.00,984.63,10000.00,100.00,10000.00,0.00,-1400.00,1200.00
120,8,1.1667,Sword.Air.Light.2,0.00,-1000.00,974.72,10000.00,100.00,10000.00,0.00,-1400.00,1200.00
120,8,1.1750,Sword.Air.Light.2,0.00,-1000.00,964.74,10000.00,100.00,10000.00,0.00,-1400.00,1200.00
120,8,1.1833,Sword.Air.Light.2,0.00,-1000.00,954.70,10000.00,100.00,10000.00,0.00,-1400.00,1200.00
120,8,1.1917,Sword.Air.Light.2,0.00,-1000.00,944.58,10000.00,100.00,10000.00,0.00,-1400.00,1200.00
120,8,1.2000,Sword.Air.Light.2,0.00,-1000.00,934.40,10000.00,100.00,10000.00,0.00,-1400.00,1200.00
120,8,1.2083,Sword.Air.Light.2,0.00,-1000.00,924.15,10000.00,100.00,10000.00,0.00,-1400.00,1200.00
120,8,1.2167,Sword.Air.Light.2,0.00,-1000.00,913.83,10000.00,100.00,10000.00,0.00,-1400.00,1200.00
120,8,1.2250,Sword.Air.Light.2,0.00,-1000.00,903.44,10000.00,100.00,10000.00,0.00,-1400.00,1200.00
120,8,1.2333,Sword.Air.Light.2,0.00,-1000.00,892.99,10000.00,100.00,10000.00,0.00,-1400.00,1200.00
120,8,1.2417,Sword.Air.Light.2,0.00,-1000.00,882.47,10000.00,100.00,10000.00,0.00,-1400.00,1200.00
120,8,1.2500,Sword.Air.Light.2,0.00,-1000.00,871.87,10000.00,100.00,10000.00,0.00,-1400.00,1200.00
120,8,1.2583,Sword.Air.Light.2,0.00,-1000.00,861.22,10000.00,100.00,10000.00,0.00,-1400.00,1200.00
120,8,1.2667,None,0.00,-1000.00,850.49,10000.00,100.00,10000.00,0.00,-1400.00,1200.00
120,8,1.2750,None,0.00,-1000.00,839.69,10000.00,100.00,10000.00,0.00,-1400.00,1200.00
120,8,1.2833,None,0.00,-1000.00,828.83,10000.00,100.00,10000.00,0.00,-1400.00,1200.00
120,8,1.2917,None,0.00,-1000.00,817.90,10000.00,100.00,10000.00,0.00,-1400.00,1200.00
120,8,1.3000,None,0.00,-1000.00,806.90,10000.00,100.00,10000.00,0.00,-1400.00,1200.00
120,8,1.3083,None,0.00,-1000.00,795.83,10000.00,100.00,10000.00,0.00,-1400.00,1200.00
120,8,1.3167,None,0.00,-1000.00,784.70,10000.00,100.00,10000.00,0.00,-1400.00,1200.00
120,8,1.3250,None,0.00,-1000.00,773.49,10000.00,100.00,10000.00,0.00,-1400.00,1200.00
120,8,1.3333,None,0.00,-1000.00,762.22,10000.00,100.00,10000.00,0.00,-1400.00,1200.00
120,8,1.3417,None,0.00,-1000.00,750.88,10000.00,100.00,10000.00,0.00,-1400.00,1200.00
120,8,1.3500,None,0.00,-1000.00,739.47,10000.00,100.00,10000.00,0.00,-1400.00,1200.00
120,8,1.3583,None,0.00,-1000.00,728.00,10000.00,100.00,10000.00,0.00,-1400.00,1200.00
120,8,1.3667,None,0.00,-1000.00,716.46,10000.00,100.00,10000.00,0.00,-1400.00,1200.00
120,8,1.3750,None,0.00,-1000.00,704.84,10000.00,100.00,10000.00,0.00,-1400.00,1200.00
120,8,1.3833,None,0.00,-1000.00,693.16,10000.00,100.00,10000.00,0.00,-1400.00,1200.00
120,8,1.3917,None,0.00,-1000.00,681.42,10000.00,100.00,10000.00,0.00,-1400.00,1200.00
120,8,1.4000,None,0.00,-1000.00,669.60,10000.00,100.00,10000.00,0.00,-1400.00,1200.00
120,8,1.4083,None,0.00,-1000.00,657.72,10000.00,100.00,10000.00,0.00,-1400.00,1200.00
120,8,1.4167,None,0.00,-1000.00,645.76,10000.00,100.00,10000.00,0.00,-1400.00,1200.00
120,8,1.4250,None,0.00,-1000.00,633.74,10000.00,100.00,10000.00,0.00,-1400.00,1200.00
120,8,1.4333,None,0.00,-1000.00,621.66,10000.00,100.00,10000.00,0.00,-1400.00,1200.00
120,8,1.4417,None,0.00,-1000.00,609.50,10000.00,100.00,10000.00,0.00,-1400.00,1200.00
120,8,1.4500,None,0.00,-1000.00,597.27,10000.00,100.00,10000.00,0.00,-1400.00,1200.00
120,8,1.4583,None,0.00,-1000.00,584.98,10000.00,100.00,10000.00,0.00,-1400.00,1200.00
120,8,1.4667,None,0.00,-1000.00,572.62,10000.00,100.00,10000.00,0.00,-1400.00,1200.00
120,8,1.4750,None,0.00,-1000.00,560.19,10000.00,100.00,10000.00,0.00,-1400.00,1200.00
120,8,1.4833,None,0.00,-1000.00,547.70,10000.00,100.00,10000.00,0.00,-1400.00,1200.00
120,8,1.4917,None,0.00,-1000.00,535.13,10000.00,100.00,10000.00,0.00,-1400.00,1200.00
120,8,1.5000,None,0.00,-1000.00,522.50,10000.00,100.00,10000.00,0.00,-1400.00,1200.00
120,8,1.5083,None,0.00,-1000.00,509.80,10000.00,100.00,10000.00,0.00,-1400.00,1200.00
120,8,1.5167,None,0.00,-1000.00,497.03,10000.00,100.00,10000.00,0.00,-1400.00,1200.00
120,8,1.5250,None,0.00,-1000.00,484.19,10000.00,100.00,10000.00,0.00,-1400.00,1200.00
120,8,1.5333,None,0.00,-1000.00,471.29,10000.00,100.00,10000.00,0.00,-1400.00,1200.00
120,8,1.5417,None,0.00,-1000.00,458.32,10000.00,100.00,10000.00,0.00,-1400.00,1200.00
120,8,1.5500,None,0.00,-1000.00,445.27,10000.00,100.00,10000.00,0.00,-1400.00,1200.00
120,8,1.5583,None,0.00,-1000.00,432.17,10000.00,100.00,10000.00,0.00,-1400.00,1200.00
120,8,1.5667,None,0.00,-1000.00,418.99,10000.00,100.00,10000.00,0.00,-1400.00,1200.00
120,8,1.5750,None,0.00,-1000.00,405.74,10000.00,100.00,10000.00,0.00,-1400.00,1200.00
120,8,1.5833,None,0.00,-1000.00,392.43,10000.00,100.00,10000.00,0.00,-1400.00,1200.00
120,8,1.5917,None,0.00,-1000.00,379.05,10000.00,100.00,10000.00,0.00,-1400.00,1200.00
120,8,1.6000,None,0.00,-1000.00,365.60,10000.00,100.00,10000.00,0.00,-1400.00,1200.00
120,8,1.6083,None,0.00,-1000.00,352.08,10000.00,100.00,10000.00,0.00,-1400.00,1200.00
120,8,1.6167,None,0.00,-1000.00,338.50,10000.00,100.00,10000.00,0.00,-1400.00,1200.00
120,8,1.6250,None,0.00,-1000.00,324.84,10000.00,100.00,10000.00,0.00,-1400.00,1200.00
120,8,1.6333,None,0.00,-1000.00,311.12,10000.00,100.00,10000.00,0.00,-1400.00,1200.00
120,8,1.6417,None,0.00,-1000.00,297.33,10000.00,100.00,10000.00,0.00,-1400.00,1200.00
120,8,1.6500,None,0.00,-1000.00,283.47,10000.00,100.00,10000.00,0.00,-1400.00,1200.00
120,8,1.6583,None,0.00,-1000.00,269.55,10000.00,100.00,10000.00,0.00,-1400.00,1200.00
120,8,1.6667,None,0.00,-1000.00,255.56,10000.00,100.00,10000.00,0.00,-1400.00,1200.00
120,8,1.6750,None,0.00,-1000.00,241.49,10000.00,100.00,10000.00,0.00,-1400.00,1200.00
120,8,1.6833,None,0.00,-1000.00,227.36,10000.00,100.00,10000.00,0.00,-1400.00,1200.00
120,8,1.6917,None,0.00,-1000.00,213.17,10000.00,100.00,10000.00,0.00,-1400.00,1200.00
120,8,1.7000,None,0.00,-1000.00,198.90,10000.00,100.00,10000.00,0.00,-1400.00,1200.00
120,8,1.7083,None,0.00,-1000.00,184.57,10000.00,100.00,10000.00,0.00,-1400.00,1200.00
120,8,1.7167,None,0.00,-1000.00,170.16,10000.00,100.00,10000.00,0.00,-1400.00,1200.00
120,8,1.7250,None,0.00,-1000.00,155.69,10000.00,100.00,10000.00,0.00,-1400.00,1200.00
120,8,1.7333,None,0.00,-1000.00,141.16,10000.00,100.00,10000.00,0.00,-1400.00,1200.00
120,8,1.7417,None,0.00,-1000.00,126.55,10000.00,100.00,10000.00,0.00,-1400.00,1200.00
120,8,1.7500,None,0.00,-1000.00,111.87,10000.00,100.00,10000.00,0.00,-1400.00,1200.00
120,8,1.7583,None,0.00,-1000.00,97.13,10000.00,100.00,10000.00,0.00,-1400.00,1200.00
120,8,1.7667,None,0.00,-1000.00,90.15,10000.00,100.00,10000.00,0.00,-1400.00,1200.00
120,8,1.7750,None,0.00,-1000.00,95.53,10000.00,100.00,10000.00,0.00,-1400.00,1200.00
120,9,0.0083,Sword.Turn.R_90,0.00,-1000.00,90.15,10000.00,100.00,10000.00,0.00,140.00,-1000.00
120,9,0.0167,Sword.Turn.R_90,0.00,-1000.00,90.15,10000.00,100.00,10000.00,0.04,140.00,-1000.00
120,9,0.0250,Sword.Turn.R_90,0.00,-1000.00,90.15,10000.00,100.00,10000.00,0.07,140.00,-1000.00
120,9,0.0333,Sword.Turn.R_90,0.00,-1000.00,90.15,10000.00,100.00,10000.00,0.18,140.00,-1000.00
120,9,0.0417,Sword.Turn.R_90,0.00,-1000.00,90.15,10000.00,100.00,10000.00,0.29,140.00,-1000.00
120,9,0.0500,Sword.Turn.R_90,0.00,-1000.00,90.15,10000.00,100.00,10000.00,0.47,140.00,-1000.00
120,9,0.0583,Sword.Turn.R_90,0.00,-1000.00,90.15,10000.00,100.00,10000.00,0.65,140.00,-1000.00
120,9,0.0667,Sword.Turn.R_90,0.00,-1000.00,90.15,10000.00,100.00,10000.00,0.90,140.00,-1000.00
120,9,0.0750,Sword.Turn.R_90,0.00,-1000.00,90.15,10000.00,100.00,10000.00,1.15,140.00,-1000.00
120,9,0.0833,Sword.Turn.R_90,0.00,-1000.00,90.15,10000.00,100.00,10000.00,1.46,140.00,-1000.00
120,9,0.0917,Sword.Turn.R_90,0.00,-1000.00,90.15,10000.00,100.00,10000.00,1.77,140.00,-1000.00
120,9,0.1000,Sword.Turn.R_90,0.00,-1000.00,90.15,10000.00,100.00,10000.00,2.15,140.00,-1000.00
120,9,0.1083,Sword.Turn.R_90,0.00,-1000.00,90.15,10000.00,100.00,10000.00,2.52,140.00,-1000.00
120,9,0.1167,Sword.Turn.R_90,0.00,-1000.00,90.15,10000.00,100.00,10000.00,2.95,140.00,-1000.00
120,9,0.1250,Sword.Turn.R_90,0.00,-1000.00,90.15,10000.00,100.00,10000.00,3.39,140.00,-1000.00
120,9,0.1333,Sword.Turn.R_90,0.00,-1000.00,90.15,10000.00,100.00,10000.00,3.88,140.00,-1000.00
120,9,0.1417,Sword.Turn.R_90,0.00,-1000.00,90.15,10000.00,100.00,10000.00,4.37,140.00,-1000.00
120,9,0.1500,Sword.Turn.R_90,0.00,-1000.00,90.15,10000.00,100.00,10000.00,4.92,140.00,-1000.00
120,9,0.1583,Sword.Turn.R_90,0.00,-1000.00,90.15,10000.00,100.00,10000.00,5.47,140.00,-1000.00
120,9,0.1667,Sword.Turn.R_90,0.00,-1000.00,90.15,10000.00,100.00,10000.00,6.07,140.00,-1000.00
120,9,0.1750,Sword.Turn.R_90,0.00,-1000.00,90.15,10000.00,100.00,10000.00,6.67,140.00,-1000.00
120,9,0.1833,Sword.Turn.R_90,0.00,-1000.00,90.15,10000.00,100.00,10000.00,7.32,140.00,-1000.00
120,9,0.1917,Sword.Turn.R_90,0.00,-1000.00,90.15,10000.00,100.00,10000.00,7.97,140.00,-1000.00
120,9,0.2000,Sword.Turn.R_90,0.00,-1000.00,90.15,10000.00,100.00,10000.00,8.66,140.00,-1000.00
120,9,0.2083,Sword.Turn.R_90,0.00,-1000.00,90.15,10000.00,100.00,10000.00,9.36,140.00,-1000.00
120,9,0.2167,Sword.Turn.R_90,0.00,-1000.00,90.15,10000.00,100.00,10000.00,10.10,140.00,-1000.00
120,9,0.2250,Sword.Turn.R_90,0.00,-1000.00,90.15,10000.00,100.00,10000.00,10.84,140.00,-1000.00
120,9,0.2333,Sword.Turn.R_90,0.00,-1000.00,90.15,10000.00,100.00,10000.00,11.63,140.00,-1000.00
120,9,0.2417,Sword.Turn.R_90,0.00,-1000.00,90.15,10000.00,100.00,10000.00,12.41,140.00,-1000.00
120,9,0.2500,Sword.Turn.R_90,0.00,-1000.00,90.15,10000.00,100.00,10000.00,13.24,140.00,-1000.00
120,9,0.2583,Sword.Turn.R_90,0.00,-1000.00,90.15,10000.00,100.00,10000.00,14.06,140.00,-1000.00
120,9,0.2667,Sword.Turn.R_90,0.00,-1000.00,90.15,10000.00,100.00,10000.00,14.92,140.00,-1000.00
120,9,0.2750,Sword.Turn.R_90,0.00,-1000.00,90.15,10000.00,100.00,10000.00,15.79,140.00,-1000.00
120,9,0.2833,Sword.Turn.R_90,0.00,-1000.00,90.15,10000.00,100.00,10000.00,16.68,140.00,-1000.00
120,9,0.2917,Sword.Turn.R_90,0.00,-1000.00,90.15,10000.00,100.00,10000.00,17.58,140.00,-1000.00
120,9,0.3000,Sword.Turn.R_90,0.00,-1000.00,90.15,10000.00,100.00,10000.00,18.51,140.00,-1000.00
120,9,0.3083,Sword.Turn.R_90,0.00,-1000.00,90.15,10000.00,100.00,10000.00,19.44,140.00,-1000.00
120,9,0.3167,Sword.Turn.R_90,0.00,-1000.00,90.15,10000.00,100.00,10000.00,20.40,140.00,-1000.00
120,9,0.3250,Sword.Turn.R_90,0.00,-1000.00,90.15,10000.00,100.00,10000.00,21.36,140.00,-1000.00
120,9,0.3333,Sword.Turn.R_90,0.00,-1000.00,90.15,10000.00,100.00,10000.00,22.35,140.00,-1000.00
120,9,0.3417,Sword.Turn.R_90,0.00,-1000.00,90.15,10000.00,100.00,10000.00,23.33,140.00,-1000.00
120,9,0.3500,Sword.Turn.R_90,0.00,-1000.00,90.15,10000.00,100.00,10000.00,24.34,140.00,-1000.00
120,9,0.3583,Sword.Turn.R_90,0.00,-1000.00,90.15,10000.00,100.00,10000.00,25.36,140.00,-1000.00
120,9,0.3667,Sword.Turn.R_90,0.00,-1000.00,90.15,10000.00,100.00,10000.00,26.39,140.00,-1000.00
120,9,0.3750,Sword.Turn.R_90,0.00,-1000.00,90.15,10000.00,100.00,10000.00,27.43,140.00,-1000.00
120,9,0.3833,Sword.Turn.R_90,0.00,-1000.00,90.15,10000.00,100.00,10000.00,28.48,140.00,-1000.00
120,9,0.3917,Sword.Turn.R_90,0.00,-1000.00,90.15,10000.00,100.00,10000.00,29.54,140.00,-1000.00
120,9,0.4000,Sword.Turn.R_90,0.00,-1000.00,90.15,10000.00,100.00,10000.00,30.61,140.00,-1000.00
120,9,0.4083,Sword.Turn.R_90,0.00,-1000.00,90.15,10000.00,100.00,10000.00,31.68,140.00,-1000.00
120,9,0.4167,Sword.Turn.R_90,0.00,-1000.00,90.15,10000.00,100.00,10000.00,32.77,140.00,-1000.00
120,9,0.4250,Sword.Turn.R_90,0.00,-1000.00,90.15,10000.00,100.00,10000.00,33.85,140.00,-1000.00
120,9,0.4333,Sword.Turn.R_90,0.00,-1000.00,90.15,10000.00,100.00,10000.00,34.95,140.00,-1000.00
120,9,0.4417,Sword.Turn.R_90,0.00,-1000.00,90.15,10000.00,100.00,10000.00,36.05,140.00,-1000.00
120,9,0.4500,Sword.Turn.R_90,0.00,-1000.00,90.15,10000.00,100.00,10000.00,37.16,140.00,-1000.00
120,9,0.4583,Sword.Turn.R_90,0.00,-1000.00,90.15,10000.00,100.00,10000.00,38.27,140.00,-1000.00
120,9,0.4667,Sword.Turn.R_90,0.00,-1000.00,90.15,10000.00,100.00,10000.00,39.39,140.00,-1000.00
120,9,0.4750,Sword.Turn.R_90,0.00,-1000.00,90.15,10000.00,100.00,10000.00,40.51,140.00,-1000.00
120,9,0.4833,Sword.Turn.R_90,0.00,-1000.00,90.15,10000.00,100.00,10000.00,41.63,140.00,-1000.00
120,9,0.4917,Sword.Turn.R_90,0.00,-1000.00,90.15,10000.00,100.00,10000.00,42.75,140.00,-1000.00
120,9,0.5000,Sword.Turn.R_90,0.00,-1000.00,90.15,10000.00,100.00,10000.00,43.88,140.00,-1000.00
120,9,0.5083,Sword.Turn.R_90,0.00,-1000.00,90.15,10000.00,100.00,10000.00,45.00,140.00,-1000.00
120,9,0.5167,Sword.Turn.R_90,0.00,-1000.00,90.15,10000.00,100.00,10000.00,46.12,140.00,-1000.00
120,9,0.5250,Sword.Turn.R_90,0.00,-1000.00,90.15,10000.00,100.00,10000.00,47.25,140.00,-1000.00
120,9,0.5333,Sword.Turn.R_90,0.00,-1000.00,90.15,10000.00,100.00,10000.00,48.37,140.00,-1000.00
120,9,0.5417,Sword.Turn.R_90,0.00,-1000.00,90.15,10000.00,100.00,10000.00,49.49,140.00,-1000.00
120,9,0.5500,Sword.Turn.R_90,0.00,-1000.00,90.15,10000.00,100.00,10000.00,50.61,140.00,-1000.00
120,9,0.5583,Sword.Turn.R_90,0.00,-1000.00,90.15,10000.00,100.00,10000.00,51.73,140.00,-1000.00
120,9,0.5667,Sword.Turn.R_90,0.00,-1000.00,90.15,10000.00,100.00,10000.00,52.84,140.00,-1000.00
120,9,0.5750,Sword.Turn.R_90,0.00,-1000.00,90.15,10000.00,100.00,10000.00,53.95,140.00,-1000.00
120,9,0.5833,Sword.Turn.R_90,0.00,-1000.00,90.15,10000.00,100.00,10000.00,55.05,140.00,-1000.00
120,9,0.5917,Sword.Turn.R_90,0.00,-1000.00,90.15,10000.00,100.00,10000.00,56.15,140.00,-1000.00
120,9,0.6000,Sword.Turn.R_90,0.00,-1000.00,90.15,10000.00,100.00,10000.00,57.23,140.00,-1000.00
120,9,0.6083,Sword.Turn.R_90,0.00,-1000.00,90.15,10000.00,100.00,10000.00,58.32,140.00,-1000.00
120,9,0.6167,Sword.Turn.R_90,0.00,-1000.00,90.15,10000.00,100.00,10000.00,59.39,140.00,-1000.00
120,9,0.6250,Sword.Turn.R_90,0.00,-1000.00,90.15,10000.00,100.00,10000.00,60.46,140.00,-1000.00
120,9,0.6333,Sword.Turn.R_90,0.00,-1000.00,90.15,10000.00,100.00,10000.00,61.52,140.00,-1000.00
120,9,0.6417,Sword.Turn.R_90,0.00,-1000.00,90.15,10000.00,100.00,10000.00,62.57,140.00,-1000.00
120,9,0.6500,Sword.Turn.R_90,0.00,-1000.00,90.15,10000.00,100.00,10000.00,63.61,140.00,-1000.00
120,9,0.6583,Sword.Turn.R_90,0.00,-1000.00,90.15,10000.00,100.00,10000.00,64.64,140.00,-1000.00
120,9,0.6667,Sword.Turn.R_90,0.00,-1000.00,90.15,10000.00,100.00,10000.00,65.65,140.00,-1000.00
120,9,0.6750,Sword.Turn.R_90,0.00,-1000.00,90.15,10000.00,100.00,10000.00,66.67,140.00,-1000.00
120,9,0.6833,Sword.Turn.R_90,0.00,-1000.00,90.15,10000.00,100.00,10000.00,67.65,140.00,-1000.00
120,9,0.6917,Sword.Turn.R_90,0.00,-1000.00,90.15,10000.00,100.00,10000.00,68.64,140.00,-1000.00
120,9,0.7000,Sword.Turn.R_90,0.00,-1000.00,90.15,10000.00,100.00,10000.00,69.60,140.00,-1000.00
120,9,0.7083,Sword.Turn.R_90,0.00,-1000.00,90.15,10000.00,100.00,10000.00,70.56,140.00,-1000.00
120,9,0.7167,Sword.Turn.R_90,0.00,-1000.00,90.15,10000.00,100.00,10000.00,71.49,140.00,-1000.00
120,9,0.7250,Sword.Turn.R_90,0.00,-1000.00,90.15,10000.00,100.00,10000.00,72.42,140.00,-1000.00
120,9,0.7333,Sword.Turn.R_90,0.00,-1000.00,90.15,10000.00,100.00,10000.00,73.32,140.00,-1000.00
120,9,0.7417,Sword.Turn.R_90,0.00,-1000.00,90.15,10000.00,100.00,10000.00,74.21,140.00,-1000.00
120,9,0.7500,Sword.Turn.R_90,0.00,-1000.00,90.15,10000.00,100.00,10000.00,75.08,140.00,-1000.00
120,9,0.7583,Sword.Turn.R_90,0.00,-1000.00,90.15,10000.00,100.00,10000.00,75.94,140.00,-1000.00
120,9,0.7667,Sword.Turn.R_90,0.00,-1000.00,90.15,10000.00,100.00,10000.00,76.76,140.00,-1000.00
120,9,0.7750,Sword.Turn.R_90,0.00,-1000.00,90.15,10000.00,100.00,10000.00,77.59,140.00,-1000.00
120,9,0.7833,Sword.Turn.R_90,0.00,-1000.00,90.15,10000.00,100.00,10000.00,78.37,140.00,-1000.00
120,9,0.7917,Sword.Turn.R_90,0.00,-1000.00,90.15,10000.00,100.00,10000.00,79.16,140.00,-1000.00
120,9,0.8000,Sword.Turn.R_90,0.00,-1000.00,90.15,10000.00,100.00,10000.00,79.90,140.00,-1000.00
120,9,0.8083,Sword.Turn.R_90,0.00,-1000.00,90.15,10000.00,100.00,10000.00,80.64,140.00,-1000.00
120,9,0.8167,Sword.Turn.R_90,0.00,-1000.00,90.15,10000.00,100.00,10000.00,81.34,140.00,-1000.00
120,9,0.8250,Sword.Turn.R_90,0.00,-1000.00,90.15,10000.00,100.00,10000.00,82.03,140.00,-1000.00
120,9,0.8333,Sword.Turn.R_90,0.00,-1000.00,90.15,10000.00,100.00,10000.00,82.68,140.00,-1000.00
120,9,0.8417,Sword.Turn.R_90,0.00,-1000.00,90.15,10000.00,100.00,10000.00,83.33,140.00,-1000.00
120,9,0.8500,Sword.Turn.R_90,0.00,-1000.00,90.15,10000.00,100.00,10000.00,83.93,140.00,-1000.00
120,9,0.8583,Sword.Turn.R_90,0.00,-1000.00,90.15,10000.00,100.00,10000.00,84.53,140.00,-1000.00
120,9,0.8667,Sword.Turn.R_90,0.00,-1000.00,90.15,10000.00,100.00,10000.00,85.08,140.00,-1000.00
120,9,0.8750,Sword.Turn.R_90,0.00,-1000.00,90.15,10000.00,100.00,10000.00,85.63,140.00,-1000.00
120,9,0.8833,Sword.Turn.R_90,0.00,-1000.00,90.15,10000.00,100.00,10000.00,86.12,140.00,-1000.00
120,9,0.8917,Sword.Turn.R_90,0.00,-1000.00,90.15,10000.00,100.00,10000.00,86.61,140.00,-1000.00
120,9,0.9000,Sword.Turn.R_90,0.00,-1000.00,90.15,10000.00,100.00,10000.00,86.61,140.00,-1000.00
120,9,0.9083,Sword.Turn.R_90,0.00,-1000.00,90.15,10000.00,100.00,10000.00,86.61,140.00,-1000.00
120,9,0.9167,Sword.Turn.R_90,0.00,-1000.00,90.15,10000.00,100.00,10000.00,86.61,140.00,-1000.00
120,9,0.9250,Sword.Turn.R_90,0.00,-1000.00,90.15,10000.00,100.00,10000.00,86.61,140.00,-1000.00
120,9,0.9333,Sword.Turn.R_90,0.00,-1000.00,90.15,10000.00,100.00,10000.00,86.61,140.00,-1000.00
120,9,0.9417,Sword.Turn.R_90,0.00,-1000.00,90.15,10000.00,100.00,10000.00,86.61,140.00,-1000.00
120,9,0.9500,Sword.Turn.R_90,0.00,-1000.00,90.15,10000.00,100.00,10000.00,86.61,140.00,-1000.00
120,9,0.9583,Sword.Turn.R_90,0.00,-1000.00,90.15,10000.00,100.00,10000.00,86.61,140.00,-1000.00
120,9,0.9667,Sword.Turn.R_90,0.00,-1000.00,90.15,10000.00,100.00,10000.00,86.61,140.00,-1000.00
120,9,0.9750,Sword.Turn.R_90,0.00,-1000.00,90.15,10000.00,100.00,10000.00,86.61,140.00,-1000.00
120,9,0.9833,Sword.Turn.R_90,0.00,-1000.00,90.15,10000.00,100.00,10000.00,86.61,140.00,-1000.00
120,9,0.9917,Sword.Turn.R_90,0.00,-1000.00,90.15,10000.00,100.00,10000.00,86.61,140.00,-1000.00
120,9,1.0000,Sword.Turn.R_90,0.00,-1000.00,90.15,10000.00,100.00,10000.00,86.61,140.00,-1000.00
120,9,1.0083,None,0.00,-1000.00,90.15,10000.00,100.00,10000.00,86.61,140.00,-1000.00
120,9,1.0167,None,0.00,-1000.00,90.15,10000.00,100.00,10000.00,86.61,140.00,-1000.00
120,9,1.0250,None,0.00,-1000.00,90.15,10000.00,100.00,10000.00,86.61,140.00,-1000.00
120,9,1.0333,None,0.00,-1000.00,90.15,10000.00,100.00,10000.00,86.61,140.00,-1000.00
120,9,1.0417,None,0.00,-1000.00,90.15,10000.00,100.00,10000.00,86.61,140.00,-1000.00
120,9,1.0500,None,0.00,-1000.00,90.15,10000.00,100.00,10000.00,86.61,140.00,-1000.00
120,9,1.0583,None,0.00,-1000.00,90.15,10000.00,100.00,10000.00,86.61,140.00,-1000.00
120,9,1.0667,None,0.00,-1000.00,90.15,10000.00,100.00,10000.00,86.61,140.00,-1000.00
120,9,1.0750,None,0.00,-1000.00,90.15,10000.00,100.00,10000.00,86.61,140.00,-1000.00
120,9,1.0833,None,0.00,-1000.00,90.15,10000.00,100.00,10000.00,86.61,140.00,-1000.00
120,9,1.0917,None,0.00,-1000.00,90.15,10000.00,100.00,10000.00,86.61,140.00,-1000.00
120,9,1.1000,None,0.00,-1000.00,90.15,10000.00,100.00,10000.00,86.61,140.00,-1000.00
120,9,1.1083,None,0.00,-1000.00,90.15,10000.00,100.00,10000.00,86.61,140.00,-1000.00
120,9,1.1167,None,0.00,-1000.00,90.15,10000.00,100.00,10000.00,86.61,140.00,-1000.00
120,9,1.1250,None,0.00,-1000.00,90.15,10000.00,100.00,10000.00,86.61,140.00,-1000.00
120,9,1.1333,None,0.00,-1000.00,90.15,10000.00,100.00,10000.00,86.61,140.00,-1000.00
120,9,1.1417,None,0.00,-1000.00,90.15,10000.00,100.00,10000.00,86.61,140.00,-1000.00
120,9,1.1500,None,0.00,-1000.00,90.15,10000.00,100.00,10000.00,86.61,140.00,-1000.00
120,9,1.1583,None,0.00,-1000.00,90.15,10000.00,100.00,10000.00,86.61,140.00,-1000.00
120,9,1.1667,None,0.00,-1000.00,90.15,10000.00,100.00,10000.00,86.61,140.00,-1000.00
120,9,1.1750,None,0.00,-1000.00,90.15,10000.00,100.00,10000.00,86.61,140.00,-1000.00
120,9,1.1833,None,0.00,-1000.00,90.15,10000.00,100.00,10000.00,86.61,140.00,-1000.00
120,9,1.1917,None,0.00,-1000.00,90.15,10000.00,100.00,10000.00,86.61,140.00,-1000.00
120,9,1.2000,None,0.00,-1000.00,90.15,10000.00,100.00,10000.00,86.61,140.00,-1000.00
120,9,1.2083,None,0.00,-1000.00,90.15,10000.00,100.00,10000.00,86.61,140.00,-1000.00
120,9,1.2167,None,0.00,-1000.00,90.15,10000.00,100.00,10000.00,86.61,140.00,-1000.00
120,9,1.2250,None,0.00,-1000.00,90.15,10000.00,100.00,10000.00,86.61,140.00,-1000.00
120,9,1.2333,None,0.00,-1000.00,90.15,10000.00,100.00,10000.00,86.61,140.00,-1000.00
120,9,1.2417,None,0.00,-1000.00,90.15,10000.00,100.00,10000.00,86.61,140.00,-1000.00
120,9,1.2500,None,0.00,-1000.00,90.15,10000.00,100.00,10000.00,86.61,140.00,-1000.00
120,9,1.2583,None,0.00,-1000.00,90.15,10000.00,100.00,10000.00,86.61,140.00,-1000.00
120,9,1.2667,None,0.00,-1000.00,90.15,10000.00,100.00,10000.00,86.61,140.00,-1000.00
120,9,1.2750,None,0.00,-1000.00,90.15,10000.00,100.00,10000.00,86.61,140.00,-1000.00
120,9,1.2833,None,0.00,-1000.00,90.15,10000.00,100.00,10000.00,86.61,140.00,-1000.00
120,9,1.2917,None,0.00,-1000.00,90.15,10000.00,100.00,10000.00,86.61,140.00,-1000.00
120,9,1.3000,None,0.00,-1000.00,90.15,10000.00,100.00,10000.00,86.61,140.00,-1000.00
120,9,1.3083,None,0.00,-1000.00,90.15,10000.00,100.00,10000.00,86.61,140.00,-1000.00
120,9,1.3167,None,0.00,-1000.00,90.15,10000.00,100.00,10000.00,86.61,140.00,-1000.00
120,9,1.3250,None,0.00,-1000.00,90.15,10000.00,100.00,10000.00,86.61,140.00,-1000.00
120,9,1.3333,None,0.00,-1000.00,90.15,10000.00,100.00,10000.00,86.61,140.00,-1000.00
120,9,1.3417,None,0.00,-1000.00,90.15,10000.00,100.00,10000.00,86.61,140.00,-1000.00
120,9,1.3500,None,0.00,-1000.00,90.15,10000.00,100.00,10000.00,86.61,140.00,-1000.00
120,9,1.3583,None,0.00,-1000.00,90.15,10000.00,100.00,10000.00,86.61,140.00,-1000.00
120,9,1.3667,None,0.00,-1000.00,90.15,10000.00,100.00,10000.00,86.61,140.00,-1000.00
120,9,1.3750,None,0.00,-1000.00,90.15,10000.00,100.00,10000.00,86.61,140.00,-1000.00
120,9,1.3833,None,0.00,-1000.00,90.15,10000.00,100.00,10000.00,86.61,140.00,-1000.00
120,9,1.3917,None,0.00,-1000.00,90.15,10000.00,100.00,10000.00,86.61,140.00,-1000.00
120,9,1.4000,None,0.00,-1000.00,90.15,10000.00,100.00,10000.00,86.61,140.00,-1000.00
120,9,1.4083,None,0.00,-1000.00,90.15,10000.00,100.00,10000.00,86.61,140.00,-1000.00
120,9,1.4167,None,0.00,-1000.00,90.15,10000.00,100.00,10000.00,86.61,140.00,-1000.00
120,9,1.4250,None,0.00,-1000.00,90.15,10000.00,100.00,10000.00,86.61,140.00,-1000.00
120,9,1.4333,None,0.00,-1000.00,90.15,10000.00,100.00,10000.00,86.61,140.00,-1000.00
120,9,1.4417,None,0.00,-1000.00,90.15,10000.00,100.00,10000.00,86.61,140.00,-1000.00
120,9,1.4500,None,0.00,-1000.00,90.15,10000.00,100.00,10000.00,86.61,140.00,-1000.00
120,9,1.4583,None,0.00,-1000.00,90.15,10000.00,100.00,10000.00,86.61,140.00,-1000.00
120,9,1.4667,None,0.00,-1000.00,90.15,10000.00,100.00,10000.00,86.61,140.00,-1000.00
120,9,1.4750,None,0.00,-1000.00,90.15,10000.00,100.00,10000.00,86.61,140.00,-1000.00
120,9,1.4833,None,0.00,-1000.00,90.15,10000.00,100.00,10000.00,86.61,140.00,-1000.00
120,9,1.4917,None,0.00,-1000.00,90.15,10000.00,100.00,10000.00,86.61,140.00,-1000.00
120,9,1.5000,None,0.00,-1000.00,90.15,10000.00,100.00,10000.00,86.61,140.00,-1000.00
120,10,0.0083,None,0.00,-1000.00,90.15,10000.00,100.00,10000.00,0.00,140.00,-1000.00
120,10,0.0167,None,-0.14,-1000.00,90.15,10000.00,100.00,10000.00,0.00,500.00,-1000.00
120,10,0.0250,None,-0.43,-999.99,90.15,10000.00,100.00,10000.00,0.00,499.86,-1000.00
120,10,0.0333,None,-0.85,-999.98,90.15,10000.00,100.00,10000.00,0.00,499.57,-999.99
120,10,0.0417,None,-1.42,-999.97,90.15,10000.00,100.00,10000.00,0.00,499.15,-999.98
120,10,0.0500,None,-2.13,-999.96,90.15,10000.00,100.00,10000.00,0.00,498.58,-999.97
120,10,0.0583,None,-2.99,-999.94,90.15,10000.00,100.00,10000.00,0.00,497.87,-999.96
120,10,0.0667,None,-3.98,-999.92,90.15,10000.00,100.00,10000.00,0.00,497.01,-999.94
120,10,0.0750,None,-5.12,-999.90,90.15,10000.00,100.00,10000.00,0.00,496.02,-999.92
120,10,0.0833,None,-6.37,-999.87,90.15,10000.00,100.00,10000.00,0.00,494.88,-999.90
120,10,0.0917,None,-7.62,-999.85,90.15,10000.00,100.00,10000.00,0.00,493.63,-999.87
120,10,0.1000,None,-8.87,-999.82,90.15,10000.00,100.00,10000.00,0.00,492.38,-999.85
120,10,0.1083,None,-10.12,-999.80,90.15,10000.00,100.00,10000.00,0.00,491.13,-999.82
120,10,0.1167,None,-11.37,-999.77,90.15,10000.00,100.00,10000.00,0.00,489.88,-999.80
120,10,0.1250,None,-12.62,-999.75,90.15,10000.00,100.00,10000.00,0.00,488.63,-999.77
120,10,0.1333,None,-13.87,-999.72,90.15,10000.00,100.00,10000.00,-0.00,487.38,-999.75
120,10,0.1417,None,-15.12,-999.70,90.15,10000.00,100.00,10000.00,-0.00,486.13,-999.72
120,10,0.1500,None,-16.37,-999.67,90.15,10000.00,100.00,10000.00,-0.00,484.88,-999.70
120,10,0.1583,None,-17.62,-999.65,90.15,10000.00,100.00,10000.00,-0.00,483.63,-999.67
120,10,0.1667,None,-18.87,-999.62,90.15,10000.00,100.00,10000.00,-0.00,482.38,-999.65
120,10,0.1750,None,-20.12,-999.60,90.15,10000.00,100.00,10000.00,-0.00,481.13,-999.62
120,10,0.1833,None,-21.37,-999.57,90.15,10000.00,100.00,10000.00,-0.00,479.88,-999.60
120,10,0.1917,None,-22.62,-999.55,90.15,10000.00,100.00,10000.00,-0.00,478.63,-999.57
120,10,0.2000,None,-23.87,-999.52,90.15,10000.00,100.00,10000.00,-0.00,477.38,-999.55
120,10,0.2083,None,-25.11,-999.50,90.15,10000.00,100.00,10000.00,-0.00,476.13,-999.52
120,10,0.2167,None,-26.36,-999.47,90.15,10000.00,100.00,10000.00,-0.00,474.89,-999.50
120,10,0.2250,None,-27.61,-999.45,90.15,10000.00,100.00,10000.00,-0.00,473.64,-999.47
120,10,0.2333,None,-28.86,-999.42,90.15,10000.00,100.00,10000.00,-0.00,472.39,-999.45
120,10,0.2417,None,-30.11,-999.40,90.15,10000.00,100.00,10000.00,-0.00,471.14,-999.42
120,10,0.2500,None,-31.36,-999.37,90.15,10000.00,100.00,10000.00,-0.00,469.89,-999.40
120,10,0.2583,None,-32.61,-999.35,90.15,10000.00,100.00,10000.00,-0.00,468.64,-999.37
120,10,0.2667,None,-33.86,-999.32,90.15,10000.00,100.00,10000.00,-0.00,467.39,-999.35
120,10,0.2750,None,-35.11,-999.30,90.15,10000.00,100.00,10000.00,-0.00,466.14,-999.32
120,10,0.2833,None,-36.36,-999.27,90.15,10000.00,100.00,10000.00,-0.00,464.89,-999.30
120,10,0.2917,None,-37.61,-999.25,90.15,10000.00,100.00,10000.00,-0.00,463.64,-999.27
120,10,0.3000,None,-38.86,-999.22,90.15,10000.00,100.00,10000.00,-0.00,462.39,-999.25
120,10,0.3083,None,-40.11,-999.20,90.15,10000.00,100.00,10000.00,-0.00,461.14,-999.22
120,10,0.3167,None,-41.36,-999.17,90.15,10000.00,100.00,10000.00,-0.00,459.89,-999.20
120,10,0.3250,None,-42.61,-999.15,90.15,10000.00,100.00,10000.00,-0.00,458.64,-999.17
120,10,0.3333,None,-43.86,-999.12,90.15,10000.00,100.00,10000.00,-0.00,457.39,-999.15
120,10,0.3417,None,-45.11,-999.10,90.15,10000.00,100.00,10000.00,-0.00,456.14,-999.12
120,10,0.3500,None,-46.36,-999.07,90.15,10000.00,100.00,10000.00,-0.00,454.89,-999.10
120,10,0.3583,None,-47.61,-999.05,90.15,10000.00,100.00,10000.00,-0.00,453.64,-999.07
120,10,0.3667,None,-48.86,-999.02,90.15,10000.00,100.00,10000.00,-0.00,452.39,-999.05
120,10,0.3750,None,-50.11,-999.00,90.15,10000.00,100.00,10000.00,-0.00,451.14,-999.02
120,10,0.3833,None,-51.36,-998.97,90.15,10000.00,100.00,10000.00,-0.00,449.89,-999.00
120,10,0.3917,None,-52.61,-998.95,90.15,10000.00,100.00,10000.00,-0.00,448.64,-998.97
120,10,0.4000,None,-53.86,-998.92,90.15,10000.00,100.00,10000.00,-0.00,447.39,-998.95
120,10,0.4083,None,-55.11,-998.90,90.15,10000.00,100.00,10000.00,-0.00,446.14,-998.92
120,10,0.4167,None,-56.36,-998.87,90.15,10000.00,100.00,10000.00,-0.00,444.89,-998.90
120,10,0.4250,None,-57.61,-998.85,90.15,10000.00,100.00,10000.00,-0.00,443.64,-998.87
120,10,0.4333,None,-58.86,-998.82,90.15,10000.00,100.00,10000.00,-0.00,442.39,-998.85
120,10,0.4417,None,-60.11,-998.80,90.15,10000.00,100.00,10000.00,-0.00,441.14,-998.82
120,10,0.4500,None,-61.36,-998.77,90.15,10000.00,100.00,10000.00,-0.00,439.89,-998.80
120,10,0.4583,None,-62.61,-998.75,90.15,10000.00,100.00,10000.00,-0.00,438.64,-998.77
120,10,0.4667,None,-63.86,-998.72,90.15,10000.00,100.00,10000.00,-0.00,437.39,-998.75
120,10,0.4750,None,-65.11,-998.70,90.15,10000.00,100.00,10000.00,-0.00,436.14,-998.72
120,10,0.4833,None,-66.36,-998.67,90.15,10000.00,100.00,10000.00,-0.00,434.89,-998.70
120,10,0.4917,None,-67.61,-998.65,90.15,10000.00,100.00,10000.00,-0.00,433.64,-998.67
120,10,0.5000,None,-68.86,-998.62,90.15,10000.00,100.00,10000.00,-0.00,432.39,-998.65
120,10,0.5083,None,-70.11,-998.60,90.15,10000.00,100.00,10000.00,-0.00,431.14,-998.62
120,10,0.5167,None,-71.36,-998.57,90.15,10000.00,100.00,10000.00,-0.00,429.89,-998.60
120,10,0.5250,None,-72.61,-998.55,90.15,10000.00,100.00,10000.00,-0.00,428.64,-998.57
120,10,0.5333,None,-73.86,-998.52,90.15,10000.00,100.00,10000.00,-0.00,427.39,-998.55
120,10,0.5417,None,-75.10,-998.50,90.15,10000.00,100.00,10000.00,-0.00,426.14,-998.52
120,10,0.5500,None,-76.35,-998.47,90.15,10000.00,100.00,10000.00,-0.00,424.90,-998.50
120,10,0.5583,None,-77.60,-998.45,90.15,10000.00,100.00,10000.00,-0.00,423.65,-998.47
120,10,0.5667,None,-78.85,-998.42,90.15,10000.00,100.00,10000.00,-0.00,422.40,-998.45
120,10,0.5750,None,-80.10,-998.40,90.15,10000.00,100.00,10000.00,-0.00,421.15,-998.42
120,10,0.5833,None,-81.35,-998.37,90.15,10000.00,100.00,10000.00,-0.00,419.90,-998.40
120,10,0.5917,None,-82.60,-998.35,90.15,10000.00,100.00,10000.00,-0.00,418.65,-998.37
120,10,0.6000,None,-83.85,-998.32,90.15,10000.00,100.00,10000.00,-0.00,417.40,-998.35
120,10,0.6083,None,-85.10,-998.31,90.15,10000.00,100.00,10000.00,-0.00,416.15,-998.32
120,10,0.6167,None,-86.35,-998.30,90.15,10000.00,100.00,10000.00,-0.00,414.90,-998.31
120,10,0.6250,None,-87.60,-998.29,90.15,10000.00,100.00,10000.00,-0.00,413.65,-998.30
120,10,0.6333,None,-88.85,-998.29,90.15,10000.00,100.00,10000.00,-0.00,412.40,-998.29
120,10,0.6417,None,-90.10,-998.30,90.15,10000.00,100.00,10000.00,-0.00,411.15,-998.29
120,10,0.6500,None,-91.35,-998.30,90.15,10000.00,100.00,10000.00,-0.00,409.90,-998.30
120,10,0.6583,None,-92.60,-998.31,90.15,10000.00,100.00,10000.00,-0.00,408.65,-998.30
120,10,0.6667,None,-93.85,-998.33,90.15,10000.00,100.00,10000.00,-0.00,407.40,-998.31
120,10,0.6750,None,-95.10,-998.34,90.15,10000.00,100.00,10000.00,-0.00,406.15,-998.33
120,10,0.6833,None,-96.35,-998.36,90.15,10000.00,100.00,10000.00,-0.00,404.90,-998.34
120,10,0.6917,None,-97.60,-998.38,90.15,10000.00,100.00,10000.00,-0.00,403.65,-998.36
120,10,0.7000,None,-98.85,-998.40,90.15,10000.00,100.00,10000.00,-0.00,402.40,-998.38
120,10,0.7083,None,-100.10,-998.42,90.15,10000.00,100.00,10000.00,-0.00,401.15,-998.40
120,10,0.7167,None,-101.35,-998.44,90.15,10000.00,100.00,10000.00,-0.00,399.90,-998.42
120,10,0.7250,None,-102.60,-998.46,90.15,10000.00,100.00,10000.00,-0.00,398.65,-998.44
120,10,0.7333,None,-103.85,-998.48,90.15,10000.00,100.00,10000.00,-0.00,397.40,-998.46
120,10,0.7417,None,-105.10,-998.50,90.15,10000.00,100.00,10000.00,-0.00,396.15,-998.48
120,10,0.7500,None,-106.35,-998.53,90.15,10000.00,100.00,10000.00,-0.00,394.90,-998.50
120,10,0.7583,None,-107.60,-998.55,90.15,10000.00,100.00,10000.00,-0.00,393.65,-998.53
120,10,0.7667,None,-108.85,-998.57,90.15,10000.00,100.00,10000.00,-0.00,392.40,-998.55
120,10,0.7750,None,-110.10,-998.60,90.15,10000.00,100.00,10000.00,0.00,391.15,-998.57
120,10,0.7833,None,-111.35,-998.62,90.15,10000.00,100.00,10000.00,0.00,389.90,-998.60
120,10,0.7917,None,-112.60,-998.64,90.15,10000.00,100.00,10000.00,0.00,388.65,-998.62
120,10,0.8000,None,-113.85,-998.67,90.15,10000.00,100.00,10000.00,0.00,387.40,-998.64
120,10,0.8083,None,-115.10,-998.69,90.15,10000.00,100.00,10000.00,0.00,386.15,-998.67
120,10,0.8167,None,-116.35,-998.72,90.15,10000.00,100.00,10000.00,0.00,384.90,-998.69
120,10,0.8250,None,-117.60,-998.74,90.15,10000.00,100.00,10000.00,0.00,383.65,-998.72
120,10,0.8333,None,-118.85,-998.77,90.15,10000.00,100.00,10000.00,0.00,382.40,-998.74
120,10,0.8417,None,-120.10,-998.79,90.15,10000.00,100.00,10000.00,0.00,381.15,-998.77
120,10,0.8500,None,-121.35,-998.82,90.15,10000.00,100.00,10000.00,0.00,379.90,-998.79
120,10,0.8583,None,-122.60,-998.84,90.15,10000.00,100.00,10000.00,0.00,378.65,-998.82
120,10,0.8667,None,-123.85,-998.87,90.15,10000.00,100.00,10000.00,0.00,377.40,-998.84
120,10,0.8750,None,-125.10,-998.89,90.15,10000.00,100.00,10000.00,0.00,376.15,-998.87
120,10,0.8833,None,-126.35,-998.91,90.15,10000.00,100.00,10000.00,0.00,374.90,-998.89
120,10,0.8917,None,-127.60,-998.94,90.15,10000.00,100.00,10000.00,0.00,373.65,-998.91
120,10,0.9000,None,-128.85,-998.96,90.15,10000.00,100.00,10000.00,0.00,372.40,-998.94
120,10,0.9083,None,-130.10,-998.99,90.15,10000.00,100.00,10000.00,0.00,371.15,-998.96
120,10,0.9167,None,-131.35,-999.01,90.15,10000.00,100.00,10000.00,0.00,369.90,-998.99
120,10,0.9250,None,-132.60,-999.04,90.15,10000.00,100.00,10000.00,0.00,368.65,-999.01
120,10,0.9333,None,-133.85,-999.06,90.15,10000.00,100.00,10000.00,0.00,367.40,-999.04
120,10,0.9417,None,-135.10,-999.09,90.15,10000.00,100.00,10000.00,0.00,366.15,-999.06
120,10,0.9500,None,-136.35,-999.11,90.15,10000.00,100.00,10000.00,0.00,364.90,-999.09
120,10,0.9583,None,-137.60,-999.14,90.15,10000.00,100.00,10000.00,0.00,363.65,-999.11
120,10,0.9667,None,-138.85,-999.16,90.15,10000.00,100.00,10000.00,0.00,362.40,-999.14
120,10,0.9750,None,-140.09,-999.19,90.15,10000.00,100.00,10000.00,0.00,361.15,-999.16
120,10,0.9833,None,-141.34,-999.21,90.15,10000.00,100.00,10000.00,0.00,359.91,-999.19
120,10,0.9917,None,-142.59,-999.24,90.15,10000.00,100.00,10000.00,0.00,358.66,-999.21
120,10,1.0000,None,-143.84,-999.26,90.15,10000.00,100.00,10000.00,0.00,357.41,-999.24
120,10,1.0083,None,-145.09,-999.29,90.15,10000.00,100.00,10000.00,0.00,356.16,-999.26
120,10,1.0167,None,-146.34,-999.31,90.15,10000.00,100.00,10000.00,0.00,354.91,-999.29
120,10,1.0250,None,-147.59,-999.34,90.15,10000.00,100.00,10000.00,0.00,353.66,-999.31
120,10,1.0333,None,-148.84,-999.36,90.15,10000.00,100.00,10000.00,0.00,352.41,-999.34
120,10,1.0417,None,-150.09,-999.39,90.15,10000.00,100.00,10000.00,0.00,351.16,-999.36
120,10,1.0500,None,-151.34,-999.41,90.15,10000.00,100.00,10000.00,0.00,349.91,-999.39
120,10,1.0583,None,-152.59,-999.44,90.15,10000.00,100.00,10000.00,0.00,348.66,-999.41
120,10,1.0667,None,-153.84,-999.46,90.15,10000.00,100.00,10000.00,0.00,347.41,-999.44
120,10,1.0750,None,-155.09,-999.49,90.15,10000.00,100.00,10000.00,0.00,346.16,-999.46
120,10,1.0833,None,-156.34,-999.51,90.15,10000.00,100.00,10000.00,0.00,344.91,-999.49
120,10,1.0917,None,-157.59,-999.54,90.15,10000.00,100.00,10000.00,0.00,343.66,-999.51
120,10,1.1000,None,-158.84,-999.56,90.15,10000.00,100.00,10000.00,0.00,342.41,-999.54
120,10,1.1083,None,-160.09,-999.59,90.15,10000.00,100.00,10000.00,0.00,341.16,-999.56
120,10,1.1167,None,-161.34,-999.61,90.15,10000.00,100.00,10000.00,0.00,339.91,-999.59
120,10,1.1250,None,-162.59,-999.64,90.15,10000.00,100.00,10000.00,0.00,338.66,-999.61
120,10,1.1333,None,-163.84,-999.66,90.15,10000.00,100.00,10000.00,0.00,337.41,-999.64
120,10,1.1417,None,-165.09,-999.69,90.15,10000.00,100.00,10000.00,0.00,336.16,-999.66
120,10,1.1500,None,-166.34,-999.71,90.15,10000.00,100.00,10000.00,0.00,334.91,-999.69
120,10,1.1583,None,-167.59,-999.74,90.15,10000.00,100.00,10000.00,0.00,333.66,-999.71
120,10,1.1667,None,-168.84,-999.76,90.15,10000.00,100.00,10000.00,0.00,332.41,-999.74
120,10,1.1750,None,-170.09,-999.79,90.15,10000.00,100.00,10000.00,0.00,331.16,-999.76
120,10,1.1833,None,-171.34,-999.81,90.15,10000.00,100.00,10000.00,0.00,329.91,-999.79
120,10,1.1917,None,-172.59,-999.84,90.15,10000.00,100.00,10000.00,0.00,328.66,-999.81
120,10,1.2000,None,-173.84,-999.86,90.15,10000.00,100.00,10000.00,0.00,327.41,-999.84
120,10,1.2083,None,-174.76,-999.88,90.15,10000.00,100.00,10000.00,0.00,326.16,-999.86
120,10,1.2167,None,-175.40,-999.90,90.15,10000.00,100.00,10000.00,0.00,325.24,-999.88
120,10,1.2250,None,-175.80,-999.90,90.15,10000.00,100.00,10000.00,0.00,324.60,-999.90
120,10,1.2333,None,-175.98,-999.91,90.15,10000.00,100.00,10000.00,0.00,324.20,-999.90
120,10,1.2417,None,-175.97,-999.91,90.15,10000.00,100.00,10000.00,0.00,324.02,-999.91
120,10,1.2500,None,-175.93,-999.91,90.15,10000.00,100.00,10000.00,0.00,324.03,-999.91
120,10,1.2583,None,-175.88,-999.91,90.15,10000.00,100.00,10000.00,0.00,324.07,-999.91
120,10,1.2667,None,-175.81,-999.91,90.15,10000.00,100.00,10000.00,0.00,324.12,-999.91
120,10,1.2750,None,-175.73,-999.91,90.15,10000.00,100.00,10000.00,0.00,324.19,-999.91
120,10,1.2833,None,-175.63,-999.91,90.15,10000.00,100.00,10000.00,0.00,324.27,-999.91
120,10,1.2917,None,-175.51,-999.91,90.15,10000.00,100.00,10000.00,0.00,324.37,-999.91
120,10,1.3000,None,-175.37,-999.91,90.15,10000.00,100.00,10000.00,0.00,324.49,-999.91
120,10,1.3083,None,-175.22,-999.91,90.15,10000.00,100.00,10000.00,0.00,324.63,-999.91
120,10,1.3167,None,-175.07,-999.91,90.15,10000.00,100.00,10000.00,0.00,324.78,-999.91
120,10,1.3250,None,-174.92,-999.91,90.15,10000.00,100.00,10000.00,0.00,324.93,-999.91
120,10,1.3333,None,-174.77,-999.91,90.15,10000.00,100.00,10000.00,0.00,325.08,-999.91
120,10,1.3417,None,-174.62,-999.91,90.15,10000.00,100.00,10000.00,0.00,325.23,-999.91
120,10,1.3500,None,-174.47,-999.91,90.15,10000.00,100.00,10000.00,0.00,325.38,-999.91
120,10,1.3583,None,-174.32,-999.91,90.15,10000.00,100.00,10000.00,0.00,325.53,-999.91
120,10,1.3667,None,-174.17,-999.91,90.15,10000.00,100.00,10000.00,0.00,325.68,-999.91
120,10,1.3750,None,-174.02,-999.91,90.15,10000.00,100.00,10000.00,0.00,325.83,-999.91
120,10,1.3833,None,-173.87,-999.91,90.15,10000.00,100.00,10000.00,0.00,325.98,-999.91
120,10,1.3917,None,-173.72,-999.91,90.15,10000.00,100.00,10000.00,0.00,326.13,-999.91
120,10,1.4000,None,-173.57,-999.91,90.15,10000.00,100.00,10000.00,0.00,326.28,-999.91
120,10,1.4083,None,-173.42,-999.91,90.15,10000.00,100.00,10000.00,0.00,326.43,-999.91
120,10,1.4167,None,-173.27,-999.91,90.15,10000.00,100.00,10000.00,0.00,326.58,-999.91
120,10,1.4250,None,-173.12,-999.91,90.15,10000.00,100.00,10000.00,0.00,326.73,-999.91
120,10,1.4333,None,-172.97,-999.91,90.15,10000.00,100.00,10000.00,0.00,326.88,-999.91
120,10,1.4417,None,-172.82,-999.91,90.15,10000.00,100.00,10000.00,0.00,327.03,-999.91
120,10,1.4500,None,-172.67,-999.91,90.15,10000.00,100.00,10000.00,0.00,327.18,-999.91
120,10,1.4583,None,-172.52,-999.91,90.15,10000.00,100.00,10000.00,0.00,327.33,-999.91
120,10,1.4667,None,-172.37,-999.91,90.15,10000.00,100.00,10000.00,0.00,327.48,-999.91
120,10,1.4750,None,-172.22,-999.91,90.15,10000.00,100.00,10000.00,0.00,327.63,-999.91
120,10,1.4833,None,-172.07,-999.91,90.15,10000.00,100.00,10000.00,0.00,327.78,-999.91
120,10,1.4917,None,-171.92,-999.91,90.15,10000.00,100.00,10000.00,0.00,327.93,-999.91
120,10,1.5000,None,-171.77,-999.91,90.15,10000.00,100.00,10000.00,0.00,328.08,-999.91
120,10,1.5083,None,-171.62,-999.91,90.15,10000.00,100.00,10000.00,0.00,328.23,-999.91
120,10,1.5167,None,-171.47,-999.91,90.15,10000.00,100.00,10000.00,0.00,328.38,-999.91
120,10,1.5250,None,-171.32,-999.91,90.15,10000.00,100.00,10000.00,0.00,328.53,-999.91
120,10,1.5333,None,-171.17,-999.91,90.15,10000.00,100.00,10000.00,0.00,328.68,-999.91
120,10,1.5417,None,-171.02,-999.91,90.15,10000.00,100.00,10000.00,0.00,328.83,-999.91
120,10,1.5500,None,-170.87,-999.91,90.15,10000.00,100.00,10000.00,0.00,328.98,-999.91
120,10,1.5583,None,-170.72,-999.91,90.15,10000.00,100.00,10000.00,0.00,329.13,-999.91
120,10,1.5667,None,-170.57,-999.91,90.15,10000.00,100.00,10000.00,0.00,329.28,-999.91
120,10,1.5750,None,-170.42,-999.91,90.15,10000.00,100.00,10000.00,0.00,329.43,-999.91
120,10,1.5833,None,-170.27,-999.91,90.15,10000.00,100.00,10000.00,0.00,329.58,-999.91
120,10,1.5917,None,-170.12,-999.91,90.15,10000.00,100.00,10000.00,0.00,329.73,-999.91
120,10,1.6000,None,-169.97,-999.91,90.15,10000.00,100.00,10000.00,0.00,329.88,-999.91
120,10,1.6083,None,-169.82,-999.91,90.15,10000.00,100.00,10000.00,0.00,330.03,-999.91
120,10,1.6167,None,-169.67,-999.91,90.15,10000.00,100.00,10000.00,0.00,330.18,-999.91
120,10,1.6250,None,-169.52,-999.91,90.15,10000.00,100.00,10000.00,0.00,330.33,-999.91
120,10,1.6333,None,-169.37,-999.91,90.15,10000.00,100.00,10000.00,0.00,330.48,-999.91
120,10,1.6417,None,-169.22,-999.91,90.15,10000.00,100.00,10000.00,0.00,330.63,-999.91
120,10,1.6500,None,-169.07,-999.91,90.15,10000.00,100.00,10000.00,0.00,330.78,-999.91
120,10,1.6583,None,-168.92,-999.91,90.15,10000.00,100.00,10000.00,0.00,330.93,-999.91
120,10,1.6667,None,-168.77,-999.91,90.15,10000.00,100.00,10000.00,0.00,331.08,-999.91
120,10,1.6750,None,-168.62,-999.91,90.15,10000.00,100.00,10000.00,0.00,331.23,-999.91
120,10,1.6833,None,-168.47,-999.91,90.15,10000.00,100.00,10000.00,0.00,331.38,-999.91
120,10,1.6917,None,-168.32,-999.91,90.15,10000.00,100.00,10000.00,0.00,331.53,-999.91
120,10,1.7000,None,-168.17,-999.91,90.15,10000.00,100.00,10000.00,0.00,331.68,-999.91
120,10,1.7083,None,-168.02,-999.91,90.15,10000.00,100.00,10000.00,0.00,331.83,-999.91
120,10,1.7167,None,-167.87,-999.91,90.15,10000.00,100.00,10000.00,0.00,331.98,-999.91
120,10,1.7250,None,-167.72,-999.91,90.15,10000.00,100.00,10000.00,0.00,332.13,-999.91
120,10,1.7333,None,-167.57,-999.91,90.15,10000.00,100.00,10000.00,0.00,332.28,-999.91
120,10,1.7417,None,-167.42,-999.91,90.15,10000.00,100.00,10000.00,0.00,332.43,-999.91
120,10,1.7500,None,-167.27,-999.91,90.15,10000.00,100.00,10000.00,0.00,332.58,-999.91
120,10,1.7583,None,-167.12,-999.91,90.15,10000.00,100.00,10000.00,0.00,332.73,-999.91
120,10,1.7667,None,-166.97,-999.91,90.15,10000.00,100.00,10000.00,0.00,332.88,-999.91
120,10,1.7750,None,-166.82,-999.91,90.15,10000.00,100.00,10000.00,0.00,333.03,-999.91
120,10,1.7833,None,-166.67,-999.91,90.15,10000.00,100.00,10000.00,0.00,333.18,-999.91
120,10,1.7917,None,-166.52,-999.91,90.15,10000.00,100.00,10000.00,0.00,333.33,-999.91
120,10,1.8000,None,-166.37,-999.91,90.15,10000.00,100.00,10000.00,0.00,333.48,-999.91
120,10,1.8083,None,-166.22,-999.91,90.15,10000.00,100.00,10000.00,0.00,333.63,-999.91
120,10,1.8167,None,-166.07,-999.91,90.15,10000.00,100.00,10000.00,0.00,333.78,-999.91
120,10,1.8250,None,-165.92,-999.91,90.15,10000.00,100.00,10000.00,0.00,333.93,-999.91
120,10,1.8333,None,-165.77,-999.91,90.15,10000.00,100.00,10000.00,0.00,334.08,-999.91
120,10,1.8417,None,-165.62,-999.91,90.15,10000.00,100.00,10000.00,0.00,334.23,-999.91
120,10,1.8500,None,-165.47,-999.91,90.15,10000.00,100.00,10000.00,0.00,334.38,-999.91
120,10,1.8583,None,-165.32,-999.91,90.15,10000.00,100.00,10000.00,0.00,334.53,-999.91
120,10,1.8667,None,-165.17,-999.91,90.15,10000.00,100.00,10000.00,0.00,334.68,-999.91
120,10,1.8750,None,-165.02,-999.91,90.15,10000.00,100.00,10000.00,0.00,334.83,-999.91
120,10,1.8833,None,-164.87,-999.91,90.15,10000.00,100.00,10000.00,0.00,334.98,-999.91
120,10,1.8917,None,-164.72,-999.91,90.15,10000.00,100.00,10000.00,0.00,335.13,-999.91
120,10,1.9000,None,-164.57,-999.91,90.15,10000.00,100.00,10000.00,0.00,335.28,-999.91
120,10,1.9083,None,-164.42,-999.91,90.15,10000.00,100.00,10000.00,0.00,335.43,-999.91
120,10,1.9167,None,-164.27,-999.91,90.15,10000.00,100.00,10000.00,0.00,335.58,-999.91
120,10,1.9250,None,-164.12,-999.91,90.15,10000.00,100.00,10000.00,0.00,335.73,-999.91
120,10,1.9333,None,-163.97,-999.91,90.15,10000.00,100.00,10000.00,0.00,335.88,-999.91
120,10,1.9417,None,-163.82,-999.91,90.15,10000.00,100.00,10000.00,0.00,336.03,-999.91
120,10,1.9500,None,-163.67,-999.91,90.15,10000.00,100.00,10000.00,0.00,336.18,-999.91
120,10,1.9583,None,-163.52,-999.91,90.15,10000.00,100.00,10000.00,0.00,336.33,-999.91
120,10,1.9667,None,-163.37,-999.91,90.15,10000.00,100.00,10000.00,0.00,336.48,-999.91
120,10,1.9750,None,-163.22,-999.91,90.15,10000.00,100.00,10000.00,0.00,336.63,-999.91
120,10,1.9833,None,-163.07,-999.91,90.15,10000.00,100.00,10000.00,0.00,336.78,-999.91
120,10,1.9917,None,-162.92,-999.91,90.15,10000.00,100.00,10000.00,0.00,336.93,-999.91
120,10,2.0000,None,-162.77,-999.91,90.15,10000.00,100.00,10000.00,0.00,337.08,-999.91
120,10,2.0083,None,-162.62,-999.91,90.15,10000.00,100.00,10000.00,0.00,337.23,-999.91
120,10,2.0167,None,-162.47,-999.91,90.15,10000.00,100.00,10000.00,0.00,337.38,-999.91
120,10,2.0250,None,-162.32,-999.91,90.15,10000.00,100.00,10000.00,0.00,337.53,-999.91
120,10,2.0333,None,-162.17,-999.91,90.15,10000.00,100.00,10000.00,0.00,337.68,-999.91
120,10,2.0417,None,-162.02,-999.91,90.15,10000.00,100.00,10000.00,0.00,337.83,-999.91
120,10,2.0500,None,-161.87,-999.91,90.15,10000.00,100.00,10000.00,0.00,337.98,-999.91
120,10,2.0583,None,-161.72,-999.91,90.15,10000.00,100.00,10000.00,0.00,338.13,-999.91
120,10,2.0667,None,-161.57,-999.91,90.15,10000.00,100.00,10000.00,0.00,338.28,-999.91
120,10,2.0750,None,-161.42,-999.91,90.15,10000.00,100.00,10000.00,0.00,338.43,-999.91
120,10,2.0833,None,-161.27,-999.91,90.15,10000.00,100.00,10000.00,0.00,338.58,-999.91
120,10,2.0917,None,-161.12,-999.91,90.15,10000.00,100.00,10000.00,0.00,338.73,-999.91
120,10,2.1000,None,-160.97,-999.91,90.15,10000.00,100.00,10000.00,0.00,338.88,-999.91
120,10,2.1083,None,-160.82,-999.91,90.15,10000.00,100.00,10000.00,0.00,339.03,-999.91
120,10,2.1167,None,-160.67,-999.91,90.15,10000.00,100.00,10000.00,0.00,339.18,-999.91
120,10,2.1250,None,-160.52,-999.91,90.15,10000.00,100.00,10000.00,0.00,339.33,-999.91
120,10,2.1333,None,-160.37,-999.91,90.15,10000.00,100.00,10000.00,0.00,339.48,-999.91
120,10,2.1417,None,-160.22,-999.91,90.15,10000.00,100.00,10000.00,0.00,339.63,-999.91
120,10,2.1500,None,-160.07,-999.91,90.15,10000.00,100.00,10000.00,0.00,339.78,-999.91
120,10,2.1583,None,-159.92,-999.91,90.15,10000.00,100.00,10000.00,0.00,339.93,-999.91
120,10,2.1667,None,-159.77,-999.91,90.15,10000.00,100.00,10000.00,0.00,340.08,-999.91
120,10,2.1750,None,-159.62,-999.91,90.15,10000.00,100.00,10000.00,0.00,340.23,-999.91
120,10,2.1833,None,-159.47,-999.91,90.15,10000.00,100.00,10000.00,0.00,340.38,-999.91
120,10,2.1917,None,-159.32,-999.91,90.15,10000.00,100.00,10000.00,0.00,340.53,-999.91
120,10,2.2000,None,-159.17,-999.91,90.15,10000.00,100.00,10000.00,0.00,340.68,-999.91
120,10,2.2083,None,-159.02,-999.91,90.15,10000.00,100.00,10000.00,0.00,340.83,-999.91
